event_id,shipment_id,location_id,vehicle_id,event_type,scheduled_timestamp,actual_timestamp,delay_minutes,delay_reason_id,event_status,notes
EVT-0000001,SHP-00001,LOC-PNQ-01,VEH-1361,Warehouse Entry,2026-08-16 08:19:00,2026-08-16 08:19:00,0,,Completed,Consignment arrived at Pune Chakan Automotive Logistics Hub inbound gate.
EVT-0000002,SHP-00001,LOC-PNQ-01,VEH-1361,Loading,2026-08-16 09:18:00,2026-08-16 09:18:00,0,,Completed,Pallets secured and loaded onto vehicle VEH-1361.
EVT-0000003,SHP-00001,LOC-PNQ-01,VEH-1361,Departure,2026-08-16 10:00:00,2026-08-16 10:00:00,0,,Completed,Vehicle departed origin bay with manifest seal.
EVT-0000004,SHP-00001,LOC-STV-01,VEH-1361,Arrival,2026-08-16 20:32:00,2026-08-16 20:32:00,0,,Completed,Vehicle docked at Surat Sachin Industrial Logistics Hub receiving gate.
EVT-0000005,SHP-00001,LOC-STV-01,VEH-1361,Unloading,2026-08-16 21:02:00,2026-08-16 20:58:00,0,,Completed,Cargo de-palletized and verified against airway bill.
EVT-0000006,SHP-00002,LOC-BLR-02,VEH-1172,Warehouse Entry,2026-08-03 08:27:00,2026-08-03 08:27:00,0,,Completed,Consignment arrived at Bengaluru Hoskote Cross-Dock Terminal inbound gate.
EVT-0000007,SHP-00002,LOC-BLR-02,VEH-1172,Loading,2026-08-03 09:16:00,2026-08-03 09:16:00,0,,Completed,Pallets secured and loaded onto vehicle VEH-1172.
EVT-0000008,SHP-00002,LOC-BLR-02,VEH-1172,Departure,2026-08-03 10:00:00,2026-08-03 10:00:00,0,,Completed,Vehicle departed origin bay with manifest seal.
EVT-0000009,SHP-00002,LOC-BLR-02,VEH-1172,Inspection,2026-08-04 06:40:00,2026-08-04 06:40:00,0,,Completed,Highway checkpoint FASTag and e-way bill scanning completed.
EVT-0000010,SHP-00002,LOC-DEL-02,VEH-1172,Arrival,2026-08-05 03:20:00,2026-08-05 03:20:00,0,,Completed,Vehicle docked at Okhla Transshipment Hub receiving gate.
EVT-0000011,SHP-00002,LOC-DEL-02,VEH-1172,Unloading,2026-08-05 03:50:00,2026-08-05 03:52:00,2,,Completed,Cargo de-palletized and verified against airway bill.
EVT-0000012,SHP-00003,LOC-PNQ-01,VEH-1032,Warehouse Entry,2026-08-14 04:20:00,2026-08-14 04:20:00,0,,Completed,Consignment arrived at Pune Chakan Automotive Logistics Hub inbound gate.
EVT-0000013,SHP-00003,LOC-PNQ-01,VEH-1032,Loading,2026-08-14 05:19:00,2026-08-14 05:19:00,0,,Completed,Pallets secured and loaded onto vehicle VEH-1032.
EVT-0000014,SHP-00003,LOC-PNQ-01,VEH-1032,Departure,2026-08-14 06:00:00,2026-08-14 06:00:00,0,,Completed,Vehicle departed origin bay with manifest seal.
EVT-0000015,SHP-00003,LOC-PNQ-01,VEH-1032,Inspection,2026-08-14 17:22:00,2026-08-14 17:22:00,0,,Completed,Highway checkpoint FASTag and e-way bill scanning completed.
EVT-0000016,SHP-00003,LOC-BLR-02,VEH-1032,Arrival,2026-08-15 04:44:00,2026-08-15 04:44:00,0,,Completed,Vehicle docked at Bengaluru Hoskote Cross-Dock Terminal receiving gate.
EVT-0000017,SHP-00003,LOC-BLR-02,VEH-1032,Unloading,2026-08-15 05:14:00,2026-08-15 05:26:00,12,,Completed,Cargo de-palletized and verified against airway bill.
EVT-0000018,SHP-00004,LOC-CCU-01,VEH-1441,Warehouse Entry,2026-08-04 06:22:00,2026-08-04 06:22:00,0,,Completed,Consignment arrived at Kolkata Dankuni Mega Logistics Hub inbound gate.
EVT-0000019,SHP-00004,LOC-CCU-01,VEH-1441,Loading,2026-08-04 07:18:00,2026-08-04 07:18:00,0,,Completed,Pallets secured and loaded onto vehicle VEH-1441.
EVT-0000020,SHP-00004,LOC-CCU-01,VEH-1441,Departure,2026-08-04 08:15:00,2026-08-04 08:15:00,0,,Completed,Vehicle departed origin bay with manifest seal.
EVT-0000021,SHP-00004,LOC-CCU-01,VEH-1441,Inspection,2026-08-05 01:20:00,2026-08-05 01:20:00,0,,Completed,Highway checkpoint FASTag and e-way bill scanning completed.
EVT-0000022,SHP-00004,LOC-DEL-01,VEH-1441,Arrival,2026-08-05 18:25:00,2026-08-05 18:25:00,0,,Completed,Vehicle docked at Delhi Central Fulfillment Center receiving gate.
EVT-0000023,SHP-00004,LOC-DEL-01,VEH-1441,Unloading,2026-08-05 18:55:00,2026-08-05 19:04:00,9,,Completed,Cargo de-palletized and verified against airway bill.
EVT-0000024,SHP-00005,LOC-MAA-01,VEH-1407,Warehouse Entry,2026-08-15 10:18:00,2026-08-15 10:25:00,7,,Completed,Consignment arrived at Chennai Sriperumbudur Distribution Center inbound gate.
EVT-0000025,SHP-00005,LOC-MAA-01,VEH-1407,Loading,2026-08-15 11:35:00,2026-08-15 11:36:00,1,,Completed,Pallets secured and loaded onto vehicle VEH-1407.
EVT-0000026,SHP-00005,LOC-MAA-01,VEH-1407,Departure,2026-08-15 12:15:00,2026-08-15 12:22:00,7,,Completed,Vehicle departed origin bay with manifest seal.
EVT-0000027,SHP-00005,LOC-LKO-02,VEH-1407,Arrival,2026-08-17 04:41:00,2026-08-17 04:45:00,4,,Completed,Vehicle docked at Lucknow Sarojini Nagar Fulfillment Center receiving gate.
EVT-0000028,SHP-00005,LOC-LKO-02,VEH-1407,Unloading,2026-08-17 05:11:00,2026-08-17 05:23:00,12,,Completed,Cargo de-palletized and verified against airway bill.
EVT-0000029,SHP-00006,LOC-DEL-01,VEH-1447,Warehouse Entry,2026-08-02 04:40:00,2026-08-02 04:40:00,0,,Completed,Consignment arrived at Delhi Central Fulfillment Center inbound gate.
EVT-0000030,SHP-00006,LOC-DEL-01,VEH-1447,Loading,2026-08-02 05:19:00,2026-08-02 05:23:00,4,,Completed,Pallets secured and loaded onto vehicle VEH-1447.
EVT-0000031,SHP-00006,LOC-DEL-01,VEH-1447,Departure,2026-08-02 06:15:00,2026-08-02 06:22:00,7,,Completed,Vehicle departed origin bay with manifest seal.
EVT-0000032,SHP-00006,LOC-GUR-01,VEH-1447,Arrival,2026-08-02 08:06:00,2026-08-02 08:11:00,5,,Completed,Vehicle docked at Gurugram Express Logistics Park receiving gate.
EVT-0000033,SHP-00006,LOC-GUR-01,VEH-1447,Unloading,2026-08-02 08:36:00,2026-08-02 08:45:00,9,,Completed,Cargo de-palletized and verified against airway bill.
EVT-0000034,SHP-00007,LOC-MAA-01,VEH-1098,Warehouse Entry,2026-08-08 10:54:00,2026-08-08 10:58:00,4,,Completed,Consignment arrived at Chennai Sriperumbudur Distribution Center inbound gate.
EVT-0000035,SHP-00007,LOC-MAA-01,VEH-1098,Loading,2026-08-08 11:51:00,2026-08-08 11:54:00,3,,Completed,Pallets secured and loaded onto vehicle VEH-1098.
EVT-0000036,SHP-00007,LOC-MAA-01,VEH-1098,Departure,2026-08-08 12:45:00,2026-08-08 12:49:00,4,,Completed,Vehicle departed origin bay with manifest seal.
EVT-0000037,SHP-00007,LOC-MAA-01,VEH-1098,Inspection,2026-08-09 06:43:00,2026-08-09 07:11:00,28,RSN-02,Completed,Highway checkpoint FASTag and e-way bill scanning completed.
EVT-0000038,SHP-00007,LOC-CCU-01,VEH-1098,Arrival,2026-08-10 00:41:00,2026-08-10 01:33:00,52,RSN-04,Delayed,Vehicle docked at Kolkata Dankuni Mega Logistics Hub receiving gate.
EVT-0000039,SHP-00007,LOC-CCU-01,VEH-1098,Unloading,2026-08-10 01:11:00,2026-08-10 02:06:00,55,RSN-06,Completed,Cargo de-palletized and verified against airway bill.
EVT-0000040,SHP-00008,LOC-CCU-01,VEH-1034,Warehouse Entry,2026-08-01 10:40:00,2026-08-01 10:40:00,0,,Completed,Consignment arrived at Kolkata Dankuni Mega Logistics Hub inbound gate.
EVT-0000041,SHP-00008,LOC-CCU-01,VEH-1034,Loading,2026-08-01 11:26:00,2026-08-01 11:26:00,0,,Completed,Pallets secured and loaded onto vehicle VEH-1034.
EVT-0000042,SHP-00008,LOC-CCU-01,VEH-1034,Departure,2026-08-01 12:15:00,2026-08-01 12:15:00,0,,Completed,Vehicle departed origin bay with manifest seal.
EVT-0000043,SHP-00008,LOC-NAG-01,VEH-1034,Arrival,2026-08-02 13:21:00,2026-08-02 13:21:00,0,,Completed,Vehicle docked at Nagpur MIHAN Multi-Modal Logistics Hub receiving gate.
EVT-0000044,SHP-00008,LOC-NAG-01,VEH-1034,Unloading,2026-08-02 13:51:00,2026-08-02 13:48:00,0,,Completed,Cargo de-palletized and verified against airway bill.
EVT-0000045,SHP-00009,LOC-BOM-01,VEH-1247,Warehouse Entry,2026-08-22 20:33:00,2026-08-22 20:33:00,0,,Completed,Consignment arrived at Mumbai Bhiwandi Mega Fulfillment Center inbound gate.
EVT-0000046,SHP-00009,LOC-BOM-01,VEH-1247,Loading,2026-08-22 21:44:00,2026-08-22 21:44:00,0,,Completed,Pallets secured and loaded onto vehicle VEH-1247.
EVT-0000047,SHP-00009,LOC-BOM-01,VEH-1247,Departure,2026-08-22 22:30:00,2026-08-22 22:30:00,0,,Completed,Vehicle departed origin bay with manifest seal.
EVT-0000048,SHP-00009,LOC-JAI-02,VEH-1247,Arrival,2026-08-23 22:13:00,2026-08-23 22:13:00,0,,Completed,Vehicle docked at Jaipur VKI Cross-Dock Hub receiving gate.
EVT-0000049,SHP-00009,LOC-JAI-02,VEH-1247,Unloading,2026-08-23 22:43:00,2026-08-23 22:43:00,0,,Completed,Cargo de-palletized and verified against airway bill.
EVT-0000050,SHP-00010,LOC-BLR-03,VEH-1513,Warehouse Entry,2026-08-02 06:53:00,2026-08-02 07:06:00,13,,Completed,Consignment arrived at Bengaluru Electronic City Regional Warehouse inbound gate.
EVT-0000051,SHP-00010,LOC-BLR-03,VEH-1513,Loading,2026-08-02 07:48:00,2026-08-02 08:20:00,32,RSN-05,Completed,Pallets secured and loaded onto vehicle VEH-1513.
EVT-0000052,SHP-00010,LOC-BLR-03,VEH-1513,Departure,2026-08-02 08:45:00,2026-08-02 09:25:00,40,RSN-01,Delayed,Vehicle departed origin bay with manifest seal.
EVT-0000053,SHP-00010,LOC-BLR-03,VEH-1513,Inspection,2026-08-02 13:02:00,2026-08-02 13:46:00,44,RSN-18,Completed,Highway checkpoint FASTag and e-way bill scanning completed.
EVT-0000054,SHP-00010,LOC-MAA-01,VEH-1513,Arrival,2026-08-02 17:19:00,2026-08-02 18:07:00,48,RSN-02,Delayed,Vehicle docked at Chennai Sriperumbudur Distribution Center receiving gate.
EVT-0000055,SHP-00010,LOC-MAA-01,VEH-1513,Unloading,2026-08-02 17:49:00,2026-08-02 18:32:00,43,RSN-06,Completed,Cargo de-palletized and verified against airway bill.
EVT-0000056,SHP-00011,LOC-HYD-01,VEH-1031,Warehouse Entry,2026-08-16 10:34:00,2026-08-16 10:34:00,0,,Completed,Consignment arrived at Hyderabad Shamshabad Cargo Logistics Hub inbound gate.
EVT-0000057,SHP-00011,LOC-HYD-01,VEH-1031,Loading,2026-08-16 11:45:00,2026-08-16 11:45:00,0,,Completed,Pallets secured and loaded onto vehicle VEH-1031.
EVT-0000058,SHP-00011,LOC-HYD-01,VEH-1031,Departure,2026-08-16 12:30:00,2026-08-16 12:30:00,0,,Completed,Vehicle departed origin bay with manifest seal.
EVT-0000059,SHP-00011,LOC-HYD-01,VEH-1031,Inspection,2026-08-16 19:35:00,2026-08-16 19:35:00,0,,Completed,Highway checkpoint FASTag and e-way bill scanning completed.
EVT-0000060,SHP-00011,LOC-MAA-02,VEH-1031,Arrival,2026-08-17 02:40:00,2026-08-17 02:40:00,0,,Completed,Vehicle docked at Chennai Madhavaram Transshipment Hub receiving gate.
EVT-0000061,SHP-00011,LOC-MAA-02,VEH-1031,Unloading,2026-08-17 03:10:00,2026-08-17 03:06:00,0,,Completed,Cargo de-palletized and verified against airway bill.
EVT-0000062,SHP-00012,LOC-HYD-01,VEH-1634,Warehouse Entry,2026-08-23 06:27:00,2026-08-23 06:27:00,0,,Completed,Consignment arrived at Hyderabad Shamshabad Cargo Logistics Hub inbound gate.
EVT-0000063,SHP-00012,LOC-HYD-01,VEH-1634,Loading,2026-08-23 07:10:00,2026-08-23 07:10:00,0,,Completed,Pallets secured and loaded onto vehicle VEH-1634.
EVT-0000064,SHP-00012,LOC-HYD-01,VEH-1634,Departure,2026-08-23 08:00:00,2026-08-23 08:00:00,0,,Completed,Vehicle departed origin bay with manifest seal.
EVT-0000065,SHP-00012,LOC-GUR-01,VEH-1634,Arrival,2026-08-24 19:19:00,2026-08-24 19:19:00,0,,Completed,Vehicle docked at Gurugram Express Logistics Park receiving gate.
EVT-0000066,SHP-00012,LOC-GUR-01,VEH-1634,Unloading,2026-08-24 19:49:00,2026-08-24 19:47:00,0,,Completed,Cargo de-palletized and verified against airway bill.
EVT-0000067,SHP-00013,LOC-BLR-01,VEH-1399,Warehouse Entry,2026-08-03 04:46:00,2026-08-03 04:46:00,0,,Completed,Consignment arrived at Bengaluru Nelamangala Mega Fulfillment Center inbound gate.
EVT-0000068,SHP-00013,LOC-BLR-01,VEH-1399,Loading,2026-08-03 05:38:00,2026-08-03 05:38:00,0,,Completed,Pallets secured and loaded onto vehicle VEH-1399.
EVT-0000069,SHP-00013,LOC-BLR-01,VEH-1399,Departure,2026-08-03 06:30:00,2026-08-03 06:30:00,0,,Completed,Vehicle departed origin bay with manifest seal.
EVT-0000070,SHP-00013,LOC-BLR-01,VEH-1399,Inspection,2026-08-04 06:43:30,2026-08-04 06:43:30,0,,Completed,Highway checkpoint FASTag and e-way bill scanning completed.
EVT-0000071,SHP-00013,LOC-JAI-01,VEH-1399,Arrival,2026-08-05 06:57:00,2026-08-05 06:57:00,0,,Completed,Vehicle docked at Jaipur Sitapura Regional Warehouse receiving gate.
EVT-0000072,SHP-00013,LOC-JAI-01,VEH-1399,Unloading,2026-08-05 07:27:00,2026-08-05 07:24:00,0,,Completed,Cargo de-palletized and verified against airway bill.
EVT-0000073,SHP-00014,LOC-BOM-01,VEH-1345,Warehouse Entry,2026-08-14 06:16:00,2026-08-14 06:31:00,15,,Completed,Consignment arrived at Mumbai Bhiwandi Mega Fulfillment Center inbound gate.
EVT-0000074,SHP-00014,LOC-BOM-01,VEH-1345,Loading,2026-08-14 07:18:00,2026-08-14 07:32:00,14,,Completed,Pallets secured and loaded onto vehicle VEH-1345.
EVT-0000075,SHP-00014,LOC-BOM-01,VEH-1345,Departure,2026-08-14 08:00:00,2026-08-14 08:20:00,20,RSN-12,Delayed,Vehicle departed origin bay with manifest seal.
EVT-0000076,SHP-00014,LOC-BOM-01,VEH-1345,Inspection,2026-08-14 21:45:00,2026-08-14 22:10:00,25,RSN-02,Completed,Highway checkpoint FASTag and e-way bill scanning completed.
EVT-0000077,SHP-00014,LOC-JAI-02,VEH-1345,Arrival,2026-08-15 11:30:00,2026-08-15 12:00:00,30,RSN-12,Delayed,Vehicle docked at Jaipur VKI Cross-Dock Hub receiving gate.
EVT-0000078,SHP-00014,LOC-JAI-02,VEH-1345,Unloading,2026-08-15 12:00:00,2026-08-15 12:26:00,26,,Completed,Cargo de-palletized and verified against airway bill.
EVT-0000079,SHP-00015,LOC-MAA-01,VEH-1007,Warehouse Entry,2026-08-25 06:25:00,2026-08-25 06:30:00,5,,Completed,Consignment arrived at Chennai Sriperumbudur Distribution Center inbound gate.
EVT-0000080,SHP-00015,LOC-MAA-01,VEH-1007,Loading,2026-08-25 07:33:00,2026-08-25 08:06:00,33,RSN-05,Completed,Pallets secured and loaded onto vehicle VEH-1007.
EVT-0000081,SHP-00015,LOC-MAA-01,VEH-1007,Departure,2026-08-25 08:15:00,2026-08-25 12:35:00,260,RSN-05,Delayed,Vehicle departed origin bay with manifest seal.
EVT-0000082,SHP-00015,LOC-MAA-01,VEH-1007,Inspection,2026-08-25 14:20:30,2026-08-25 18:45:30,265,RSN-18,Completed,Highway checkpoint FASTag and e-way bill scanning completed.
EVT-0000083,SHP-00015,LOC-CJB-01,VEH-1007,Arrival,2026-08-25 20:26:00,2026-08-26 00:56:00,270,RSN-03,Delayed,Vehicle docked at Coimbatore Peelamedu Distribution Center receiving gate.
EVT-0000084,SHP-00015,LOC-CJB-01,VEH-1007,Unloading,2026-08-25 20:56:00,2026-08-26 01:26:00,270,RSN-06,Completed,Cargo de-palletized and verified against airway bill.
EVT-0000085,SHP-00016,LOC-BLR-01,VEH-1309,Warehouse Entry,2026-08-03 08:48:00,2026-08-03 08:51:00,3,,Completed,Consignment arrived at Bengaluru Nelamangala Mega Fulfillment Center inbound gate.
EVT-0000086,SHP-00016,LOC-BLR-01,VEH-1309,Loading,2026-08-03 10:03:00,2026-08-03 10:12:00,9,,Completed,Pallets secured and loaded onto vehicle VEH-1309.
EVT-0000087,SHP-00016,LOC-BLR-01,VEH-1309,Departure,2026-08-03 10:45:00,2026-08-03 11:21:00,36,RSN-07,Delayed,Vehicle departed origin bay with manifest seal.
EVT-0000088,SHP-00016,LOC-JAI-01,VEH-1309,Arrival,2026-08-05 02:25:00,2026-08-05 02:59:00,34,RSN-09,Delayed,Vehicle docked at Jaipur Sitapura Regional Warehouse receiving gate.
EVT-0000089,SHP-00016,LOC-JAI-01,VEH-1309,Unloading,2026-08-05 02:55:00,2026-08-05 03:44:00,49,RSN-06,Completed,Cargo de-palletized and verified against airway bill.
EVT-0000090,SHP-00017,LOC-BOM-01,VEH-1253,Warehouse Entry,2026-08-20 11:05:00,2026-08-20 11:10:00,5,,Completed,Consignment arrived at Mumbai Bhiwandi Mega Fulfillment Center inbound gate.
EVT-0000091,SHP-00017,LOC-BOM-01,VEH-1253,Loading,2026-08-20 12:04:00,2026-08-20 12:09:00,5,,Completed,Pallets secured and loaded onto vehicle VEH-1253.
EVT-0000092,SHP-00017,LOC-BOM-01,VEH-1253,Departure,2026-08-20 12:45:00,2026-08-20 12:53:00,8,,Completed,Vehicle departed origin bay with manifest seal.
EVT-0000093,SHP-00017,LOC-BOM-01,VEH-1253,Inspection,2026-08-20 14:41:30,2026-08-20 15:04:00,22,RSN-02,Completed,Highway checkpoint FASTag and e-way bill scanning completed.
EVT-0000094,SHP-00017,LOC-PNQ-01,VEH-1253,Arrival,2026-08-20 16:38:00,2026-08-20 17:15:00,37,RSN-09,Delayed,Vehicle docked at Pune Chakan Automotive Logistics Hub receiving gate.
EVT-0000095,SHP-00017,LOC-PNQ-01,VEH-1253,Unloading,2026-08-20 17:08:00,2026-08-20 17:40:00,32,RSN-06,Completed,Cargo de-palletized and verified against airway bill.
EVT-0000096,SHP-00018,LOC-HYD-01,VEH-1636,Warehouse Entry,2026-08-15 15:01:00,2026-08-15 15:01:00,0,,Completed,Consignment arrived at Hyderabad Shamshabad Cargo Logistics Hub inbound gate.
EVT-0000097,SHP-00018,LOC-HYD-01,VEH-1636,Loading,2026-08-15 16:00:00,2026-08-15 16:00:00,0,,Completed,Pallets secured and loaded onto vehicle VEH-1636.
EVT-0000098,SHP-00018,LOC-HYD-01,VEH-1636,Departure,2026-08-15 16:45:00,2026-08-15 16:45:00,0,,Completed,Vehicle departed origin bay with manifest seal.
EVT-0000099,SHP-00018,LOC-BOM-02,VEH-1636,Arrival,2026-08-16 11:44:00,2026-08-16 11:44:00,0,,Completed,Vehicle docked at Navi Mumbai JNPT Cross-Docking Terminal receiving gate.
EVT-0000100,SHP-00018,LOC-BOM-02,VEH-1636,Unloading,2026-08-16 12:14:00,2026-08-16 12:14:00,0,,Completed,Cargo de-palletized and verified against airway bill.
EVT-0000101,SHP-00019,LOC-AMD-01,VEH-1182,Warehouse Entry,2026-08-10 18:21:00,2026-08-10 18:30:00,9,,Completed,Consignment arrived at Ahmedabad Changodar Regional Warehouse inbound gate.
EVT-0000102,SHP-00019,LOC-AMD-01,VEH-1182,Loading,2026-08-10 19:15:00,2026-08-10 19:40:00,25,RSN-05,Completed,Pallets secured and loaded onto vehicle VEH-1182.
EVT-0000103,SHP-00019,LOC-AMD-01,VEH-1182,Departure,2026-08-10 20:15:00,2026-08-10 21:01:00,46,RSN-07,Delayed,Vehicle departed origin bay with manifest seal.
EVT-0000104,SHP-00019,LOC-AMD-01,VEH-1182,Inspection,2026-08-10 22:29:30,2026-08-10 23:18:30,49,RSN-18,Completed,Highway checkpoint FASTag and e-way bill scanning completed.
EVT-0000105,SHP-00019,LOC-BDQ-01,VEH-1182,Arrival,2026-08-11 00:44:00,2026-08-11 01:36:00,52,RSN-09,Delayed,Vehicle docked at Vadodara Makarpura Transport Center receiving gate.
EVT-0000106,SHP-00019,LOC-BDQ-01,VEH-1182,Unloading,2026-08-11 01:14:00,2026-08-11 02:14:00,60,RSN-06,Completed,Cargo de-palletized and verified against airway bill.
EVT-0000107,SHP-00020,LOC-AMD-01,VEH-1578,Warehouse Entry,2026-08-06 20:06:00,2026-08-06 20:06:00,0,,Completed,Consignment arrived at Ahmedabad Changodar Regional Warehouse inbound gate.
EVT-0000108,SHP-00020,LOC-AMD-01,VEH-1578,Loading,2026-08-06 21:09:00,2026-08-06 21:09:00,0,,Completed,Pallets secured and loaded onto vehicle VEH-1578.
EVT-0000109,SHP-00020,LOC-AMD-01,VEH-1578,Departure,2026-08-06 22:00:00,2026-08-06 22:00:00,0,,Completed,Vehicle departed origin bay with manifest seal.
EVT-0000110,SHP-00020,LOC-PNQ-01,VEH-1578,Arrival,2026-08-07 14:23:00,2026-08-07 14:23:00,0,,Completed,Vehicle docked at Pune Chakan Automotive Logistics Hub receiving gate.
EVT-0000111,SHP-00020,LOC-PNQ-01,VEH-1578,Unloading,2026-08-07 14:53:00,2026-08-07 14:57:00,4,,Completed,Cargo de-palletized and verified against airway bill.
EVT-0000112,SHP-00021,LOC-IXC-01,VEH-1299,Warehouse Entry,2026-08-27 16:50:00,2026-08-27 16:50:00,0,,Completed,Consignment arrived at Chandigarh Industrial Distribution Center inbound gate.
EVT-0000113,SHP-00021,LOC-IXC-01,VEH-1299,Loading,2026-08-27 17:47:00,2026-08-27 17:47:00,0,,Completed,Pallets secured and loaded onto vehicle VEH-1299.
EVT-0000114,SHP-00021,LOC-IXC-01,VEH-1299,Departure,2026-08-27 18:45:00,2026-08-27 18:45:00,0,,Completed,Vehicle departed origin bay with manifest seal.
EVT-0000115,SHP-00021,LOC-IXC-01,VEH-1299,Inspection,2026-08-28 12:08:00,2026-08-28 12:08:00,0,,Completed,Highway checkpoint FASTag and e-way bill scanning completed.
EVT-0000116,SHP-00021,LOC-STV-01,VEH-1299,Arrival,2026-08-29 05:31:00,2026-08-29 05:31:00,0,,Completed,Vehicle docked at Surat Sachin Industrial Logistics Hub receiving gate.
EVT-0000117,SHP-00021,LOC-STV-01,VEH-1299,Unloading,2026-08-29 06:01:00,2026-08-29 06:01:00,0,,Completed,Cargo de-palletized and verified against airway bill.
EVT-0000118,SHP-00022,LOC-BLR-01,VEH-1447,Warehouse Entry,2026-08-16 17:00:00,2026-08-16 17:00:00,0,,Completed,Consignment arrived at Bengaluru Nelamangala Mega Fulfillment Center inbound gate.
EVT-0000119,SHP-00022,LOC-BLR-01,VEH-1447,Loading,2026-08-16 17:49:00,2026-08-16 17:49:00,0,,Completed,Pallets secured and loaded onto vehicle VEH-1447.
EVT-0000120,SHP-00022,LOC-BLR-01,VEH-1447,Departure,2026-08-16 18:45:00,2026-08-16 18:45:00,0,,Completed,Vehicle departed origin bay with manifest seal.
EVT-0000121,SHP-00022,LOC-BLR-01,VEH-1447,Inspection,2026-08-16 20:05:00,2026-08-16 20:05:00,0,,Completed,Highway checkpoint FASTag and e-way bill scanning completed.
EVT-0000122,SHP-00022,LOC-BLR-03,VEH-1447,Arrival,2026-08-16 21:25:00,2026-08-16 21:25:00,0,,Completed,Vehicle docked at Bengaluru Electronic City Regional Warehouse receiving gate.
EVT-0000123,SHP-00022,LOC-BLR-03,VEH-1447,Unloading,2026-08-16 21:55:00,2026-08-16 21:54:00,0,,Completed,Cargo de-palletized and verified against airway bill.
EVT-0000124,SHP-00023,LOC-HYD-01,VEH-1088,Warehouse Entry,2026-08-22 14:42:00,2026-08-22 14:51:00,9,,Completed,Consignment arrived at Hyderabad Shamshabad Cargo Logistics Hub inbound gate.
EVT-0000125,SHP-00023,LOC-HYD-01,VEH-1088,Loading,2026-08-22 15:19:00,2026-08-22 15:34:00,15,,Completed,Pallets secured and loaded onto vehicle VEH-1088.
EVT-0000126,SHP-00023,LOC-HYD-01,VEH-1088,Departure,2026-08-22 16:15:00,2026-08-22 16:31:00,16,RSN-12,Delayed,Vehicle departed origin bay with manifest seal.
EVT-0000127,SHP-00023,LOC-HYD-01,VEH-1088,Inspection,2026-08-22 22:55:00,2026-08-22 23:09:30,14,,Completed,Highway checkpoint FASTag and e-way bill scanning completed.
EVT-0000128,SHP-00023,LOC-NAG-01,VEH-1088,Arrival,2026-08-23 05:35:00,2026-08-23 05:48:00,13,,Completed,Vehicle docked at Nagpur MIHAN Multi-Modal Logistics Hub receiving gate.
EVT-0000129,SHP-00023,LOC-NAG-01,VEH-1088,Unloading,2026-08-23 06:05:00,2026-08-23 06:26:00,21,,Completed,Cargo de-palletized and verified against airway bill.
EVT-0000130,SHP-00024,LOC-HYD-01,VEH-1441,Warehouse Entry,2026-08-09 10:33:00,2026-08-09 10:36:00,3,,Completed,Consignment arrived at Hyderabad Shamshabad Cargo Logistics Hub inbound gate.
EVT-0000131,SHP-00024,LOC-HYD-01,VEH-1441,Loading,2026-08-09 11:33:00,2026-08-09 11:34:00,1,,Completed,Pallets secured and loaded onto vehicle VEH-1441.
EVT-0000132,SHP-00024,LOC-HYD-01,VEH-1441,Departure,2026-08-09 12:15:00,2026-08-09 12:18:00,3,,Completed,Vehicle departed origin bay with manifest seal.
EVT-0000133,SHP-00024,LOC-MAA-02,VEH-1441,Arrival,2026-08-10 02:19:00,2026-08-10 02:24:00,5,,Completed,Vehicle docked at Chennai Madhavaram Transshipment Hub receiving gate.
EVT-0000134,SHP-00024,LOC-MAA-02,VEH-1441,Unloading,2026-08-10 02:49:00,2026-08-10 03:02:00,13,,Completed,Cargo de-palletized and verified against airway bill.
EVT-0000135,SHP-00025,LOC-JAI-01,VEH-1303,Warehouse Entry,2026-08-04 08:46:00,2026-08-04 08:51:00,5,,Completed,Consignment arrived at Jaipur Sitapura Regional Warehouse inbound gate.
EVT-0000136,SHP-00025,LOC-JAI-01,VEH-1303,Loading,2026-08-04 09:47:00,2026-08-04 10:04:00,17,RSN-05,Completed,Pallets secured and loaded onto vehicle VEH-1303.
EVT-0000137,SHP-00025,LOC-JAI-01,VEH-1303,Departure,2026-08-04 10:30:00,2026-08-04 12:30:00,120,RSN-12,Delayed,Vehicle departed origin bay with manifest seal.
EVT-0000138,SHP-00025,LOC-PNQ-01,VEH-1303,Arrival,2026-08-05 10:38:00,2026-08-05 12:46:00,128,RSN-12,Delayed,Vehicle docked at Pune Chakan Automotive Logistics Hub receiving gate.
EVT-0000139,SHP-00025,LOC-PNQ-01,VEH-1303,Unloading,2026-08-05 11:08:00,2026-08-05 13:29:00,141,RSN-06,Completed,Cargo de-palletized and verified against airway bill.
EVT-0000140,SHP-00026,LOC-IDR-01,VEH-1488,Warehouse Entry,2026-08-15 14:09:00,2026-08-15 14:24:00,15,,Completed,Consignment arrived at Indore Pithampur Logistics Park inbound gate.
EVT-0000141,SHP-00026,LOC-IDR-01,VEH-1488,Loading,2026-08-15 15:02:00,2026-08-15 15:09:00,7,,Completed,Pallets secured and loaded onto vehicle VEH-1488.
EVT-0000142,SHP-00026,LOC-IDR-01,VEH-1488,Departure,2026-08-15 16:00:00,2026-08-15 16:16:00,16,RSN-12,Delayed,Vehicle departed origin bay with manifest seal.
EVT-0000143,SHP-00026,LOC-IDR-01,VEH-1488,Inspection,2026-08-15 19:41:00,2026-08-15 19:57:00,16,RSN-02,Completed,Highway checkpoint FASTag and e-way bill scanning completed.
EVT-0000144,SHP-00026,LOC-BDQ-01,VEH-1488,Arrival,2026-08-15 23:22:00,2026-08-15 23:38:00,16,RSN-12,Delayed,Vehicle docked at Vadodara Makarpura Transport Center receiving gate.
EVT-0000145,SHP-00026,LOC-BDQ-01,VEH-1488,Unloading,2026-08-15 23:52:00,2026-08-16 00:12:00,20,,Completed,Cargo de-palletized and verified against airway bill.
EVT-0000146,SHP-00027,LOC-MAA-01,VEH-1169,Warehouse Entry,2026-08-17 08:17:00,2026-08-17 08:20:00,3,,Completed,Consignment arrived at Chennai Sriperumbudur Distribution Center inbound gate.
EVT-0000147,SHP-00027,LOC-MAA-01,VEH-1169,Loading,2026-08-17 09:26:00,2026-08-17 09:27:00,1,,Completed,Pallets secured and loaded onto vehicle VEH-1169.
EVT-0000148,SHP-00027,LOC-MAA-01,VEH-1169,Departure,2026-08-17 10:15:00,2026-08-17 10:20:00,5,,Completed,Vehicle departed origin bay with manifest seal.
EVT-0000149,SHP-00027,LOC-MAA-01,VEH-1169,Inspection,2026-08-17 15:34:00,2026-08-17 15:58:30,24,RSN-02,Completed,Highway checkpoint FASTag and e-way bill scanning completed.
EVT-0000150,SHP-00027,LOC-BLR-01,VEH-1169,Arrival,2026-08-17 20:53:00,2026-08-17 21:37:00,44,RSN-09,Delayed,Vehicle docked at Bengaluru Nelamangala Mega Fulfillment Center receiving gate.
EVT-0000151,SHP-00027,LOC-BLR-01,VEH-1169,Unloading,2026-08-17 21:23:00,2026-08-17 22:09:00,46,RSN-06,Completed,Cargo de-palletized and verified against airway bill.
EVT-0000152,SHP-00028,LOC-LKO-01,VEH-1195,Warehouse Entry,2026-08-14 16:10:00,2026-08-14 16:10:00,0,,Completed,Consignment arrived at Lucknow Transport Nagar Hub inbound gate.
EVT-0000153,SHP-00028,LOC-LKO-01,VEH-1195,Loading,2026-08-14 17:10:00,2026-08-14 17:10:00,0,,Completed,Pallets secured and loaded onto vehicle VEH-1195.
EVT-0000154,SHP-00028,LOC-LKO-01,VEH-1195,Departure,2026-08-14 18:00:00,2026-08-14 18:00:00,0,,Completed,Vehicle departed origin bay with manifest seal.
EVT-0000155,SHP-00028,LOC-HYD-01,VEH-1195,Arrival,2026-08-16 01:54:00,2026-08-16 01:54:00,0,,Completed,Vehicle docked at Hyderabad Shamshabad Cargo Logistics Hub receiving gate.
EVT-0000156,SHP-00028,LOC-HYD-01,VEH-1195,Unloading,2026-08-16 02:24:00,2026-08-16 02:31:00,7,,Completed,Cargo de-palletized and verified against airway bill.
EVT-0000157,SHP-00029,LOC-HYD-01,VEH-1220,Warehouse Entry,2026-08-26 06:25:00,2026-08-26 06:32:00,7,,Completed,Consignment arrived at Hyderabad Shamshabad Cargo Logistics Hub inbound gate.
EVT-0000158,SHP-00029,LOC-HYD-01,VEH-1220,Loading,2026-08-26 07:16:00,2026-08-26 08:02:00,46,RSN-05,Completed,Pallets secured and loaded onto vehicle VEH-1220.
EVT-0000159,SHP-00029,LOC-HYD-01,VEH-1220,Departure,2026-08-26 08:00:00,2026-08-26 08:48:00,48,RSN-12,Delayed,Vehicle departed origin bay with manifest seal.
EVT-0000160,SHP-00029,LOC-AMD-01,VEH-1220,Arrival,2026-08-27 10:52:00,2026-08-27 11:45:00,53,RSN-12,Delayed,Vehicle docked at Ahmedabad Changodar Regional Warehouse receiving gate.
EVT-0000161,SHP-00029,LOC-AMD-01,VEH-1220,Unloading,2026-08-27 11:22:00,2026-08-27 12:10:00,48,RSN-06,Completed,Cargo de-palletized and verified against airway bill.
EVT-0000162,SHP-00030,LOC-AMD-01,VEH-1269,Warehouse Entry,2026-08-17 14:46:00,2026-08-17 14:46:00,0,,Completed,Consignment arrived at Ahmedabad Changodar Regional Warehouse inbound gate.
EVT-0000163,SHP-00030,LOC-AMD-01,VEH-1269,Loading,2026-08-17 15:54:00,2026-08-17 15:54:00,0,,Completed,Pallets secured and loaded onto vehicle VEH-1269.
EVT-0000164,SHP-00030,LOC-AMD-01,VEH-1269,Departure,2026-08-17 16:45:00,2026-08-17 16:45:00,0,,Completed,Vehicle departed origin bay with manifest seal.
EVT-0000165,SHP-00030,LOC-STV-01,VEH-1269,Arrival,2026-08-18 01:24:00,2026-08-18 01:24:00,0,,Completed,Vehicle docked at Surat Sachin Industrial Logistics Hub receiving gate.
EVT-0000166,SHP-00030,LOC-STV-01,VEH-1269,Unloading,2026-08-18 01:54:00,2026-08-18 02:09:00,15,,Completed,Cargo de-palletized and verified against airway bill.
EVT-0000167,SHP-00031,LOC-PNQ-01,VEH-1305,Warehouse Entry,2026-08-03 08:46:00,2026-08-03 08:46:00,0,,Completed,Consignment arrived at Pune Chakan Automotive Logistics Hub inbound gate.
EVT-0000168,SHP-00031,LOC-PNQ-01,VEH-1305,Loading,2026-08-03 09:37:00,2026-08-03 09:37:00,0,,Completed,Pallets secured and loaded onto vehicle VEH-1305.
EVT-0000169,SHP-00031,LOC-PNQ-01,VEH-1305,Departure,2026-08-03 10:30:00,2026-08-03 10:30:00,0,,Completed,Vehicle departed origin bay with manifest seal.
EVT-0000170,SHP-00031,LOC-PNQ-01,VEH-1305,Inspection,2026-08-04 08:40:30,2026-08-04 08:40:30,0,,Completed,Highway checkpoint FASTag and e-way bill scanning completed.
EVT-0000171,SHP-00031,LOC-CCU-02,VEH-1305,Arrival,2026-08-05 06:51:00,2026-08-05 06:51:00,0,,Completed,Vehicle docked at Howrah Freight Consolidation Center receiving gate.
EVT-0000172,SHP-00031,LOC-CCU-02,VEH-1305,Unloading,2026-08-05 07:21:00,2026-08-05 07:30:00,9,,Completed,Cargo de-palletized and verified against airway bill.
EVT-0000173,SHP-00032,LOC-MAA-01,VEH-1524,Warehouse Entry,2026-08-05 17:13:00,2026-08-05 17:14:00,1,,Completed,Consignment arrived at Chennai Sriperumbudur Distribution Center inbound gate.
EVT-0000174,SHP-00032,LOC-MAA-01,VEH-1524,Loading,2026-08-05 18:00:00,2026-08-05 18:02:00,2,,Completed,Pallets secured and loaded onto vehicle VEH-1524.
EVT-0000175,SHP-00032,LOC-MAA-01,VEH-1524,Departure,2026-08-05 18:45:00,2026-08-05 18:49:00,4,,Completed,Vehicle departed origin bay with manifest seal.
EVT-0000176,SHP-00032,LOC-MAA-01,VEH-1524,Inspection,2026-08-05 22:35:00,2026-08-05 22:38:30,3,,Completed,Highway checkpoint FASTag and e-way bill scanning completed.
EVT-0000177,SHP-00032,LOC-BLR-03,VEH-1524,Arrival,2026-08-06 02:25:00,2026-08-06 02:28:00,3,,Completed,Vehicle docked at Bengaluru Electronic City Regional Warehouse receiving gate.
EVT-0000178,SHP-00032,LOC-BLR-03,VEH-1524,Unloading,2026-08-06 02:55:00,2026-08-06 03:12:00,17,,Completed,Cargo de-palletized and verified against airway bill.
EVT-0000179,SHP-00033,LOC-BLR-01,VEH-1502,Warehouse Entry,2026-08-11 18:11:00,2026-08-11 18:11:00,0,,Completed,Consignment arrived at Bengaluru Nelamangala Mega Fulfillment Center inbound gate.
EVT-0000180,SHP-00033,LOC-BLR-01,VEH-1502,Loading,2026-08-11 19:17:00,2026-08-11 19:17:00,0,,Completed,Pallets secured and loaded onto vehicle VEH-1502.
EVT-0000181,SHP-00033,LOC-BLR-01,VEH-1502,Departure,2026-08-11 20:00:00,2026-08-11 20:00:00,0,,Completed,Vehicle departed origin bay with manifest seal.
EVT-0000182,SHP-00033,LOC-BLR-01,VEH-1502,Inspection,2026-08-12 10:44:30,2026-08-12 10:44:30,0,,Completed,Highway checkpoint FASTag and e-way bill scanning completed.
EVT-0000183,SHP-00033,LOC-NAG-01,VEH-1502,Arrival,2026-08-13 01:29:00,2026-08-13 01:29:00,0,,Completed,Vehicle docked at Nagpur MIHAN Multi-Modal Logistics Hub receiving gate.
EVT-0000184,SHP-00033,LOC-NAG-01,VEH-1502,Unloading,2026-08-13 01:59:00,2026-08-13 02:07:00,8,,Completed,Cargo de-palletized and verified against airway bill.
EVT-0000185,SHP-00034,LOC-AMD-01,VEH-1626,Warehouse Entry,2026-08-14 19:11:00,2026-08-14 19:11:00,0,,Completed,Consignment arrived at Ahmedabad Changodar Regional Warehouse inbound gate.
EVT-0000186,SHP-00034,LOC-AMD-01,VEH-1626,Loading,2026-08-14 20:00:00,2026-08-14 20:00:00,0,,Completed,Pallets secured and loaded onto vehicle VEH-1626.
EVT-0000187,SHP-00034,LOC-AMD-01,VEH-1626,Departure,2026-08-14 20:45:00,2026-08-14 20:45:00,0,,Completed,Vehicle departed origin bay with manifest seal.
EVT-0000188,SHP-00034,LOC-AMD-01,VEH-1626,Inspection,2026-08-15 09:11:00,2026-08-15 09:11:00,0,,Completed,Highway checkpoint FASTag and e-way bill scanning completed.
EVT-0000189,SHP-00034,LOC-HYD-02,VEH-1626,Arrival,2026-08-15 21:37:00,2026-08-15 21:37:00,0,,Completed,Vehicle docked at Hyderabad Medchal Regional Warehouse receiving gate.
EVT-0000190,SHP-00034,LOC-HYD-02,VEH-1626,Unloading,2026-08-15 22:07:00,2026-08-15 22:11:00,4,,Completed,Cargo de-palletized and verified against airway bill.
EVT-0000191,SHP-00035,LOC-DEL-01,VEH-1031,Warehouse Entry,2026-08-10 08:54:00,2026-08-10 08:54:00,0,,Completed,Consignment arrived at Delhi Central Fulfillment Center inbound gate.
EVT-0000192,SHP-00035,LOC-DEL-01,VEH-1031,Loading,2026-08-10 09:56:00,2026-08-10 09:56:00,0,,Completed,Pallets secured and loaded onto vehicle VEH-1031.
EVT-0000193,SHP-00035,LOC-DEL-01,VEH-1031,Departure,2026-08-10 10:45:00,2026-08-10 10:45:00,0,,Completed,Vehicle departed origin bay with manifest seal.
EVT-0000194,SHP-00035,LOC-DEL-01,VEH-1031,Inspection,2026-08-11 03:43:30,2026-08-11 03:43:30,0,,Completed,Highway checkpoint FASTag and e-way bill scanning completed.
EVT-0000195,SHP-00035,LOC-HYD-01,VEH-1031,Arrival,2026-08-11 20:42:00,2026-08-11 20:42:00,0,,Completed,Vehicle docked at Hyderabad Shamshabad Cargo Logistics Hub receiving gate.
EVT-0000196,SHP-00035,LOC-HYD-01,VEH-1031,Unloading,2026-08-11 21:12:00,2026-08-11 21:23:00,11,,Completed,Cargo de-palletized and verified against airway bill.
EVT-0000197,SHP-00036,LOC-BOM-01,VEH-1275,Warehouse Entry,2026-08-18 04:48:00,2026-08-18 04:48:00,0,,Completed,Consignment arrived at Mumbai Bhiwandi Mega Fulfillment Center inbound gate.
EVT-0000198,SHP-00036,LOC-BOM-01,VEH-1275,Loading,2026-08-18 05:52:00,2026-08-18 05:52:00,0,,Completed,Pallets secured and loaded onto vehicle VEH-1275.
EVT-0000199,SHP-00036,LOC-BOM-01,VEH-1275,Departure,2026-08-18 06:45:00,2026-08-18 06:45:00,0,,Completed,Vehicle departed origin bay with manifest seal.
EVT-0000200,SHP-00036,LOC-CCU-01,VEH-1275,Arrival,2026-08-20 06:39:00,2026-08-20 06:39:00,0,,Completed,Vehicle docked at Kolkata Dankuni Mega Logistics Hub receiving gate.
EVT-0000201,SHP-00036,LOC-CCU-01,VEH-1275,Unloading,2026-08-20 07:09:00,2026-08-20 07:06:00,0,,Completed,Cargo de-palletized and verified against airway bill.
EVT-0000202,SHP-00037,LOC-AMD-01,VEH-1034,Warehouse Entry,2026-08-28 07:05:00,2026-08-28 07:07:00,2,,Completed,Consignment arrived at Ahmedabad Changodar Regional Warehouse inbound gate.
EVT-0000203,SHP-00037,LOC-AMD-01,VEH-1034,Loading,2026-08-28 07:58:00,2026-08-28 07:59:00,1,,Completed,Pallets secured and loaded onto vehicle VEH-1034.
EVT-0000204,SHP-00037,LOC-AMD-01,VEH-1034,Departure,2026-08-28 08:45:00,2026-08-28 08:49:00,4,,Completed,Vehicle departed origin bay with manifest seal.
EVT-0000205,SHP-00037,LOC-BOM-01,VEH-1034,Arrival,2026-08-28 20:29:00,2026-08-28 20:58:00,29,RSN-09,Delayed,Vehicle docked at Mumbai Bhiwandi Mega Fulfillment Center receiving gate.
EVT-0000206,SHP-00037,LOC-BOM-01,VEH-1034,Unloading,2026-08-28 20:59:00,2026-08-28 21:27:00,28,,Completed,Cargo de-palletized and verified against airway bill.
EVT-0000207,SHP-00038,LOC-MAA-01,VEH-1625,Warehouse Entry,2026-08-20 08:29:00,2026-08-20 08:31:00,2,,Completed,Consignment arrived at Chennai Sriperumbudur Distribution Center inbound gate.
EVT-0000208,SHP-00038,LOC-MAA-01,VEH-1625,Loading,2026-08-20 09:31:00,2026-08-20 10:03:00,32,RSN-05,Completed,Pallets secured and loaded onto vehicle VEH-1625.
EVT-0000209,SHP-00038,LOC-MAA-01,VEH-1625,Departure,2026-08-20 10:15:00,2026-08-20 10:47:00,32,RSN-01,Delayed,Vehicle departed origin bay with manifest seal.
EVT-0000210,SHP-00038,LOC-CJB-01,VEH-1625,Arrival,2026-08-21 00:12:00,2026-08-21 00:40:00,28,RSN-02,Delayed,Vehicle docked at Coimbatore Peelamedu Distribution Center receiving gate.
EVT-0000211,SHP-00038,LOC-CJB-01,VEH-1625,Unloading,2026-08-21 00:42:00,2026-08-21 01:14:00,32,RSN-06,Completed,Cargo de-palletized and verified against airway bill.
EVT-0000212,SHP-00039,LOC-JAI-01,VEH-1552,Warehouse Entry,2026-08-10 12:56:00,2026-08-10 12:56:00,0,,Completed,Consignment arrived at Jaipur Sitapura Regional Warehouse inbound gate.
EVT-0000213,SHP-00039,LOC-JAI-01,VEH-1552,Loading,2026-08-10 13:34:00,2026-08-10 13:34:00,0,,Completed,Pallets secured and loaded onto vehicle VEH-1552.
EVT-0000214,SHP-00039,LOC-JAI-01,VEH-1552,Departure,2026-08-10 14:30:00,2026-08-10 14:30:00,0,,Completed,Vehicle departed origin bay with manifest seal.
EVT-0000215,SHP-00039,LOC-JAI-01,VEH-1552,Inspection,2026-08-10 23:44:30,2026-08-10 23:44:30,0,,Completed,Highway checkpoint FASTag and e-way bill scanning completed.
EVT-0000216,SHP-00039,LOC-LKO-02,VEH-1552,Arrival,2026-08-11 08:59:00,2026-08-11 08:59:00,0,,Completed,Vehicle docked at Lucknow Sarojini Nagar Fulfillment Center receiving gate.
EVT-0000217,SHP-00039,LOC-LKO-02,VEH-1552,Unloading,2026-08-11 09:29:00,2026-08-11 09:25:00,0,,Completed,Cargo de-palletized and verified against airway bill.
EVT-0000218,SHP-00040,LOC-HYD-01,VEH-1130,Warehouse Entry,2026-08-08 08:57:00,2026-08-08 08:58:00,1,,Completed,Consignment arrived at Hyderabad Shamshabad Cargo Logistics Hub inbound gate.
EVT-0000219,SHP-00040,LOC-HYD-01,VEH-1130,Loading,2026-08-08 09:43:00,2026-08-08 09:44:00,1,,Completed,Pallets secured and loaded onto vehicle VEH-1130.
EVT-0000220,SHP-00040,LOC-HYD-01,VEH-1130,Departure,2026-08-08 10:30:00,2026-08-08 10:37:00,7,,Completed,Vehicle departed origin bay with manifest seal.
EVT-0000221,SHP-00040,LOC-HYD-01,VEH-1130,Inspection,2026-08-09 04:15:00,2026-08-09 04:42:00,27,RSN-02,Completed,Highway checkpoint FASTag and e-way bill scanning completed.
EVT-0000222,SHP-00040,LOC-DEL-02,VEH-1130,Arrival,2026-08-09 22:00:00,2026-08-09 22:47:00,47,RSN-02,Delayed,Vehicle docked at Okhla Transshipment Hub receiving gate.
EVT-0000223,SHP-00040,LOC-DEL-02,VEH-1130,Unloading,2026-08-09 22:30:00,2026-08-09 23:28:00,58,RSN-06,Completed,Cargo de-palletized and verified against airway bill.
EVT-0000224,SHP-00041,LOC-CCU-01,VEH-1447,Warehouse Entry,2026-08-26 06:58:00,2026-08-26 07:03:00,5,,Completed,Consignment arrived at Kolkata Dankuni Mega Logistics Hub inbound gate.
EVT-0000225,SHP-00041,LOC-CCU-01,VEH-1447,Loading,2026-08-26 07:54:00,2026-08-26 08:24:00,30,RSN-05,Completed,Pallets secured and loaded onto vehicle VEH-1447.
EVT-0000226,SHP-00041,LOC-CCU-01,VEH-1447,Departure,2026-08-26 08:45:00,2026-08-26 09:18:00,33,RSN-07,Delayed,Vehicle departed origin bay with manifest seal.
EVT-0000227,SHP-00041,LOC-BLR-01,VEH-1447,Arrival,2026-08-28 05:16:00,2026-08-28 05:54:00,38,RSN-09,Delayed,Vehicle docked at Bengaluru Nelamangala Mega Fulfillment Center receiving gate.
EVT-0000228,SHP-00041,LOC-BLR-01,VEH-1447,Unloading,2026-08-28 05:46:00,2026-08-28 06:36:00,50,RSN-06,Completed,Cargo de-palletized and verified against airway bill.
EVT-0000229,SHP-00042,LOC-MAA-01,VEH-1388,Warehouse Entry,2026-08-24 18:38:00,2026-08-24 18:38:00,0,,Completed,Consignment arrived at Chennai Sriperumbudur Distribution Center inbound gate.
EVT-0000230,SHP-00042,LOC-MAA-01,VEH-1388,Loading,2026-08-24 19:41:00,2026-08-24 19:41:00,0,,Completed,Pallets secured and loaded onto vehicle VEH-1388.
EVT-0000231,SHP-00042,LOC-MAA-01,VEH-1388,Departure,2026-08-24 20:30:00,2026-08-24 20:30:00,0,,Completed,Vehicle departed origin bay with manifest seal.
EVT-0000232,SHP-00042,LOC-STV-01,VEH-1388,Arrival,2026-08-26 06:17:00,2026-08-26 06:17:00,0,,Completed,Vehicle docked at Surat Sachin Industrial Logistics Hub receiving gate.
EVT-0000233,SHP-00042,LOC-STV-01,VEH-1388,Unloading,2026-08-26 06:47:00,2026-08-26 07:01:00,14,,Completed,Cargo de-palletized and verified against airway bill.
EVT-0000234,SHP-00043,LOC-HYD-01,VEH-1507,Warehouse Entry,2026-08-11 20:44:00,2026-08-11 20:51:00,7,,Completed,Consignment arrived at Hyderabad Shamshabad Cargo Logistics Hub inbound gate.
EVT-0000235,SHP-00043,LOC-HYD-01,VEH-1507,Loading,2026-08-11 21:33:00,2026-08-11 21:33:00,0,,Completed,Pallets secured and loaded onto vehicle VEH-1507.
EVT-0000236,SHP-00043,LOC-HYD-01,VEH-1507,Departure,2026-08-11 22:15:00,2026-08-11 22:22:00,7,,Completed,Vehicle departed origin bay with manifest seal.
EVT-0000237,SHP-00043,LOC-HYD-02,VEH-1507,Arrival,2026-08-12 01:16:00,2026-08-12 02:02:00,46,RSN-09,Delayed,Vehicle docked at Hyderabad Medchal Regional Warehouse receiving gate.
EVT-0000238,SHP-00043,LOC-HYD-02,VEH-1507,Unloading,2026-08-12 01:46:00,2026-08-12 02:28:00,42,RSN-06,Completed,Cargo de-palletized and verified against airway bill.
EVT-0000239,SHP-00044,LOC-MAA-02,VEH-1102,Warehouse Entry,2026-08-01 06:42:00,2026-08-01 06:42:00,0,,Completed,Consignment arrived at Chennai Madhavaram Transshipment Hub inbound gate.
EVT-0000240,SHP-00044,LOC-MAA-02,VEH-1102,Loading,2026-08-01 07:20:00,2026-08-01 07:20:00,0,,Completed,Pallets secured and loaded onto vehicle VEH-1102.
EVT-0000241,SHP-00044,LOC-MAA-02,VEH-1102,Departure,2026-08-01 08:15:00,2026-08-01 08:15:00,0,,Completed,Vehicle departed origin bay with manifest seal.
EVT-0000242,SHP-00044,LOC-MAA-02,VEH-1102,Inspection,2026-08-02 05:10:00,2026-08-02 05:10:00,0,,Completed,Highway checkpoint FASTag and e-way bill scanning completed.
EVT-0000243,SHP-00044,LOC-DEL-02,VEH-1102,Arrival,2026-08-03 02:05:00,2026-08-03 02:05:00,0,,Completed,Vehicle docked at Okhla Transshipment Hub receiving gate.
EVT-0000244,SHP-00044,LOC-DEL-02,VEH-1102,Unloading,2026-08-03 02:35:00,2026-08-03 02:37:00,2,,Completed,Cargo de-palletized and verified against airway bill.
EVT-0000245,SHP-00045,LOC-AMD-02,VEH-1136,Warehouse Entry,2026-08-06 12:13:00,2026-08-06 12:26:00,13,,Completed,Consignment arrived at Ahmedabad Sanand Distribution Center inbound gate.
EVT-0000246,SHP-00045,LOC-AMD-02,VEH-1136,Loading,2026-08-06 13:20:00,2026-08-06 13:23:00,3,,Completed,Pallets secured and loaded onto vehicle VEH-1136.
EVT-0000247,SHP-00045,LOC-AMD-02,VEH-1136,Departure,2026-08-06 14:00:00,2026-08-06 14:16:00,16,RSN-12,Delayed,Vehicle departed origin bay with manifest seal.
EVT-0000248,SHP-00045,LOC-AMD-02,VEH-1136,Inspection,2026-08-07 05:02:00,2026-08-07 05:16:00,14,,Completed,Highway checkpoint FASTag and e-way bill scanning completed.
EVT-0000249,SHP-00045,LOC-IXC-01,VEH-1136,Arrival,2026-08-07 20:04:00,2026-08-07 20:16:00,12,,Completed,Vehicle docked at Chandigarh Industrial Distribution Center receiving gate.
EVT-0000250,SHP-00045,LOC-IXC-01,VEH-1136,Unloading,2026-08-07 20:34:00,2026-08-07 20:59:00,25,,Completed,Cargo de-palletized and verified against airway bill.
EVT-0000251,SHP-00046,LOC-BLR-01,VEH-1372,Warehouse Entry,2026-08-14 06:21:00,2026-08-14 06:33:00,12,,Completed,Consignment arrived at Bengaluru Nelamangala Mega Fulfillment Center inbound gate.
EVT-0000252,SHP-00046,LOC-BLR-01,VEH-1372,Loading,2026-08-14 07:17:00,2026-08-14 07:27:00,10,,Completed,Pallets secured and loaded onto vehicle VEH-1372.
EVT-0000253,SHP-00046,LOC-BLR-01,VEH-1372,Departure,2026-08-14 08:00:00,2026-08-14 08:21:00,21,RSN-12,Delayed,Vehicle departed origin bay with manifest seal.
EVT-0000254,SHP-00046,LOC-DEL-02,VEH-1372,Arrival,2026-08-16 12:05:00,2026-08-16 12:31:00,26,RSN-12,Delayed,Vehicle docked at Okhla Transshipment Hub receiving gate.
EVT-0000255,SHP-00046,LOC-DEL-02,VEH-1372,Unloading,2026-08-16 12:35:00,2026-08-16 12:59:00,24,,Completed,Cargo de-palletized and verified against airway bill.
EVT-0000256,SHP-00047,LOC-AMD-01,VEH-1456,Warehouse Entry,2026-08-11 06:47:00,2026-08-11 06:59:00,12,,Completed,Consignment arrived at Ahmedabad Changodar Regional Warehouse inbound gate.
EVT-0000257,SHP-00047,LOC-AMD-01,VEH-1456,Loading,2026-08-11 07:53:00,2026-08-11 08:19:00,26,RSN-05,Completed,Pallets secured and loaded onto vehicle VEH-1456.
EVT-0000258,SHP-00047,LOC-AMD-01,VEH-1456,Departure,2026-08-11 08:45:00,2026-08-11 09:17:00,32,RSN-04,Delayed,Vehicle departed origin bay with manifest seal.
EVT-0000259,SHP-00047,LOC-AMD-01,VEH-1456,Inspection,2026-08-11 14:31:00,2026-08-11 15:06:30,35,RSN-18,Completed,Highway checkpoint FASTag and e-way bill scanning completed.
EVT-0000260,SHP-00047,LOC-IDR-01,VEH-1456,Arrival,2026-08-11 20:17:00,2026-08-11 20:56:00,39,RSN-04,Delayed,Vehicle docked at Indore Pithampur Logistics Park receiving gate.
EVT-0000261,SHP-00047,LOC-IDR-01,VEH-1456,Unloading,2026-08-11 20:47:00,2026-08-11 21:32:00,45,RSN-06,Completed,Cargo de-palletized and verified against airway bill.
EVT-0000262,SHP-00048,LOC-HYD-01,VEH-1105,Warehouse Entry,2026-08-29 12:31:00,2026-08-29 12:31:00,0,,Completed,Consignment arrived at Hyderabad Shamshabad Cargo Logistics Hub inbound gate.
EVT-0000263,SHP-00048,LOC-HYD-01,VEH-1105,Loading,2026-08-29 13:31:00,2026-08-29 13:31:00,0,,Completed,Pallets secured and loaded onto vehicle VEH-1105.
EVT-0000264,SHP-00048,LOC-HYD-01,VEH-1105,Departure,2026-08-29 14:15:00,2026-08-29 14:15:00,0,,Completed,Vehicle departed origin bay with manifest seal.
EVT-0000265,SHP-00048,LOC-GUR-01,VEH-1105,Arrival,2026-08-30 20:27:00,2026-08-30 20:27:00,0,,Completed,Vehicle docked at Gurugram Express Logistics Park receiving gate.
EVT-0000266,SHP-00048,LOC-GUR-01,VEH-1105,Unloading,2026-08-30 20:57:00,2026-08-30 20:55:00,0,,Completed,Cargo de-palletized and verified against airway bill.
EVT-0000267,SHP-00049,LOC-DEL-01,VEH-1396,Warehouse Entry,2026-08-24 09:12:00,2026-08-24 09:14:00,2,,Completed,Consignment arrived at Delhi Central Fulfillment Center inbound gate.
EVT-0000268,SHP-00049,LOC-DEL-01,VEH-1396,Loading,2026-08-24 10:05:00,2026-08-24 10:12:00,7,,Completed,Pallets secured and loaded onto vehicle VEH-1396.
EVT-0000269,SHP-00049,LOC-DEL-01,VEH-1396,Departure,2026-08-24 10:45:00,2026-08-24 11:06:00,21,RSN-05,Delayed,Vehicle departed origin bay with manifest seal.
EVT-0000270,SHP-00049,LOC-CCU-02,VEH-1396,Arrival,2026-08-25 19:59:00,2026-08-25 20:25:00,26,RSN-09,Delayed,Vehicle docked at Howrah Freight Consolidation Center receiving gate.
EVT-0000271,SHP-00049,LOC-CCU-02,VEH-1396,Unloading,2026-08-25 20:29:00,2026-08-25 20:51:00,22,,Completed,Cargo de-palletized and verified against airway bill.
EVT-0000272,SHP-00050,LOC-GUR-01,VEH-1127,Warehouse Entry,2026-08-12 16:30:00,2026-08-12 16:40:00,10,,Completed,Consignment arrived at Gurugram Express Logistics Park inbound gate.
EVT-0000273,SHP-00050,LOC-GUR-01,VEH-1127,Loading,2026-08-12 17:37:00,2026-08-12 18:04:00,27,RSN-05,Completed,Pallets secured and loaded onto vehicle VEH-1127.
EVT-0000274,SHP-00050,LOC-GUR-01,VEH-1127,Departure,2026-08-12 18:30:00,2026-08-12 19:11:00,41,RSN-07,Delayed,Vehicle departed origin bay with manifest seal.
EVT-0000275,SHP-00050,LOC-GUR-01,VEH-1127,Inspection,2026-08-12 19:59:00,2026-08-12 20:41:00,42,RSN-18,Completed,Highway checkpoint FASTag and e-way bill scanning completed.
EVT-0000276,SHP-00050,LOC-NOI-01,VEH-1127,Arrival,2026-08-12 21:28:00,2026-08-12 22:11:00,43,RSN-09,Delayed,Vehicle docked at Noida Sector-62 Distribution Hub receiving gate.
EVT-0000277,SHP-00050,LOC-NOI-01,VEH-1127,Unloading,2026-08-12 21:58:00,2026-08-12 22:47:00,49,RSN-06,Completed,Cargo de-palletized and verified against airway bill.
EVT-0000278,SHP-00051,LOC-BOM-01,VEH-1616,Warehouse Entry,2026-08-10 04:50:00,2026-08-10 04:50:00,0,,Completed,Consignment arrived at Mumbai Bhiwandi Mega Fulfillment Center inbound gate.
EVT-0000279,SHP-00051,LOC-BOM-01,VEH-1616,Loading,2026-08-10 05:49:00,2026-08-10 05:49:00,0,,Completed,Pallets secured and loaded onto vehicle VEH-1616.
EVT-0000280,SHP-00051,LOC-BOM-01,VEH-1616,Departure,2026-08-10 06:30:00,2026-08-10 06:30:00,0,,Completed,Vehicle departed origin bay with manifest seal.
EVT-0000281,SHP-00051,LOC-BOM-01,VEH-1616,Inspection,2026-08-11 02:26:30,2026-08-11 02:26:30,0,,Completed,Highway checkpoint FASTag and e-way bill scanning completed.
EVT-0000282,SHP-00051,LOC-LKO-01,VEH-1616,Arrival,2026-08-11 22:23:00,2026-08-11 22:23:00,0,,Completed,Vehicle docked at Lucknow Transport Nagar Hub receiving gate.
EVT-0000283,SHP-00051,LOC-LKO-01,VEH-1616,Unloading,2026-08-11 22:53:00,2026-08-11 23:06:00,13,,Completed,Cargo de-palletized and verified against airway bill.
EVT-0000284,SHP-00052,LOC-HYD-01,VEH-1056,Warehouse Entry,2026-08-16 16:04:00,2026-08-16 16:16:00,12,,Completed,Consignment arrived at Hyderabad Shamshabad Cargo Logistics Hub inbound gate.
EVT-0000285,SHP-00052,LOC-HYD-01,VEH-1056,Loading,2026-08-16 17:16:00,2026-08-16 17:49:00,33,RSN-05,Completed,Pallets secured and loaded onto vehicle VEH-1056.
EVT-0000286,SHP-00052,LOC-HYD-01,VEH-1056,Departure,2026-08-16 18:00:00,2026-08-16 18:59:00,59,RSN-12,Delayed,Vehicle departed origin bay with manifest seal.
EVT-0000287,SHP-00052,LOC-HYD-01,VEH-1056,Inspection,2026-08-17 02:59:30,2026-08-17 04:01:30,62,RSN-18,Completed,Highway checkpoint FASTag and e-way bill scanning completed.
EVT-0000288,SHP-00052,LOC-BOM-01,VEH-1056,Arrival,2026-08-17 11:59:00,2026-08-17 13:04:00,65,RSN-12,Delayed,Vehicle docked at Mumbai Bhiwandi Mega Fulfillment Center receiving gate.
EVT-0000289,SHP-00052,LOC-BOM-01,VEH-1056,Unloading,2026-08-17 12:29:00,2026-08-17 13:43:00,74,RSN-06,Completed,Cargo de-palletized and verified against airway bill.
EVT-0000290,SHP-00053,LOC-DEL-01,VEH-1136,Warehouse Entry,2026-08-14 14:20:00,2026-08-14 14:20:00,0,,Completed,Consignment arrived at Delhi Central Fulfillment Center inbound gate.
EVT-0000291,SHP-00053,LOC-DEL-01,VEH-1136,Loading,2026-08-14 15:32:00,2026-08-14 15:32:00,0,,Completed,Pallets secured and loaded onto vehicle VEH-1136.
EVT-0000292,SHP-00053,LOC-DEL-01,VEH-1136,Departure,2026-08-14 16:15:00,2026-08-14 16:15:00,0,,Completed,Vehicle departed origin bay with manifest seal.
EVT-0000293,SHP-00053,LOC-PNQ-01,VEH-1136,Arrival,2026-08-16 03:47:00,2026-08-16 03:47:00,0,,Completed,Vehicle docked at Pune Chakan Automotive Logistics Hub receiving gate.
EVT-0000294,SHP-00053,LOC-PNQ-01,VEH-1136,Unloading,2026-08-16 04:17:00,2026-08-16 04:12:00,0,,Completed,Cargo de-palletized and verified against airway bill.
EVT-0000295,SHP-00054,LOC-BOM-01,VEH-1221,Warehouse Entry,2026-08-31 16:50:00,2026-08-31 16:50:00,0,,Completed,Consignment arrived at Mumbai Bhiwandi Mega Fulfillment Center inbound gate.
EVT-0000296,SHP-00054,LOC-BOM-01,VEH-1221,Loading,2026-08-31 17:39:00,2026-08-31 17:39:00,0,,Completed,Pallets secured and loaded onto vehicle VEH-1221.
EVT-0000297,SHP-00054,LOC-BOM-01,VEH-1221,Departure,2026-08-31 18:30:00,2026-08-31 18:30:00,0,,Completed,Vehicle departed origin bay with manifest seal.
EVT-0000298,SHP-00054,LOC-BOM-01,VEH-1221,Inspection,2026-09-01 08:29:30,2026-09-01 08:29:30,0,,Completed,Highway checkpoint FASTag and e-way bill scanning completed.
EVT-0000299,SHP-00054,LOC-DEL-01,VEH-1221,Arrival,2026-09-01 22:29:00,2026-09-01 22:29:00,0,,Completed,Vehicle docked at Delhi Central Fulfillment Center receiving gate.
EVT-0000300,SHP-00054,LOC-DEL-01,VEH-1221,Unloading,2026-09-01 22:59:00,2026-09-01 23:03:00,4,,Completed,Cargo de-palletized and verified against airway bill.
EVT-0000301,SHP-00055,LOC-AMD-02,VEH-1064,Warehouse Entry,2026-08-20 08:49:00,2026-08-20 08:49:00,0,,Completed,Consignment arrived at Ahmedabad Sanand Distribution Center inbound gate.
EVT-0000302,SHP-00055,LOC-AMD-02,VEH-1064,Loading,2026-08-20 09:42:00,2026-08-20 09:42:00,0,,Completed,Pallets secured and loaded onto vehicle VEH-1064.
EVT-0000303,SHP-00055,LOC-AMD-02,VEH-1064,Departure,2026-08-20 10:30:00,2026-08-20 10:30:00,0,,Completed,Vehicle departed origin bay with manifest seal.
EVT-0000304,SHP-00055,LOC-BLR-03,VEH-1064,Arrival,2026-08-22 01:56:00,2026-08-22 01:56:00,0,,Completed,Vehicle docked at Bengaluru Electronic City Regional Warehouse receiving gate.
EVT-0000305,SHP-00055,LOC-BLR-03,VEH-1064,Unloading,2026-08-22 02:26:00,2026-08-22 02:40:00,14,,Completed,Cargo de-palletized and verified against airway bill.
EVT-0000306,SHP-00056,LOC-AMD-01,VEH-1550,Warehouse Entry,2026-08-21 06:51:00,2026-08-21 06:51:00,0,,Completed,Consignment arrived at Ahmedabad Changodar Regional Warehouse inbound gate.
EVT-0000307,SHP-00056,LOC-AMD-01,VEH-1550,Loading,2026-08-21 07:40:00,2026-08-21 07:46:00,6,,Completed,Pallets secured and loaded onto vehicle VEH-1550.
EVT-0000308,SHP-00056,LOC-AMD-01,VEH-1550,Departure,2026-08-21 08:30:00,2026-08-21 09:53:00,83,RSN-12,Delayed,Vehicle departed origin bay with manifest seal.
EVT-0000309,SHP-00056,LOC-AMD-01,VEH-1550,Inspection,2026-08-21 22:26:00,2026-08-21 23:46:30,80,RSN-18,Completed,Highway checkpoint FASTag and e-way bill scanning completed.
EVT-0000310,SHP-00056,LOC-HYD-01,VEH-1550,Arrival,2026-08-22 12:22:00,2026-08-22 13:40:00,78,RSN-12,Delayed,Vehicle docked at Hyderabad Shamshabad Cargo Logistics Hub receiving gate.
EVT-0000311,SHP-00056,LOC-HYD-01,VEH-1550,Unloading,2026-08-22 12:52:00,2026-08-22 14:16:00,84,RSN-06,Completed,Cargo de-palletized and verified against airway bill.
EVT-0000312,SHP-00057,LOC-BOM-01,VEH-1624,Warehouse Entry,2026-08-24 08:11:00,2026-08-24 08:11:00,0,,Completed,Consignment arrived at Mumbai Bhiwandi Mega Fulfillment Center inbound gate.
EVT-0000313,SHP-00057,LOC-BOM-01,VEH-1624,Loading,2026-08-24 09:02:00,2026-08-24 09:02:00,0,,Completed,Pallets secured and loaded onto vehicle VEH-1624.
EVT-0000314,SHP-00057,LOC-BOM-01,VEH-1624,Departure,2026-08-24 10:00:00,2026-08-24 10:00:00,0,,Completed,Vehicle departed origin bay with manifest seal.
EVT-0000315,SHP-00057,LOC-AMD-02,VEH-1624,Arrival,2026-08-24 20:53:00,2026-08-24 20:53:00,0,,Completed,Vehicle docked at Ahmedabad Sanand Distribution Center receiving gate.
EVT-0000316,SHP-00057,LOC-AMD-02,VEH-1624,Unloading,2026-08-24 21:23:00,2026-08-24 21:24:00,1,,Completed,Cargo de-palletized and verified against airway bill.
EVT-0000317,SHP-00058,LOC-JAI-02,VEH-1536,Warehouse Entry,2026-08-06 14:17:00,2026-08-06 14:17:00,0,,Completed,Consignment arrived at Jaipur VKI Cross-Dock Hub inbound gate.
EVT-0000318,SHP-00058,LOC-JAI-02,VEH-1536,Loading,2026-08-06 15:19:00,2026-08-06 15:19:00,0,,Completed,Pallets secured and loaded onto vehicle VEH-1536.
EVT-0000319,SHP-00058,LOC-JAI-02,VEH-1536,Departure,2026-08-06 16:15:00,2026-08-06 16:15:00,0,,Completed,Vehicle departed origin bay with manifest seal.
EVT-0000320,SHP-00058,LOC-JAI-02,VEH-1536,Inspection,2026-08-07 00:30:30,2026-08-07 00:30:30,0,,Completed,Highway checkpoint FASTag and e-way bill scanning completed.
EVT-0000321,SHP-00058,LOC-BDQ-01,VEH-1536,Arrival,2026-08-07 08:46:00,2026-08-07 08:46:00,0,,Completed,Vehicle docked at Vadodara Makarpura Transport Center receiving gate.
EVT-0000322,SHP-00058,LOC-BDQ-01,VEH-1536,Unloading,2026-08-07 09:16:00,2026-08-07 09:24:00,8,,Completed,Cargo de-palletized and verified against airway bill.
EVT-0000323,SHP-00059,LOC-DEL-01,VEH-1440,Warehouse Entry,2026-08-09 07:08:00,2026-08-09 07:21:00,13,,Completed,Consignment arrived at Delhi Central Fulfillment Center inbound gate.
EVT-0000324,SHP-00059,LOC-DEL-01,VEH-1440,Loading,2026-08-09 07:45:00,2026-08-09 08:03:00,18,RSN-05,Completed,Pallets secured and loaded onto vehicle VEH-1440.
EVT-0000325,SHP-00059,LOC-DEL-01,VEH-1440,Departure,2026-08-09 08:45:00,2026-08-09 09:30:00,45,RSN-04,Delayed,Vehicle departed origin bay with manifest seal.
EVT-0000326,SHP-00059,LOC-DEL-01,VEH-1440,Inspection,2026-08-09 23:13:30,2026-08-10 00:02:30,49,RSN-18,Completed,Highway checkpoint FASTag and e-way bill scanning completed.
EVT-0000327,SHP-00059,LOC-BOM-02,VEH-1440,Arrival,2026-08-10 13:42:00,2026-08-10 14:35:00,53,RSN-04,Delayed,Vehicle docked at Navi Mumbai JNPT Cross-Docking Terminal receiving gate.
EVT-0000328,SHP-00059,LOC-BOM-02,VEH-1440,Unloading,2026-08-10 14:12:00,2026-08-10 15:16:00,64,RSN-06,Completed,Cargo de-palletized and verified against airway bill.
EVT-0000329,SHP-00060,LOC-BLR-01,VEH-1262,Warehouse Entry,2026-08-22 06:18:00,2026-08-22 06:26:00,8,,Completed,Consignment arrived at Bengaluru Nelamangala Mega Fulfillment Center inbound gate.
EVT-0000330,SHP-00060,LOC-BLR-01,VEH-1262,Loading,2026-08-22 07:34:00,2026-08-22 08:39:00,65,RSN-05,Completed,Pallets secured and loaded onto vehicle VEH-1262.
EVT-0000331,SHP-00060,LOC-BLR-01,VEH-1262,Departure,2026-08-22 08:15:00,2026-08-22 09:35:00,80,RSN-12,Delayed,Vehicle departed origin bay with manifest seal.
EVT-0000332,SHP-00060,LOC-PNQ-01,VEH-1262,Arrival,2026-08-23 08:27:00,2026-08-23 09:54:00,87,RSN-12,Delayed,Vehicle docked at Pune Chakan Automotive Logistics Hub receiving gate.
EVT-0000333,SHP-00060,LOC-PNQ-01,VEH-1262,Unloading,2026-08-23 08:57:00,2026-08-23 10:35:00,98,RSN-06,Completed,Cargo de-palletized and verified against airway bill.
EVT-0000334,SHP-00061,LOC-DEL-01,VEH-1393,Warehouse Entry,2026-08-30 04:58:00,2026-08-30 04:58:00,0,,Completed,Consignment arrived at Delhi Central Fulfillment Center inbound gate.
EVT-0000335,SHP-00061,LOC-DEL-01,VEH-1393,Loading,2026-08-30 05:47:00,2026-08-30 05:47:00,0,,Completed,Pallets secured and loaded onto vehicle VEH-1393.
EVT-0000336,SHP-00061,LOC-DEL-01,VEH-1393,Departure,2026-08-30 06:45:00,2026-08-30 06:45:00,0,,Completed,Vehicle departed origin bay with manifest seal.
EVT-0000337,SHP-00061,LOC-DEL-01,VEH-1393,Inspection,2026-08-30 12:49:30,2026-08-30 12:49:30,0,,Completed,Highway checkpoint FASTag and e-way bill scanning completed.
EVT-0000338,SHP-00061,LOC-LKO-01,VEH-1393,Arrival,2026-08-30 18:54:00,2026-08-30 18:54:00,0,,Completed,Vehicle docked at Lucknow Transport Nagar Hub receiving gate.
EVT-0000339,SHP-00061,LOC-LKO-01,VEH-1393,Unloading,2026-08-30 19:24:00,2026-08-30 19:39:00,15,,Completed,Cargo de-palletized and verified against airway bill.
EVT-0000340,SHP-00062,LOC-MAA-01,VEH-1080,Warehouse Entry,2026-08-17 04:23:00,2026-08-17 04:25:00,2,,Completed,Consignment arrived at Chennai Sriperumbudur Distribution Center inbound gate.
EVT-0000341,SHP-00062,LOC-MAA-01,VEH-1080,Loading,2026-08-17 05:34:00,2026-08-17 06:06:00,32,RSN-05,Completed,Pallets secured and loaded onto vehicle VEH-1080.
EVT-0000342,SHP-00062,LOC-MAA-01,VEH-1080,Departure,2026-08-17 06:15:00,2026-08-17 06:59:00,44,RSN-05,Delayed,Vehicle departed origin bay with manifest seal.
EVT-0000343,SHP-00062,LOC-MAA-01,VEH-1080,Inspection,2026-08-18 02:52:00,2026-08-18 03:39:00,47,RSN-18,Completed,Highway checkpoint FASTag and e-way bill scanning completed.
EVT-0000344,SHP-00062,LOC-LKO-02,VEH-1080,Arrival,2026-08-18 23:29:00,2026-08-19 00:19:00,50,RSN-09,Delayed,Vehicle docked at Lucknow Sarojini Nagar Fulfillment Center receiving gate.
EVT-0000345,SHP-00062,LOC-LKO-02,VEH-1080,Unloading,2026-08-18 23:59:00,2026-08-19 00:47:00,48,RSN-06,Completed,Cargo de-palletized and verified against airway bill.
EVT-0000346,SHP-00063,LOC-GUR-01,VEH-1290,Warehouse Entry,2026-08-11 07:13:00,2026-08-11 07:18:00,5,,Completed,Consignment arrived at Gurugram Express Logistics Park inbound gate.
EVT-0000347,SHP-00063,LOC-GUR-01,VEH-1290,Loading,2026-08-11 07:56:00,2026-08-11 08:15:00,19,RSN-05,Completed,Pallets secured and loaded onto vehicle VEH-1290.
EVT-0000348,SHP-00063,LOC-GUR-01,VEH-1290,Departure,2026-08-11 08:45:00,2026-08-11 09:05:00,20,RSN-12,Delayed,Vehicle departed origin bay with manifest seal.
EVT-0000349,SHP-00063,LOC-STV-01,VEH-1290,Arrival,2026-08-12 13:00:00,2026-08-12 13:28:00,28,RSN-12,Delayed,Vehicle docked at Surat Sachin Industrial Logistics Hub receiving gate.
EVT-0000350,SHP-00063,LOC-STV-01,VEH-1290,Unloading,2026-08-12 13:30:00,2026-08-12 14:03:00,33,RSN-06,Completed,Cargo de-palletized and verified against airway bill.
EVT-0000351,SHP-00064,LOC-CCU-01,VEH-1249,Warehouse Entry,2026-08-16 10:29:00,2026-08-16 10:29:00,0,,Completed,Consignment arrived at Kolkata Dankuni Mega Logistics Hub inbound gate.
EVT-0000352,SHP-00064,LOC-CCU-01,VEH-1249,Loading,2026-08-16 11:27:00,2026-08-16 11:27:00,0,,Completed,Pallets secured and loaded onto vehicle VEH-1249.
EVT-0000353,SHP-00064,LOC-CCU-01,VEH-1249,Departure,2026-08-16 12:15:00,2026-08-16 12:15:00,0,,Completed,Vehicle departed origin bay with manifest seal.
EVT-0000354,SHP-00064,LOC-CCU-01,VEH-1249,Inspection,2026-08-17 07:48:30,2026-08-17 07:48:30,0,,Completed,Highway checkpoint FASTag and e-way bill scanning completed.
EVT-0000355,SHP-00064,LOC-MAA-01,VEH-1249,Arrival,2026-08-18 03:22:00,2026-08-18 03:22:00,0,,Completed,Vehicle docked at Chennai Sriperumbudur Distribution Center receiving gate.
EVT-0000356,SHP-00064,LOC-MAA-01,VEH-1249,Unloading,2026-08-18 03:52:00,2026-08-18 03:52:00,0,,Completed,Cargo de-palletized and verified against airway bill.
EVT-0000357,SHP-00065,LOC-JAI-01,VEH-1010,Warehouse Entry,2026-08-25 16:44:00,2026-08-25 16:44:00,0,,Completed,Consignment arrived at Jaipur Sitapura Regional Warehouse inbound gate.
EVT-0000358,SHP-00065,LOC-JAI-01,VEH-1010,Loading,2026-08-25 17:34:00,2026-08-25 17:34:00,0,,Completed,Pallets secured and loaded onto vehicle VEH-1010.
EVT-0000359,SHP-00065,LOC-JAI-01,VEH-1010,Departure,2026-08-25 18:30:00,2026-08-25 18:30:00,0,,Completed,Vehicle departed origin bay with manifest seal.
EVT-0000360,SHP-00065,LOC-PNQ-01,VEH-1010,Arrival,2026-08-26 23:40:00,2026-08-26 23:40:00,0,,Completed,Vehicle docked at Pune Chakan Automotive Logistics Hub receiving gate.
EVT-0000361,SHP-00065,LOC-PNQ-01,VEH-1010,Unloading,2026-08-27 00:10:00,2026-08-27 00:19:00,9,,Completed,Cargo de-palletized and verified against airway bill.
EVT-0000362,SHP-00066,LOC-AMD-02,VEH-1146,Warehouse Entry,2026-08-02 11:09:00,2026-08-02 11:09:00,0,,Completed,Consignment arrived at Ahmedabad Sanand Distribution Center inbound gate.
EVT-0000363,SHP-00066,LOC-AMD-02,VEH-1146,Loading,2026-08-02 12:02:00,2026-08-02 12:02:00,0,,Completed,Pallets secured and loaded onto vehicle VEH-1146.
EVT-0000364,SHP-00066,LOC-AMD-02,VEH-1146,Departure,2026-08-02 12:45:00,2026-08-02 12:45:00,0,,Completed,Vehicle departed origin bay with manifest seal.
EVT-0000365,SHP-00066,LOC-AMD-02,VEH-1146,Inspection,2026-08-02 15:04:00,2026-08-02 15:04:00,0,,Completed,Highway checkpoint FASTag and e-way bill scanning completed.
EVT-0000366,SHP-00066,LOC-BDQ-01,VEH-1146,Arrival,2026-08-02 17:23:00,2026-08-02 17:23:00,0,,Completed,Vehicle docked at Vadodara Makarpura Transport Center receiving gate.
EVT-0000367,SHP-00066,LOC-BDQ-01,VEH-1146,Unloading,2026-08-02 17:53:00,2026-08-02 18:05:00,12,,Completed,Cargo de-palletized and verified against airway bill.
EVT-0000368,SHP-00067,LOC-GUR-01,VEH-1518,Warehouse Entry,2026-08-03 04:58:00,2026-08-03 04:58:00,0,,Completed,Consignment arrived at Gurugram Express Logistics Park inbound gate.
EVT-0000369,SHP-00067,LOC-GUR-01,VEH-1518,Loading,2026-08-03 05:56:00,2026-08-03 06:01:00,5,,Completed,Pallets secured and loaded onto vehicle VEH-1518.
EVT-0000370,SHP-00067,LOC-GUR-01,VEH-1518,Departure,2026-08-03 06:45:00,2026-08-03 06:51:00,6,,Completed,Vehicle departed origin bay with manifest seal.
EVT-0000371,SHP-00067,LOC-GUR-01,VEH-1518,Inspection,2026-08-04 00:03:30,2026-08-04 00:34:30,31,RSN-18,Completed,Highway checkpoint FASTag and e-way bill scanning completed.
EVT-0000372,SHP-00067,LOC-CCU-01,VEH-1518,Arrival,2026-08-04 17:22:00,2026-08-04 18:18:00,56,RSN-09,Delayed,Vehicle docked at Kolkata Dankuni Mega Logistics Hub receiving gate.
EVT-0000373,SHP-00067,LOC-CCU-01,VEH-1518,Unloading,2026-08-04 17:52:00,2026-08-04 18:43:00,51,RSN-06,Completed,Cargo de-palletized and verified against airway bill.
EVT-0000374,SHP-00068,LOC-MAA-01,VEH-1388,Warehouse Entry,2026-08-08 06:22:00,2026-08-08 06:27:00,5,,Completed,Consignment arrived at Chennai Sriperumbudur Distribution Center inbound gate.
EVT-0000375,SHP-00068,LOC-MAA-01,VEH-1388,Loading,2026-08-08 07:17:00,2026-08-08 07:20:00,3,,Completed,Pallets secured and loaded onto vehicle VEH-1388.
EVT-0000376,SHP-00068,LOC-MAA-01,VEH-1388,Departure,2026-08-08 08:15:00,2026-08-08 08:20:00,5,,Completed,Vehicle departed origin bay with manifest seal.
EVT-0000377,SHP-00068,LOC-MAA-01,VEH-1388,Inspection,2026-08-08 15:38:00,2026-08-08 16:06:00,28,RSN-02,Completed,Highway checkpoint FASTag and e-way bill scanning completed.
EVT-0000378,SHP-00068,LOC-HYD-01,VEH-1388,Arrival,2026-08-08 23:01:00,2026-08-08 23:52:00,51,RSN-04,Delayed,Vehicle docked at Hyderabad Shamshabad Cargo Logistics Hub receiving gate.
EVT-0000379,SHP-00068,LOC-HYD-01,VEH-1388,Unloading,2026-08-08 23:31:00,2026-08-09 00:29:00,58,RSN-06,Completed,Cargo de-palletized and verified against airway bill.
EVT-0000380,SHP-00069,LOC-BLR-01,VEH-1384,Warehouse Entry,2026-08-12 10:48:00,2026-08-12 10:48:00,0,,Completed,Consignment arrived at Bengaluru Nelamangala Mega Fulfillment Center inbound gate.
EVT-0000381,SHP-00069,LOC-BLR-01,VEH-1384,Loading,2026-08-12 12:04:00,2026-08-12 12:04:00,0,,Completed,Pallets secured and loaded onto vehicle VEH-1384.
EVT-0000382,SHP-00069,LOC-BLR-01,VEH-1384,Departure,2026-08-12 12:45:00,2026-08-12 12:45:00,0,,Completed,Vehicle departed origin bay with manifest seal.
EVT-0000383,SHP-00069,LOC-BLR-01,VEH-1384,Inspection,2026-08-13 04:06:00,2026-08-13 04:06:00,0,,Completed,Highway checkpoint FASTag and e-way bill scanning completed.
EVT-0000384,SHP-00069,LOC-STV-01,VEH-1384,Arrival,2026-08-13 19:27:00,2026-08-13 19:27:00,0,,Completed,Vehicle docked at Surat Sachin Industrial Logistics Hub receiving gate.
EVT-0000385,SHP-00069,LOC-STV-01,VEH-1384,Unloading,2026-08-13 19:57:00,2026-08-13 20:02:00,5,,Completed,Cargo de-palletized and verified against airway bill.
EVT-0000386,SHP-00070,LOC-GUR-01,VEH-1312,Warehouse Entry,2026-08-20 04:39:00,2026-08-20 04:39:00,0,,Completed,Consignment arrived at Gurugram Express Logistics Park inbound gate.
EVT-0000387,SHP-00070,LOC-GUR-01,VEH-1312,Loading,2026-08-20 05:34:00,2026-08-20 05:34:00,0,,Completed,Pallets secured and loaded onto vehicle VEH-1312.
EVT-0000388,SHP-00070,LOC-GUR-01,VEH-1312,Departure,2026-08-20 06:15:00,2026-08-20 06:15:00,0,,Completed,Vehicle departed origin bay with manifest seal.
EVT-0000389,SHP-00070,LOC-JAI-02,VEH-1312,Arrival,2026-08-20 13:41:00,2026-08-20 13:41:00,0,,Completed,Vehicle docked at Jaipur VKI Cross-Dock Hub receiving gate.
EVT-0000390,SHP-00070,LOC-JAI-02,VEH-1312,Unloading,2026-08-20 14:11:00,2026-08-20 14:25:00,14,,Completed,Cargo de-palletized and verified against airway bill.
EVT-0000391,SHP-00071,LOC-AMD-01,VEH-1589,Warehouse Entry,2026-08-09 08:09:00,2026-08-09 08:09:00,0,,Completed,Consignment arrived at Ahmedabad Changodar Regional Warehouse inbound gate.
EVT-0000392,SHP-00071,LOC-AMD-01,VEH-1589,Loading,2026-08-09 09:16:00,2026-08-09 09:16:00,0,,Completed,Pallets secured and loaded onto vehicle VEH-1589.
EVT-0000393,SHP-00071,LOC-AMD-01,VEH-1589,Departure,2026-08-09 10:00:00,2026-08-09 10:00:00,0,,Completed,Vehicle departed origin bay with manifest seal.
EVT-0000394,SHP-00071,LOC-AMD-01,VEH-1589,Inspection,2026-08-09 17:40:00,2026-08-09 17:40:00,0,,Completed,Highway checkpoint FASTag and e-way bill scanning completed.
EVT-0000395,SHP-00071,LOC-PNQ-01,VEH-1589,Arrival,2026-08-10 01:20:00,2026-08-10 01:20:00,0,,Completed,Vehicle docked at Pune Chakan Automotive Logistics Hub receiving gate.
EVT-0000396,SHP-00071,LOC-PNQ-01,VEH-1589,Unloading,2026-08-10 01:50:00,2026-08-10 01:57:00,7,,Completed,Cargo de-palletized and verified against airway bill.
EVT-0000397,SHP-00072,LOC-JAI-01,VEH-1474,Warehouse Entry,2026-08-04 04:18:00,2026-08-04 04:18:00,0,,Completed,Consignment arrived at Jaipur Sitapura Regional Warehouse inbound gate.
EVT-0000398,SHP-00072,LOC-JAI-01,VEH-1474,Loading,2026-08-04 05:13:00,2026-08-04 05:13:00,0,,Completed,Pallets secured and loaded onto vehicle VEH-1474.
EVT-0000399,SHP-00072,LOC-JAI-01,VEH-1474,Departure,2026-08-04 06:00:00,2026-08-04 06:00:00,0,,Completed,Vehicle departed origin bay with manifest seal.
EVT-0000400,SHP-00072,LOC-LKO-01,VEH-1474,Arrival,2026-08-04 20:53:00,2026-08-04 20:53:00,0,,Completed,Vehicle docked at Lucknow Transport Nagar Hub receiving gate.
EVT-0000401,SHP-00072,LOC-LKO-01,VEH-1474,Unloading,2026-08-04 21:23:00,2026-08-04 21:25:00,2,,Completed,Cargo de-palletized and verified against airway bill.
EVT-0000402,SHP-00073,LOC-HYD-01,VEH-1646,Warehouse Entry,2026-08-19 12:19:00,2026-08-19 12:30:00,11,,Completed,Consignment arrived at Hyderabad Shamshabad Cargo Logistics Hub inbound gate.
EVT-0000403,SHP-00073,LOC-HYD-01,VEH-1646,Loading,2026-08-19 13:12:00,2026-08-19 13:40:00,28,RSN-05,Completed,Pallets secured and loaded onto vehicle VEH-1646.
EVT-0000404,SHP-00073,LOC-HYD-01,VEH-1646,Departure,2026-08-19 14:00:00,2026-08-19 14:34:00,34,RSN-07,Delayed,Vehicle departed origin bay with manifest seal.
EVT-0000405,SHP-00073,LOC-HYD-01,VEH-1646,Inspection,2026-08-19 21:28:00,2026-08-19 22:05:30,37,RSN-18,Completed,Highway checkpoint FASTag and e-way bill scanning completed.
EVT-0000406,SHP-00073,LOC-PNQ-01,VEH-1646,Arrival,2026-08-20 04:56:00,2026-08-20 05:37:00,41,RSN-09,Delayed,Vehicle docked at Pune Chakan Automotive Logistics Hub receiving gate.
EVT-0000407,SHP-00073,LOC-PNQ-01,VEH-1646,Unloading,2026-08-20 05:26:00,2026-08-20 06:17:00,51,RSN-06,Completed,Cargo de-palletized and verified against airway bill.
EVT-0000408,SHP-00074,LOC-STV-01,VEH-1095,Warehouse Entry,2026-08-04 05:13:00,2026-08-04 05:13:00,0,,Completed,Consignment arrived at Surat Sachin Industrial Logistics Hub inbound gate.
EVT-0000409,SHP-00074,LOC-STV-01,VEH-1095,Loading,2026-08-04 05:55:00,2026-08-04 05:55:00,0,,Completed,Pallets secured and loaded onto vehicle VEH-1095.
EVT-0000410,SHP-00074,LOC-STV-01,VEH-1095,Departure,2026-08-04 06:45:00,2026-08-04 06:45:00,0,,Completed,Vehicle departed origin bay with manifest seal.
EVT-0000411,SHP-00074,LOC-STV-01,VEH-1095,Inspection,2026-08-04 18:04:30,2026-08-04 18:04:30,0,,Completed,Highway checkpoint FASTag and e-way bill scanning completed.
EVT-0000412,SHP-00074,LOC-HYD-01,VEH-1095,Arrival,2026-08-05 05:24:00,2026-08-05 05:24:00,0,,Completed,Vehicle docked at Hyderabad Shamshabad Cargo Logistics Hub receiving gate.
EVT-0000413,SHP-00074,LOC-HYD-01,VEH-1095,Unloading,2026-08-05 05:54:00,2026-08-05 06:07:00,13,,Completed,Cargo de-palletized and verified against airway bill.
EVT-0000414,SHP-00075,LOC-AMD-01,VEH-1392,Warehouse Entry,2026-08-12 10:28:00,2026-08-12 10:28:00,0,,Completed,Consignment arrived at Ahmedabad Changodar Regional Warehouse inbound gate.
EVT-0000415,SHP-00075,LOC-AMD-01,VEH-1392,Loading,2026-08-12 11:32:00,2026-08-12 11:32:00,0,,Completed,Pallets secured and loaded onto vehicle VEH-1392.
EVT-0000416,SHP-00075,LOC-AMD-01,VEH-1392,Departure,2026-08-12 12:15:00,2026-08-12 12:15:00,0,,Completed,Vehicle departed origin bay with manifest seal.
EVT-0000417,SHP-00075,LOC-AMD-01,VEH-1392,Inspection,2026-08-12 14:16:30,2026-08-12 14:16:30,0,,Completed,Highway checkpoint FASTag and e-way bill scanning completed.
EVT-0000418,SHP-00075,LOC-BDQ-01,VEH-1392,Arrival,2026-08-12 16:18:00,2026-08-12 16:18:00,0,,Completed,Vehicle docked at Vadodara Makarpura Transport Center receiving gate.
EVT-0000419,SHP-00075,LOC-BDQ-01,VEH-1392,Unloading,2026-08-12 16:48:00,2026-08-12 16:52:00,4,,Completed,Cargo de-palletized and verified against airway bill.
EVT-0000420,SHP-00076,LOC-DEL-02,VEH-1632,Warehouse Entry,2026-08-16 16:54:00,2026-08-16 16:54:00,0,,Completed,Consignment arrived at Okhla Transshipment Hub inbound gate.
EVT-0000421,SHP-00076,LOC-DEL-02,VEH-1632,Loading,2026-08-16 18:01:00,2026-08-16 18:01:00,0,,Completed,Pallets secured and loaded onto vehicle VEH-1632.
EVT-0000422,SHP-00076,LOC-DEL-02,VEH-1632,Departure,2026-08-16 18:45:00,2026-08-16 18:45:00,0,,Completed,Vehicle departed origin bay with manifest seal.
EVT-0000423,SHP-00076,LOC-DEL-02,VEH-1632,Inspection,2026-08-17 12:38:30,2026-08-17 12:38:30,0,,Completed,Highway checkpoint FASTag and e-way bill scanning completed.
EVT-0000424,SHP-00076,LOC-CCU-02,VEH-1632,Arrival,2026-08-18 06:32:00,2026-08-18 06:32:00,0,,Completed,Vehicle docked at Howrah Freight Consolidation Center receiving gate.
EVT-0000425,SHP-00076,LOC-CCU-02,VEH-1632,Unloading,2026-08-18 07:02:00,2026-08-18 07:15:00,13,,Completed,Cargo de-palletized and verified against airway bill.
EVT-0000426,SHP-00077,LOC-HYD-01,VEH-1539,Warehouse Entry,2026-08-26 05:11:00,2026-08-26 05:11:00,0,,Completed,Consignment arrived at Hyderabad Shamshabad Cargo Logistics Hub inbound gate.
EVT-0000427,SHP-00077,LOC-HYD-01,VEH-1539,Loading,2026-08-26 05:49:00,2026-08-26 05:49:00,0,,Completed,Pallets secured and loaded onto vehicle VEH-1539.
EVT-0000428,SHP-00077,LOC-HYD-01,VEH-1539,Departure,2026-08-26 06:45:00,2026-08-26 06:45:00,0,,Completed,Vehicle departed origin bay with manifest seal.
EVT-0000429,SHP-00077,LOC-IXC-01,VEH-1539,Arrival,2026-08-28 02:14:00,2026-08-28 02:14:00,0,,Completed,Vehicle docked at Chandigarh Industrial Distribution Center receiving gate.
EVT-0000430,SHP-00077,LOC-IXC-01,VEH-1539,Unloading,2026-08-28 02:44:00,2026-08-28 02:52:00,8,,Completed,Cargo de-palletized and verified against airway bill.
EVT-0000431,SHP-00078,LOC-PNQ-01,VEH-1330,Warehouse Entry,2026-08-01 14:27:00,2026-08-01 14:27:00,0,,Completed,Consignment arrived at Pune Chakan Automotive Logistics Hub inbound gate.
EVT-0000432,SHP-00078,LOC-PNQ-01,VEH-1330,Loading,2026-08-01 15:27:00,2026-08-01 15:27:00,0,,Completed,Pallets secured and loaded onto vehicle VEH-1330.
EVT-0000433,SHP-00078,LOC-PNQ-01,VEH-1330,Departure,2026-08-01 16:15:00,2026-08-01 16:15:00,0,,Completed,Vehicle departed origin bay with manifest seal.
EVT-0000434,SHP-00078,LOC-CCU-01,VEH-1330,Arrival,2026-08-03 14:45:00,2026-08-03 14:45:00,0,,Completed,Vehicle docked at Kolkata Dankuni Mega Logistics Hub receiving gate.
EVT-0000435,SHP-00078,LOC-CCU-01,VEH-1330,Unloading,2026-08-03 15:15:00,2026-08-03 15:18:00,3,,Completed,Cargo de-palletized and verified against airway bill.
EVT-0000436,SHP-00079,LOC-BDQ-01,VEH-1599,Warehouse Entry,2026-08-04 10:42:00,2026-08-04 10:57:00,15,,Completed,Consignment arrived at Vadodara Makarpura Transport Center inbound gate.
EVT-0000437,SHP-00079,LOC-BDQ-01,VEH-1599,Loading,2026-08-04 11:33:00,2026-08-04 11:41:00,8,,Completed,Pallets secured and loaded onto vehicle VEH-1599.
EVT-0000438,SHP-00079,LOC-BDQ-01,VEH-1599,Departure,2026-08-04 12:15:00,2026-08-04 12:35:00,20,RSN-12,Delayed,Vehicle departed origin bay with manifest seal.
EVT-0000439,SHP-00079,LOC-BDQ-01,VEH-1599,Inspection,2026-08-04 17:13:00,2026-08-04 17:31:00,18,RSN-02,Completed,Highway checkpoint FASTag and e-way bill scanning completed.
EVT-0000440,SHP-00079,LOC-IDR-01,VEH-1599,Arrival,2026-08-04 22:11:00,2026-08-04 22:27:00,16,RSN-12,Delayed,Vehicle docked at Indore Pithampur Logistics Park receiving gate.
EVT-0000441,SHP-00079,LOC-IDR-01,VEH-1599,Unloading,2026-08-04 22:41:00,2026-08-04 23:08:00,27,,Completed,Cargo de-palletized and verified against airway bill.
EVT-0000442,SHP-00080,LOC-LKO-01,VEH-1398,Warehouse Entry,2026-08-06 11:00:00,2026-08-06 11:00:00,0,,Completed,Consignment arrived at Lucknow Transport Nagar Hub inbound gate.
EVT-0000443,SHP-00080,LOC-LKO-01,VEH-1398,Loading,2026-08-06 11:49:00,2026-08-06 11:49:00,0,,Completed,Pallets secured and loaded onto vehicle VEH-1398.
EVT-0000444,SHP-00080,LOC-LKO-01,VEH-1398,Departure,2026-08-06 12:30:00,2026-08-06 12:30:00,0,,Completed,Vehicle departed origin bay with manifest seal.
EVT-0000445,SHP-00080,LOC-CCU-01,VEH-1398,Arrival,2026-08-07 11:00:00,2026-08-07 11:00:00,0,,Completed,Vehicle docked at Kolkata Dankuni Mega Logistics Hub receiving gate.
EVT-0000446,SHP-00080,LOC-CCU-01,VEH-1398,Unloading,2026-08-07 11:30:00,2026-08-07 11:36:00,6,,Completed,Cargo de-palletized and verified against airway bill.
EVT-0000447,SHP-00081,LOC-DEL-01,VEH-1361,Warehouse Entry,2026-08-05 10:48:00,2026-08-05 10:53:00,5,,Completed,Consignment arrived at Delhi Central Fulfillment Center inbound gate.
EVT-0000448,SHP-00081,LOC-DEL-01,VEH-1361,Loading,2026-08-05 11:50:00,2026-08-05 12:10:00,20,RSN-05,Completed,Pallets secured and loaded onto vehicle VEH-1361.
EVT-0000449,SHP-00081,LOC-DEL-01,VEH-1361,Departure,2026-08-05 12:45:00,2026-08-05 13:29:00,44,RSN-07,Delayed,Vehicle departed origin bay with manifest seal.
EVT-0000450,SHP-00081,LOC-BLR-03,VEH-1361,Arrival,2026-08-07 22:58:00,2026-08-07 23:45:00,47,RSN-09,Delayed,Vehicle docked at Bengaluru Electronic City Regional Warehouse receiving gate.
EVT-0000451,SHP-00081,LOC-BLR-03,VEH-1361,Unloading,2026-08-07 23:28:00,2026-08-08 00:17:00,49,RSN-06,Completed,Cargo de-palletized and verified against airway bill.
EVT-0000452,SHP-00082,LOC-BOM-01,VEH-1617,Warehouse Entry,2026-08-16 04:48:00,2026-08-16 04:48:00,0,,Completed,Consignment arrived at Mumbai Bhiwandi Mega Fulfillment Center inbound gate.
EVT-0000453,SHP-00082,LOC-BOM-01,VEH-1617,Loading,2026-08-16 05:46:00,2026-08-16 05:46:00,0,,Completed,Pallets secured and loaded onto vehicle VEH-1617.
EVT-0000454,SHP-00082,LOC-BOM-01,VEH-1617,Departure,2026-08-16 06:30:00,2026-08-16 06:30:00,0,,Completed,Vehicle departed origin bay with manifest seal.
EVT-0000455,SHP-00082,LOC-DEL-02,VEH-1617,Arrival,2026-08-17 12:44:00,2026-08-17 12:44:00,0,,Completed,Vehicle docked at Okhla Transshipment Hub receiving gate.
EVT-0000456,SHP-00082,LOC-DEL-02,VEH-1617,Unloading,2026-08-17 13:14:00,2026-08-17 13:12:00,0,,Completed,Cargo de-palletized and verified against airway bill.
EVT-0000457,SHP-00083,LOC-BOM-02,VEH-1332,Warehouse Entry,2026-08-19 08:28:00,2026-08-19 08:34:00,6,,Completed,Consignment arrived at Navi Mumbai JNPT Cross-Docking Terminal inbound gate.
EVT-0000458,SHP-00083,LOC-BOM-02,VEH-1332,Loading,2026-08-19 09:10:00,2026-08-19 09:23:00,13,,Completed,Pallets secured and loaded onto vehicle VEH-1332.
EVT-0000459,SHP-00083,LOC-BOM-02,VEH-1332,Departure,2026-08-19 10:00:00,2026-08-19 10:16:00,16,RSN-12,Delayed,Vehicle departed origin bay with manifest seal.
EVT-0000460,SHP-00083,LOC-BOM-02,VEH-1332,Inspection,2026-08-19 23:08:30,2026-08-19 23:25:00,16,RSN-02,Completed,Highway checkpoint FASTag and e-way bill scanning completed.
EVT-0000461,SHP-00083,LOC-BLR-03,VEH-1332,Arrival,2026-08-20 12:17:00,2026-08-20 12:34:00,17,RSN-12,Delayed,Vehicle docked at Bengaluru Electronic City Regional Warehouse receiving gate.
EVT-0000462,SHP-00083,LOC-BLR-03,VEH-1332,Unloading,2026-08-20 12:47:00,2026-08-20 13:03:00,16,,Completed,Cargo de-palletized and verified against airway bill.
EVT-0000463,SHP-00084,LOC-PNQ-01,VEH-1406,Warehouse Entry,2026-08-10 14:24:00,2026-08-10 14:25:00,1,,Completed,Consignment arrived at Pune Chakan Automotive Logistics Hub inbound gate.
EVT-0000464,SHP-00084,LOC-PNQ-01,VEH-1406,Loading,2026-08-10 15:21:00,2026-08-10 15:22:00,1,,Completed,Pallets secured and loaded onto vehicle VEH-1406.
EVT-0000465,SHP-00084,LOC-PNQ-01,VEH-1406,Departure,2026-08-10 16:15:00,2026-08-10 16:17:00,2,,Completed,Vehicle departed origin bay with manifest seal.
EVT-0000466,SHP-00084,LOC-BLR-03,VEH-1406,Arrival,2026-08-11 19:06:00,2026-08-11 19:46:00,40,RSN-09,Delayed,Vehicle docked at Bengaluru Electronic City Regional Warehouse receiving gate.
EVT-0000467,SHP-00084,LOC-BLR-03,VEH-1406,Unloading,2026-08-11 19:36:00,2026-08-11 20:22:00,46,RSN-06,Completed,Cargo de-palletized and verified against airway bill.
EVT-0000468,SHP-00085,LOC-BDQ-01,VEH-1273,Warehouse Entry,2026-08-23 14:31:00,2026-08-23 14:41:00,10,,Completed,Consignment arrived at Vadodara Makarpura Transport Center inbound gate.
EVT-0000469,SHP-00085,LOC-BDQ-01,VEH-1273,Loading,2026-08-23 15:33:00,2026-08-23 15:44:00,11,,Completed,Pallets secured and loaded onto vehicle VEH-1273.
EVT-0000470,SHP-00085,LOC-BDQ-01,VEH-1273,Departure,2026-08-23 16:15:00,2026-08-23 16:35:00,20,RSN-12,Delayed,Vehicle departed origin bay with manifest seal.
EVT-0000471,SHP-00085,LOC-BDQ-01,VEH-1273,Inspection,2026-08-24 05:50:00,2026-08-24 06:14:00,24,RSN-02,Completed,Highway checkpoint FASTag and e-way bill scanning completed.
EVT-0000472,SHP-00085,LOC-BLR-01,VEH-1273,Arrival,2026-08-24 19:25:00,2026-08-24 19:53:00,28,RSN-12,Delayed,Vehicle docked at Bengaluru Nelamangala Mega Fulfillment Center receiving gate.
EVT-0000473,SHP-00085,LOC-BLR-01,VEH-1273,Unloading,2026-08-24 19:55:00,2026-08-24 20:35:00,40,RSN-06,Completed,Cargo de-palletized and verified against airway bill.
EVT-0000474,SHP-00086,LOC-CCU-01,VEH-1002,Warehouse Entry,2026-08-13 04:36:00,2026-08-13 04:44:00,8,,Completed,Consignment arrived at Kolkata Dankuni Mega Logistics Hub inbound gate.
EVT-0000475,SHP-00086,LOC-CCU-01,VEH-1002,Loading,2026-08-13 05:30:00,2026-08-13 06:10:00,40,RSN-05,Completed,Pallets secured and loaded onto vehicle VEH-1002.
EVT-0000476,SHP-00086,LOC-CCU-01,VEH-1002,Departure,2026-08-13 06:15:00,2026-08-13 09:07:00,172,RSN-04,Delayed,Vehicle departed origin bay with manifest seal.
EVT-0000477,SHP-00086,LOC-JAI-01,VEH-1002,Arrival,2026-08-14 21:11:00,2026-08-15 00:10:00,179,RSN-04,Delayed,Vehicle docked at Jaipur Sitapura Regional Warehouse receiving gate.
EVT-0000478,SHP-00086,LOC-JAI-01,VEH-1002,Unloading,2026-08-14 21:41:00,2026-08-15 00:48:00,187,RSN-06,Completed,Cargo de-palletized and verified against airway bill.
EVT-0000479,SHP-00087,LOC-BOM-01,VEH-1340,Warehouse Entry,2026-08-12 14:39:00,2026-08-12 14:39:00,0,,Completed,Consignment arrived at Mumbai Bhiwandi Mega Fulfillment Center inbound gate.
EVT-0000480,SHP-00087,LOC-BOM-01,VEH-1340,Loading,2026-08-12 15:35:00,2026-08-12 15:35:00,0,,Completed,Pallets secured and loaded onto vehicle VEH-1340.
EVT-0000481,SHP-00087,LOC-BOM-01,VEH-1340,Departure,2026-08-12 16:15:00,2026-08-12 16:15:00,0,,Completed,Vehicle departed origin bay with manifest seal.
EVT-0000482,SHP-00087,LOC-BOM-01,VEH-1340,Inspection,2026-08-12 22:16:30,2026-08-12 22:16:30,0,,Completed,Highway checkpoint FASTag and e-way bill scanning completed.
EVT-0000483,SHP-00087,LOC-BDQ-01,VEH-1340,Arrival,2026-08-13 04:18:00,2026-08-13 04:18:00,0,,Completed,Vehicle docked at Vadodara Makarpura Transport Center receiving gate.
EVT-0000484,SHP-00087,LOC-BDQ-01,VEH-1340,Unloading,2026-08-13 04:48:00,2026-08-13 04:45:00,0,,Completed,Cargo de-palletized and verified against airway bill.
EVT-0000485,SHP-00088,LOC-CCU-01,VEH-1070,Warehouse Entry,2026-08-24 04:04:00,2026-08-24 04:04:00,0,,Completed,Consignment arrived at Kolkata Dankuni Mega Logistics Hub inbound gate.
EVT-0000486,SHP-00088,LOC-CCU-01,VEH-1070,Loading,2026-08-24 05:12:00,2026-08-24 05:12:00,0,,Completed,Pallets secured and loaded onto vehicle VEH-1070.
EVT-0000487,SHP-00088,LOC-CCU-01,VEH-1070,Departure,2026-08-24 06:00:00,2026-08-24 06:00:00,0,,Completed,Vehicle departed origin bay with manifest seal.
EVT-0000488,SHP-00088,LOC-IXC-01,VEH-1070,Arrival,2026-08-25 19:35:00,2026-08-25 19:35:00,0,,Completed,Vehicle docked at Chandigarh Industrial Distribution Center receiving gate.
EVT-0000489,SHP-00088,LOC-IXC-01,VEH-1070,Unloading,2026-08-25 20:05:00,2026-08-25 20:05:00,0,,Completed,Cargo de-palletized and verified against airway bill.
EVT-0000490,SHP-00089,LOC-AMD-02,VEH-1415,Warehouse Entry,2026-08-27 18:19:00,2026-08-27 18:21:00,2,,Completed,Consignment arrived at Ahmedabad Sanand Distribution Center inbound gate.
EVT-0000491,SHP-00089,LOC-AMD-02,VEH-1415,Loading,2026-08-27 19:25:00,2026-08-27 19:31:00,6,,Completed,Pallets secured and loaded onto vehicle VEH-1415.
EVT-0000492,SHP-00089,LOC-AMD-02,VEH-1415,Departure,2026-08-27 20:15:00,2026-08-27 20:25:00,10,,Completed,Vehicle departed origin bay with manifest seal.
EVT-0000493,SHP-00089,LOC-AMD-02,VEH-1415,Inspection,2026-08-27 22:31:00,2026-08-27 22:42:00,11,,Completed,Highway checkpoint FASTag and e-way bill scanning completed.
EVT-0000494,SHP-00089,LOC-BDQ-01,VEH-1415,Arrival,2026-08-28 00:47:00,2026-08-28 00:59:00,12,,Completed,Vehicle docked at Vadodara Makarpura Transport Center receiving gate.
EVT-0000495,SHP-00089,LOC-BDQ-01,VEH-1415,Unloading,2026-08-28 01:17:00,2026-08-28 01:32:00,15,,Completed,Cargo de-palletized and verified against airway bill.
EVT-0000496,SHP-00090,LOC-DEL-02,VEH-1327,Warehouse Entry,2026-08-03 14:41:00,2026-08-03 14:47:00,6,,Completed,Consignment arrived at Okhla Transshipment Hub inbound gate.
EVT-0000497,SHP-00090,LOC-DEL-02,VEH-1327,Loading,2026-08-03 15:29:00,2026-08-03 15:32:00,3,,Completed,Pallets secured and loaded onto vehicle VEH-1327.
EVT-0000498,SHP-00090,LOC-DEL-02,VEH-1327,Departure,2026-08-03 16:15:00,2026-08-03 16:21:00,6,,Completed,Vehicle departed origin bay with manifest seal.
EVT-0000499,SHP-00090,LOC-DEL-02,VEH-1327,Inspection,2026-08-04 08:42:00,2026-08-04 08:47:30,5,,Completed,Highway checkpoint FASTag and e-way bill scanning completed.
EVT-0000500,SHP-00090,LOC-BOM-01,VEH-1327,Arrival,2026-08-05 01:09:00,2026-08-05 01:14:00,5,,Completed,Vehicle docked at Mumbai Bhiwandi Mega Fulfillment Center receiving gate.
EVT-0000501,SHP-00090,LOC-BOM-01,VEH-1327,Unloading,2026-08-05 01:39:00,2026-08-05 01:43:00,4,,Completed,Cargo de-palletized and verified against airway bill.
EVT-0000502,SHP-00091,LOC-NAG-01,VEH-1609,Warehouse Entry,2026-08-23 04:50:00,2026-08-23 05:05:00,15,,Completed,Consignment arrived at Nagpur MIHAN Multi-Modal Logistics Hub inbound gate.
EVT-0000503,SHP-00091,LOC-NAG-01,VEH-1609,Loading,2026-08-23 05:57:00,2026-08-23 06:11:00,14,,Completed,Pallets secured and loaded onto vehicle VEH-1609.
EVT-0000504,SHP-00091,LOC-NAG-01,VEH-1609,Departure,2026-08-23 06:45:00,2026-08-23 07:33:00,48,RSN-04,Delayed,Vehicle departed origin bay with manifest seal.
EVT-0000505,SHP-00091,LOC-GUR-01,VEH-1609,Arrival,2026-08-24 06:02:00,2026-08-24 06:52:00,50,RSN-04,Delayed,Vehicle docked at Gurugram Express Logistics Park receiving gate.
EVT-0000506,SHP-00091,LOC-GUR-01,VEH-1609,Unloading,2026-08-24 06:32:00,2026-08-24 07:21:00,49,RSN-06,Completed,Cargo de-palletized and verified against airway bill.
EVT-0000507,SHP-00092,LOC-HYD-01,VEH-1104,Warehouse Entry,2026-08-14 20:36:00,2026-08-14 20:36:00,0,,Completed,Consignment arrived at Hyderabad Shamshabad Cargo Logistics Hub inbound gate.
EVT-0000508,SHP-00092,LOC-HYD-01,VEH-1104,Loading,2026-08-14 21:37:00,2026-08-14 21:37:00,0,,Completed,Pallets secured and loaded onto vehicle VEH-1104.
EVT-0000509,SHP-00092,LOC-HYD-01,VEH-1104,Departure,2026-08-14 22:30:00,2026-08-14 22:30:00,0,,Completed,Vehicle departed origin bay with manifest seal.
EVT-0000510,SHP-00092,LOC-HYD-01,VEH-1104,Inspection,2026-08-15 13:32:30,2026-08-15 13:32:30,0,,Completed,Highway checkpoint FASTag and e-way bill scanning completed.
EVT-0000511,SHP-00092,LOC-JAI-02,VEH-1104,Arrival,2026-08-16 04:35:00,2026-08-16 04:35:00,0,,Completed,Vehicle docked at Jaipur VKI Cross-Dock Hub receiving gate.
EVT-0000512,SHP-00092,LOC-JAI-02,VEH-1104,Unloading,2026-08-16 05:05:00,2026-08-16 05:15:00,10,,Completed,Cargo de-palletized and verified against airway bill.
EVT-0000513,SHP-00093,LOC-DEL-01,VEH-1563,Warehouse Entry,2026-08-02 14:15:00,2026-08-02 14:15:00,0,,Completed,Consignment arrived at Delhi Central Fulfillment Center inbound gate.
EVT-0000514,SHP-00093,LOC-DEL-01,VEH-1563,Loading,2026-08-02 15:13:00,2026-08-02 15:13:00,0,,Completed,Pallets secured and loaded onto vehicle VEH-1563.
EVT-0000515,SHP-00093,LOC-DEL-01,VEH-1563,Departure,2026-08-02 16:00:00,2026-08-02 16:00:00,0,,Completed,Vehicle departed origin bay with manifest seal.
EVT-0000516,SHP-00093,LOC-AMD-01,VEH-1563,Arrival,2026-08-03 15:10:00,2026-08-03 15:10:00,0,,Completed,Vehicle docked at Ahmedabad Changodar Regional Warehouse receiving gate.
EVT-0000517,SHP-00093,LOC-AMD-01,VEH-1563,Unloading,2026-08-03 15:40:00,2026-08-03 15:45:00,5,,Completed,Cargo de-palletized and verified against airway bill.
EVT-0000518,SHP-00094,LOC-BLR-01,VEH-1211,Warehouse Entry,2026-08-06 12:19:00,2026-08-06 12:19:00,0,,Completed,Consignment arrived at Bengaluru Nelamangala Mega Fulfillment Center inbound gate.
EVT-0000519,SHP-00094,LOC-BLR-01,VEH-1211,Loading,2026-08-06 13:04:00,2026-08-06 13:04:00,0,,Completed,Pallets secured and loaded onto vehicle VEH-1211.
EVT-0000520,SHP-00094,LOC-BLR-01,VEH-1211,Departure,2026-08-06 14:00:00,2026-08-06 14:00:00,0,,Completed,Vehicle departed origin bay with manifest seal.
EVT-0000521,SHP-00094,LOC-CCU-02,VEH-1211,Arrival,2026-08-08 10:16:00,2026-08-08 10:16:00,0,,Completed,Vehicle docked at Howrah Freight Consolidation Center receiving gate.
EVT-0000522,SHP-00094,LOC-CCU-02,VEH-1211,Unloading,2026-08-08 10:46:00,2026-08-08 10:42:00,0,,Completed,Cargo de-palletized and verified against airway bill.
EVT-0000523,SHP-00095,LOC-BDQ-01,VEH-1094,Warehouse Entry,2026-08-06 14:57:00,2026-08-06 15:01:00,4,,Completed,Consignment arrived at Vadodara Makarpura Transport Center inbound gate.
EVT-0000524,SHP-00095,LOC-BDQ-01,VEH-1094,Loading,2026-08-06 16:04:00,2026-08-06 16:04:00,0,,Completed,Pallets secured and loaded onto vehicle VEH-1094.
EVT-0000525,SHP-00095,LOC-BDQ-01,VEH-1094,Departure,2026-08-06 16:45:00,2026-08-06 17:01:00,16,RSN-12,Delayed,Vehicle departed origin bay with manifest seal.
EVT-0000526,SHP-00095,LOC-BLR-02,VEH-1094,Arrival,2026-08-08 00:52:00,2026-08-08 01:09:00,17,RSN-12,Delayed,Vehicle docked at Bengaluru Hoskote Cross-Dock Terminal receiving gate.
EVT-0000527,SHP-00095,LOC-BLR-02,VEH-1094,Unloading,2026-08-08 01:22:00,2026-08-08 01:50:00,28,,Completed,Cargo de-palletized and verified against airway bill.
EVT-0000528,SHP-00096,LOC-PNQ-01,VEH-1232,Warehouse Entry,2026-08-02 08:00:00,2026-08-02 08:00:00,0,,Completed,Consignment arrived at Pune Chakan Automotive Logistics Hub inbound gate.
EVT-0000529,SHP-00096,LOC-PNQ-01,VEH-1232,Loading,2026-08-02 09:01:00,2026-08-02 09:02:00,1,,Completed,Pallets secured and loaded onto vehicle VEH-1232.
EVT-0000530,SHP-00096,LOC-PNQ-01,VEH-1232,Departure,2026-08-02 10:00:00,2026-08-02 10:03:00,3,,Completed,Vehicle departed origin bay with manifest seal.
EVT-0000531,SHP-00096,LOC-STV-01,VEH-1232,Arrival,2026-08-02 18:48:00,2026-08-02 19:13:00,25,RSN-09,Delayed,Vehicle docked at Surat Sachin Industrial Logistics Hub receiving gate.
EVT-0000532,SHP-00096,LOC-STV-01,VEH-1232,Unloading,2026-08-02 19:18:00,2026-08-02 19:38:00,20,,Completed,Cargo de-palletized and verified against airway bill.
EVT-0000533,SHP-00097,LOC-AMD-02,VEH-1233,Warehouse Entry,2026-08-27 21:11:00,2026-08-27 21:11:00,0,,Completed,Consignment arrived at Ahmedabad Sanand Distribution Center inbound gate.
EVT-0000534,SHP-00097,LOC-AMD-02,VEH-1233,Loading,2026-08-27 21:49:00,2026-08-27 21:49:00,0,,Completed,Pallets secured and loaded onto vehicle VEH-1233.
EVT-0000535,SHP-00097,LOC-AMD-02,VEH-1233,Departure,2026-08-27 22:45:00,2026-08-27 22:45:00,0,,Completed,Vehicle departed origin bay with manifest seal.
EVT-0000536,SHP-00097,LOC-AMD-02,VEH-1233,Inspection,2026-08-28 22:35:00,2026-08-28 22:35:00,0,,Completed,Highway checkpoint FASTag and e-way bill scanning completed.
EVT-0000537,SHP-00097,LOC-MAA-02,VEH-1233,Arrival,2026-08-29 22:25:00,2026-08-29 22:25:00,0,,Completed,Vehicle docked at Chennai Madhavaram Transshipment Hub receiving gate.
EVT-0000538,SHP-00097,LOC-MAA-02,VEH-1233,Unloading,2026-08-29 22:55:00,2026-08-29 22:58:00,3,,Completed,Cargo de-palletized and verified against airway bill.
EVT-0000539,SHP-00098,LOC-AMD-01,VEH-1081,Warehouse Entry,2026-08-02 20:35:00,2026-08-02 20:35:00,0,,Completed,Consignment arrived at Ahmedabad Changodar Regional Warehouse inbound gate.
EVT-0000540,SHP-00098,LOC-AMD-01,VEH-1081,Loading,2026-08-02 21:24:00,2026-08-02 21:24:00,0,,Completed,Pallets secured and loaded onto vehicle VEH-1081.
EVT-0000541,SHP-00098,LOC-AMD-01,VEH-1081,Departure,2026-08-02 22:15:00,2026-08-02 22:15:00,0,,Completed,Vehicle departed origin bay with manifest seal.
EVT-0000542,SHP-00098,LOC-AMD-01,VEH-1081,Inspection,2026-08-03 00:08:30,2026-08-03 00:08:30,0,,Completed,Highway checkpoint FASTag and e-way bill scanning completed.
EVT-0000543,SHP-00098,LOC-BDQ-01,VEH-1081,Arrival,2026-08-03 02:02:00,2026-08-03 02:02:00,0,,Completed,Vehicle docked at Vadodara Makarpura Transport Center receiving gate.
EVT-0000544,SHP-00098,LOC-BDQ-01,VEH-1081,Unloading,2026-08-03 02:32:00,2026-08-03 02:46:00,14,,Completed,Cargo de-palletized and verified against airway bill.
EVT-0000545,SHP-00099,LOC-JAI-02,VEH-1198,Warehouse Entry,2026-08-03 16:26:00,2026-08-03 16:26:00,0,,Completed,Consignment arrived at Jaipur VKI Cross-Dock Hub inbound gate.
EVT-0000546,SHP-00099,LOC-JAI-02,VEH-1198,Loading,2026-08-03 17:32:00,2026-08-03 17:32:00,0,,Completed,Pallets secured and loaded onto vehicle VEH-1198.
EVT-0000547,SHP-00099,LOC-JAI-02,VEH-1198,Departure,2026-08-03 18:15:00,2026-08-03 18:15:00,0,,Completed,Vehicle departed origin bay with manifest seal.
EVT-0000548,SHP-00099,LOC-JAI-02,VEH-1198,Inspection,2026-08-04 00:54:00,2026-08-04 00:54:00,0,,Completed,Highway checkpoint FASTag and e-way bill scanning completed.
EVT-0000549,SHP-00099,LOC-IXC-01,VEH-1198,Arrival,2026-08-04 07:33:00,2026-08-04 07:33:00,0,,Completed,Vehicle docked at Chandigarh Industrial Distribution Center receiving gate.
EVT-0000550,SHP-00099,LOC-IXC-01,VEH-1198,Unloading,2026-08-04 08:03:00,2026-08-04 08:11:00,8,,Completed,Cargo de-palletized and verified against airway bill.
EVT-0000551,SHP-00100,LOC-LKO-02,VEH-1046,Warehouse Entry,2026-08-13 20:44:00,2026-08-13 20:58:00,14,,Completed,Consignment arrived at Lucknow Sarojini Nagar Fulfillment Center inbound gate.
EVT-0000552,SHP-00100,LOC-LKO-02,VEH-1046,Loading,2026-08-13 21:43:00,2026-08-13 21:44:00,1,,Completed,Pallets secured and loaded onto vehicle VEH-1046.
EVT-0000553,SHP-00100,LOC-LKO-02,VEH-1046,Departure,2026-08-13 22:30:00,2026-08-13 22:50:00,20,RSN-12,Delayed,Vehicle departed origin bay with manifest seal.
EVT-0000554,SHP-00100,LOC-LKO-02,VEH-1046,Inspection,2026-08-14 17:25:00,2026-08-14 17:43:30,18,RSN-02,Completed,Highway checkpoint FASTag and e-way bill scanning completed.
EVT-0000555,SHP-00100,LOC-BOM-02,VEH-1046,Arrival,2026-08-15 12:20:00,2026-08-15 12:37:00,17,RSN-12,Delayed,Vehicle docked at Navi Mumbai JNPT Cross-Docking Terminal receiving gate.
EVT-0000556,SHP-00100,LOC-BOM-02,VEH-1046,Unloading,2026-08-15 12:50:00,2026-08-15 13:21:00,31,RSN-06,Completed,Cargo de-palletized and verified against airway bill.
EVT-0000557,SHP-00101,LOC-DEL-01,VEH-1639,Warehouse Entry,2026-08-04 16:45:00,2026-08-04 16:50:00,5,,Completed,Consignment arrived at Delhi Central Fulfillment Center inbound gate.
EVT-0000558,SHP-00101,LOC-DEL-01,VEH-1639,Loading,2026-08-04 17:29:00,2026-08-04 17:29:00,0,,Completed,Pallets secured and loaded onto vehicle VEH-1639.
EVT-0000559,SHP-00101,LOC-DEL-01,VEH-1639,Departure,2026-08-04 18:15:00,2026-08-04 18:20:00,5,,Completed,Vehicle departed origin bay with manifest seal.
EVT-0000560,SHP-00101,LOC-HYD-01,VEH-1639,Arrival,2026-08-06 02:32:00,2026-08-06 03:30:00,58,RSN-09,Delayed,Vehicle docked at Hyderabad Shamshabad Cargo Logistics Hub receiving gate.
EVT-0000561,SHP-00101,LOC-HYD-01,VEH-1639,Unloading,2026-08-06 03:02:00,2026-08-06 04:10:00,68,RSN-06,Completed,Cargo de-palletized and verified against airway bill.
EVT-0000562,SHP-00102,LOC-CCU-01,VEH-1293,Warehouse Entry,2026-08-29 16:34:00,2026-08-29 16:39:00,5,,Completed,Consignment arrived at Kolkata Dankuni Mega Logistics Hub inbound gate.
EVT-0000563,SHP-00102,LOC-CCU-01,VEH-1293,Loading,2026-08-29 17:30:00,2026-08-29 18:09:00,39,RSN-05,Completed,Pallets secured and loaded onto vehicle VEH-1293.
EVT-0000564,SHP-00102,LOC-CCU-01,VEH-1293,Departure,2026-08-29 18:30:00,2026-08-29 19:23:00,53,RSN-04,Delayed,Vehicle departed origin bay with manifest seal.
EVT-0000565,SHP-00102,LOC-CCU-01,VEH-1293,Inspection,2026-08-30 13:45:00,2026-08-30 14:36:00,51,RSN-18,Completed,Highway checkpoint FASTag and e-way bill scanning completed.
EVT-0000566,SHP-00102,LOC-MAA-02,VEH-1293,Arrival,2026-08-31 09:00:00,2026-08-31 09:49:00,49,RSN-04,Delayed,Vehicle docked at Chennai Madhavaram Transshipment Hub receiving gate.
EVT-0000567,SHP-00102,LOC-MAA-02,VEH-1293,Unloading,2026-08-31 09:30:00,2026-08-31 10:29:00,59,RSN-06,Completed,Cargo de-palletized and verified against airway bill.
EVT-0000568,SHP-00103,LOC-PNQ-01,VEH-1283,Warehouse Entry,2026-08-20 16:14:00,2026-08-20 16:14:00,0,,Completed,Consignment arrived at Pune Chakan Automotive Logistics Hub inbound gate.
EVT-0000569,SHP-00103,LOC-PNQ-01,VEH-1283,Loading,2026-08-20 17:13:00,2026-08-20 17:13:00,0,,Completed,Pallets secured and loaded onto vehicle VEH-1283.
EVT-0000570,SHP-00103,LOC-PNQ-01,VEH-1283,Departure,2026-08-20 18:00:00,2026-08-20 18:00:00,0,,Completed,Vehicle departed origin bay with manifest seal.
EVT-0000571,SHP-00103,LOC-PNQ-01,VEH-1283,Inspection,2026-08-21 09:06:30,2026-08-21 09:06:30,0,,Completed,Highway checkpoint FASTag and e-way bill scanning completed.
EVT-0000572,SHP-00103,LOC-DEL-02,VEH-1283,Arrival,2026-08-22 00:13:00,2026-08-22 00:13:00,0,,Completed,Vehicle docked at Okhla Transshipment Hub receiving gate.
EVT-0000573,SHP-00103,LOC-DEL-02,VEH-1283,Unloading,2026-08-22 00:43:00,2026-08-22 00:54:00,11,,Completed,Cargo de-palletized and verified against airway bill.
EVT-0000574,SHP-00104,LOC-PNQ-01,VEH-1021,Warehouse Entry,2026-08-10 13:08:00,2026-08-10 13:08:00,0,,Completed,Consignment arrived at Pune Chakan Automotive Logistics Hub inbound gate.
EVT-0000575,SHP-00104,LOC-PNQ-01,VEH-1021,Loading,2026-08-10 13:49:00,2026-08-10 13:49:00,0,,Completed,Pallets secured and loaded onto vehicle VEH-1021.
EVT-0000576,SHP-00104,LOC-PNQ-01,VEH-1021,Departure,2026-08-10 14:45:00,2026-08-10 14:45:00,0,,Completed,Vehicle departed origin bay with manifest seal.
EVT-0000577,SHP-00104,LOC-PNQ-01,VEH-1021,Inspection,2026-08-11 04:58:00,2026-08-11 04:58:00,0,,Completed,Highway checkpoint FASTag and e-way bill scanning completed.
EVT-0000578,SHP-00104,LOC-LKO-02,VEH-1021,Arrival,2026-08-11 19:11:00,2026-08-11 19:11:00,0,,Completed,Vehicle docked at Lucknow Sarojini Nagar Fulfillment Center receiving gate.
EVT-0000579,SHP-00104,LOC-LKO-02,VEH-1021,Unloading,2026-08-11 19:41:00,2026-08-11 19:49:00,8,,Completed,Cargo de-palletized and verified against airway bill.
EVT-0000580,SHP-00105,LOC-LKO-01,VEH-1454,Warehouse Entry,2026-08-09 16:18:00,2026-08-09 16:24:00,6,,Completed,Consignment arrived at Lucknow Transport Nagar Hub inbound gate.
EVT-0000581,SHP-00105,LOC-LKO-01,VEH-1454,Loading,2026-08-09 17:15:00,2026-08-09 17:25:00,10,,Completed,Pallets secured and loaded onto vehicle VEH-1454.
EVT-0000582,SHP-00105,LOC-LKO-01,VEH-1454,Departure,2026-08-09 18:00:00,2026-08-09 18:43:00,43,RSN-05,Delayed,Vehicle departed origin bay with manifest seal.
EVT-0000583,SHP-00105,LOC-JAI-01,VEH-1454,Arrival,2026-08-10 10:14:00,2026-08-10 10:52:00,38,RSN-09,Delayed,Vehicle docked at Jaipur Sitapura Regional Warehouse receiving gate.
EVT-0000584,SHP-00105,LOC-JAI-01,VEH-1454,Unloading,2026-08-10 10:44:00,2026-08-10 11:26:00,42,RSN-06,Completed,Cargo de-palletized and verified against airway bill.
EVT-0000585,SHP-00106,LOC-AMD-02,VEH-1590,Warehouse Entry,2026-08-17 08:30:00,2026-08-17 08:30:00,0,,Completed,Consignment arrived at Ahmedabad Sanand Distribution Center inbound gate.
EVT-0000586,SHP-00106,LOC-AMD-02,VEH-1590,Loading,2026-08-17 09:20:00,2026-08-17 09:20:00,0,,Completed,Pallets secured and loaded onto vehicle VEH-1590.
EVT-0000587,SHP-00106,LOC-AMD-02,VEH-1590,Departure,2026-08-17 10:00:00,2026-08-17 10:00:00,0,,Completed,Vehicle departed origin bay with manifest seal.
EVT-0000588,SHP-00106,LOC-MAA-01,VEH-1590,Arrival,2026-08-19 01:59:00,2026-08-19 01:59:00,0,,Completed,Vehicle docked at Chennai Sriperumbudur Distribution Center receiving gate.
EVT-0000589,SHP-00106,LOC-MAA-01,VEH-1590,Unloading,2026-08-19 02:29:00,2026-08-19 02:43:00,14,,Completed,Cargo de-palletized and verified against airway bill.
EVT-0000590,SHP-00107,LOC-JAI-01,VEH-1618,Warehouse Entry,2026-08-27 04:30:00,2026-08-27 04:37:00,7,,Completed,Consignment arrived at Jaipur Sitapura Regional Warehouse inbound gate.
EVT-0000591,SHP-00107,LOC-JAI-01,VEH-1618,Loading,2026-08-27 05:31:00,2026-08-27 05:41:00,10,,Completed,Pallets secured and loaded onto vehicle VEH-1618.
EVT-0000592,SHP-00107,LOC-JAI-01,VEH-1618,Departure,2026-08-27 06:15:00,2026-08-27 06:35:00,20,RSN-12,Delayed,Vehicle departed origin bay with manifest seal.
EVT-0000593,SHP-00107,LOC-JAI-01,VEH-1618,Inspection,2026-08-27 22:31:00,2026-08-27 22:53:00,22,RSN-02,Completed,Highway checkpoint FASTag and e-way bill scanning completed.
EVT-0000594,SHP-00107,LOC-CCU-01,VEH-1618,Arrival,2026-08-28 14:47:00,2026-08-28 15:11:00,24,RSN-12,Delayed,Vehicle docked at Kolkata Dankuni Mega Logistics Hub receiving gate.
EVT-0000595,SHP-00107,LOC-CCU-01,VEH-1618,Unloading,2026-08-28 15:17:00,2026-08-28 15:50:00,33,RSN-06,Completed,Cargo de-palletized and verified against airway bill.
EVT-0000596,SHP-00108,LOC-BLR-03,VEH-1378,Warehouse Entry,2026-08-13 06:12:00,2026-08-13 06:12:00,0,,Completed,Consignment arrived at Bengaluru Electronic City Regional Warehouse inbound gate.
EVT-0000597,SHP-00108,LOC-BLR-03,VEH-1378,Loading,2026-08-13 07:07:00,2026-08-13 07:07:00,0,,Completed,Pallets secured and loaded onto vehicle VEH-1378.
EVT-0000598,SHP-00108,LOC-BLR-03,VEH-1378,Departure,2026-08-13 08:00:00,2026-08-13 08:00:00,0,,Completed,Vehicle departed origin bay with manifest seal.
EVT-0000599,SHP-00108,LOC-IXC-01,VEH-1378,Arrival,2026-08-15 09:57:00,2026-08-15 09:57:00,0,,Completed,Vehicle docked at Chandigarh Industrial Distribution Center receiving gate.
EVT-0000600,SHP-00108,LOC-IXC-01,VEH-1378,Unloading,2026-08-15 10:27:00,2026-08-15 10:26:00,0,,Completed,Cargo de-palletized and verified against airway bill.
EVT-0000601,SHP-00109,LOC-BLR-01,VEH-1623,Warehouse Entry,2026-08-27 12:26:00,2026-08-27 12:27:00,1,,Completed,Consignment arrived at Bengaluru Nelamangala Mega Fulfillment Center inbound gate.
EVT-0000602,SHP-00109,LOC-BLR-01,VEH-1623,Loading,2026-08-27 13:19:00,2026-08-27 13:25:00,6,,Completed,Pallets secured and loaded onto vehicle VEH-1623.
EVT-0000603,SHP-00109,LOC-BLR-01,VEH-1623,Departure,2026-08-27 14:00:00,2026-08-27 14:26:00,26,RSN-01,Delayed,Vehicle departed origin bay with manifest seal.
EVT-0000604,SHP-00109,LOC-BLR-01,VEH-1623,Inspection,2026-08-27 18:00:00,2026-08-27 18:24:30,24,RSN-02,Completed,Highway checkpoint FASTag and e-way bill scanning completed.
EVT-0000605,SHP-00109,LOC-CJB-01,VEH-1623,Arrival,2026-08-27 22:00:00,2026-08-27 22:23:00,23,RSN-02,Delayed,Vehicle docked at Coimbatore Peelamedu Distribution Center receiving gate.
EVT-0000606,SHP-00109,LOC-CJB-01,VEH-1623,Unloading,2026-08-27 22:30:00,2026-08-27 23:07:00,37,RSN-06,Completed,Cargo de-palletized and verified against airway bill.
EVT-0000607,SHP-00110,LOC-AMD-01,VEH-1231,Warehouse Entry,2026-08-21 16:09:00,2026-08-21 16:10:00,1,,Completed,Consignment arrived at Ahmedabad Changodar Regional Warehouse inbound gate.
EVT-0000608,SHP-00110,LOC-AMD-01,VEH-1231,Loading,2026-08-21 17:00:00,2026-08-21 17:00:00,0,,Completed,Pallets secured and loaded onto vehicle VEH-1231.
EVT-0000609,SHP-00110,LOC-AMD-01,VEH-1231,Departure,2026-08-21 18:00:00,2026-08-21 18:02:00,2,,Completed,Vehicle departed origin bay with manifest seal.
EVT-0000610,SHP-00110,LOC-AMD-01,VEH-1231,Inspection,2026-08-22 12:34:00,2026-08-22 12:48:00,14,,Completed,Highway checkpoint FASTag and e-way bill scanning completed.
EVT-0000611,SHP-00110,LOC-CJB-01,VEH-1231,Arrival,2026-08-23 07:08:00,2026-08-23 07:34:00,26,RSN-09,Delayed,Vehicle docked at Coimbatore Peelamedu Distribution Center receiving gate.
EVT-0000612,SHP-00110,LOC-CJB-01,VEH-1231,Unloading,2026-08-23 07:38:00,2026-08-23 08:17:00,39,RSN-06,Completed,Cargo de-palletized and verified against airway bill.
EVT-0000613,SHP-00111,LOC-BLR-01,VEH-1009,Warehouse Entry,2026-08-26 12:46:00,2026-08-26 12:46:00,0,,Completed,Consignment arrived at Bengaluru Nelamangala Mega Fulfillment Center inbound gate.
EVT-0000614,SHP-00111,LOC-BLR-01,VEH-1009,Loading,2026-08-26 13:42:00,2026-08-26 13:42:00,0,,Completed,Pallets secured and loaded onto vehicle VEH-1009.
EVT-0000615,SHP-00111,LOC-BLR-01,VEH-1009,Departure,2026-08-26 14:30:00,2026-08-26 14:30:00,0,,Completed,Vehicle departed origin bay with manifest seal.
EVT-0000616,SHP-00111,LOC-BLR-01,VEH-1009,Inspection,2026-08-27 12:30:30,2026-08-27 12:30:30,0,,Completed,Highway checkpoint FASTag and e-way bill scanning completed.
EVT-0000617,SHP-00111,LOC-JAI-02,VEH-1009,Arrival,2026-08-28 10:31:00,2026-08-28 10:31:00,0,,Completed,Vehicle docked at Jaipur VKI Cross-Dock Hub receiving gate.
EVT-0000618,SHP-00111,LOC-JAI-02,VEH-1009,Unloading,2026-08-28 11:01:00,2026-08-28 11:13:00,12,,Completed,Cargo de-palletized and verified against airway bill.
EVT-0000619,SHP-00112,LOC-AMD-01,VEH-1534,Warehouse Entry,2026-08-19 06:17:00,2026-08-19 06:28:00,11,,Completed,Consignment arrived at Ahmedabad Changodar Regional Warehouse inbound gate.
EVT-0000620,SHP-00112,LOC-AMD-01,VEH-1534,Loading,2026-08-19 07:14:00,2026-08-19 09:05:00,111,RSN-05,Completed,Pallets secured and loaded onto vehicle VEH-1534.
EVT-0000621,SHP-00112,LOC-AMD-01,VEH-1534,Departure,2026-08-19 08:00:00,2026-08-19 09:52:00,112,RSN-12,Delayed,Vehicle departed origin bay with manifest seal.
EVT-0000622,SHP-00112,LOC-STV-01,VEH-1534,Arrival,2026-08-19 14:56:00,2026-08-19 16:44:00,108,RSN-12,Delayed,Vehicle docked at Surat Sachin Industrial Logistics Hub receiving gate.
EVT-0000623,SHP-00112,LOC-STV-01,VEH-1534,Unloading,2026-08-19 15:26:00,2026-08-19 17:16:00,110,RSN-06,Completed,Cargo de-palletized and verified against airway bill.
EVT-0000624,SHP-00113,LOC-CCU-01,VEH-1111,Warehouse Entry,2026-08-09 14:38:00,2026-08-09 14:38:00,0,,Completed,Consignment arrived at Kolkata Dankuni Mega Logistics Hub inbound gate.
EVT-0000625,SHP-00113,LOC-CCU-01,VEH-1111,Loading,2026-08-09 15:32:00,2026-08-09 15:32:00,0,,Completed,Pallets secured and loaded onto vehicle VEH-1111.
EVT-0000626,SHP-00113,LOC-CCU-01,VEH-1111,Departure,2026-08-09 16:30:00,2026-08-09 16:30:00,0,,Completed,Vehicle departed origin bay with manifest seal.
EVT-0000627,SHP-00113,LOC-CCU-01,VEH-1111,Inspection,2026-08-10 14:46:30,2026-08-10 14:46:30,0,,Completed,Highway checkpoint FASTag and e-way bill scanning completed.
EVT-0000628,SHP-00113,LOC-BOM-01,VEH-1111,Arrival,2026-08-11 13:03:00,2026-08-11 13:03:00,0,,Completed,Vehicle docked at Mumbai Bhiwandi Mega Fulfillment Center receiving gate.
EVT-0000629,SHP-00113,LOC-BOM-01,VEH-1111,Unloading,2026-08-11 13:33:00,2026-08-11 13:42:00,9,,Completed,Cargo de-palletized and verified against airway bill.
EVT-0000630,SHP-00114,LOC-JAI-01,VEH-1059,Warehouse Entry,2026-08-13 14:38:00,2026-08-13 14:38:00,0,,Completed,Consignment arrived at Jaipur Sitapura Regional Warehouse inbound gate.
EVT-0000631,SHP-00114,LOC-JAI-01,VEH-1059,Loading,2026-08-13 15:28:00,2026-08-13 15:28:00,0,,Completed,Pallets secured and loaded onto vehicle VEH-1059.
EVT-0000632,SHP-00114,LOC-JAI-01,VEH-1059,Departure,2026-08-13 16:15:00,2026-08-13 16:15:00,0,,Completed,Vehicle departed origin bay with manifest seal.
EVT-0000633,SHP-00114,LOC-JAI-01,VEH-1059,Inspection,2026-08-14 16:38:30,2026-08-14 16:38:30,0,,Completed,Highway checkpoint FASTag and e-way bill scanning completed.
EVT-0000634,SHP-00114,LOC-MAA-02,VEH-1059,Arrival,2026-08-15 17:02:00,2026-08-15 17:02:00,0,,Completed,Vehicle docked at Chennai Madhavaram Transshipment Hub receiving gate.
EVT-0000635,SHP-00114,LOC-MAA-02,VEH-1059,Unloading,2026-08-15 17:32:00,2026-08-15 17:37:00,5,,Completed,Cargo de-palletized and verified against airway bill.
EVT-0000636,SHP-00115,LOC-LKO-02,VEH-1454,Warehouse Entry,2026-08-23 10:43:00,2026-08-23 10:55:00,12,,Completed,Consignment arrived at Lucknow Sarojini Nagar Fulfillment Center inbound gate.
EVT-0000637,SHP-00115,LOC-LKO-02,VEH-1454,Loading,2026-08-23 11:47:00,2026-08-23 11:56:00,9,,Completed,Pallets secured and loaded onto vehicle VEH-1454.
EVT-0000638,SHP-00115,LOC-LKO-02,VEH-1454,Departure,2026-08-23 12:30:00,2026-08-23 12:56:00,26,RSN-07,Delayed,Vehicle departed origin bay with manifest seal.
EVT-0000639,SHP-00115,LOC-AMD-02,VEH-1454,Arrival,2026-08-24 18:17:00,2026-08-24 18:50:00,33,RSN-09,Delayed,Vehicle docked at Ahmedabad Sanand Distribution Center receiving gate.
EVT-0000640,SHP-00115,LOC-AMD-02,VEH-1454,Unloading,2026-08-24 18:47:00,2026-08-24 19:23:00,36,RSN-06,Completed,Cargo de-palletized and verified against airway bill.
EVT-0000641,SHP-00116,LOC-PNQ-01,VEH-1175,Warehouse Entry,2026-08-06 12:00:00,2026-08-06 12:00:00,0,,Completed,Consignment arrived at Pune Chakan Automotive Logistics Hub inbound gate.
EVT-0000642,SHP-00116,LOC-PNQ-01,VEH-1175,Loading,2026-08-06 13:13:00,2026-08-06 13:13:00,0,,Completed,Pallets secured and loaded onto vehicle VEH-1175.
EVT-0000643,SHP-00116,LOC-PNQ-01,VEH-1175,Departure,2026-08-06 14:00:00,2026-08-06 14:00:00,0,,Completed,Vehicle departed origin bay with manifest seal.
EVT-0000644,SHP-00116,LOC-PNQ-01,VEH-1175,Inspection,2026-08-07 00:27:30,2026-08-07 00:27:30,0,,Completed,Highway checkpoint FASTag and e-way bill scanning completed.
EVT-0000645,SHP-00116,LOC-BLR-02,VEH-1175,Arrival,2026-08-07 10:55:00,2026-08-07 10:55:00,0,,Completed,Vehicle docked at Bengaluru Hoskote Cross-Dock Terminal receiving gate.
EVT-0000646,SHP-00116,LOC-BLR-02,VEH-1175,Unloading,2026-08-07 11:25:00,2026-08-07 11:37:00,12,,Completed,Cargo de-palletized and verified against airway bill.
EVT-0000647,SHP-00117,LOC-NAG-01,VEH-1344,Warehouse Entry,2026-08-12 10:51:00,2026-08-12 10:51:00,0,,Completed,Consignment arrived at Nagpur MIHAN Multi-Modal Logistics Hub inbound gate.
EVT-0000648,SHP-00117,LOC-NAG-01,VEH-1344,Loading,2026-08-12 11:38:00,2026-08-12 11:38:00,0,,Completed,Pallets secured and loaded onto vehicle VEH-1344.
EVT-0000649,SHP-00117,LOC-NAG-01,VEH-1344,Departure,2026-08-12 12:30:00,2026-08-12 12:30:00,0,,Completed,Vehicle departed origin bay with manifest seal.
EVT-0000650,SHP-00117,LOC-MAA-02,VEH-1344,Arrival,2026-08-13 16:49:00,2026-08-13 16:49:00,0,,Completed,Vehicle docked at Chennai Madhavaram Transshipment Hub receiving gate.
EVT-0000651,SHP-00117,LOC-MAA-02,VEH-1344,Unloading,2026-08-13 17:19:00,2026-08-13 17:21:00,2,,Completed,Cargo de-palletized and verified against airway bill.
EVT-0000652,SHP-00118,LOC-CCU-01,VEH-1121,Warehouse Entry,2026-08-19 06:56:00,2026-08-19 06:56:00,0,,Completed,Consignment arrived at Kolkata Dankuni Mega Logistics Hub inbound gate.
EVT-0000653,SHP-00118,LOC-CCU-01,VEH-1121,Loading,2026-08-19 07:48:00,2026-08-19 07:48:00,0,,Completed,Pallets secured and loaded onto vehicle VEH-1121.
EVT-0000654,SHP-00118,LOC-CCU-01,VEH-1121,Departure,2026-08-19 08:45:00,2026-08-19 08:45:00,0,,Completed,Vehicle departed origin bay with manifest seal.
EVT-0000655,SHP-00118,LOC-STV-01,VEH-1121,Arrival,2026-08-21 13:32:00,2026-08-21 13:32:00,0,,Completed,Vehicle docked at Surat Sachin Industrial Logistics Hub receiving gate.
EVT-0000656,SHP-00118,LOC-STV-01,VEH-1121,Unloading,2026-08-21 14:02:00,2026-08-21 14:10:00,8,,Completed,Cargo de-palletized and verified against airway bill.
EVT-0000657,SHP-00119,LOC-HYD-01,VEH-1424,Warehouse Entry,2026-08-05 10:33:00,2026-08-05 10:33:00,0,,Completed,Consignment arrived at Hyderabad Shamshabad Cargo Logistics Hub inbound gate.
EVT-0000658,SHP-00119,LOC-HYD-01,VEH-1424,Loading,2026-08-05 11:46:00,2026-08-05 11:46:00,0,,Completed,Pallets secured and loaded onto vehicle VEH-1424.
EVT-0000659,SHP-00119,LOC-HYD-01,VEH-1424,Departure,2026-08-05 12:30:00,2026-08-05 12:30:00,0,,Completed,Vehicle departed origin bay with manifest seal.
EVT-0000660,SHP-00119,LOC-IDR-01,VEH-1424,Arrival,2026-08-06 05:15:00,2026-08-06 05:15:00,0,,Completed,Vehicle docked at Indore Pithampur Logistics Park receiving gate.
EVT-0000661,SHP-00119,LOC-IDR-01,VEH-1424,Unloading,2026-08-06 05:45:00,2026-08-06 05:40:00,0,,Completed,Cargo de-palletized and verified against airway bill.
EVT-0000662,SHP-00120,LOC-BLR-01,VEH-1647,Warehouse Entry,2026-08-21 04:04:00,2026-08-21 04:13:00,9,,Completed,Consignment arrived at Bengaluru Nelamangala Mega Fulfillment Center inbound gate.
EVT-0000663,SHP-00120,LOC-BLR-01,VEH-1647,Loading,2026-08-21 05:08:00,2026-08-21 05:23:00,15,,Completed,Pallets secured and loaded onto vehicle VEH-1647.
EVT-0000664,SHP-00120,LOC-BLR-01,VEH-1647,Departure,2026-08-21 06:00:00,2026-08-21 06:20:00,20,RSN-12,Delayed,Vehicle departed origin bay with manifest seal.
EVT-0000665,SHP-00120,LOC-BLR-01,VEH-1647,Inspection,2026-08-21 11:03:00,2026-08-21 11:24:30,21,RSN-02,Completed,Highway checkpoint FASTag and e-way bill scanning completed.
EVT-0000666,SHP-00120,LOC-MAA-02,VEH-1647,Arrival,2026-08-21 16:06:00,2026-08-21 16:29:00,23,RSN-12,Delayed,Vehicle docked at Chennai Madhavaram Transshipment Hub receiving gate.
EVT-0000667,SHP-00120,LOC-MAA-02,VEH-1647,Unloading,2026-08-21 16:36:00,2026-08-21 17:03:00,27,,Completed,Cargo de-palletized and verified against airway bill.
EVT-0000668,SHP-00121,LOC-JAI-02,VEH-1163,Warehouse Entry,2026-08-05 16:56:00,2026-08-05 16:58:00,2,,Completed,Consignment arrived at Jaipur VKI Cross-Dock Hub inbound gate.
EVT-0000669,SHP-00121,LOC-JAI-02,VEH-1163,Loading,2026-08-05 18:02:00,2026-08-05 18:07:00,5,,Completed,Pallets secured and loaded onto vehicle VEH-1163.
EVT-0000670,SHP-00121,LOC-JAI-02,VEH-1163,Departure,2026-08-05 18:45:00,2026-08-05 19:01:00,16,RSN-12,Delayed,Vehicle departed origin bay with manifest seal.
EVT-0000671,SHP-00121,LOC-CCU-01,VEH-1163,Arrival,2026-08-07 11:41:00,2026-08-07 11:55:00,14,,Completed,Vehicle docked at Kolkata Dankuni Mega Logistics Hub receiving gate.
EVT-0000672,SHP-00121,LOC-CCU-01,VEH-1163,Unloading,2026-08-07 12:11:00,2026-08-07 12:25:00,14,,Completed,Cargo de-palletized and verified against airway bill.
EVT-0000673,SHP-00122,LOC-DEL-01,VEH-1383,Warehouse Entry,2026-08-25 20:35:00,2026-08-25 20:35:00,0,,Completed,Consignment arrived at Delhi Central Fulfillment Center inbound gate.
EVT-0000674,SHP-00122,LOC-DEL-01,VEH-1383,Loading,2026-08-25 21:33:00,2026-08-25 21:33:00,0,,Completed,Pallets secured and loaded onto vehicle VEH-1383.
EVT-0000675,SHP-00122,LOC-DEL-01,VEH-1383,Departure,2026-08-25 22:15:00,2026-08-25 22:15:00,0,,Completed,Vehicle departed origin bay with manifest seal.
EVT-0000676,SHP-00122,LOC-DEL-01,VEH-1383,Inspection,2026-08-26 08:39:30,2026-08-26 08:39:30,0,,Completed,Highway checkpoint FASTag and e-way bill scanning completed.
EVT-0000677,SHP-00122,LOC-NAG-01,VEH-1383,Arrival,2026-08-26 19:04:00,2026-08-26 19:04:00,0,,Completed,Vehicle docked at Nagpur MIHAN Multi-Modal Logistics Hub receiving gate.
EVT-0000678,SHP-00122,LOC-NAG-01,VEH-1383,Unloading,2026-08-26 19:34:00,2026-08-26 19:36:00,2,,Completed,Cargo de-palletized and verified against airway bill.
EVT-0000679,SHP-00123,LOC-AMD-01,VEH-1353,Warehouse Entry,2026-08-13 20:38:00,2026-08-13 20:38:00,0,,Completed,Consignment arrived at Ahmedabad Changodar Regional Warehouse inbound gate.
EVT-0000680,SHP-00123,LOC-AMD-01,VEH-1353,Loading,2026-08-13 21:48:00,2026-08-13 21:48:00,0,,Completed,Pallets secured and loaded onto vehicle VEH-1353.
EVT-0000681,SHP-00123,LOC-AMD-01,VEH-1353,Departure,2026-08-13 22:30:00,2026-08-13 22:32:00,2,,Completed,Vehicle departed origin bay with manifest seal.
EVT-0000682,SHP-00123,LOC-LKO-01,VEH-1353,Arrival,2026-08-15 00:00:00,2026-08-15 00:41:00,41,RSN-09,Delayed,Vehicle docked at Lucknow Transport Nagar Hub receiving gate.
EVT-0000683,SHP-00123,LOC-LKO-01,VEH-1353,Unloading,2026-08-15 00:30:00,2026-08-15 01:20:00,50,RSN-06,Completed,Cargo de-palletized and verified against airway bill.
EVT-0000684,SHP-00124,LOC-CCU-01,VEH-1533,Warehouse Entry,2026-08-14 08:43:00,2026-08-14 08:44:00,1,,Completed,Consignment arrived at Kolkata Dankuni Mega Logistics Hub inbound gate.
EVT-0000685,SHP-00124,LOC-CCU-01,VEH-1533,Loading,2026-08-14 09:35:00,2026-08-14 09:41:00,6,,Completed,Pallets secured and loaded onto vehicle VEH-1533.
EVT-0000686,SHP-00124,LOC-CCU-01,VEH-1533,Departure,2026-08-14 10:30:00,2026-08-14 10:37:00,7,,Completed,Vehicle departed origin bay with manifest seal.
EVT-0000687,SHP-00124,LOC-STV-01,VEH-1533,Arrival,2026-08-16 10:55:00,2026-08-16 11:23:00,28,RSN-02,Delayed,Vehicle docked at Surat Sachin Industrial Logistics Hub receiving gate.
EVT-0000688,SHP-00124,LOC-STV-01,VEH-1533,Unloading,2026-08-16 11:25:00,2026-08-16 11:59:00,34,RSN-06,Completed,Cargo de-palletized and verified against airway bill.
EVT-0000689,SHP-00125,LOC-JAI-02,VEH-1032,Warehouse Entry,2026-08-07 04:34:00,2026-08-07 04:34:00,0,,Completed,Consignment arrived at Jaipur VKI Cross-Dock Hub inbound gate.
EVT-0000690,SHP-00125,LOC-JAI-02,VEH-1032,Loading,2026-08-07 05:32:00,2026-08-07 05:32:00,0,,Completed,Pallets secured and loaded onto vehicle VEH-1032.
EVT-0000691,SHP-00125,LOC-JAI-02,VEH-1032,Departure,2026-08-07 06:15:00,2026-08-07 06:15:00,0,,Completed,Vehicle departed origin bay with manifest seal.
EVT-0000692,SHP-00125,LOC-JAI-02,VEH-1032,Inspection,2026-08-07 22:23:30,2026-08-07 22:23:30,0,,Completed,Highway checkpoint FASTag and e-way bill scanning completed.
EVT-0000693,SHP-00125,LOC-HYD-01,VEH-1032,Arrival,2026-08-08 14:32:00,2026-08-08 14:32:00,0,,Completed,Vehicle docked at Hyderabad Shamshabad Cargo Logistics Hub receiving gate.
EVT-0000694,SHP-00125,LOC-HYD-01,VEH-1032,Unloading,2026-08-08 15:02:00,2026-08-08 15:15:00,13,,Completed,Cargo de-palletized and verified against airway bill.
EVT-0000695,SHP-00126,LOC-CCU-01,VEH-1609,Warehouse Entry,2026-08-04 04:09:00,2026-08-04 04:09:00,0,,Completed,Consignment arrived at Kolkata Dankuni Mega Logistics Hub inbound gate.
EVT-0000696,SHP-00126,LOC-CCU-01,VEH-1609,Loading,2026-08-04 05:18:00,2026-08-04 05:18:00,0,,Completed,Pallets secured and loaded onto vehicle VEH-1609.
EVT-0000697,SHP-00126,LOC-CCU-01,VEH-1609,Departure,2026-08-04 06:00:00,2026-08-04 06:00:00,0,,Completed,Vehicle departed origin bay with manifest seal.
EVT-0000698,SHP-00126,LOC-MAA-02,VEH-1609,Arrival,2026-08-05 17:51:00,2026-08-05 17:51:00,0,,Completed,Vehicle docked at Chennai Madhavaram Transshipment Hub receiving gate.
EVT-0000699,SHP-00126,LOC-MAA-02,VEH-1609,Unloading,2026-08-05 18:21:00,2026-08-05 18:31:00,10,,Completed,Cargo de-palletized and verified against airway bill.
EVT-0000700,SHP-00127,LOC-BOM-01,VEH-1486,Warehouse Entry,2026-08-23 04:46:00,2026-08-23 04:55:00,9,,Completed,Consignment arrived at Mumbai Bhiwandi Mega Fulfillment Center inbound gate.
EVT-0000701,SHP-00127,LOC-BOM-01,VEH-1486,Loading,2026-08-23 05:35:00,2026-08-23 05:55:00,20,RSN-05,Completed,Pallets secured and loaded onto vehicle VEH-1486.
EVT-0000702,SHP-00127,LOC-BOM-01,VEH-1486,Departure,2026-08-23 06:30:00,2026-08-23 06:55:00,25,RSN-01,Delayed,Vehicle departed origin bay with manifest seal.
EVT-0000703,SHP-00127,LOC-NAG-01,VEH-1486,Arrival,2026-08-24 01:49:00,2026-08-24 02:17:00,28,RSN-02,Delayed,Vehicle docked at Nagpur MIHAN Multi-Modal Logistics Hub receiving gate.
EVT-0000704,SHP-00127,LOC-NAG-01,VEH-1486,Unloading,2026-08-24 02:19:00,2026-08-24 02:54:00,35,RSN-06,Completed,Cargo de-palletized and verified against airway bill.
EVT-0000705,SHP-00128,LOC-CCU-01,VEH-1429,Warehouse Entry,2026-08-17 06:38:00,2026-08-17 06:41:00,3,,Completed,Consignment arrived at Kolkata Dankuni Mega Logistics Hub inbound gate.
EVT-0000706,SHP-00128,LOC-CCU-01,VEH-1429,Loading,2026-08-17 07:40:00,2026-08-17 07:44:00,4,,Completed,Pallets secured and loaded onto vehicle VEH-1429.
EVT-0000707,SHP-00128,LOC-CCU-01,VEH-1429,Departure,2026-08-17 08:30:00,2026-08-17 08:34:00,4,,Completed,Vehicle departed origin bay with manifest seal.
EVT-0000708,SHP-00128,LOC-CCU-01,VEH-1429,Inspection,2026-08-17 09:24:00,2026-08-17 09:51:30,27,RSN-02,Completed,Highway checkpoint FASTag and e-way bill scanning completed.
EVT-0000709,SHP-00128,LOC-CCU-02,VEH-1429,Arrival,2026-08-17 10:18:00,2026-08-17 11:09:00,51,RSN-09,Delayed,Vehicle docked at Howrah Freight Consolidation Center receiving gate.
EVT-0000710,SHP-00128,LOC-CCU-02,VEH-1429,Unloading,2026-08-17 10:48:00,2026-08-17 11:37:00,49,RSN-06,Completed,Cargo de-palletized and verified against airway bill.
EVT-0000711,SHP-00129,LOC-AMD-01,VEH-1536,Warehouse Entry,2026-08-23 16:39:00,2026-08-23 16:39:00,0,,Completed,Consignment arrived at Ahmedabad Changodar Regional Warehouse inbound gate.
EVT-0000712,SHP-00129,LOC-AMD-01,VEH-1536,Loading,2026-08-23 17:41:00,2026-08-23 17:41:00,0,,Completed,Pallets secured and loaded onto vehicle VEH-1536.
EVT-0000713,SHP-00129,LOC-AMD-01,VEH-1536,Departure,2026-08-23 18:30:00,2026-08-23 18:30:00,0,,Completed,Vehicle departed origin bay with manifest seal.
EVT-0000714,SHP-00129,LOC-MAA-02,VEH-1536,Arrival,2026-08-25 05:52:00,2026-08-25 05:52:00,0,,Completed,Vehicle docked at Chennai Madhavaram Transshipment Hub receiving gate.
EVT-0000715,SHP-00129,LOC-MAA-02,VEH-1536,Unloading,2026-08-25 06:22:00,2026-08-25 06:37:00,15,,Completed,Cargo de-palletized and verified against airway bill.
EVT-0000716,SHP-00130,LOC-AMD-01,VEH-1390,Warehouse Entry,2026-08-22 06:11:00,2026-08-22 06:19:00,8,,Completed,Consignment arrived at Ahmedabad Changodar Regional Warehouse inbound gate.
EVT-0000717,SHP-00130,LOC-AMD-01,VEH-1390,Loading,2026-08-22 07:12:00,2026-08-22 07:54:00,42,RSN-05,Completed,Pallets secured and loaded onto vehicle VEH-1390.
EVT-0000718,SHP-00130,LOC-AMD-01,VEH-1390,Departure,2026-08-22 08:00:00,2026-08-22 09:16:00,76,RSN-12,Delayed,Vehicle departed origin bay with manifest seal.
EVT-0000719,SHP-00130,LOC-BLR-03,VEH-1390,Arrival,2026-08-23 21:31:00,2026-08-23 22:43:00,72,RSN-12,Delayed,Vehicle docked at Bengaluru Electronic City Regional Warehouse receiving gate.
EVT-0000720,SHP-00130,LOC-BLR-03,VEH-1390,Unloading,2026-08-23 22:01:00,2026-08-23 23:14:00,73,RSN-06,Completed,Cargo de-palletized and verified against airway bill.
EVT-0000721,SHP-00131,LOC-BOM-01,VEH-1077,Warehouse Entry,2026-08-29 12:22:00,2026-08-29 12:31:00,9,,Completed,Consignment arrived at Mumbai Bhiwandi Mega Fulfillment Center inbound gate.
EVT-0000722,SHP-00131,LOC-BOM-01,VEH-1077,Loading,2026-08-29 13:24:00,2026-08-29 14:07:00,43,RSN-05,Completed,Pallets secured and loaded onto vehicle VEH-1077.
EVT-0000723,SHP-00131,LOC-BOM-01,VEH-1077,Departure,2026-08-29 14:15:00,2026-08-29 15:03:00,48,RSN-01,Delayed,Vehicle departed origin bay with manifest seal.
EVT-0000724,SHP-00131,LOC-MAA-02,VEH-1077,Arrival,2026-08-30 15:58:00,2026-08-30 16:46:00,48,RSN-02,Delayed,Vehicle docked at Chennai Madhavaram Transshipment Hub receiving gate.
EVT-0000725,SHP-00131,LOC-MAA-02,VEH-1077,Unloading,2026-08-30 16:28:00,2026-08-30 17:27:00,59,RSN-06,Completed,Cargo de-palletized and verified against airway bill.
EVT-0000726,SHP-00132,LOC-BOM-01,VEH-1041,Warehouse Entry,2026-08-26 14:53:00,2026-08-26 14:53:00,0,,Completed,Consignment arrived at Mumbai Bhiwandi Mega Fulfillment Center inbound gate.
EVT-0000727,SHP-00132,LOC-BOM-01,VEH-1041,Loading,2026-08-26 15:55:00,2026-08-26 15:55:00,0,,Completed,Pallets secured and loaded onto vehicle VEH-1041.
EVT-0000728,SHP-00132,LOC-BOM-01,VEH-1041,Departure,2026-08-26 16:45:00,2026-08-26 16:45:00,0,,Completed,Vehicle departed origin bay with manifest seal.
EVT-0000729,SHP-00132,LOC-BOM-01,VEH-1041,Inspection,2026-08-27 02:36:00,2026-08-27 02:36:00,0,,Completed,Highway checkpoint FASTag and e-way bill scanning completed.
EVT-0000730,SHP-00132,LOC-HYD-02,VEH-1041,Arrival,2026-08-27 12:27:00,2026-08-27 12:27:00,0,,Completed,Vehicle docked at Hyderabad Medchal Regional Warehouse receiving gate.
EVT-0000731,SHP-00132,LOC-HYD-02,VEH-1041,Unloading,2026-08-27 12:57:00,2026-08-27 13:04:00,7,,Completed,Cargo de-palletized and verified against airway bill.
EVT-0000732,SHP-00133,LOC-DEL-02,VEH-1142,Warehouse Entry,2026-08-11 14:46:00,2026-08-11 14:46:00,0,,Completed,Consignment arrived at Okhla Transshipment Hub inbound gate.
EVT-0000733,SHP-00133,LOC-DEL-02,VEH-1142,Loading,2026-08-11 16:04:00,2026-08-11 16:04:00,0,,Completed,Pallets secured and loaded onto vehicle VEH-1142.
EVT-0000734,SHP-00133,LOC-DEL-02,VEH-1142,Departure,2026-08-11 16:45:00,2026-08-11 16:45:00,0,,Completed,Vehicle departed origin bay with manifest seal.
EVT-0000735,SHP-00133,LOC-DEL-01,VEH-1142,Arrival,2026-08-11 19:06:00,2026-08-11 19:06:00,0,,Completed,Vehicle docked at Delhi Central Fulfillment Center receiving gate.
EVT-0000736,SHP-00133,LOC-DEL-01,VEH-1142,Unloading,2026-08-11 19:36:00,2026-08-11 19:43:00,7,,Completed,Cargo de-palletized and verified against airway bill.
EVT-0000737,SHP-00134,LOC-MAA-01,VEH-1411,Warehouse Entry,2026-08-09 16:57:00,2026-08-09 16:57:00,0,,Completed,Consignment arrived at Chennai Sriperumbudur Distribution Center inbound gate.
EVT-0000738,SHP-00134,LOC-MAA-01,VEH-1411,Loading,2026-08-09 17:52:00,2026-08-09 17:52:00,0,,Completed,Pallets secured and loaded onto vehicle VEH-1411.
EVT-0000739,SHP-00134,LOC-MAA-01,VEH-1411,Departure,2026-08-09 18:45:00,2026-08-09 18:45:00,0,,Completed,Vehicle departed origin bay with manifest seal.
EVT-0000740,SHP-00134,LOC-MAA-01,VEH-1411,Inspection,2026-08-10 18:33:00,2026-08-10 18:52:00,19,RSN-02,Completed,Highway checkpoint FASTag and e-way bill scanning completed.
EVT-0000741,SHP-00134,LOC-JAI-02,VEH-1411,Arrival,2026-08-11 18:21:00,2026-08-11 18:59:00,38,RSN-04,Delayed,Vehicle docked at Jaipur VKI Cross-Dock Hub receiving gate.
EVT-0000742,SHP-00134,LOC-JAI-02,VEH-1411,Unloading,2026-08-11 18:51:00,2026-08-11 19:41:00,50,RSN-06,Completed,Cargo de-palletized and verified against airway bill.
EVT-0000743,SHP-00135,LOC-DEL-01,VEH-1107,Warehouse Entry,2026-08-16 18:18:00,2026-08-16 18:18:00,0,,Completed,Consignment arrived at Delhi Central Fulfillment Center inbound gate.
EVT-0000744,SHP-00135,LOC-DEL-01,VEH-1107,Loading,2026-08-16 19:29:00,2026-08-16 19:29:00,0,,Completed,Pallets secured and loaded onto vehicle VEH-1107.
EVT-0000745,SHP-00135,LOC-DEL-01,VEH-1107,Departure,2026-08-16 20:15:00,2026-08-16 20:15:00,0,,Completed,Vehicle departed origin bay with manifest seal.
EVT-0000746,SHP-00135,LOC-DEL-01,VEH-1107,Inspection,2026-08-18 01:14:00,2026-08-18 01:14:00,0,,Completed,Highway checkpoint FASTag and e-way bill scanning completed.
EVT-0000747,SHP-00135,LOC-CJB-01,VEH-1107,Arrival,2026-08-19 06:13:00,2026-08-19 06:13:00,0,,Completed,Vehicle docked at Coimbatore Peelamedu Distribution Center receiving gate.
EVT-0000748,SHP-00135,LOC-CJB-01,VEH-1107,Unloading,2026-08-19 06:43:00,2026-08-19 06:41:00,0,,Completed,Cargo de-palletized and verified against airway bill.
EVT-0000749,SHP-00136,LOC-BLR-01,VEH-1136,Warehouse Entry,2026-08-02 06:39:00,2026-08-02 06:45:00,6,,Completed,Consignment arrived at Bengaluru Nelamangala Mega Fulfillment Center inbound gate.
EVT-0000750,SHP-00136,LOC-BLR-01,VEH-1136,Loading,2026-08-02 07:34:00,2026-08-02 07:39:00,5,,Completed,Pallets secured and loaded onto vehicle VEH-1136.
EVT-0000751,SHP-00136,LOC-BLR-01,VEH-1136,Departure,2026-08-02 08:30:00,2026-08-02 08:37:00,7,,Completed,Vehicle departed origin bay with manifest seal.
EVT-0000752,SHP-00136,LOC-BDQ-01,VEH-1136,Arrival,2026-08-03 18:50:00,2026-08-03 19:00:00,10,,Completed,Vehicle docked at Vadodara Makarpura Transport Center receiving gate.
EVT-0000753,SHP-00136,LOC-BDQ-01,VEH-1136,Unloading,2026-08-03 19:20:00,2026-08-03 19:44:00,24,,Completed,Cargo de-palletized and verified against airway bill.
EVT-0000754,SHP-00137,LOC-BLR-02,VEH-1591,Warehouse Entry,2026-08-31 14:19:00,2026-08-31 14:19:00,0,,Completed,Consignment arrived at Bengaluru Hoskote Cross-Dock Terminal inbound gate.
EVT-0000755,SHP-00137,LOC-BLR-02,VEH-1591,Loading,2026-08-31 15:05:00,2026-08-31 15:05:00,0,,Completed,Pallets secured and loaded onto vehicle VEH-1591.
EVT-0000756,SHP-00137,LOC-BLR-02,VEH-1591,Departure,2026-08-31 16:00:00,2026-08-31 16:00:00,0,,Completed,Vehicle departed origin bay with manifest seal.
EVT-0000757,SHP-00137,LOC-BLR-02,VEH-1591,Inspection,2026-09-01 09:15:00,2026-09-01 09:15:00,0,,Completed,Highway checkpoint FASTag and e-way bill scanning completed.
EVT-0000758,SHP-00137,LOC-IDR-01,VEH-1591,Arrival,2026-09-02 02:30:00,2026-09-02 02:30:00,0,,Completed,Vehicle docked at Indore Pithampur Logistics Park receiving gate.
EVT-0000759,SHP-00137,LOC-IDR-01,VEH-1591,Unloading,2026-09-02 03:00:00,2026-09-02 03:12:00,12,,Completed,Cargo de-palletized and verified against airway bill.
EVT-0000760,SHP-00138,LOC-HYD-01,VEH-1572,Warehouse Entry,2026-08-02 04:17:00,2026-08-02 04:29:00,12,,Completed,Consignment arrived at Hyderabad Shamshabad Cargo Logistics Hub inbound gate.
EVT-0000761,SHP-00138,LOC-HYD-01,VEH-1572,Loading,2026-08-02 05:34:00,2026-08-02 05:55:00,21,RSN-05,Completed,Pallets secured and loaded onto vehicle VEH-1572.
EVT-0000762,SHP-00138,LOC-HYD-01,VEH-1572,Departure,2026-08-02 06:15:00,2026-08-02 07:10:00,55,RSN-04,Delayed,Vehicle departed origin bay with manifest seal.
EVT-0000763,SHP-00138,LOC-JAI-01,VEH-1572,Arrival,2026-08-03 17:06:00,2026-08-03 18:07:00,61,RSN-04,Delayed,Vehicle docked at Jaipur Sitapura Regional Warehouse receiving gate.
EVT-0000764,SHP-00138,LOC-JAI-01,VEH-1572,Unloading,2026-08-03 17:36:00,2026-08-03 18:50:00,74,RSN-06,Completed,Cargo de-palletized and verified against airway bill.
EVT-0000765,SHP-00139,LOC-GUR-01,VEH-1388,Warehouse Entry,2026-08-02 20:43:00,2026-08-02 20:43:00,0,,Completed,Consignment arrived at Gurugram Express Logistics Park inbound gate.
EVT-0000766,SHP-00139,LOC-GUR-01,VEH-1388,Loading,2026-08-02 21:35:00,2026-08-02 21:35:00,0,,Completed,Pallets secured and loaded onto vehicle VEH-1388.
EVT-0000767,SHP-00139,LOC-GUR-01,VEH-1388,Departure,2026-08-02 22:15:00,2026-08-02 22:15:00,0,,Completed,Vehicle departed origin bay with manifest seal.
EVT-0000768,SHP-00139,LOC-MAA-02,VEH-1388,Arrival,2026-08-04 22:57:00,2026-08-04 22:57:00,0,,Completed,Vehicle docked at Chennai Madhavaram Transshipment Hub receiving gate.
EVT-0000769,SHP-00139,LOC-MAA-02,VEH-1388,Unloading,2026-08-04 23:27:00,2026-08-04 23:29:00,2,,Completed,Cargo de-palletized and verified against airway bill.
EVT-0000770,SHP-00140,LOC-AMD-01,VEH-1532,Warehouse Entry,2026-08-03 18:55:00,2026-08-03 19:01:00,6,,Completed,Consignment arrived at Ahmedabad Changodar Regional Warehouse inbound gate.
EVT-0000771,SHP-00140,LOC-AMD-01,VEH-1532,Loading,2026-08-03 19:52:00,2026-08-03 19:52:00,0,,Completed,Pallets secured and loaded onto vehicle VEH-1532.
EVT-0000772,SHP-00140,LOC-AMD-01,VEH-1532,Departure,2026-08-03 20:45:00,2026-08-03 20:51:00,6,,Completed,Vehicle departed origin bay with manifest seal.
EVT-0000773,SHP-00140,LOC-AMD-01,VEH-1532,Inspection,2026-08-04 07:38:30,2026-08-04 07:45:30,7,,Completed,Highway checkpoint FASTag and e-way bill scanning completed.
EVT-0000774,SHP-00140,LOC-GUR-01,VEH-1532,Arrival,2026-08-04 18:32:00,2026-08-04 18:40:00,8,,Completed,Vehicle docked at Gurugram Express Logistics Park receiving gate.
EVT-0000775,SHP-00140,LOC-GUR-01,VEH-1532,Unloading,2026-08-04 19:02:00,2026-08-04 19:07:00,5,,Completed,Cargo de-palletized and verified against airway bill.
EVT-0000776,SHP-00141,LOC-DEL-01,VEH-1493,Warehouse Entry,2026-08-01 06:50:00,2026-08-01 06:50:00,0,,Completed,Consignment arrived at Delhi Central Fulfillment Center inbound gate.
EVT-0000777,SHP-00141,LOC-DEL-01,VEH-1493,Loading,2026-08-01 07:43:00,2026-08-01 07:43:00,0,,Completed,Pallets secured and loaded onto vehicle VEH-1493.
EVT-0000778,SHP-00141,LOC-DEL-01,VEH-1493,Departure,2026-08-01 08:30:00,2026-08-01 08:31:00,1,,Completed,Vehicle departed origin bay with manifest seal.
EVT-0000779,SHP-00141,LOC-DEL-01,VEH-1493,Inspection,2026-08-01 09:50:30,2026-08-01 09:53:00,2,,Completed,Highway checkpoint FASTag and e-way bill scanning completed.
EVT-0000780,SHP-00141,LOC-NOI-01,VEH-1493,Arrival,2026-08-01 11:11:00,2026-08-01 11:15:00,4,,Completed,Vehicle docked at Noida Sector-62 Distribution Hub receiving gate.
EVT-0000781,SHP-00141,LOC-NOI-01,VEH-1493,Unloading,2026-08-01 11:41:00,2026-08-01 11:52:00,11,,Completed,Cargo de-palletized and verified against airway bill.
EVT-0000782,SHP-00142,LOC-PNQ-01,VEH-1056,Warehouse Entry,2026-08-11 20:52:00,2026-08-11 20:52:00,0,,Completed,Consignment arrived at Pune Chakan Automotive Logistics Hub inbound gate.
EVT-0000783,SHP-00142,LOC-PNQ-01,VEH-1056,Loading,2026-08-11 21:55:00,2026-08-11 21:55:00,0,,Completed,Pallets secured and loaded onto vehicle VEH-1056.
EVT-0000784,SHP-00142,LOC-PNQ-01,VEH-1056,Departure,2026-08-11 22:45:00,2026-08-11 22:45:00,0,,Completed,Vehicle departed origin bay with manifest seal.
EVT-0000785,SHP-00142,LOC-PNQ-01,VEH-1056,Inspection,2026-08-12 00:58:00,2026-08-12 00:58:00,0,,Completed,Highway checkpoint FASTag and e-way bill scanning completed.
EVT-0000786,SHP-00142,LOC-BOM-02,VEH-1056,Arrival,2026-08-12 03:11:00,2026-08-12 03:11:00,0,,Completed,Vehicle docked at Navi Mumbai JNPT Cross-Docking Terminal receiving gate.
EVT-0000787,SHP-00142,LOC-BOM-02,VEH-1056,Unloading,2026-08-12 03:41:00,2026-08-12 03:41:00,0,,Completed,Cargo de-palletized and verified against airway bill.
EVT-0000788,SHP-00143,LOC-NOI-01,VEH-1228,Warehouse Entry,2026-08-27 12:33:00,2026-08-27 12:33:00,0,,Completed,Consignment arrived at Noida Sector-62 Distribution Hub inbound gate.
EVT-0000789,SHP-00143,LOC-NOI-01,VEH-1228,Loading,2026-08-27 13:37:00,2026-08-27 13:37:00,0,,Completed,Pallets secured and loaded onto vehicle VEH-1228.
EVT-0000790,SHP-00143,LOC-NOI-01,VEH-1228,Departure,2026-08-27 14:30:00,2026-08-27 14:30:00,0,,Completed,Vehicle departed origin bay with manifest seal.
EVT-0000791,SHP-00143,LOC-NOI-01,VEH-1228,Inspection,2026-08-28 12:21:00,2026-08-28 12:21:00,0,,Completed,Highway checkpoint FASTag and e-way bill scanning completed.
EVT-0000792,SHP-00143,LOC-MAA-02,VEH-1228,Arrival,2026-08-29 10:12:00,2026-08-29 10:12:00,0,,Completed,Vehicle docked at Chennai Madhavaram Transshipment Hub receiving gate.
EVT-0000793,SHP-00143,LOC-MAA-02,VEH-1228,Unloading,2026-08-29 10:42:00,2026-08-29 10:40:00,0,,Completed,Cargo de-palletized and verified against airway bill.
EVT-0000794,SHP-00144,LOC-BDQ-01,VEH-1420,Warehouse Entry,2026-08-07 10:01:00,2026-08-07 10:03:00,2,,Completed,Consignment arrived at Vadodara Makarpura Transport Center inbound gate.
EVT-0000795,SHP-00144,LOC-BDQ-01,VEH-1420,Loading,2026-08-07 11:03:00,2026-08-07 13:19:00,136,RSN-05,Completed,Pallets secured and loaded onto vehicle VEH-1420.
EVT-0000796,SHP-00144,LOC-BDQ-01,VEH-1420,Departure,2026-08-07 12:00:00,2026-08-07 14:33:00,153,RSN-12,Delayed,Vehicle departed origin bay with manifest seal.
EVT-0000797,SHP-00144,LOC-BDQ-01,VEH-1420,Inspection,2026-08-07 20:55:30,2026-08-07 23:31:00,155,RSN-18,Completed,Highway checkpoint FASTag and e-way bill scanning completed.
EVT-0000798,SHP-00144,LOC-JAI-01,VEH-1420,Arrival,2026-08-08 05:51:00,2026-08-08 08:29:00,158,RSN-12,Delayed,Vehicle docked at Jaipur Sitapura Regional Warehouse receiving gate.
EVT-0000799,SHP-00144,LOC-JAI-01,VEH-1420,Unloading,2026-08-08 06:21:00,2026-08-08 08:58:00,157,RSN-06,Completed,Cargo de-palletized and verified against airway bill.
EVT-0000800,SHP-00145,LOC-AMD-01,VEH-1111,Warehouse Entry,2026-08-30 07:12:00,2026-08-30 07:12:00,0,,Completed,Consignment arrived at Ahmedabad Changodar Regional Warehouse inbound gate.
EVT-0000801,SHP-00145,LOC-AMD-01,VEH-1111,Loading,2026-08-30 07:50:00,2026-08-30 07:50:00,0,,Completed,Pallets secured and loaded onto vehicle VEH-1111.
EVT-0000802,SHP-00145,LOC-AMD-01,VEH-1111,Departure,2026-08-30 08:45:00,2026-08-30 08:45:00,0,,Completed,Vehicle departed origin bay with manifest seal.
EVT-0000803,SHP-00145,LOC-BLR-03,VEH-1111,Arrival,2026-08-31 19:31:00,2026-08-31 19:31:00,0,,Completed,Vehicle docked at Bengaluru Electronic City Regional Warehouse receiving gate.
EVT-0000804,SHP-00145,LOC-BLR-03,VEH-1111,Unloading,2026-08-31 20:01:00,2026-08-31 20:14:00,13,,Completed,Cargo de-palletized and verified against airway bill.
EVT-0000805,SHP-00146,LOC-PNQ-01,VEH-1050,Warehouse Entry,2026-08-27 18:33:00,2026-08-27 18:33:00,0,,Completed,Consignment arrived at Pune Chakan Automotive Logistics Hub inbound gate.
EVT-0000806,SHP-00146,LOC-PNQ-01,VEH-1050,Loading,2026-08-27 19:30:00,2026-08-27 19:30:00,0,,Completed,Pallets secured and loaded onto vehicle VEH-1050.
EVT-0000807,SHP-00146,LOC-PNQ-01,VEH-1050,Departure,2026-08-27 20:15:00,2026-08-27 20:15:00,0,,Completed,Vehicle departed origin bay with manifest seal.
EVT-0000808,SHP-00146,LOC-PNQ-01,VEH-1050,Inspection,2026-08-28 11:37:30,2026-08-28 11:37:30,0,,Completed,Highway checkpoint FASTag and e-way bill scanning completed.
EVT-0000809,SHP-00146,LOC-DEL-01,VEH-1050,Arrival,2026-08-29 03:00:00,2026-08-29 03:00:00,0,,Completed,Vehicle docked at Delhi Central Fulfillment Center receiving gate.
EVT-0000810,SHP-00146,LOC-DEL-01,VEH-1050,Unloading,2026-08-29 03:30:00,2026-08-29 03:40:00,10,,Completed,Cargo de-palletized and verified against airway bill.
EVT-0000811,SHP-00147,LOC-JAI-01,VEH-1388,Warehouse Entry,2026-08-14 10:55:00,2026-08-14 10:55:00,0,,Completed,Consignment arrived at Jaipur Sitapura Regional Warehouse inbound gate.
EVT-0000812,SHP-00147,LOC-JAI-01,VEH-1388,Loading,2026-08-14 11:34:00,2026-08-14 11:37:00,3,,Completed,Pallets secured and loaded onto vehicle VEH-1388.
EVT-0000813,SHP-00147,LOC-JAI-01,VEH-1388,Departure,2026-08-14 12:30:00,2026-08-14 12:36:00,6,,Completed,Vehicle departed origin bay with manifest seal.
EVT-0000814,SHP-00147,LOC-JAI-01,VEH-1388,Inspection,2026-08-14 16:27:30,2026-08-14 16:47:00,19,RSN-02,Completed,Highway checkpoint FASTag and e-way bill scanning completed.
EVT-0000815,SHP-00147,LOC-NOI-01,VEH-1388,Arrival,2026-08-14 20:25:00,2026-08-14 20:58:00,33,RSN-09,Delayed,Vehicle docked at Noida Sector-62 Distribution Hub receiving gate.
EVT-0000816,SHP-00147,LOC-NOI-01,VEH-1388,Unloading,2026-08-14 20:55:00,2026-08-14 21:29:00,34,RSN-06,Completed,Cargo de-palletized and verified against airway bill.
EVT-0000817,SHP-00148,LOC-BLR-01,VEH-1589,Warehouse Entry,2026-08-18 14:43:00,2026-08-18 14:54:00,11,,Completed,Consignment arrived at Bengaluru Nelamangala Mega Fulfillment Center inbound gate.
EVT-0000818,SHP-00148,LOC-BLR-01,VEH-1589,Loading,2026-08-18 15:21:00,2026-08-18 16:18:00,57,RSN-05,Completed,Pallets secured and loaded onto vehicle VEH-1589.
EVT-0000819,SHP-00148,LOC-BLR-01,VEH-1589,Departure,2026-08-18 16:15:00,2026-08-18 18:10:00,115,RSN-05,Delayed,Vehicle departed origin bay with manifest seal.
EVT-0000820,SHP-00148,LOC-BLR-01,VEH-1589,Inspection,2026-08-19 14:04:00,2026-08-19 15:56:30,112,RSN-18,Completed,Highway checkpoint FASTag and e-way bill scanning completed.
EVT-0000821,SHP-00148,LOC-JAI-01,VEH-1589,Arrival,2026-08-20 11:53:00,2026-08-20 13:43:00,110,RSN-09,Delayed,Vehicle docked at Jaipur Sitapura Regional Warehouse receiving gate.
EVT-0000822,SHP-00148,LOC-JAI-01,VEH-1589,Unloading,2026-08-20 12:23:00,2026-08-20 14:21:00,118,RSN-06,Completed,Cargo de-palletized and verified against airway bill.
EVT-0000823,SHP-00149,LOC-BLR-01,VEH-1183,Warehouse Entry,2026-08-21 14:28:00,2026-08-21 14:32:00,4,,Completed,Consignment arrived at Bengaluru Nelamangala Mega Fulfillment Center inbound gate.
EVT-0000824,SHP-00149,LOC-BLR-01,VEH-1183,Loading,2026-08-21 15:06:00,2026-08-21 15:56:00,50,RSN-05,Completed,Pallets secured and loaded onto vehicle VEH-1183.
EVT-0000825,SHP-00149,LOC-BLR-01,VEH-1183,Departure,2026-08-21 16:00:00,2026-08-21 16:50:00,50,RSN-12,Delayed,Vehicle departed origin bay with manifest seal.
EVT-0000826,SHP-00149,LOC-BLR-03,VEH-1183,Arrival,2026-08-21 19:05:00,2026-08-21 20:01:00,56,RSN-12,Delayed,Vehicle docked at Bengaluru Electronic City Regional Warehouse receiving gate.
EVT-0000827,SHP-00149,LOC-BLR-03,VEH-1183,Unloading,2026-08-21 19:35:00,2026-08-21 20:45:00,70,RSN-06,Completed,Cargo de-palletized and verified against airway bill.
EVT-0000828,SHP-00150,LOC-HYD-01,VEH-1547,Warehouse Entry,2026-08-26 04:30:00,2026-08-26 04:32:00,2,,Completed,Consignment arrived at Hyderabad Shamshabad Cargo Logistics Hub inbound gate.
EVT-0000829,SHP-00150,LOC-HYD-01,VEH-1547,Loading,2026-08-26 05:04:00,2026-08-26 05:06:00,2,,Completed,Pallets secured and loaded onto vehicle VEH-1547.
EVT-0000830,SHP-00150,LOC-HYD-01,VEH-1547,Departure,2026-08-26 06:00:00,2026-08-26 06:05:00,5,,Completed,Vehicle departed origin bay with manifest seal.
EVT-0000831,SHP-00150,LOC-HYD-01,VEH-1547,Inspection,2026-08-26 13:28:30,2026-08-26 13:49:30,21,RSN-02,Completed,Highway checkpoint FASTag and e-way bill scanning completed.
EVT-0000832,SHP-00150,LOC-BLR-02,VEH-1547,Arrival,2026-08-26 20:57:00,2026-08-26 21:34:00,37,RSN-09,Delayed,Vehicle docked at Bengaluru Hoskote Cross-Dock Terminal receiving gate.
EVT-0000833,SHP-00150,LOC-BLR-02,VEH-1547,Unloading,2026-08-26 21:27:00,2026-08-26 22:13:00,46,RSN-06,Completed,Cargo de-palletized and verified against airway bill.
EVT-0000834,SHP-00151,LOC-DEL-01,VEH-1165,Warehouse Entry,2026-08-09 08:17:00,2026-08-09 08:17:00,0,,Completed,Consignment arrived at Delhi Central Fulfillment Center inbound gate.
EVT-0000835,SHP-00151,LOC-DEL-01,VEH-1165,Loading,2026-08-09 09:01:00,2026-08-09 09:01:00,0,,Completed,Pallets secured and loaded onto vehicle VEH-1165.
EVT-0000836,SHP-00151,LOC-DEL-01,VEH-1165,Departure,2026-08-09 10:00:00,2026-08-09 10:00:00,0,,Completed,Vehicle departed origin bay with manifest seal.
EVT-0000837,SHP-00151,LOC-DEL-01,VEH-1165,Inspection,2026-08-09 14:26:30,2026-08-09 14:26:30,0,,Completed,Highway checkpoint FASTag and e-way bill scanning completed.
EVT-0000838,SHP-00151,LOC-IXC-01,VEH-1165,Arrival,2026-08-09 18:53:00,2026-08-09 18:53:00,0,,Completed,Vehicle docked at Chandigarh Industrial Distribution Center receiving gate.
EVT-0000839,SHP-00151,LOC-IXC-01,VEH-1165,Unloading,2026-08-09 19:23:00,2026-08-09 19:23:00,0,,Completed,Cargo de-palletized and verified against airway bill.
EVT-0000840,SHP-00152,LOC-DEL-02,VEH-1464,Warehouse Entry,2026-08-24 20:38:00,2026-08-24 20:39:00,1,,Completed,Consignment arrived at Okhla Transshipment Hub inbound gate.
EVT-0000841,SHP-00152,LOC-DEL-02,VEH-1464,Loading,2026-08-24 21:16:00,2026-08-24 21:45:00,29,RSN-05,Completed,Pallets secured and loaded onto vehicle VEH-1464.
EVT-0000842,SHP-00152,LOC-DEL-02,VEH-1464,Departure,2026-08-24 22:15:00,2026-08-24 23:11:00,56,RSN-12,Delayed,Vehicle departed origin bay with manifest seal.
EVT-0000843,SHP-00152,LOC-DEL-02,VEH-1464,Inspection,2026-08-25 13:15:30,2026-08-25 14:10:30,55,RSN-18,Completed,Highway checkpoint FASTag and e-way bill scanning completed.
EVT-0000844,SHP-00152,LOC-PNQ-01,VEH-1464,Arrival,2026-08-26 04:16:00,2026-08-26 05:10:00,54,RSN-12,Delayed,Vehicle docked at Pune Chakan Automotive Logistics Hub receiving gate.
EVT-0000845,SHP-00152,LOC-PNQ-01,VEH-1464,Unloading,2026-08-26 04:46:00,2026-08-26 05:41:00,55,RSN-06,Completed,Cargo de-palletized and verified against airway bill.
EVT-0000846,SHP-00153,LOC-JAI-01,VEH-1295,Warehouse Entry,2026-08-30 17:14:00,2026-08-30 17:14:00,0,,Completed,Consignment arrived at Jaipur Sitapura Regional Warehouse inbound gate.
EVT-0000847,SHP-00153,LOC-JAI-01,VEH-1295,Loading,2026-08-30 17:58:00,2026-08-30 17:58:00,0,,Completed,Pallets secured and loaded onto vehicle VEH-1295.
EVT-0000848,SHP-00153,LOC-JAI-01,VEH-1295,Departure,2026-08-30 18:45:00,2026-08-30 18:45:00,0,,Completed,Vehicle departed origin bay with manifest seal.
EVT-0000849,SHP-00153,LOC-JAI-01,VEH-1295,Inspection,2026-08-31 08:57:00,2026-08-31 08:57:00,0,,Completed,Highway checkpoint FASTag and e-way bill scanning completed.
EVT-0000850,SHP-00153,LOC-HYD-01,VEH-1295,Arrival,2026-08-31 23:09:00,2026-08-31 23:09:00,0,,Completed,Vehicle docked at Hyderabad Shamshabad Cargo Logistics Hub receiving gate.
EVT-0000851,SHP-00153,LOC-HYD-01,VEH-1295,Unloading,2026-08-31 23:39:00,2026-08-31 23:41:00,2,,Completed,Cargo de-palletized and verified against airway bill.
EVT-0000852,SHP-00154,LOC-DEL-02,VEH-1258,Warehouse Entry,2026-08-27 10:36:00,2026-08-27 10:36:00,0,,Completed,Consignment arrived at Okhla Transshipment Hub inbound gate.
EVT-0000853,SHP-00154,LOC-DEL-02,VEH-1258,Loading,2026-08-27 11:42:00,2026-08-27 11:42:00,0,,Completed,Pallets secured and loaded onto vehicle VEH-1258.
EVT-0000854,SHP-00154,LOC-DEL-02,VEH-1258,Departure,2026-08-27 12:30:00,2026-08-27 12:31:00,1,,Completed,Vehicle departed origin bay with manifest seal.
EVT-0000855,SHP-00154,LOC-DEL-02,VEH-1258,Inspection,2026-08-27 13:45:00,2026-08-27 13:58:30,13,,Completed,Highway checkpoint FASTag and e-way bill scanning completed.
EVT-0000856,SHP-00154,LOC-DEL-01,VEH-1258,Arrival,2026-08-27 15:00:00,2026-08-27 15:26:00,26,RSN-04,Delayed,Vehicle docked at Delhi Central Fulfillment Center receiving gate.
EVT-0000857,SHP-00154,LOC-DEL-01,VEH-1258,Unloading,2026-08-27 15:30:00,2026-08-27 16:09:00,39,RSN-06,Completed,Cargo de-palletized and verified against airway bill.
EVT-0000858,SHP-00155,LOC-IXC-01,VEH-1199,Warehouse Entry,2026-08-22 06:41:00,2026-08-22 06:50:00,9,,Completed,Consignment arrived at Chandigarh Industrial Distribution Center inbound gate.
EVT-0000859,SHP-00155,LOC-IXC-01,VEH-1199,Loading,2026-08-22 07:24:00,2026-08-22 07:40:00,16,RSN-05,Completed,Pallets secured and loaded onto vehicle VEH-1199.
EVT-0000860,SHP-00155,LOC-IXC-01,VEH-1199,Departure,2026-08-22 08:15:00,2026-08-22 08:31:00,16,RSN-12,Delayed,Vehicle departed origin bay with manifest seal.
EVT-0000861,SHP-00155,LOC-MAA-02,VEH-1199,Arrival,2026-08-24 21:43:00,2026-08-24 22:05:00,22,RSN-12,Delayed,Vehicle docked at Chennai Madhavaram Transshipment Hub receiving gate.
EVT-0000862,SHP-00155,LOC-MAA-02,VEH-1199,Unloading,2026-08-24 22:13:00,2026-08-24 22:43:00,30,,Completed,Cargo de-palletized and verified against airway bill.
EVT-0000863,SHP-00156,LOC-DEL-01,VEH-1134,Warehouse Entry,2026-08-01 14:51:00,2026-08-01 15:00:00,9,,Completed,Consignment arrived at Delhi Central Fulfillment Center inbound gate.
EVT-0000864,SHP-00156,LOC-DEL-01,VEH-1134,Loading,2026-08-01 15:49:00,2026-08-01 16:19:00,30,RSN-05,Completed,Pallets secured and loaded onto vehicle VEH-1134.
EVT-0000865,SHP-00156,LOC-DEL-01,VEH-1134,Departure,2026-08-01 16:45:00,2026-08-01 19:15:00,150,RSN-05,Delayed,Vehicle departed origin bay with manifest seal.
EVT-0000866,SHP-00156,LOC-AMD-02,VEH-1134,Arrival,2026-08-02 15:50:00,2026-08-02 18:22:00,152,RSN-09,Delayed,Vehicle docked at Ahmedabad Sanand Distribution Center receiving gate.
EVT-0000867,SHP-00156,LOC-AMD-02,VEH-1134,Unloading,2026-08-02 16:20:00,2026-08-02 18:51:00,151,RSN-06,Completed,Cargo de-palletized and verified against airway bill.
EVT-0000868,SHP-00157,LOC-MAA-01,VEH-1641,Warehouse Entry,2026-08-10 18:50:00,2026-08-10 18:50:00,0,,Completed,Consignment arrived at Chennai Sriperumbudur Distribution Center inbound gate.
EVT-0000869,SHP-00157,LOC-MAA-01,VEH-1641,Loading,2026-08-10 19:44:00,2026-08-10 19:44:00,0,,Completed,Pallets secured and loaded onto vehicle VEH-1641.
EVT-0000870,SHP-00157,LOC-MAA-01,VEH-1641,Departure,2026-08-10 20:30:00,2026-08-10 20:30:00,0,,Completed,Vehicle departed origin bay with manifest seal.
EVT-0000871,SHP-00157,LOC-CCU-02,VEH-1641,Arrival,2026-08-12 11:28:00,2026-08-12 11:28:00,0,,Completed,Vehicle docked at Howrah Freight Consolidation Center receiving gate.
EVT-0000872,SHP-00157,LOC-CCU-02,VEH-1641,Unloading,2026-08-12 11:58:00,2026-08-12 12:06:00,8,,Completed,Cargo de-palletized and verified against airway bill.
EVT-0000873,SHP-00158,LOC-BLR-01,VEH-1518,Warehouse Entry,2026-08-18 16:05:00,2026-08-18 16:05:00,0,,Completed,Consignment arrived at Bengaluru Nelamangala Mega Fulfillment Center inbound gate.
EVT-0000874,SHP-00158,LOC-BLR-01,VEH-1518,Loading,2026-08-18 17:02:00,2026-08-18 17:02:00,0,,Completed,Pallets secured and loaded onto vehicle VEH-1518.
EVT-0000875,SHP-00158,LOC-BLR-01,VEH-1518,Departure,2026-08-18 18:00:00,2026-08-18 18:00:00,0,,Completed,Vehicle departed origin bay with manifest seal.
EVT-0000876,SHP-00158,LOC-BLR-01,VEH-1518,Inspection,2026-08-19 08:17:00,2026-08-19 08:17:00,0,,Completed,Highway checkpoint FASTag and e-way bill scanning completed.
EVT-0000877,SHP-00158,LOC-IDR-01,VEH-1518,Arrival,2026-08-19 22:34:00,2026-08-19 22:34:00,0,,Completed,Vehicle docked at Indore Pithampur Logistics Park receiving gate.
EVT-0000878,SHP-00158,LOC-IDR-01,VEH-1518,Unloading,2026-08-19 23:04:00,2026-08-19 23:15:00,11,,Completed,Cargo de-palletized and verified against airway bill.
EVT-0000879,SHP-00159,LOC-MAA-01,VEH-1224,Warehouse Entry,2026-08-17 18:16:00,2026-08-17 18:16:00,0,,Completed,Consignment arrived at Chennai Sriperumbudur Distribution Center inbound gate.
EVT-0000880,SHP-00159,LOC-MAA-01,VEH-1224,Loading,2026-08-17 19:20:00,2026-08-17 19:20:00,0,,Completed,Pallets secured and loaded onto vehicle VEH-1224.
EVT-0000881,SHP-00159,LOC-MAA-01,VEH-1224,Departure,2026-08-17 20:00:00,2026-08-17 20:00:00,0,,Completed,Vehicle departed origin bay with manifest seal.
EVT-0000882,SHP-00159,LOC-MAA-01,VEH-1224,Inspection,2026-08-18 11:24:30,2026-08-18 11:24:30,0,,Completed,Highway checkpoint FASTag and e-way bill scanning completed.
EVT-0000883,SHP-00159,LOC-PNQ-01,VEH-1224,Arrival,2026-08-19 02:49:00,2026-08-19 02:49:00,0,,Completed,Vehicle docked at Pune Chakan Automotive Logistics Hub receiving gate.
EVT-0000884,SHP-00159,LOC-PNQ-01,VEH-1224,Unloading,2026-08-19 03:19:00,2026-08-19 03:19:00,0,,Completed,Cargo de-palletized and verified against airway bill.
EVT-0000885,SHP-00160,LOC-AMD-01,VEH-1329,Warehouse Entry,2026-08-13 12:56:00,2026-08-13 13:08:00,12,,Completed,Consignment arrived at Ahmedabad Changodar Regional Warehouse inbound gate.
EVT-0000886,SHP-00160,LOC-AMD-01,VEH-1329,Loading,2026-08-13 13:44:00,2026-08-13 14:00:00,16,RSN-05,Completed,Pallets secured and loaded onto vehicle VEH-1329.
EVT-0000887,SHP-00160,LOC-AMD-01,VEH-1329,Departure,2026-08-13 14:30:00,2026-08-13 14:53:00,23,RSN-01,Delayed,Vehicle departed origin bay with manifest seal.
EVT-0000888,SHP-00160,LOC-AMD-01,VEH-1329,Inspection,2026-08-14 01:00:30,2026-08-14 01:25:30,25,RSN-02,Completed,Highway checkpoint FASTag and e-way bill scanning completed.
EVT-0000889,SHP-00160,LOC-DEL-02,VEH-1329,Arrival,2026-08-14 11:31:00,2026-08-14 11:58:00,27,RSN-02,Delayed,Vehicle docked at Okhla Transshipment Hub receiving gate.
EVT-0000890,SHP-00160,LOC-DEL-02,VEH-1329,Unloading,2026-08-14 12:01:00,2026-08-14 12:25:00,24,,Completed,Cargo de-palletized and verified against airway bill.
EVT-0000891,SHP-00161,LOC-JAI-01,VEH-1044,Warehouse Entry,2026-08-07 14:14:00,2026-08-07 14:17:00,3,,Completed,Consignment arrived at Jaipur Sitapura Regional Warehouse inbound gate.
EVT-0000892,SHP-00161,LOC-JAI-01,VEH-1044,Loading,2026-08-07 15:04:00,2026-08-07 15:06:00,2,,Completed,Pallets secured and loaded onto vehicle VEH-1044.
EVT-0000893,SHP-00161,LOC-JAI-01,VEH-1044,Departure,2026-08-07 16:00:00,2026-08-07 16:04:00,4,,Completed,Vehicle departed origin bay with manifest seal.
EVT-0000894,SHP-00161,LOC-JAI-01,VEH-1044,Inspection,2026-08-08 02:46:30,2026-08-08 03:00:30,14,,Completed,Highway checkpoint FASTag and e-way bill scanning completed.
EVT-0000895,SHP-00161,LOC-STV-01,VEH-1044,Arrival,2026-08-08 13:33:00,2026-08-08 13:57:00,24,RSN-09,Delayed,Vehicle docked at Surat Sachin Industrial Logistics Hub receiving gate.
EVT-0000896,SHP-00161,LOC-STV-01,VEH-1044,Unloading,2026-08-08 14:03:00,2026-08-08 14:32:00,29,,Completed,Cargo de-palletized and verified against airway bill.
EVT-0000897,SHP-00162,LOC-MAA-02,VEH-1008,Warehouse Entry,2026-08-22 11:05:00,2026-08-22 11:05:00,0,,Completed,Consignment arrived at Chennai Madhavaram Transshipment Hub inbound gate.
EVT-0000898,SHP-00162,LOC-MAA-02,VEH-1008,Loading,2026-08-22 12:00:00,2026-08-22 12:04:00,4,,Completed,Pallets secured and loaded onto vehicle VEH-1008.
EVT-0000899,SHP-00162,LOC-MAA-02,VEH-1008,Departure,2026-08-22 12:45:00,2026-08-22 12:51:00,6,,Completed,Vehicle departed origin bay with manifest seal.
EVT-0000900,SHP-00162,LOC-NAG-01,VEH-1008,Arrival,2026-08-23 12:32:00,2026-08-23 13:18:00,46,RSN-04,Delayed,Vehicle docked at Nagpur MIHAN Multi-Modal Logistics Hub receiving gate.
EVT-0000901,SHP-00162,LOC-NAG-01,VEH-1008,Unloading,2026-08-23 13:02:00,2026-08-23 13:47:00,45,RSN-06,Completed,Cargo de-palletized and verified against airway bill.
EVT-0000902,SHP-00163,LOC-HYD-01,VEH-1074,Warehouse Entry,2026-08-01 18:33:00,2026-08-01 18:33:00,0,,Completed,Consignment arrived at Hyderabad Shamshabad Cargo Logistics Hub inbound gate.
EVT-0000903,SHP-00163,LOC-HYD-01,VEH-1074,Loading,2026-08-01 19:42:00,2026-08-01 19:44:00,2,,Completed,Pallets secured and loaded onto vehicle VEH-1074.
EVT-0000904,SHP-00163,LOC-HYD-01,VEH-1074,Departure,2026-08-01 20:30:00,2026-08-01 20:36:00,6,,Completed,Vehicle departed origin bay with manifest seal.
EVT-0000905,SHP-00163,LOC-BLR-01,VEH-1074,Arrival,2026-08-02 10:46:00,2026-08-02 10:54:00,8,,Completed,Vehicle docked at Bengaluru Nelamangala Mega Fulfillment Center receiving gate.
EVT-0000906,SHP-00163,LOC-BLR-01,VEH-1074,Unloading,2026-08-02 11:16:00,2026-08-02 11:25:00,9,,Completed,Cargo de-palletized and verified against airway bill.
EVT-0000907,SHP-00164,LOC-CCU-01,VEH-1589,Warehouse Entry,2026-08-14 16:59:00,2026-08-14 16:59:00,0,,Completed,Consignment arrived at Kolkata Dankuni Mega Logistics Hub inbound gate.
EVT-0000908,SHP-00164,LOC-CCU-01,VEH-1589,Loading,2026-08-14 17:51:00,2026-08-14 17:51:00,0,,Completed,Pallets secured and loaded onto vehicle VEH-1589.
EVT-0000909,SHP-00164,LOC-CCU-01,VEH-1589,Departure,2026-08-14 18:45:00,2026-08-14 18:45:00,0,,Completed,Vehicle departed origin bay with manifest seal.
EVT-0000910,SHP-00164,LOC-NAG-01,VEH-1589,Arrival,2026-08-15 23:03:00,2026-08-15 23:03:00,0,,Completed,Vehicle docked at Nagpur MIHAN Multi-Modal Logistics Hub receiving gate.
EVT-0000911,SHP-00164,LOC-NAG-01,VEH-1589,Unloading,2026-08-15 23:33:00,2026-08-15 23:48:00,15,,Completed,Cargo de-palletized and verified against airway bill.
EVT-0000912,SHP-00165,LOC-HYD-01,VEH-1634,Warehouse Entry,2026-08-02 06:50:00,2026-08-02 06:51:00,1,,Completed,Consignment arrived at Hyderabad Shamshabad Cargo Logistics Hub inbound gate.
EVT-0000913,SHP-00165,LOC-HYD-01,VEH-1634,Loading,2026-08-02 07:34:00,2026-08-02 07:35:00,1,,Completed,Pallets secured and loaded onto vehicle VEH-1634.
EVT-0000914,SHP-00165,LOC-HYD-01,VEH-1634,Departure,2026-08-02 08:30:00,2026-08-02 08:31:00,1,,Completed,Vehicle departed origin bay with manifest seal.
EVT-0000915,SHP-00165,LOC-HYD-01,VEH-1634,Inspection,2026-08-02 15:50:30,2026-08-02 16:04:30,14,,Completed,Highway checkpoint FASTag and e-way bill scanning completed.
EVT-0000916,SHP-00165,LOC-BLR-02,VEH-1634,Arrival,2026-08-02 23:11:00,2026-08-02 23:38:00,27,RSN-02,Delayed,Vehicle docked at Bengaluru Hoskote Cross-Dock Terminal receiving gate.
EVT-0000917,SHP-00165,LOC-BLR-02,VEH-1634,Unloading,2026-08-02 23:41:00,2026-08-03 00:05:00,24,,Completed,Cargo de-palletized and verified against airway bill.
EVT-0000918,SHP-00166,LOC-CCU-01,VEH-1289,Warehouse Entry,2026-08-13 16:26:00,2026-08-13 16:29:00,3,,Completed,Consignment arrived at Kolkata Dankuni Mega Logistics Hub inbound gate.
EVT-0000919,SHP-00166,LOC-CCU-01,VEH-1289,Loading,2026-08-13 17:07:00,2026-08-13 17:07:00,0,,Completed,Pallets secured and loaded onto vehicle VEH-1289.
EVT-0000920,SHP-00166,LOC-CCU-01,VEH-1289,Departure,2026-08-13 18:00:00,2026-08-13 18:09:00,9,,Completed,Vehicle departed origin bay with manifest seal.
EVT-0000921,SHP-00166,LOC-CCU-02,VEH-1289,Arrival,2026-08-13 20:08:00,2026-08-13 20:19:00,11,,Completed,Vehicle docked at Howrah Freight Consolidation Center receiving gate.
EVT-0000922,SHP-00166,LOC-CCU-02,VEH-1289,Unloading,2026-08-13 20:38:00,2026-08-13 20:52:00,14,,Completed,Cargo de-palletized and verified against airway bill.
EVT-0000923,SHP-00167,LOC-HYD-01,VEH-1178,Warehouse Entry,2026-08-12 04:41:00,2026-08-12 04:51:00,10,,Completed,Consignment arrived at Hyderabad Shamshabad Cargo Logistics Hub inbound gate.
EVT-0000924,SHP-00167,LOC-HYD-01,VEH-1178,Loading,2026-08-12 05:20:00,2026-08-12 05:29:00,9,,Completed,Pallets secured and loaded onto vehicle VEH-1178.
EVT-0000925,SHP-00167,LOC-HYD-01,VEH-1178,Departure,2026-08-12 06:15:00,2026-08-12 06:38:00,23,RSN-12,Delayed,Vehicle departed origin bay with manifest seal.
EVT-0000926,SHP-00167,LOC-CJB-01,VEH-1178,Arrival,2026-08-12 23:54:00,2026-08-13 00:16:00,22,RSN-12,Delayed,Vehicle docked at Coimbatore Peelamedu Distribution Center receiving gate.
EVT-0000927,SHP-00167,LOC-CJB-01,VEH-1178,Unloading,2026-08-13 00:24:00,2026-08-13 00:45:00,21,,Completed,Cargo de-palletized and verified against airway bill.
EVT-0000928,SHP-00168,LOC-HYD-01,VEH-1088,Warehouse Entry,2026-08-07 16:23:00,2026-08-07 16:23:00,0,,Completed,Consignment arrived at Hyderabad Shamshabad Cargo Logistics Hub inbound gate.
EVT-0000929,SHP-00168,LOC-HYD-01,VEH-1088,Loading,2026-08-07 17:24:00,2026-08-07 17:24:00,0,,Completed,Pallets secured and loaded onto vehicle VEH-1088.
EVT-0000930,SHP-00168,LOC-HYD-01,VEH-1088,Departure,2026-08-07 18:15:00,2026-08-07 18:15:00,0,,Completed,Vehicle departed origin bay with manifest seal.
EVT-0000931,SHP-00168,LOC-NAG-01,VEH-1088,Arrival,2026-08-08 07:04:00,2026-08-08 07:04:00,0,,Completed,Vehicle docked at Nagpur MIHAN Multi-Modal Logistics Hub receiving gate.
EVT-0000932,SHP-00168,LOC-NAG-01,VEH-1088,Unloading,2026-08-08 07:34:00,2026-08-08 07:45:00,11,,Completed,Cargo de-palletized and verified against airway bill.
EVT-0000933,SHP-00169,LOC-CCU-01,VEH-1186,Warehouse Entry,2026-08-28 04:47:00,2026-08-28 04:47:00,0,,Completed,Consignment arrived at Kolkata Dankuni Mega Logistics Hub inbound gate.
EVT-0000934,SHP-00169,LOC-CCU-01,VEH-1186,Loading,2026-08-28 05:58:00,2026-08-28 06:00:00,2,,Completed,Pallets secured and loaded onto vehicle VEH-1186.
EVT-0000935,SHP-00169,LOC-CCU-01,VEH-1186,Departure,2026-08-28 06:45:00,2026-08-28 06:51:00,6,,Completed,Vehicle departed origin bay with manifest seal.
EVT-0000936,SHP-00169,LOC-CCU-01,VEH-1186,Inspection,2026-08-29 00:55:30,2026-08-29 01:03:00,7,,Completed,Highway checkpoint FASTag and e-way bill scanning completed.
EVT-0000937,SHP-00169,LOC-IXC-01,VEH-1186,Arrival,2026-08-29 19:06:00,2026-08-29 19:15:00,9,,Completed,Vehicle docked at Chandigarh Industrial Distribution Center receiving gate.
EVT-0000938,SHP-00169,LOC-IXC-01,VEH-1186,Unloading,2026-08-29 19:36:00,2026-08-29 19:45:00,9,,Completed,Cargo de-palletized and verified against airway bill.
EVT-0000939,SHP-00170,LOC-BOM-01,VEH-1203,Warehouse Entry,2026-08-31 14:54:00,2026-08-31 14:55:00,1,,Completed,Consignment arrived at Mumbai Bhiwandi Mega Fulfillment Center inbound gate.
EVT-0000940,SHP-00170,LOC-BOM-01,VEH-1203,Loading,2026-08-31 15:40:00,2026-08-31 15:41:00,1,,Completed,Pallets secured and loaded onto vehicle VEH-1203.
EVT-0000941,SHP-00170,LOC-BOM-01,VEH-1203,Departure,2026-08-31 16:30:00,2026-08-31 16:32:00,2,,Completed,Vehicle departed origin bay with manifest seal.
EVT-0000942,SHP-00170,LOC-LKO-02,VEH-1203,Arrival,2026-09-02 00:50:00,2026-09-02 01:22:00,32,RSN-09,Delayed,Vehicle docked at Lucknow Sarojini Nagar Fulfillment Center receiving gate.
EVT-0000943,SHP-00170,LOC-LKO-02,VEH-1203,Unloading,2026-09-02 01:20:00,2026-09-02 02:00:00,40,RSN-06,Completed,Cargo de-palletized and verified against airway bill.
EVT-0000944,SHP-00171,LOC-BOM-01,VEH-1498,Warehouse Entry,2026-08-22 12:24:00,2026-08-22 12:24:00,0,,Completed,Consignment arrived at Mumbai Bhiwandi Mega Fulfillment Center inbound gate.
EVT-0000945,SHP-00171,LOC-BOM-01,VEH-1498,Loading,2026-08-22 13:31:00,2026-08-22 13:31:00,0,,Completed,Pallets secured and loaded onto vehicle VEH-1498.
EVT-0000946,SHP-00171,LOC-BOM-01,VEH-1498,Departure,2026-08-22 14:15:00,2026-08-22 14:15:00,0,,Completed,Vehicle departed origin bay with manifest seal.
EVT-0000947,SHP-00171,LOC-IXC-01,VEH-1498,Arrival,2026-08-24 01:47:00,2026-08-24 01:47:00,0,,Completed,Vehicle docked at Chandigarh Industrial Distribution Center receiving gate.
EVT-0000948,SHP-00171,LOC-IXC-01,VEH-1498,Unloading,2026-08-24 02:17:00,2026-08-24 02:18:00,1,,Completed,Cargo de-palletized and verified against airway bill.
EVT-0000949,SHP-00172,LOC-AMD-02,VEH-1321,Warehouse Entry,2026-08-23 16:37:00,2026-08-23 16:38:00,1,,Completed,Consignment arrived at Ahmedabad Sanand Distribution Center inbound gate.
EVT-0000950,SHP-00172,LOC-AMD-02,VEH-1321,Loading,2026-08-23 17:31:00,2026-08-23 17:33:00,2,,Completed,Pallets secured and loaded onto vehicle VEH-1321.
EVT-0000951,SHP-00172,LOC-AMD-02,VEH-1321,Departure,2026-08-23 18:30:00,2026-08-23 18:46:00,16,RSN-12,Delayed,Vehicle departed origin bay with manifest seal.
EVT-0000952,SHP-00172,LOC-AMD-02,VEH-1321,Inspection,2026-08-24 02:34:30,2026-08-24 02:50:00,15,,Completed,Highway checkpoint FASTag and e-way bill scanning completed.
EVT-0000953,SHP-00172,LOC-JAI-02,VEH-1321,Arrival,2026-08-24 10:39:00,2026-08-24 10:54:00,15,,Completed,Vehicle docked at Jaipur VKI Cross-Dock Hub receiving gate.
EVT-0000954,SHP-00172,LOC-JAI-02,VEH-1321,Unloading,2026-08-24 11:09:00,2026-08-24 11:37:00,28,,Completed,Cargo de-palletized and verified against airway bill.
EVT-0000955,SHP-00173,LOC-MAA-01,VEH-1541,Warehouse Entry,2026-08-16 20:21:00,2026-08-16 20:21:00,0,,Completed,Consignment arrived at Chennai Sriperumbudur Distribution Center inbound gate.
EVT-0000956,SHP-00173,LOC-MAA-01,VEH-1541,Loading,2026-08-16 21:04:00,2026-08-16 21:43:00,39,RSN-05,Completed,Pallets secured and loaded onto vehicle VEH-1541.
EVT-0000957,SHP-00173,LOC-MAA-01,VEH-1541,Departure,2026-08-16 22:00:00,2026-08-16 23:11:00,71,RSN-05,Delayed,Vehicle departed origin bay with manifest seal.
EVT-0000958,SHP-00173,LOC-MAA-01,VEH-1541,Inspection,2026-08-17 17:03:00,2026-08-17 18:14:30,71,RSN-18,Completed,Highway checkpoint FASTag and e-way bill scanning completed.
EVT-0000959,SHP-00173,LOC-BDQ-01,VEH-1541,Arrival,2026-08-18 12:06:00,2026-08-18 13:18:00,72,RSN-09,Delayed,Vehicle docked at Vadodara Makarpura Transport Center receiving gate.
EVT-0000960,SHP-00173,LOC-BDQ-01,VEH-1541,Unloading,2026-08-18 12:36:00,2026-08-18 14:00:00,84,RSN-06,Completed,Cargo de-palletized and verified against airway bill.
EVT-0000961,SHP-00174,LOC-CJB-01,VEH-1552,Warehouse Entry,2026-08-03 06:07:00,2026-08-03 06:07:00,0,,Completed,Consignment arrived at Coimbatore Peelamedu Distribution Center inbound gate.
EVT-0000962,SHP-00174,LOC-CJB-01,VEH-1552,Loading,2026-08-03 07:09:00,2026-08-03 07:09:00,0,,Completed,Pallets secured and loaded onto vehicle VEH-1552.
EVT-0000963,SHP-00174,LOC-CJB-01,VEH-1552,Departure,2026-08-03 08:00:00,2026-08-03 08:00:00,0,,Completed,Vehicle departed origin bay with manifest seal.
EVT-0000964,SHP-00174,LOC-HYD-02,VEH-1552,Arrival,2026-08-04 10:27:00,2026-08-04 10:27:00,0,,Completed,Vehicle docked at Hyderabad Medchal Regional Warehouse receiving gate.
EVT-0000965,SHP-00174,LOC-HYD-02,VEH-1552,Unloading,2026-08-04 10:57:00,2026-08-04 11:08:00,11,,Completed,Cargo de-palletized and verified against airway bill.
EVT-0000966,SHP-00175,LOC-CCU-01,VEH-1605,Warehouse Entry,2026-08-18 13:15:00,2026-08-18 13:15:00,0,,Completed,Consignment arrived at Kolkata Dankuni Mega Logistics Hub inbound gate.
EVT-0000967,SHP-00175,LOC-CCU-01,VEH-1605,Loading,2026-08-18 13:46:00,2026-08-18 13:46:00,0,,Completed,Pallets secured and loaded onto vehicle VEH-1605.
EVT-0000968,SHP-00175,LOC-CCU-01,VEH-1605,Departure,2026-08-18 14:45:00,2026-08-18 14:45:00,0,,Completed,Vehicle departed origin bay with manifest seal.
EVT-0000969,SHP-00175,LOC-AMD-01,VEH-1605,Arrival,2026-08-20 09:31:00,2026-08-20 09:31:00,0,,Completed,Vehicle docked at Ahmedabad Changodar Regional Warehouse receiving gate.
EVT-0000970,SHP-00175,LOC-AMD-01,VEH-1605,Unloading,2026-08-20 10:01:00,2026-08-20 09:56:00,0,,Completed,Cargo de-palletized and verified against airway bill.
EVT-0000971,SHP-00176,LOC-CCU-01,VEH-1584,Warehouse Entry,2026-08-12 20:04:00,2026-08-12 20:11:00,7,,Completed,Consignment arrived at Kolkata Dankuni Mega Logistics Hub inbound gate.
EVT-0000972,SHP-00176,LOC-CCU-01,VEH-1584,Loading,2026-08-12 21:16:00,2026-08-12 22:11:00,55,RSN-05,Completed,Pallets secured and loaded onto vehicle VEH-1584.
EVT-0000973,SHP-00176,LOC-CCU-01,VEH-1584,Departure,2026-08-12 22:00:00,2026-08-12 23:37:00,97,RSN-01,Delayed,Vehicle departed origin bay with manifest seal.
EVT-0000974,SHP-00176,LOC-CCU-01,VEH-1584,Inspection,2026-08-13 17:27:30,2026-08-13 19:04:30,97,RSN-18,Completed,Highway checkpoint FASTag and e-way bill scanning completed.
EVT-0000975,SHP-00176,LOC-JAI-01,VEH-1584,Arrival,2026-08-14 12:55:00,2026-08-14 14:32:00,97,RSN-01,Delayed,Vehicle docked at Jaipur Sitapura Regional Warehouse receiving gate.
EVT-0000976,SHP-00176,LOC-JAI-01,VEH-1584,Unloading,2026-08-14 13:25:00,2026-08-14 15:02:00,97,RSN-06,Completed,Cargo de-palletized and verified against airway bill.
EVT-0000977,SHP-00177,LOC-JAI-01,VEH-1184,Warehouse Entry,2026-08-22 08:51:00,2026-08-22 08:54:00,3,,Completed,Consignment arrived at Jaipur Sitapura Regional Warehouse inbound gate.
EVT-0000978,SHP-00177,LOC-JAI-01,VEH-1184,Loading,2026-08-22 09:53:00,2026-08-22 09:53:00,0,,Completed,Pallets secured and loaded onto vehicle VEH-1184.
EVT-0000979,SHP-00177,LOC-JAI-01,VEH-1184,Departure,2026-08-22 10:45:00,2026-08-22 12:25:00,100,RSN-04,Delayed,Vehicle departed origin bay with manifest seal.
EVT-0000980,SHP-00177,LOC-JAI-01,VEH-1184,Inspection,2026-08-22 23:25:00,2026-08-23 01:05:00,100,RSN-18,Completed,Highway checkpoint FASTag and e-way bill scanning completed.
EVT-0000981,SHP-00177,LOC-STV-01,VEH-1184,Arrival,2026-08-23 12:05:00,2026-08-23 13:45:00,100,RSN-04,Delayed,Vehicle docked at Surat Sachin Industrial Logistics Hub receiving gate.
EVT-0000982,SHP-00177,LOC-STV-01,VEH-1184,Unloading,2026-08-23 12:35:00,2026-08-23 14:23:00,108,RSN-06,Completed,Cargo de-palletized and verified against airway bill.
EVT-0000983,SHP-00178,LOC-PNQ-01,VEH-1271,Warehouse Entry,2026-08-22 10:36:00,2026-08-22 10:36:00,0,,Completed,Consignment arrived at Pune Chakan Automotive Logistics Hub inbound gate.
EVT-0000984,SHP-00178,LOC-PNQ-01,VEH-1271,Loading,2026-08-22 11:31:00,2026-08-22 11:31:00,0,,Completed,Pallets secured and loaded onto vehicle VEH-1271.
EVT-0000985,SHP-00178,LOC-PNQ-01,VEH-1271,Departure,2026-08-22 12:30:00,2026-08-22 12:30:00,0,,Completed,Vehicle departed origin bay with manifest seal.
EVT-0000986,SHP-00178,LOC-LKO-01,VEH-1271,Arrival,2026-08-24 03:47:00,2026-08-24 03:47:00,0,,Completed,Vehicle docked at Lucknow Transport Nagar Hub receiving gate.
EVT-0000987,SHP-00178,LOC-LKO-01,VEH-1271,Unloading,2026-08-24 04:17:00,2026-08-24 04:21:00,4,,Completed,Cargo de-palletized and verified against airway bill.
EVT-0000988,SHP-00179,LOC-DEL-02,VEH-1106,Warehouse Entry,2026-08-21 12:53:00,2026-08-21 12:53:00,0,,Completed,Consignment arrived at Okhla Transshipment Hub inbound gate.
EVT-0000989,SHP-00179,LOC-DEL-02,VEH-1106,Loading,2026-08-21 13:40:00,2026-08-21 13:40:00,0,,Completed,Pallets secured and loaded onto vehicle VEH-1106.
EVT-0000990,SHP-00179,LOC-DEL-02,VEH-1106,Departure,2026-08-21 14:30:00,2026-08-21 14:30:00,0,,Completed,Vehicle departed origin bay with manifest seal.
EVT-0000991,SHP-00179,LOC-DEL-02,VEH-1106,Inspection,2026-08-22 14:31:30,2026-08-22 14:31:30,0,,Completed,Highway checkpoint FASTag and e-way bill scanning completed.
EVT-0000992,SHP-00179,LOC-BLR-01,VEH-1106,Arrival,2026-08-23 14:33:00,2026-08-23 14:33:00,0,,Completed,Vehicle docked at Bengaluru Nelamangala Mega Fulfillment Center receiving gate.
EVT-0000993,SHP-00179,LOC-BLR-01,VEH-1106,Unloading,2026-08-23 15:03:00,2026-08-23 14:58:00,0,,Completed,Cargo de-palletized and verified against airway bill.
EVT-0000994,SHP-00180,LOC-HYD-01,VEH-1080,Warehouse Entry,2026-08-30 11:00:00,2026-08-30 11:00:00,0,,Completed,Consignment arrived at Hyderabad Shamshabad Cargo Logistics Hub inbound gate.
EVT-0000995,SHP-00180,LOC-HYD-01,VEH-1080,Loading,2026-08-30 11:45:00,2026-08-30 11:45:00,0,,Completed,Pallets secured and loaded onto vehicle VEH-1080.
EVT-0000996,SHP-00180,LOC-HYD-01,VEH-1080,Departure,2026-08-30 12:45:00,2026-08-30 12:45:00,0,,Completed,Vehicle departed origin bay with manifest seal.
EVT-0000997,SHP-00180,LOC-PNQ-01,VEH-1080,Arrival,2026-08-31 03:26:00,2026-08-31 03:26:00,0,,Completed,Vehicle docked at Pune Chakan Automotive Logistics Hub receiving gate.
EVT-0000998,SHP-00180,LOC-PNQ-01,VEH-1080,Unloading,2026-08-31 03:56:00,2026-08-31 03:52:00,0,,Completed,Cargo de-palletized and verified against airway bill.
EVT-0000999,SHP-00181,LOC-CCU-02,VEH-1143,Warehouse Entry,2026-08-03 20:49:00,2026-08-03 21:03:00,14,,Completed,Consignment arrived at Howrah Freight Consolidation Center inbound gate.
EVT-0001000,SHP-00181,LOC-CCU-02,VEH-1143,Loading,2026-08-03 21:44:00,2026-08-03 22:41:00,57,RSN-05,Completed,Pallets secured and loaded onto vehicle VEH-1143.
EVT-0001001,SHP-00181,LOC-CCU-02,VEH-1143,Departure,2026-08-03 22:30:00,2026-08-04 01:19:00,169,RSN-07,Delayed,Vehicle departed origin bay with manifest seal.
EVT-0001002,SHP-00181,LOC-DEL-01,VEH-1143,Arrival,2026-08-05 13:40:00,2026-08-05 16:37:00,177,RSN-09,Delayed,Vehicle docked at Delhi Central Fulfillment Center receiving gate.
EVT-0001003,SHP-00181,LOC-DEL-01,VEH-1143,Unloading,2026-08-05 14:10:00,2026-08-05 17:11:00,181,RSN-06,Completed,Cargo de-palletized and verified against airway bill.
EVT-0001004,SHP-00182,LOC-BOM-01,VEH-1425,Warehouse Entry,2026-08-16 18:56:00,2026-08-16 18:56:00,0,,Completed,Consignment arrived at Mumbai Bhiwandi Mega Fulfillment Center inbound gate.
EVT-0001005,SHP-00182,LOC-BOM-01,VEH-1425,Loading,2026-08-16 19:53:00,2026-08-16 19:53:00,0,,Completed,Pallets secured and loaded onto vehicle VEH-1425.
EVT-0001006,SHP-00182,LOC-BOM-01,VEH-1425,Departure,2026-08-16 20:45:00,2026-08-16 20:45:00,0,,Completed,Vehicle departed origin bay with manifest seal.
EVT-0001007,SHP-00182,LOC-BLR-02,VEH-1425,Arrival,2026-08-17 23:06:00,2026-08-17 23:06:00,0,,Completed,Vehicle docked at Bengaluru Hoskote Cross-Dock Terminal receiving gate.
EVT-0001008,SHP-00182,LOC-BLR-02,VEH-1425,Unloading,2026-08-17 23:36:00,2026-08-17 23:51:00,15,,Completed,Cargo de-palletized and verified against airway bill.
EVT-0001009,SHP-00183,LOC-HYD-01,VEH-1045,Warehouse Entry,2026-08-06 08:27:00,2026-08-06 08:27:00,0,,Completed,Consignment arrived at Hyderabad Shamshabad Cargo Logistics Hub inbound gate.
EVT-0001010,SHP-00183,LOC-HYD-01,VEH-1045,Loading,2026-08-06 09:10:00,2026-08-06 09:10:00,0,,Completed,Pallets secured and loaded onto vehicle VEH-1045.
EVT-0001011,SHP-00183,LOC-HYD-01,VEH-1045,Departure,2026-08-06 10:00:00,2026-08-06 10:00:00,0,,Completed,Vehicle departed origin bay with manifest seal.
EVT-0001012,SHP-00183,LOC-HYD-01,VEH-1045,Inspection,2026-08-07 07:08:00,2026-08-07 07:08:00,0,,Completed,Highway checkpoint FASTag and e-way bill scanning completed.
EVT-0001013,SHP-00183,LOC-DEL-01,VEH-1045,Arrival,2026-08-08 04:16:00,2026-08-08 04:16:00,0,,Completed,Vehicle docked at Delhi Central Fulfillment Center receiving gate.
EVT-0001014,SHP-00183,LOC-DEL-01,VEH-1045,Unloading,2026-08-08 04:46:00,2026-08-08 05:00:00,14,,Completed,Cargo de-palletized and verified against airway bill.
EVT-0001015,SHP-00184,LOC-CCU-01,VEH-1416,Warehouse Entry,2026-08-21 04:44:00,2026-08-21 04:44:00,0,,Completed,Consignment arrived at Kolkata Dankuni Mega Logistics Hub inbound gate.
EVT-0001016,SHP-00184,LOC-CCU-01,VEH-1416,Loading,2026-08-21 05:40:00,2026-08-21 05:40:00,0,,Completed,Pallets secured and loaded onto vehicle VEH-1416.
EVT-0001017,SHP-00184,LOC-CCU-01,VEH-1416,Departure,2026-08-21 06:30:00,2026-08-21 06:30:00,0,,Completed,Vehicle departed origin bay with manifest seal.
EVT-0001018,SHP-00184,LOC-CCU-01,VEH-1416,Inspection,2026-08-22 00:49:30,2026-08-22 00:49:30,0,,Completed,Highway checkpoint FASTag and e-way bill scanning completed.
EVT-0001019,SHP-00184,LOC-JAI-02,VEH-1416,Arrival,2026-08-22 19:09:00,2026-08-22 19:09:00,0,,Completed,Vehicle docked at Jaipur VKI Cross-Dock Hub receiving gate.
EVT-0001020,SHP-00184,LOC-JAI-02,VEH-1416,Unloading,2026-08-22 19:39:00,2026-08-22 19:41:00,2,,Completed,Cargo de-palletized and verified against airway bill.
EVT-0001021,SHP-00185,LOC-PNQ-01,VEH-1190,Warehouse Entry,2026-08-20 08:16:00,2026-08-20 08:17:00,1,,Completed,Consignment arrived at Pune Chakan Automotive Logistics Hub inbound gate.
EVT-0001022,SHP-00185,LOC-PNQ-01,VEH-1190,Loading,2026-08-20 09:17:00,2026-08-20 10:56:00,99,RSN-05,Completed,Pallets secured and loaded onto vehicle VEH-1190.
EVT-0001023,SHP-00185,LOC-PNQ-01,VEH-1190,Departure,2026-08-20 10:15:00,2026-08-20 12:59:00,164,RSN-12,Delayed,Vehicle departed origin bay with manifest seal.
EVT-0001024,SHP-00185,LOC-PNQ-01,VEH-1190,Inspection,2026-08-20 23:51:00,2026-08-21 02:35:30,164,RSN-18,Completed,Highway checkpoint FASTag and e-way bill scanning completed.
EVT-0001025,SHP-00185,LOC-CJB-01,VEH-1190,Arrival,2026-08-21 13:27:00,2026-08-21 16:12:00,165,RSN-12,Delayed,Vehicle docked at Coimbatore Peelamedu Distribution Center receiving gate.
EVT-0001026,SHP-00185,LOC-CJB-01,VEH-1190,Unloading,2026-08-21 13:57:00,2026-08-21 16:48:00,171,RSN-06,Completed,Cargo de-palletized and verified against airway bill.
EVT-0001027,SHP-00186,LOC-MAA-01,VEH-1605,Warehouse Entry,2026-08-13 08:02:00,2026-08-13 08:02:00,0,,Completed,Consignment arrived at Chennai Sriperumbudur Distribution Center inbound gate.
EVT-0001028,SHP-00186,LOC-MAA-01,VEH-1605,Loading,2026-08-13 09:15:00,2026-08-13 09:15:00,0,,Completed,Pallets secured and loaded onto vehicle VEH-1605.
EVT-0001029,SHP-00186,LOC-MAA-01,VEH-1605,Departure,2026-08-13 10:00:00,2026-08-13 10:00:00,0,,Completed,Vehicle departed origin bay with manifest seal.
EVT-0001030,SHP-00186,LOC-STV-01,VEH-1605,Arrival,2026-08-14 16:42:00,2026-08-14 16:42:00,0,,Completed,Vehicle docked at Surat Sachin Industrial Logistics Hub receiving gate.
EVT-0001031,SHP-00186,LOC-STV-01,VEH-1605,Unloading,2026-08-14 17:12:00,2026-08-14 17:25:00,13,,Completed,Cargo de-palletized and verified against airway bill.
EVT-0001032,SHP-00187,LOC-IDR-01,VEH-1155,Warehouse Entry,2026-08-16 04:19:00,2026-08-16 04:30:00,11,,Completed,Consignment arrived at Indore Pithampur Logistics Park inbound gate.
EVT-0001033,SHP-00187,LOC-IDR-01,VEH-1155,Loading,2026-08-16 05:01:00,2026-08-16 05:31:00,30,RSN-05,Completed,Pallets secured and loaded onto vehicle VEH-1155.
EVT-0001034,SHP-00187,LOC-IDR-01,VEH-1155,Departure,2026-08-16 06:00:00,2026-08-16 07:19:00,79,RSN-12,Delayed,Vehicle departed origin bay with manifest seal.
EVT-0001035,SHP-00187,LOC-BLR-02,VEH-1155,Arrival,2026-08-17 14:01:00,2026-08-17 15:25:00,84,RSN-12,Delayed,Vehicle docked at Bengaluru Hoskote Cross-Dock Terminal receiving gate.
EVT-0001036,SHP-00187,LOC-BLR-02,VEH-1155,Unloading,2026-08-17 14:31:00,2026-08-17 15:53:00,82,RSN-06,Completed,Cargo de-palletized and verified against airway bill.
EVT-0001037,SHP-00188,LOC-NAG-01,VEH-1442,Warehouse Entry,2026-08-28 05:13:00,2026-08-28 05:20:00,7,,Completed,Consignment arrived at Nagpur MIHAN Multi-Modal Logistics Hub inbound gate.
EVT-0001038,SHP-00188,LOC-NAG-01,VEH-1442,Loading,2026-08-28 05:47:00,2026-08-28 06:02:00,15,,Completed,Pallets secured and loaded onto vehicle VEH-1442.
EVT-0001039,SHP-00188,LOC-NAG-01,VEH-1442,Departure,2026-08-28 06:45:00,2026-08-28 07:01:00,16,RSN-12,Delayed,Vehicle departed origin bay with manifest seal.
EVT-0001040,SHP-00188,LOC-HYD-02,VEH-1442,Arrival,2026-08-28 17:45:00,2026-08-28 18:11:00,26,RSN-12,Delayed,Vehicle docked at Hyderabad Medchal Regional Warehouse receiving gate.
EVT-0001041,SHP-00188,LOC-HYD-02,VEH-1442,Unloading,2026-08-28 18:15:00,2026-08-28 18:44:00,29,,Completed,Cargo de-palletized and verified against airway bill.
EVT-0001042,SHP-00189,LOC-BOM-01,VEH-1261,Warehouse Entry,2026-08-30 06:58:00,2026-08-30 06:58:00,0,,Completed,Consignment arrived at Mumbai Bhiwandi Mega Fulfillment Center inbound gate.
EVT-0001043,SHP-00189,LOC-BOM-01,VEH-1261,Loading,2026-08-30 07:36:00,2026-08-30 07:36:00,0,,Completed,Pallets secured and loaded onto vehicle VEH-1261.
EVT-0001044,SHP-00189,LOC-BOM-01,VEH-1261,Departure,2026-08-30 08:30:00,2026-08-30 08:30:00,0,,Completed,Vehicle departed origin bay with manifest seal.
EVT-0001045,SHP-00189,LOC-BOM-01,VEH-1261,Inspection,2026-08-30 14:52:30,2026-08-30 14:52:30,0,,Completed,Highway checkpoint FASTag and e-way bill scanning completed.
EVT-0001046,SHP-00189,LOC-AMD-02,VEH-1261,Arrival,2026-08-30 21:15:00,2026-08-30 21:15:00,0,,Completed,Vehicle docked at Ahmedabad Sanand Distribution Center receiving gate.
EVT-0001047,SHP-00189,LOC-AMD-02,VEH-1261,Unloading,2026-08-30 21:45:00,2026-08-30 21:47:00,2,,Completed,Cargo de-palletized and verified against airway bill.
EVT-0001048,SHP-00190,LOC-DEL-01,VEH-1008,Warehouse Entry,2026-08-17 05:13:00,2026-08-17 05:14:00,1,,Completed,Consignment arrived at Delhi Central Fulfillment Center inbound gate.
EVT-0001049,SHP-00190,LOC-DEL-01,VEH-1008,Loading,2026-08-17 05:46:00,2026-08-17 05:46:00,0,,Completed,Pallets secured and loaded onto vehicle VEH-1008.
EVT-0001050,SHP-00190,LOC-DEL-01,VEH-1008,Departure,2026-08-17 06:45:00,2026-08-17 06:46:00,1,,Completed,Vehicle departed origin bay with manifest seal.
EVT-0001051,SHP-00190,LOC-BLR-03,VEH-1008,Arrival,2026-08-19 03:40:00,2026-08-19 04:26:00,46,RSN-09,Delayed,Vehicle docked at Bengaluru Electronic City Regional Warehouse receiving gate.
EVT-0001052,SHP-00190,LOC-BLR-03,VEH-1008,Unloading,2026-08-19 04:10:00,2026-08-19 04:53:00,43,RSN-06,Completed,Cargo de-palletized and verified against airway bill.
EVT-0001053,SHP-00191,LOC-BOM-01,VEH-1280,Warehouse Entry,2026-08-14 14:44:00,2026-08-14 14:50:00,6,,Completed,Consignment arrived at Mumbai Bhiwandi Mega Fulfillment Center inbound gate.
EVT-0001054,SHP-00191,LOC-BOM-01,VEH-1280,Loading,2026-08-14 15:40:00,2026-08-14 17:17:00,97,RSN-05,Completed,Pallets secured and loaded onto vehicle VEH-1280.
EVT-0001055,SHP-00191,LOC-BOM-01,VEH-1280,Departure,2026-08-14 16:30:00,2026-08-14 18:59:00,149,RSN-12,Delayed,Vehicle departed origin bay with manifest seal.
EVT-0001056,SHP-00191,LOC-JAI-01,VEH-1280,Arrival,2026-08-15 17:55:00,2026-08-15 20:31:00,156,RSN-12,Delayed,Vehicle docked at Jaipur Sitapura Regional Warehouse receiving gate.
EVT-0001057,SHP-00191,LOC-JAI-01,VEH-1280,Unloading,2026-08-15 18:25:00,2026-08-15 21:07:00,162,RSN-06,Completed,Cargo de-palletized and verified against airway bill.
EVT-0001614,SHP-00292,LOC-IXC-01,VEH-1548,Warehouse Entry,2026-08-21 08:59:00,2026-08-21 09:02:00,3,,Completed,Consignment arrived at Chandigarh Industrial Distribution Center inbound gate.
EVT-0001615,SHP-00292,LOC-IXC-01,VEH-1548,Loading,2026-08-21 10:01:00,2026-08-21 10:41:00,40,RSN-05,Completed,Pallets secured and loaded onto vehicle VEH-1548.
EVT-0001616,SHP-00292,LOC-IXC-01,VEH-1548,Departure,2026-08-21 10:45:00,2026-08-21 12:38:00,113,RSN-07,Delayed,Vehicle departed origin bay with manifest seal.
EVT-0001617,SHP-00292,LOC-IXC-01,VEH-1548,Inspection,2026-08-22 04:42:30,2026-08-22 06:36:00,113,RSN-18,Completed,Highway checkpoint FASTag and e-way bill scanning completed.
EVT-0001618,SHP-00292,LOC-BOM-02,VEH-1548,Arrival,2026-08-22 22:40:00,2026-08-23 00:34:00,114,RSN-09,Delayed,Vehicle docked at Navi Mumbai JNPT Cross-Docking Terminal receiving gate.
EVT-0001619,SHP-00292,LOC-BOM-02,VEH-1548,Unloading,2026-08-22 23:10:00,2026-08-23 01:09:00,119,RSN-06,Completed,Cargo de-palletized and verified against airway bill.
EVT-0002712,SHP-00491,LOC-AMD-01,VEH-1039,Warehouse Entry,2026-08-12 07:10:00,2026-08-12 07:14:00,4,,Completed,Consignment arrived at Ahmedabad Changodar Regional Warehouse inbound gate.
EVT-0002713,SHP-00491,LOC-AMD-01,VEH-1039,Loading,2026-08-12 07:46:00,2026-08-12 07:53:00,7,,Completed,Pallets secured and loaded onto vehicle VEH-1039.
EVT-0002714,SHP-00491,LOC-AMD-01,VEH-1039,Departure,2026-08-12 08:45:00,2026-08-12 09:17:00,32,RSN-12,Delayed,Vehicle departed origin bay with manifest seal.
EVT-0002715,SHP-00491,LOC-STV-01,VEH-1039,Arrival,2026-08-12 15:33:00,2026-08-12 16:03:00,30,RSN-12,Delayed,Vehicle docked at Surat Sachin Industrial Logistics Hub receiving gate.
EVT-0002716,SHP-00491,LOC-STV-01,VEH-1039,Unloading,2026-08-12 16:03:00,2026-08-12 16:45:00,42,RSN-06,Completed,Cargo de-palletized and verified against airway bill.
EVT-0003083,SHP-00558,LOC-AMD-02,VEH-1125,Warehouse Entry,2026-08-25 06:56:00,2026-08-25 06:57:00,1,,Completed,Consignment arrived at Ahmedabad Sanand Distribution Center inbound gate.
EVT-0003084,SHP-00558,LOC-AMD-02,VEH-1125,Loading,2026-08-25 07:39:00,2026-08-25 07:44:00,5,,Completed,Pallets secured and loaded onto vehicle VEH-1125.
EVT-0003085,SHP-00558,LOC-AMD-02,VEH-1125,Departure,2026-08-25 08:30:00,2026-08-25 08:46:00,16,RSN-12,Delayed,Vehicle departed origin bay with manifest seal.
EVT-0003086,SHP-00558,LOC-MAA-02,VEH-1125,Arrival,2026-08-27 06:42:00,2026-08-27 07:01:00,19,RSN-12,Delayed,Vehicle docked at Chennai Madhavaram Transshipment Hub receiving gate.
EVT-0003087,SHP-00558,LOC-MAA-02,VEH-1125,Unloading,2026-08-27 07:12:00,2026-08-27 07:32:00,20,,Completed,Cargo de-palletized and verified against airway bill.
EVT-0004408,SHP-00799,LOC-CCU-02,VEH-1269,Warehouse Entry,2026-08-07 04:46:00,2026-08-07 04:50:00,4,,Completed,Consignment arrived at Howrah Freight Consolidation Center inbound gate.
EVT-0004409,SHP-00799,LOC-CCU-02,VEH-1269,Loading,2026-08-07 05:36:00,2026-08-07 08:42:00,186,RSN-05,Completed,Pallets secured and loaded onto vehicle VEH-1269.
EVT-0004410,SHP-00799,LOC-CCU-02,VEH-1269,Departure,2026-08-07 06:30:00,2026-08-07 09:45:00,195,RSN-01,Delayed,Vehicle departed origin bay with manifest seal.
EVT-0004411,SHP-00799,LOC-MAA-02,VEH-1269,Arrival,2026-08-09 05:31:00,2026-08-09 08:51:00,200,RSN-01,Delayed,Vehicle docked at Chennai Madhavaram Transshipment Hub receiving gate.
EVT-0004412,SHP-00799,LOC-MAA-02,VEH-1269,Unloading,2026-08-09 06:01:00,2026-08-09 09:34:00,213,RSN-06,Completed,Cargo de-palletized and verified against airway bill.
EVT-0004800,SHP-00871,LOC-BOM-01,VEH-1094,Warehouse Entry,2026-08-06 06:17:00,2026-08-06 06:26:00,9,,Completed,Consignment arrived at Mumbai Bhiwandi Mega Fulfillment Center inbound gate.
EVT-0004801,SHP-00871,LOC-BOM-01,VEH-1094,Loading,2026-08-06 07:26:00,2026-08-06 07:48:00,22,RSN-05,Completed,Pallets secured and loaded onto vehicle VEH-1094.
EVT-0004802,SHP-00871,LOC-BOM-01,VEH-1094,Departure,2026-08-06 08:15:00,2026-08-06 12:36:00,261,RSN-01,Delayed,Vehicle departed origin bay with manifest seal.
EVT-0004803,SHP-00871,LOC-CCU-01,VEH-1094,Arrival,2026-08-08 05:42:00,2026-08-08 10:12:00,270,RSN-01,Delayed,Vehicle docked at Kolkata Dankuni Mega Logistics Hub receiving gate.
EVT-0004804,SHP-00871,LOC-CCU-01,VEH-1094,Unloading,2026-08-08 06:12:00,2026-08-08 10:56:00,284,RSN-06,Completed,Cargo de-palletized and verified against airway bill.
EVT-0009159,SHP-01663,LOC-BOM-02,VEH-1602,Warehouse Entry,2026-08-23 04:22:00,2026-08-23 04:29:00,7,,Completed,Consignment arrived at Navi Mumbai JNPT Cross-Docking Terminal inbound gate.
EVT-0009160,SHP-01663,LOC-BOM-02,VEH-1602,Loading,2026-08-23 05:10:00,2026-08-23 05:23:00,13,,Completed,Pallets secured and loaded onto vehicle VEH-1602.
EVT-0009161,SHP-01663,LOC-BOM-02,VEH-1602,Departure,2026-08-23 06:00:00,2026-08-23 06:16:00,16,RSN-12,Delayed,Vehicle departed origin bay with manifest seal.
EVT-0009162,SHP-01663,LOC-DEL-02,VEH-1602,Arrival,2026-08-24 11:14:00,2026-08-24 11:31:00,17,RSN-12,Delayed,Vehicle docked at Okhla Transshipment Hub receiving gate.
EVT-0009163,SHP-01663,LOC-DEL-02,VEH-1602,Unloading,2026-08-24 11:44:00,2026-08-24 12:11:00,27,,Completed,Cargo de-palletized and verified against airway bill.
EVT-0010857,SHP-01973,LOC-BLR-01,VEH-1371,Warehouse Entry,2026-08-10 16:25:00,2026-08-10 16:25:00,0,,Completed,Consignment arrived at Bengaluru Nelamangala Mega Fulfillment Center inbound gate.
EVT-0010858,SHP-01973,LOC-BLR-01,VEH-1371,Loading,2026-08-10 17:10:00,2026-08-10 17:48:00,38,RSN-05,Completed,Pallets secured and loaded onto vehicle VEH-1371.
EVT-0010859,SHP-01973,LOC-BLR-01,VEH-1371,Departure,2026-08-10 18:00:00,2026-08-10 19:29:00,89,RSN-07,Delayed,Vehicle departed origin bay with manifest seal.
EVT-0010860,SHP-01973,LOC-BLR-01,VEH-1371,Inspection,2026-08-11 12:43:00,2026-08-11 14:11:30,88,RSN-18,Completed,Highway checkpoint FASTag and e-way bill scanning completed.
EVT-0010861,SHP-01973,LOC-AMD-01,VEH-1371,Arrival,2026-08-12 07:26:00,2026-08-12 08:54:00,88,RSN-09,Delayed,Vehicle docked at Ahmedabad Changodar Regional Warehouse receiving gate.
EVT-0010862,SHP-01973,LOC-AMD-01,VEH-1371,Unloading,2026-08-12 07:56:00,2026-08-12 09:29:00,93,RSN-06,Completed,Cargo de-palletized and verified against airway bill.
EVT-0013400,SHP-02434,LOC-MAA-01,VEH-1233,Warehouse Entry,2026-08-15 04:49:00,2026-08-15 04:57:00,8,,Completed,Consignment arrived at Chennai Sriperumbudur Distribution Center inbound gate.
EVT-0013401,SHP-02434,LOC-MAA-01,VEH-1233,Loading,2026-08-15 05:46:00,2026-08-15 07:04:00,78,RSN-05,Completed,Pallets secured and loaded onto vehicle VEH-1233.
EVT-0013402,SHP-02434,LOC-MAA-01,VEH-1233,Departure,2026-08-15 06:30:00,2026-08-15 09:26:00,176,RSN-01,Delayed,Vehicle departed origin bay with manifest seal.
EVT-0013403,SHP-02434,LOC-JAI-01,VEH-1233,Arrival,2026-08-17 14:11:00,2026-08-17 17:05:00,174,RSN-01,Delayed,Vehicle docked at Jaipur Sitapura Regional Warehouse receiving gate.
EVT-0013404,SHP-02434,LOC-JAI-01,VEH-1233,Unloading,2026-08-17 14:41:00,2026-08-17 17:43:00,182,RSN-06,Completed,Cargo de-palletized and verified against airway bill.
EVT-0014633,SHP-02658,LOC-IDR-01,VEH-1385,Warehouse Entry,2026-08-08 14:47:00,2026-08-08 14:58:00,11,,Completed,Consignment arrived at Indore Pithampur Logistics Park inbound gate.
EVT-0014634,SHP-02658,LOC-IDR-01,VEH-1385,Loading,2026-08-08 16:01:00,2026-08-08 16:12:00,11,,Completed,Pallets secured and loaded onto vehicle VEH-1385.
EVT-0014635,SHP-02658,LOC-IDR-01,VEH-1385,Departure,2026-08-08 16:45:00,2026-08-08 17:05:00,20,RSN-12,Delayed,Vehicle departed origin bay with manifest seal.
EVT-0014636,SHP-02658,LOC-BDQ-01,VEH-1385,Arrival,2026-08-09 01:27:00,2026-08-09 01:45:00,18,RSN-12,Delayed,Vehicle docked at Vadodara Makarpura Transport Center receiving gate.
EVT-0014637,SHP-02658,LOC-BDQ-01,VEH-1385,Unloading,2026-08-09 01:57:00,2026-08-09 02:27:00,30,,Completed,Cargo de-palletized and verified against airway bill.
EVT-0014683,SHP-02667,LOC-DEL-01,VEH-1561,Warehouse Entry,2026-08-07 14:37:00,2026-08-07 14:49:00,12,,Completed,Consignment arrived at Delhi Central Fulfillment Center inbound gate.
EVT-0014684,SHP-02667,LOC-DEL-01,VEH-1561,Loading,2026-08-07 15:21:00,2026-08-07 15:25:00,4,,Completed,Pallets secured and loaded onto vehicle VEH-1561.
EVT-0014685,SHP-02667,LOC-DEL-01,VEH-1561,Departure,2026-08-07 16:15:00,2026-08-07 18:02:00,107,RSN-07,Delayed,Vehicle departed origin bay with manifest seal.
EVT-0014686,SHP-02667,LOC-IDR-01,VEH-1561,Arrival,2026-08-08 14:42:00,2026-08-08 16:29:00,107,RSN-09,Delayed,Vehicle docked at Indore Pithampur Logistics Park receiving gate.
EVT-0014687,SHP-02667,LOC-IDR-01,VEH-1561,Unloading,2026-08-08 15:12:00,2026-08-08 17:00:00,108,RSN-06,Completed,Cargo de-palletized and verified against airway bill.
EVT-0014789,SHP-02686,LOC-DEL-01,VEH-1068,Warehouse Entry,2026-08-18 16:42:00,2026-08-18 16:44:00,2,,Completed,Consignment arrived at Delhi Central Fulfillment Center inbound gate.
EVT-0014790,SHP-02686,LOC-DEL-01,VEH-1068,Loading,2026-08-18 17:28:00,2026-08-18 17:44:00,16,RSN-05,Completed,Pallets secured and loaded onto vehicle VEH-1068.
EVT-0014791,SHP-02686,LOC-DEL-01,VEH-1068,Departure,2026-08-18 18:15:00,2026-08-18 19:39:00,84,RSN-07,Delayed,Vehicle departed origin bay with manifest seal.
EVT-0014792,SHP-02686,LOC-DEL-01,VEH-1068,Inspection,2026-08-19 14:29:00,2026-08-19 15:55:00,86,RSN-18,Completed,Highway checkpoint FASTag and e-way bill scanning completed.
EVT-0014793,SHP-02686,LOC-HYD-01,VEH-1068,Arrival,2026-08-20 10:43:00,2026-08-20 12:11:00,88,RSN-09,Delayed,Vehicle docked at Hyderabad Shamshabad Cargo Logistics Hub receiving gate.
EVT-0014794,SHP-02686,LOC-HYD-01,VEH-1068,Unloading,2026-08-20 11:13:00,2026-08-20 12:38:00,85,RSN-06,Completed,Cargo de-palletized and verified against airway bill.
EVT-0016495,SHP-02997,LOC-HYD-01,VEH-1147,Warehouse Entry,2026-08-18 04:55:00,2026-08-18 05:08:00,13,,Completed,Consignment arrived at Hyderabad Shamshabad Cargo Logistics Hub inbound gate.
EVT-0016496,SHP-02997,LOC-HYD-01,VEH-1147,Loading,2026-08-18 05:40:00,2026-08-18 06:25:00,45,RSN-05,Completed,Pallets secured and loaded onto vehicle VEH-1147.
EVT-0016497,SHP-02997,LOC-HYD-01,VEH-1147,Departure,2026-08-18 06:30:00,2026-08-18 07:16:00,46,RSN-12,Delayed,Vehicle departed origin bay with manifest seal.
EVT-0016498,SHP-02997,LOC-HYD-01,VEH-1147,Inspection,2026-08-18 14:33:00,2026-08-18 15:17:30,44,RSN-18,Completed,Highway checkpoint FASTag and e-way bill scanning completed.
EVT-0016499,SHP-02997,LOC-BLR-03,VEH-1147,Arrival,2026-08-18 22:36:00,2026-08-18 23:19:00,43,RSN-12,Delayed,Vehicle docked at Bengaluru Electronic City Regional Warehouse receiving gate.
EVT-0016500,SHP-02997,LOC-BLR-03,VEH-1147,Unloading,2026-08-18 23:06:00,2026-08-18 23:55:00,49,RSN-06,Completed,Cargo de-palletized and verified against airway bill.
EVT-0018468,SHP-03354,LOC-CCU-01,VEH-1528,Warehouse Entry,2026-08-08 04:17:00,2026-08-08 04:18:00,1,,Completed,Consignment arrived at Kolkata Dankuni Mega Logistics Hub inbound gate.
EVT-0018469,SHP-03354,LOC-CCU-01,VEH-1528,Loading,2026-08-08 05:30:00,2026-08-08 07:35:00,125,RSN-05,Completed,Pallets secured and loaded onto vehicle VEH-1528.
EVT-0018470,SHP-03354,LOC-CCU-01,VEH-1528,Departure,2026-08-08 06:15:00,2026-08-08 10:30:00,255,RSN-12,Delayed,Vehicle departed origin bay with manifest seal.
EVT-0018471,SHP-03354,LOC-JAI-02,VEH-1528,Arrival,2026-08-10 01:27:00,2026-08-10 05:44:00,257,RSN-12,Delayed,Vehicle docked at Jaipur VKI Cross-Dock Hub receiving gate.
EVT-0018472,SHP-03354,LOC-JAI-02,VEH-1528,Unloading,2026-08-10 01:57:00,2026-08-10 06:12:00,255,RSN-06,Completed,Cargo de-palletized and verified against airway bill.
EVT-0018595,SHP-03377,LOC-BLR-01,VEH-1480,Warehouse Entry,2026-08-07 14:30:00,2026-08-07 14:30:00,0,,Completed,Consignment arrived at Bengaluru Nelamangala Mega Fulfillment Center inbound gate.
EVT-0018596,SHP-03377,LOC-BLR-01,VEH-1480,Loading,2026-08-07 15:01:00,2026-08-07 15:54:00,53,RSN-05,Completed,Pallets secured and loaded onto vehicle VEH-1480.
EVT-0018597,SHP-03377,LOC-BLR-01,VEH-1480,Departure,2026-08-07 16:00:00,2026-08-07 18:55:00,175,RSN-04,Delayed,Vehicle departed origin bay with manifest seal.
EVT-0018598,SHP-03377,LOC-BLR-01,VEH-1480,Inspection,2026-08-08 04:22:00,2026-08-08 07:17:30,175,RSN-18,Completed,Highway checkpoint FASTag and e-way bill scanning completed.
EVT-0018599,SHP-03377,LOC-STV-01,VEH-1480,Arrival,2026-08-08 16:44:00,2026-08-08 19:40:00,176,RSN-04,Delayed,Vehicle docked at Surat Sachin Industrial Logistics Hub receiving gate.
EVT-0018600,SHP-03377,LOC-STV-01,VEH-1480,Unloading,2026-08-08 17:14:00,2026-08-08 20:14:00,180,RSN-06,Completed,Cargo de-palletized and verified against airway bill.
EVT-0018717,SHP-03399,LOC-AMD-01,VEH-1026,Warehouse Entry,2026-08-18 06:27:00,2026-08-18 06:28:00,1,,Completed,Consignment arrived at Ahmedabad Changodar Regional Warehouse inbound gate.
EVT-0018718,SHP-03399,LOC-AMD-01,VEH-1026,Loading,2026-08-18 07:06:00,2026-08-18 07:21:00,15,,Completed,Pallets secured and loaded onto vehicle VEH-1026.
EVT-0018719,SHP-03399,LOC-AMD-01,VEH-1026,Departure,2026-08-18 08:00:00,2026-08-18 10:10:00,130,RSN-12,Delayed,Vehicle departed origin bay with manifest seal.
EVT-0018720,SHP-03399,LOC-AMD-01,VEH-1026,Inspection,2026-08-18 15:09:00,2026-08-18 17:24:00,135,RSN-18,Completed,Highway checkpoint FASTag and e-way bill scanning completed.
EVT-0018721,SHP-03399,LOC-BOM-01,VEH-1026,Arrival,2026-08-18 22:18:00,2026-08-19 00:38:00,140,RSN-12,Delayed,Vehicle docked at Mumbai Bhiwandi Mega Fulfillment Center receiving gate.
EVT-0018722,SHP-03399,LOC-BOM-01,VEH-1026,Unloading,2026-08-18 22:48:00,2026-08-19 01:06:00,138,RSN-06,Completed,Cargo de-palletized and verified against airway bill.
EVT-0019212,SHP-03490,LOC-NOI-01,VEH-1588,Warehouse Entry,2026-08-08 18:06:00,2026-08-08 18:11:00,5,,Completed,Consignment arrived at Noida Sector-62 Distribution Hub inbound gate.
EVT-0019213,SHP-03490,LOC-NOI-01,VEH-1588,Loading,2026-08-08 19:01:00,2026-08-08 19:38:00,37,RSN-05,Completed,Pallets secured and loaded onto vehicle VEH-1588.
EVT-0019214,SHP-03490,LOC-NOI-01,VEH-1588,Departure,2026-08-08 20:00:00,2026-08-08 21:41:00,101,RSN-05,Delayed,Vehicle departed origin bay with manifest seal.
EVT-0019215,SHP-03490,LOC-NOI-01,VEH-1588,Inspection,2026-08-09 13:15:00,2026-08-09 14:58:00,103,RSN-18,Completed,Highway checkpoint FASTag and e-way bill scanning completed.
EVT-0019216,SHP-03490,LOC-BOM-01,VEH-1588,Arrival,2026-08-10 06:30:00,2026-08-10 08:15:00,105,RSN-09,Delayed,Vehicle docked at Mumbai Bhiwandi Mega Fulfillment Center receiving gate.
EVT-0019217,SHP-03490,LOC-BOM-01,VEH-1588,Unloading,2026-08-10 07:00:00,2026-08-10 08:53:00,113,RSN-06,Completed,Cargo de-palletized and verified against airway bill.
EVT-0019639,SHP-03566,LOC-BDQ-01,VEH-1431,Warehouse Entry,2026-08-09 04:11:00,2026-08-09 04:25:00,14,,Completed,Consignment arrived at Vadodara Makarpura Transport Center inbound gate.
EVT-0019640,SHP-03566,LOC-BDQ-01,VEH-1431,Loading,2026-08-09 05:13:00,2026-08-09 05:13:00,0,,Completed,Pallets secured and loaded onto vehicle VEH-1431.
EVT-0019641,SHP-03566,LOC-BDQ-01,VEH-1431,Departure,2026-08-09 06:00:00,2026-08-09 06:16:00,16,RSN-12,Delayed,Vehicle departed origin bay with manifest seal.
EVT-0019642,SHP-03566,LOC-CCU-01,VEH-1431,Arrival,2026-08-11 05:26:00,2026-08-11 05:37:00,11,,Completed,Vehicle docked at Kolkata Dankuni Mega Logistics Hub receiving gate.
EVT-0019643,SHP-03566,LOC-CCU-01,VEH-1431,Unloading,2026-08-11 05:56:00,2026-08-11 06:05:00,9,,Completed,Cargo de-palletized and verified against airway bill.
EVT-0021724,SHP-03945,LOC-AMD-01,VEH-1040,Warehouse Entry,2026-08-10 04:50:00,2026-08-10 05:05:00,15,,Completed,Consignment arrived at Ahmedabad Changodar Regional Warehouse inbound gate.
EVT-0021725,SHP-03945,LOC-AMD-01,VEH-1040,Loading,2026-08-10 05:43:00,2026-08-10 06:11:00,28,RSN-05,Completed,Pallets secured and loaded onto vehicle VEH-1040.
EVT-0021726,SHP-03945,LOC-AMD-01,VEH-1040,Departure,2026-08-10 06:30:00,2026-08-10 07:31:00,61,RSN-12,Delayed,Vehicle departed origin bay with manifest seal.
EVT-0021727,SHP-03945,LOC-BOM-02,VEH-1040,Arrival,2026-08-10 19:23:00,2026-08-10 20:26:00,63,RSN-12,Delayed,Vehicle docked at Navi Mumbai JNPT Cross-Docking Terminal receiving gate.
EVT-0021728,SHP-03945,LOC-BOM-02,VEH-1040,Unloading,2026-08-10 19:53:00,2026-08-10 20:53:00,60,RSN-06,Completed,Cargo de-palletized and verified against airway bill.
EVT-0022692,SHP-04120,LOC-AMD-01,VEH-1059,Warehouse Entry,2026-08-10 04:29:00,2026-08-10 04:37:00,8,,Completed,Consignment arrived at Ahmedabad Changodar Regional Warehouse inbound gate.
EVT-0022693,SHP-04120,LOC-AMD-01,VEH-1059,Loading,2026-08-10 05:28:00,2026-08-10 05:33:00,5,,Completed,Pallets secured and loaded onto vehicle VEH-1059.
EVT-0022694,SHP-04120,LOC-AMD-01,VEH-1059,Departure,2026-08-10 06:15:00,2026-08-10 07:03:00,48,RSN-12,Delayed,Vehicle departed origin bay with manifest seal.
EVT-0022695,SHP-04120,LOC-JAI-01,VEH-1059,Arrival,2026-08-11 00:08:00,2026-08-11 00:56:00,48,RSN-12,Delayed,Vehicle docked at Jaipur Sitapura Regional Warehouse receiving gate.
EVT-0022696,SHP-04120,LOC-JAI-01,VEH-1059,Unloading,2026-08-11 00:38:00,2026-08-11 01:29:00,51,RSN-06,Completed,Cargo de-palletized and verified against airway bill.
EVT-0023848,SHP-04330,LOC-CJB-01,VEH-1217,Warehouse Entry,2026-08-21 20:18:00,2026-08-21 20:24:00,6,,Completed,Consignment arrived at Coimbatore Peelamedu Distribution Center inbound gate.
EVT-0023849,SHP-04330,LOC-CJB-01,VEH-1217,Loading,2026-08-21 21:30:00,2026-08-21 22:18:00,48,RSN-05,Completed,Pallets secured and loaded onto vehicle VEH-1217.
EVT-0023850,SHP-04330,LOC-CJB-01,VEH-1217,Departure,2026-08-21 22:15:00,2026-08-21 23:51:00,96,RSN-12,Delayed,Vehicle departed origin bay with manifest seal.
EVT-0023851,SHP-04330,LOC-LKO-02,VEH-1217,Arrival,2026-08-23 23:43:00,2026-08-24 01:21:00,98,RSN-12,Delayed,Vehicle docked at Lucknow Sarojini Nagar Fulfillment Center receiving gate.
EVT-0023852,SHP-04330,LOC-LKO-02,VEH-1217,Unloading,2026-08-24 00:13:00,2026-08-24 02:05:00,112,RSN-06,Completed,Cargo de-palletized and verified against airway bill.
EVT-0026012,SHP-04724,LOC-HYD-01,VEH-1162,Warehouse Entry,2026-08-19 15:12:00,2026-08-19 15:23:00,11,,Completed,Consignment arrived at Hyderabad Shamshabad Cargo Logistics Hub inbound gate.
EVT-0026013,SHP-04724,LOC-HYD-01,VEH-1162,Loading,2026-08-19 16:02:00,2026-08-19 18:23:00,141,RSN-05,Completed,Pallets secured and loaded onto vehicle VEH-1162.
EVT-0026014,SHP-04724,LOC-HYD-01,VEH-1162,Departure,2026-08-19 16:45:00,2026-08-19 20:01:00,196,RSN-01,Delayed,Vehicle departed origin bay with manifest seal.
EVT-0026015,SHP-04724,LOC-HYD-01,VEH-1162,Inspection,2026-08-20 02:09:00,2026-08-20 05:28:30,199,RSN-18,Completed,Highway checkpoint FASTag and e-way bill scanning completed.
EVT-0026016,SHP-04724,LOC-IDR-01,VEH-1162,Arrival,2026-08-20 11:33:00,2026-08-20 14:56:00,203,RSN-01,Delayed,Vehicle docked at Indore Pithampur Logistics Park receiving gate.
EVT-0026017,SHP-04724,LOC-IDR-01,VEH-1162,Unloading,2026-08-20 12:03:00,2026-08-20 15:28:00,205,RSN-06,Completed,Cargo de-palletized and verified against airway bill.
EVT-0027123,SHP-04927,LOC-JAI-02,VEH-1035,Warehouse Entry,2026-08-10 04:03:00,2026-08-10 04:06:00,3,,Completed,Consignment arrived at Jaipur VKI Cross-Dock Hub inbound gate.
EVT-0027124,SHP-04927,LOC-JAI-02,VEH-1035,Loading,2026-08-10 05:13:00,2026-08-10 05:16:00,3,,Completed,Pallets secured and loaded onto vehicle VEH-1035.
EVT-0027125,SHP-04927,LOC-JAI-02,VEH-1035,Departure,2026-08-10 06:00:00,2026-08-10 06:16:00,16,RSN-12,Delayed,Vehicle departed origin bay with manifest seal.
EVT-0027126,SHP-04927,LOC-JAI-02,VEH-1035,Inspection,2026-08-10 13:24:30,2026-08-10 13:38:00,13,,Completed,Highway checkpoint FASTag and e-way bill scanning completed.
EVT-0027127,SHP-04927,LOC-AMD-02,VEH-1035,Arrival,2026-08-10 20:49:00,2026-08-10 21:00:00,11,,Completed,Vehicle docked at Ahmedabad Sanand Distribution Center receiving gate.
EVT-0027128,SHP-04927,LOC-AMD-02,VEH-1035,Unloading,2026-08-10 21:19:00,2026-08-10 21:42:00,23,,Completed,Cargo de-palletized and verified against airway bill.
EVT-0027445,SHP-04986,LOC-AMD-01,VEH-1611,Warehouse Entry,2026-08-19 06:40:00,2026-08-19 06:43:00,3,,Completed,Consignment arrived at Ahmedabad Changodar Regional Warehouse inbound gate.
EVT-0027446,SHP-04986,LOC-AMD-01,VEH-1611,Loading,2026-08-19 07:36:00,2026-08-19 08:27:00,51,RSN-05,Completed,Pallets secured and loaded onto vehicle VEH-1611.
EVT-0027447,SHP-04986,LOC-AMD-01,VEH-1611,Departure,2026-08-19 08:30:00,2026-08-19 09:54:00,84,RSN-12,Delayed,Vehicle departed origin bay with manifest seal.
EVT-0027448,SHP-04986,LOC-AMD-01,VEH-1611,Inspection,2026-08-20 10:24:30,2026-08-20 11:50:30,86,RSN-18,Completed,Highway checkpoint FASTag and e-way bill scanning completed.
EVT-0027449,SHP-04986,LOC-CCU-01,VEH-1611,Arrival,2026-08-21 12:19:00,2026-08-21 13:47:00,88,RSN-12,Delayed,Vehicle docked at Kolkata Dankuni Mega Logistics Hub receiving gate.
EVT-0027450,SHP-04986,LOC-CCU-01,VEH-1611,Unloading,2026-08-21 12:49:00,2026-08-21 14:16:00,87,RSN-06,Completed,Cargo de-palletized and verified against airway bill.
EVT-0030615,SHP-05562,LOC-BOM-01,VEH-1350,Warehouse Entry,2026-08-10 10:11:00,2026-08-10 10:15:00,4,,Completed,Consignment arrived at Mumbai Bhiwandi Mega Fulfillment Center inbound gate.
EVT-0030616,SHP-05562,LOC-BOM-01,VEH-1350,Loading,2026-08-10 11:09:00,2026-08-10 12:15:00,66,RSN-05,Completed,Pallets secured and loaded onto vehicle VEH-1350.
EVT-0030617,SHP-05562,LOC-BOM-01,VEH-1350,Departure,2026-08-10 12:00:00,2026-08-10 13:46:00,106,RSN-05,Delayed,Vehicle departed origin bay with manifest seal.
EVT-0030618,SHP-05562,LOC-BOM-02,VEH-1350,Arrival,2026-08-10 13:57:00,2026-08-10 15:47:00,110,RSN-03,Delayed,Vehicle docked at Navi Mumbai JNPT Cross-Docking Terminal receiving gate.
EVT-0030619,SHP-05562,LOC-BOM-02,VEH-1350,Unloading,2026-08-10 14:27:00,2026-08-10 16:26:00,119,RSN-06,Completed,Cargo de-palletized and verified against airway bill.
EVT-0031440,SHP-05712,LOC-JAI-01,VEH-1600,Warehouse Entry,2026-08-09 04:35:00,2026-08-09 04:50:00,15,,Completed,Consignment arrived at Jaipur Sitapura Regional Warehouse inbound gate.
EVT-0031441,SHP-05712,LOC-JAI-01,VEH-1600,Loading,2026-08-09 05:34:00,2026-08-09 06:57:00,83,RSN-05,Completed,Pallets secured and loaded onto vehicle VEH-1600.
EVT-0031442,SHP-05712,LOC-JAI-01,VEH-1600,Departure,2026-08-09 06:15:00,2026-08-09 07:45:00,90,RSN-01,Delayed,Vehicle departed origin bay with manifest seal.
EVT-0031443,SHP-05712,LOC-JAI-01,VEH-1600,Inspection,2026-08-09 14:52:30,2026-08-09 16:22:30,90,RSN-18,Completed,Highway checkpoint FASTag and e-way bill scanning completed.
EVT-0031444,SHP-05712,LOC-AMD-01,VEH-1600,Arrival,2026-08-09 23:30:00,2026-08-10 01:00:00,90,RSN-01,Delayed,Vehicle docked at Ahmedabad Changodar Regional Warehouse receiving gate.
EVT-0031445,SHP-05712,LOC-AMD-01,VEH-1600,Unloading,2026-08-10 00:00:00,2026-08-10 01:26:00,86,RSN-06,Completed,Cargo de-palletized and verified against airway bill.
EVT-0032359,SHP-05881,LOC-AMD-01,VEH-1469,Warehouse Entry,2026-08-25 10:55:00,2026-08-25 11:09:00,14,,Completed,Consignment arrived at Ahmedabad Changodar Regional Warehouse inbound gate.
EVT-0032360,SHP-05881,LOC-AMD-01,VEH-1469,Loading,2026-08-25 11:48:00,2026-08-25 11:55:00,7,,Completed,Pallets secured and loaded onto vehicle VEH-1469.
EVT-0032361,SHP-05881,LOC-AMD-01,VEH-1469,Departure,2026-08-25 12:45:00,2026-08-25 13:21:00,36,RSN-12,Delayed,Vehicle departed origin bay with manifest seal.
EVT-0032362,SHP-05881,LOC-AMD-01,VEH-1469,Inspection,2026-08-26 09:23:00,2026-08-26 09:58:00,35,RSN-18,Completed,Highway checkpoint FASTag and e-way bill scanning completed.
EVT-0032363,SHP-05881,LOC-CCU-02,VEH-1469,Arrival,2026-08-27 06:01:00,2026-08-27 06:35:00,34,RSN-12,Delayed,Vehicle docked at Howrah Freight Consolidation Center receiving gate.
EVT-0032364,SHP-05881,LOC-CCU-02,VEH-1469,Unloading,2026-08-27 06:31:00,2026-08-27 07:04:00,33,RSN-06,Completed,Cargo de-palletized and verified against airway bill.
EVT-0035194,SHP-06393,LOC-JAI-01,VEH-1265,Warehouse Entry,2026-08-16 20:50:00,2026-08-16 21:04:00,14,,Completed,Consignment arrived at Jaipur Sitapura Regional Warehouse inbound gate.
EVT-0035195,SHP-06393,LOC-JAI-01,VEH-1265,Loading,2026-08-16 21:32:00,2026-08-16 22:57:00,85,RSN-05,Completed,Pallets secured and loaded onto vehicle VEH-1265.
EVT-0035196,SHP-06393,LOC-JAI-01,VEH-1265,Departure,2026-08-16 22:30:00,2026-08-17 00:24:00,114,RSN-07,Delayed,Vehicle departed origin bay with manifest seal.
EVT-0035197,SHP-06393,LOC-JAI-01,VEH-1265,Inspection,2026-08-17 04:58:30,2026-08-17 06:54:30,116,RSN-18,Completed,Highway checkpoint FASTag and e-way bill scanning completed.
EVT-0035198,SHP-06393,LOC-IDR-01,VEH-1265,Arrival,2026-08-17 11:27:00,2026-08-17 13:25:00,118,RSN-09,Delayed,Vehicle docked at Indore Pithampur Logistics Park receiving gate.
EVT-0035199,SHP-06393,LOC-IDR-01,VEH-1265,Unloading,2026-08-17 11:57:00,2026-08-17 14:01:00,124,RSN-06,Completed,Cargo de-palletized and verified against airway bill.
EVT-0035350,SHP-06422,LOC-DEL-02,VEH-1573,Warehouse Entry,2026-08-26 04:45:00,2026-08-26 04:50:00,5,,Completed,Consignment arrived at Okhla Transshipment Hub inbound gate.
EVT-0035351,SHP-06422,LOC-DEL-02,VEH-1573,Loading,2026-08-26 05:30:00,2026-08-26 05:39:00,9,,Completed,Pallets secured and loaded onto vehicle VEH-1573.
EVT-0035352,SHP-06422,LOC-DEL-02,VEH-1573,Departure,2026-08-26 06:15:00,2026-08-26 06:31:00,16,RSN-12,Delayed,Vehicle departed origin bay with manifest seal.
EVT-0035353,SHP-06422,LOC-DEL-02,VEH-1573,Inspection,2026-08-27 05:31:30,2026-08-27 05:45:00,13,,Completed,Highway checkpoint FASTag and e-way bill scanning completed.
EVT-0035354,SHP-06422,LOC-BLR-03,VEH-1573,Arrival,2026-08-28 04:48:00,2026-08-28 04:59:00,11,,Completed,Vehicle docked at Bengaluru Electronic City Regional Warehouse receiving gate.
EVT-0035355,SHP-06422,LOC-BLR-03,VEH-1573,Unloading,2026-08-28 05:18:00,2026-08-28 05:39:00,21,,Completed,Cargo de-palletized and verified against airway bill.
EVT-0036177,SHP-06573,LOC-BLR-01,VEH-1022,Warehouse Entry,2026-08-22 04:06:00,2026-08-22 04:18:00,12,,Completed,Consignment arrived at Bengaluru Nelamangala Mega Fulfillment Center inbound gate.
EVT-0036178,SHP-06573,LOC-BLR-01,VEH-1022,Loading,2026-08-22 05:14:00,2026-08-22 05:33:00,19,RSN-05,Completed,Pallets secured and loaded onto vehicle VEH-1022.
EVT-0036179,SHP-06573,LOC-BLR-01,VEH-1022,Departure,2026-08-22 06:00:00,2026-08-22 06:20:00,20,RSN-12,Delayed,Vehicle departed origin bay with manifest seal.
EVT-0036180,SHP-06573,LOC-BOM-02,VEH-1022,Arrival,2026-08-23 02:07:00,2026-08-23 02:26:00,19,RSN-12,Delayed,Vehicle docked at Navi Mumbai JNPT Cross-Docking Terminal receiving gate.
EVT-0036181,SHP-06573,LOC-BOM-02,VEH-1022,Unloading,2026-08-23 02:37:00,2026-08-23 03:10:00,33,RSN-06,Completed,Cargo de-palletized and verified against airway bill.
EVT-0036729,SHP-06674,LOC-JAI-02,VEH-1139,Warehouse Entry,2026-08-18 12:04:00,2026-08-18 12:17:00,13,,Completed,Consignment arrived at Jaipur VKI Cross-Dock Hub inbound gate.
EVT-0036730,SHP-06674,LOC-JAI-02,VEH-1139,Loading,2026-08-18 13:13:00,2026-08-18 15:33:00,140,RSN-05,Completed,Pallets secured and loaded onto vehicle VEH-1139.
EVT-0036731,SHP-06674,LOC-JAI-02,VEH-1139,Departure,2026-08-18 14:00:00,2026-08-18 17:05:00,185,RSN-05,Delayed,Vehicle departed origin bay with manifest seal.
EVT-0036732,SHP-06674,LOC-AMD-01,VEH-1139,Arrival,2026-08-19 06:27:00,2026-08-19 09:34:00,187,RSN-03,Delayed,Vehicle docked at Ahmedabad Changodar Regional Warehouse receiving gate.
EVT-0036733,SHP-06674,LOC-AMD-01,VEH-1139,Unloading,2026-08-19 06:57:00,2026-08-19 10:00:00,183,RSN-06,Completed,Cargo de-palletized and verified against airway bill.
EVT-0037441,SHP-06805,LOC-DEL-01,VEH-1302,Warehouse Entry,2026-08-17 08:30:00,2026-08-17 08:31:00,1,,Completed,Consignment arrived at Delhi Central Fulfillment Center inbound gate.
EVT-0037442,SHP-06805,LOC-DEL-01,VEH-1302,Loading,2026-08-17 09:01:00,2026-08-17 09:04:00,3,,Completed,Pallets secured and loaded onto vehicle VEH-1302.
EVT-0037443,SHP-06805,LOC-DEL-01,VEH-1302,Departure,2026-08-17 10:00:00,2026-08-17 13:57:00,237,RSN-05,Delayed,Vehicle departed origin bay with manifest seal.
EVT-0037444,SHP-06805,LOC-DEL-01,VEH-1302,Inspection,2026-08-17 20:34:30,2026-08-18 00:36:00,241,RSN-18,Completed,Highway checkpoint FASTag and e-way bill scanning completed.
EVT-0037445,SHP-06805,LOC-AMD-01,VEH-1302,Arrival,2026-08-18 07:09:00,2026-08-18 11:15:00,246,RSN-03,Delayed,Vehicle docked at Ahmedabad Changodar Regional Warehouse receiving gate.
EVT-0037446,SHP-06805,LOC-AMD-01,VEH-1302,Unloading,2026-08-18 07:39:00,2026-08-18 11:59:00,260,RSN-06,Completed,Cargo de-palletized and verified against airway bill.
EVT-0037728,SHP-06857,LOC-DEL-01,VEH-1214,Warehouse Entry,2026-08-21 04:15:00,2026-08-21 04:28:00,13,,Completed,Consignment arrived at Delhi Central Fulfillment Center inbound gate.
EVT-0037729,SHP-06857,LOC-DEL-01,VEH-1214,Loading,2026-08-21 05:11:00,2026-08-21 07:44:00,153,RSN-05,Completed,Pallets secured and loaded onto vehicle VEH-1214.
EVT-0037730,SHP-06857,LOC-DEL-01,VEH-1214,Departure,2026-08-21 06:00:00,2026-08-21 10:39:00,279,RSN-01,Delayed,Vehicle departed origin bay with manifest seal.
EVT-0037731,SHP-06857,LOC-DEL-01,VEH-1214,Inspection,2026-08-22 07:31:30,2026-08-22 12:12:00,280,RSN-18,Completed,Highway checkpoint FASTag and e-way bill scanning completed.
EVT-0037732,SHP-06857,LOC-MAA-02,VEH-1214,Arrival,2026-08-23 09:03:00,2026-08-23 13:45:00,282,RSN-01,Delayed,Vehicle docked at Chennai Madhavaram Transshipment Hub receiving gate.
EVT-0037733,SHP-06857,LOC-MAA-02,VEH-1214,Unloading,2026-08-23 09:33:00,2026-08-23 14:27:00,294,RSN-06,Completed,Cargo de-palletized and verified against airway bill.
EVT-0045038,SHP-08184,LOC-MAA-02,VEH-1116,Warehouse Entry,2026-08-23 08:34:00,2026-08-23 08:43:00,9,,Completed,Consignment arrived at Chennai Madhavaram Transshipment Hub inbound gate.
EVT-0045039,SHP-08184,LOC-MAA-02,VEH-1116,Loading,2026-08-23 09:48:00,2026-08-23 12:49:00,181,RSN-05,Completed,Pallets secured and loaded onto vehicle VEH-1116.
EVT-0045040,SHP-08184,LOC-MAA-02,VEH-1116,Departure,2026-08-23 10:30:00,2026-08-23 14:06:00,216,RSN-12,Delayed,Vehicle departed origin bay with manifest seal.
EVT-0045041,SHP-08184,LOC-AMD-02,VEH-1116,Arrival,2026-08-25 02:02:00,2026-08-25 05:44:00,222,RSN-12,Delayed,Vehicle docked at Ahmedabad Sanand Distribution Center receiving gate.
EVT-0045042,SHP-08184,LOC-AMD-02,VEH-1116,Unloading,2026-08-25 02:32:00,2026-08-25 06:24:00,232,RSN-06,Completed,Cargo de-palletized and verified against airway bill.
EVT-0045294,SHP-08230,LOC-STV-01,VEH-1396,Warehouse Entry,2026-08-12 16:16:00,2026-08-12 16:21:00,5,,Completed,Consignment arrived at Surat Sachin Industrial Logistics Hub inbound gate.
EVT-0045295,SHP-08230,LOC-STV-01,VEH-1396,Loading,2026-08-12 17:09:00,2026-08-12 17:16:00,7,,Completed,Pallets secured and loaded onto vehicle VEH-1396.
EVT-0045296,SHP-08230,LOC-STV-01,VEH-1396,Departure,2026-08-12 18:00:00,2026-08-12 18:16:00,16,RSN-12,Delayed,Vehicle departed origin bay with manifest seal.
EVT-0045297,SHP-08230,LOC-MAA-01,VEH-1396,Arrival,2026-08-14 00:37:00,2026-08-14 00:55:00,18,RSN-12,Delayed,Vehicle docked at Chennai Sriperumbudur Distribution Center receiving gate.
EVT-0045298,SHP-08230,LOC-MAA-01,VEH-1396,Unloading,2026-08-14 01:07:00,2026-08-14 01:28:00,21,,Completed,Cargo de-palletized and verified against airway bill.
EVT-0045459,SHP-08260,LOC-DEL-01,VEH-1301,Warehouse Entry,2026-08-24 14:09:00,2026-08-24 14:23:00,14,,Completed,Consignment arrived at Delhi Central Fulfillment Center inbound gate.
EVT-0045460,SHP-08260,LOC-DEL-01,VEH-1301,Loading,2026-08-24 15:02:00,2026-08-24 15:28:00,26,RSN-05,Completed,Pallets secured and loaded onto vehicle VEH-1301.
EVT-0045461,SHP-08260,LOC-DEL-01,VEH-1301,Departure,2026-08-24 16:00:00,2026-08-24 17:20:00,80,RSN-12,Delayed,Vehicle departed origin bay with manifest seal.
EVT-0045462,SHP-08260,LOC-AMD-01,VEH-1301,Arrival,2026-08-25 11:46:00,2026-08-25 13:10:00,84,RSN-12,Delayed,Vehicle docked at Ahmedabad Changodar Regional Warehouse receiving gate.
EVT-0045463,SHP-08260,LOC-AMD-01,VEH-1301,Unloading,2026-08-25 12:16:00,2026-08-25 13:53:00,97,RSN-06,Completed,Cargo de-palletized and verified against airway bill.
EVT-0046237,SHP-08402,LOC-AMD-01,VEH-1344,Warehouse Entry,2026-08-18 08:08:00,2026-08-18 08:10:00,2,,Completed,Consignment arrived at Ahmedabad Changodar Regional Warehouse inbound gate.
EVT-0046238,SHP-08402,LOC-AMD-01,VEH-1344,Loading,2026-08-18 09:07:00,2026-08-18 09:45:00,38,RSN-05,Completed,Pallets secured and loaded onto vehicle VEH-1344.
EVT-0046239,SHP-08402,LOC-AMD-01,VEH-1344,Departure,2026-08-18 10:00:00,2026-08-18 11:49:00,109,RSN-12,Delayed,Vehicle departed origin bay with manifest seal.
EVT-0046240,SHP-08402,LOC-AMD-01,VEH-1344,Inspection,2026-08-19 07:34:30,2026-08-19 09:22:30,108,RSN-18,Completed,Highway checkpoint FASTag and e-way bill scanning completed.
EVT-0046241,SHP-08402,LOC-MAA-01,VEH-1344,Arrival,2026-08-20 05:09:00,2026-08-20 06:56:00,107,RSN-12,Delayed,Vehicle docked at Chennai Sriperumbudur Distribution Center receiving gate.
EVT-0046242,SHP-08402,LOC-MAA-01,VEH-1344,Unloading,2026-08-20 05:39:00,2026-08-20 07:36:00,117,RSN-06,Completed,Cargo de-palletized and verified against airway bill.
EVT-0046365,SHP-08425,LOC-MAA-02,VEH-1558,Warehouse Entry,2026-08-09 08:06:00,2026-08-09 08:15:00,9,,Completed,Consignment arrived at Chennai Madhavaram Transshipment Hub inbound gate.
EVT-0046366,SHP-08425,LOC-MAA-02,VEH-1558,Loading,2026-08-09 09:17:00,2026-08-09 09:37:00,20,RSN-05,Completed,Pallets secured and loaded onto vehicle VEH-1558.
EVT-0046367,SHP-08425,LOC-MAA-02,VEH-1558,Departure,2026-08-09 10:00:00,2026-08-09 10:20:00,20,RSN-12,Delayed,Vehicle departed origin bay with manifest seal.
EVT-0046368,SHP-08425,LOC-LKO-02,VEH-1558,Arrival,2026-08-11 08:04:00,2026-08-11 08:32:00,28,RSN-12,Delayed,Vehicle docked at Lucknow Sarojini Nagar Fulfillment Center receiving gate.
EVT-0046369,SHP-08425,LOC-LKO-02,VEH-1558,Unloading,2026-08-11 08:34:00,2026-08-11 09:09:00,35,RSN-06,Completed,Cargo de-palletized and verified against airway bill.
EVT-0047459,SHP-08623,LOC-BOM-01,VEH-1588,Warehouse Entry,2026-08-10 06:04:00,2026-08-10 06:08:00,4,,Completed,Consignment arrived at Mumbai Bhiwandi Mega Fulfillment Center inbound gate.
EVT-0047460,SHP-08623,LOC-BOM-01,VEH-1588,Loading,2026-08-10 07:08:00,2026-08-10 07:09:00,1,,Completed,Pallets secured and loaded onto vehicle VEH-1588.
EVT-0047461,SHP-08623,LOC-BOM-01,VEH-1588,Departure,2026-08-10 08:00:00,2026-08-10 08:33:00,33,RSN-12,Delayed,Vehicle departed origin bay with manifest seal.
EVT-0047462,SHP-08623,LOC-BOM-01,VEH-1588,Inspection,2026-08-10 21:06:00,2026-08-10 21:38:30,32,RSN-18,Completed,Highway checkpoint FASTag and e-way bill scanning completed.
EVT-0047463,SHP-08623,LOC-JAI-02,VEH-1588,Arrival,2026-08-11 10:12:00,2026-08-11 10:44:00,32,RSN-12,Delayed,Vehicle docked at Jaipur VKI Cross-Dock Hub receiving gate.
EVT-0047464,SHP-08623,LOC-JAI-02,VEH-1588,Unloading,2026-08-11 10:42:00,2026-08-11 11:20:00,38,RSN-06,Completed,Cargo de-palletized and verified against airway bill.
EVT-0047667,SHP-08660,LOC-JAI-01,VEH-1383,Warehouse Entry,2026-08-20 11:03:00,2026-08-20 11:06:00,3,,Completed,Consignment arrived at Jaipur Sitapura Regional Warehouse inbound gate.
EVT-0047668,SHP-08660,LOC-JAI-01,VEH-1383,Loading,2026-08-20 11:52:00,2026-08-20 12:30:00,38,RSN-05,Completed,Pallets secured and loaded onto vehicle VEH-1383.
EVT-0047669,SHP-08660,LOC-JAI-01,VEH-1383,Departure,2026-08-20 12:45:00,2026-08-20 14:50:00,125,RSN-01,Delayed,Vehicle departed origin bay with manifest seal.
EVT-0047670,SHP-08660,LOC-BLR-01,VEH-1383,Arrival,2026-08-22 01:43:00,2026-08-22 03:49:00,126,RSN-01,Delayed,Vehicle docked at Bengaluru Nelamangala Mega Fulfillment Center receiving gate.
EVT-0047671,SHP-08660,LOC-BLR-01,VEH-1383,Unloading,2026-08-22 02:13:00,2026-08-22 04:29:00,136,RSN-06,Completed,Cargo de-palletized and verified against airway bill.
EVT-0053253,SHP-09674,LOC-AMD-01,VEH-1547,Warehouse Entry,2026-08-08 18:26:00,2026-08-08 18:41:00,15,,Completed,Consignment arrived at Ahmedabad Changodar Regional Warehouse inbound gate.
EVT-0053254,SHP-09674,LOC-AMD-01,VEH-1547,Loading,2026-08-08 19:24:00,2026-08-08 21:54:00,150,RSN-05,Completed,Pallets secured and loaded onto vehicle VEH-1547.
EVT-0053255,SHP-09674,LOC-AMD-01,VEH-1547,Departure,2026-08-08 20:15:00,2026-08-09 00:34:00,259,RSN-05,Delayed,Vehicle departed origin bay with manifest seal.
EVT-0053256,SHP-09674,LOC-JAI-02,VEH-1547,Arrival,2026-08-09 14:16:00,2026-08-09 18:37:00,261,RSN-03,Delayed,Vehicle docked at Jaipur VKI Cross-Dock Hub receiving gate.
EVT-0053257,SHP-09674,LOC-JAI-02,VEH-1547,Unloading,2026-08-09 14:46:00,2026-08-09 19:11:00,265,RSN-06,Completed,Cargo de-palletized and verified against airway bill.
EVT-0054117,SHP-09829,LOC-CCU-02,VEH-1136,Warehouse Entry,2026-08-27 07:10:00,2026-08-27 07:18:00,8,,Completed,Consignment arrived at Howrah Freight Consolidation Center inbound gate.
EVT-0054118,SHP-09829,LOC-CCU-02,VEH-1136,Loading,2026-08-27 07:59:00,2026-08-27 08:06:00,7,,Completed,Pallets secured and loaded onto vehicle VEH-1136.
EVT-0054119,SHP-09829,LOC-CCU-02,VEH-1136,Departure,2026-08-27 08:45:00,2026-08-27 09:01:00,16,RSN-12,Delayed,Vehicle departed origin bay with manifest seal.
EVT-0054120,SHP-09829,LOC-IXC-01,VEH-1136,Arrival,2026-08-29 04:59:00,2026-08-29 05:10:00,11,,Completed,Vehicle docked at Chandigarh Industrial Distribution Center receiving gate.
EVT-0054121,SHP-09829,LOC-IXC-01,VEH-1136,Unloading,2026-08-29 05:29:00,2026-08-29 05:50:00,21,,Completed,Cargo de-palletized and verified against airway bill.
EVT-0054575,SHP-09913,LOC-JAI-02,VEH-1565,Warehouse Entry,2026-08-09 20:30:00,2026-08-09 20:45:00,15,,Completed,Consignment arrived at Jaipur VKI Cross-Dock Hub inbound gate.
EVT-0054576,SHP-09913,LOC-JAI-02,VEH-1565,Loading,2026-08-09 21:14:00,2026-08-09 23:40:00,146,RSN-05,Completed,Pallets secured and loaded onto vehicle VEH-1565.
EVT-0054577,SHP-09913,LOC-JAI-02,VEH-1565,Departure,2026-08-09 22:00:00,2026-08-10 01:12:00,192,RSN-12,Delayed,Vehicle departed origin bay with manifest seal.
EVT-0054578,SHP-09913,LOC-CJB-01,VEH-1565,Arrival,2026-08-12 00:00:00,2026-08-12 03:18:00,198,RSN-12,Delayed,Vehicle docked at Coimbatore Peelamedu Distribution Center receiving gate.
EVT-0054579,SHP-09913,LOC-CJB-01,VEH-1565,Unloading,2026-08-12 00:30:00,2026-08-12 03:50:00,200,RSN-06,Completed,Cargo de-palletized and verified against airway bill.
EVT-0054843,SHP-09961,LOC-AMD-01,VEH-1479,Warehouse Entry,2026-08-19 06:27:00,2026-08-19 06:39:00,12,,Completed,Consignment arrived at Ahmedabad Changodar Regional Warehouse inbound gate.
EVT-0054844,SHP-09961,LOC-AMD-01,VEH-1479,Loading,2026-08-19 07:21:00,2026-08-19 08:43:00,82,RSN-05,Completed,Pallets secured and loaded onto vehicle VEH-1479.
EVT-0054845,SHP-09961,LOC-AMD-01,VEH-1479,Departure,2026-08-19 08:15:00,2026-08-19 09:44:00,89,RSN-12,Delayed,Vehicle departed origin bay with manifest seal.
EVT-0054846,SHP-09961,LOC-BLR-01,VEH-1479,Arrival,2026-08-20 20:25:00,2026-08-20 22:02:00,97,RSN-12,Delayed,Vehicle docked at Bengaluru Nelamangala Mega Fulfillment Center receiving gate.
EVT-0054847,SHP-09961,LOC-BLR-01,VEH-1479,Unloading,2026-08-20 20:55:00,2026-08-20 22:40:00,105,RSN-06,Completed,Cargo de-palletized and verified against airway bill.
EVT-0055051,SHP-09999,LOC-STV-01,VEH-1480,Warehouse Entry,2026-08-08 16:49:00,2026-08-08 17:04:00,15,,Completed,Consignment arrived at Surat Sachin Industrial Logistics Hub inbound gate.
EVT-0055052,SHP-09999,LOC-STV-01,VEH-1480,Loading,2026-08-08 18:01:00,2026-08-08 18:33:00,32,RSN-05,Completed,Pallets secured and loaded onto vehicle VEH-1480.
EVT-0055053,SHP-09999,LOC-STV-01,VEH-1480,Departure,2026-08-08 18:45:00,2026-08-08 20:04:00,79,RSN-12,Delayed,Vehicle departed origin bay with manifest seal.
EVT-0055054,SHP-09999,LOC-NOI-01,VEH-1480,Arrival,2026-08-09 18:46:00,2026-08-09 20:02:00,76,RSN-12,Delayed,Vehicle docked at Noida Sector-62 Distribution Hub receiving gate.
EVT-0055055,SHP-09999,LOC-NOI-01,VEH-1480,Unloading,2026-08-09 19:16:00,2026-08-09 20:29:00,73,RSN-06,Completed,Cargo de-palletized and verified against airway bill.
EVT-0055192,SHP-10024,LOC-AMD-01,VEH-1377,Warehouse Entry,2026-08-25 12:16:00,2026-08-25 12:26:00,10,,Completed,Consignment arrived at Ahmedabad Changodar Regional Warehouse inbound gate.
EVT-0055193,SHP-10024,LOC-AMD-01,VEH-1377,Loading,2026-08-25 13:20:00,2026-08-25 13:20:00,0,,Completed,Pallets secured and loaded onto vehicle VEH-1377.
EVT-0055194,SHP-10024,LOC-AMD-01,VEH-1377,Departure,2026-08-25 14:00:00,2026-08-25 14:16:00,16,RSN-12,Delayed,Vehicle departed origin bay with manifest seal.
EVT-0055195,SHP-10024,LOC-CJB-01,VEH-1377,Arrival,2026-08-27 09:34:00,2026-08-27 09:49:00,15,,Completed,Vehicle docked at Coimbatore Peelamedu Distribution Center receiving gate.
EVT-0055196,SHP-10024,LOC-CJB-01,VEH-1377,Unloading,2026-08-27 10:04:00,2026-08-27 10:28:00,24,,Completed,Cargo de-palletized and verified against airway bill.
EVT-0055486,SHP-10078,LOC-AMD-01,VEH-1085,Warehouse Entry,2026-08-10 04:20:00,2026-08-10 04:32:00,12,,Completed,Consignment arrived at Ahmedabad Changodar Regional Warehouse inbound gate.
EVT-0055487,SHP-10078,LOC-AMD-01,VEH-1085,Loading,2026-08-10 05:00:00,2026-08-10 05:07:00,7,,Completed,Pallets secured and loaded onto vehicle VEH-1085.
EVT-0055488,SHP-10078,LOC-AMD-01,VEH-1085,Departure,2026-08-10 06:00:00,2026-08-10 06:54:00,54,RSN-12,Delayed,Vehicle departed origin bay with manifest seal.
EVT-0055489,SHP-10078,LOC-AMD-01,VEH-1085,Inspection,2026-08-10 07:53:30,2026-08-10 08:52:30,59,RSN-18,Completed,Highway checkpoint FASTag and e-way bill scanning completed.
EVT-0055490,SHP-10078,LOC-BDQ-01,VEH-1085,Arrival,2026-08-10 09:47:00,2026-08-10 10:51:00,64,RSN-12,Delayed,Vehicle docked at Vadodara Makarpura Transport Center receiving gate.
EVT-0055491,SHP-10078,LOC-BDQ-01,VEH-1085,Unloading,2026-08-10 10:17:00,2026-08-10 11:22:00,65,RSN-06,Completed,Cargo de-palletized and verified against airway bill.
EVT-0055752,SHP-10126,LOC-BOM-02,VEH-1341,Warehouse Entry,2026-08-10 14:19:00,2026-08-10 14:29:00,10,,Completed,Consignment arrived at Navi Mumbai JNPT Cross-Docking Terminal inbound gate.
EVT-0055753,SHP-10126,LOC-BOM-02,VEH-1341,Loading,2026-08-10 15:32:00,2026-08-10 15:38:00,6,,Completed,Pallets secured and loaded onto vehicle VEH-1341.
EVT-0055754,SHP-10126,LOC-BOM-02,VEH-1341,Departure,2026-08-10 16:15:00,2026-08-10 17:08:00,53,RSN-12,Delayed,Vehicle departed origin bay with manifest seal.
EVT-0055755,SHP-10126,LOC-BOM-02,VEH-1341,Inspection,2026-08-11 10:19:30,2026-08-11 11:13:30,54,RSN-18,Completed,Highway checkpoint FASTag and e-way bill scanning completed.
EVT-0055756,SHP-10126,LOC-DEL-02,VEH-1341,Arrival,2026-08-12 04:24:00,2026-08-12 05:19:00,55,RSN-12,Delayed,Vehicle docked at Okhla Transshipment Hub receiving gate.
EVT-0055757,SHP-10126,LOC-DEL-02,VEH-1341,Unloading,2026-08-12 04:54:00,2026-08-12 05:57:00,63,RSN-06,Completed,Cargo de-palletized and verified against airway bill.
EVT-0057033,SHP-10360,LOC-IDR-01,VEH-1559,Warehouse Entry,2026-08-17 10:23:00,2026-08-17 10:34:00,11,,Completed,Consignment arrived at Indore Pithampur Logistics Park inbound gate.
EVT-0057034,SHP-10360,LOC-IDR-01,VEH-1559,Loading,2026-08-17 11:32:00,2026-08-17 12:22:00,50,RSN-05,Completed,Pallets secured and loaded onto vehicle VEH-1559.
EVT-0057035,SHP-10360,LOC-IDR-01,VEH-1559,Departure,2026-08-17 12:15:00,2026-08-17 13:46:00,91,RSN-12,Delayed,Vehicle departed origin bay with manifest seal.
EVT-0057036,SHP-10360,LOC-HYD-01,VEH-1559,Arrival,2026-08-18 05:32:00,2026-08-18 06:59:00,87,RSN-12,Delayed,Vehicle docked at Hyderabad Shamshabad Cargo Logistics Hub receiving gate.
EVT-0057037,SHP-10360,LOC-HYD-01,VEH-1559,Unloading,2026-08-18 06:02:00,2026-08-18 07:25:00,83,RSN-06,Completed,Cargo de-palletized and verified against airway bill.
EVT-0058125,SHP-10559,LOC-JAI-02,VEH-1648,Warehouse Entry,2026-08-09 20:49:00,2026-08-09 20:51:00,2,,Completed,Consignment arrived at Jaipur VKI Cross-Dock Hub inbound gate.
EVT-0058126,SHP-10559,LOC-JAI-02,VEH-1648,Loading,2026-08-09 21:35:00,2026-08-09 21:59:00,24,RSN-05,Completed,Pallets secured and loaded onto vehicle VEH-1648.
EVT-0058127,SHP-10559,LOC-JAI-02,VEH-1648,Departure,2026-08-09 22:30:00,2026-08-10 00:10:00,100,RSN-12,Delayed,Vehicle departed origin bay with manifest seal.
EVT-0058128,SHP-10559,LOC-JAI-02,VEH-1648,Inspection,2026-08-10 22:25:00,2026-08-11 00:04:00,99,RSN-18,Completed,Highway checkpoint FASTag and e-way bill scanning completed.
EVT-0058129,SHP-10559,LOC-BLR-03,VEH-1648,Arrival,2026-08-11 22:20:00,2026-08-11 23:58:00,98,RSN-12,Delayed,Vehicle docked at Bengaluru Electronic City Regional Warehouse receiving gate.
EVT-0058130,SHP-10559,LOC-BLR-03,VEH-1648,Unloading,2026-08-11 22:50:00,2026-08-12 00:29:00,99,RSN-06,Completed,Cargo de-palletized and verified against airway bill.
EVT-0062513,SHP-11359,LOC-BOM-02,VEH-1355,Warehouse Entry,2026-08-10 16:29:00,2026-08-10 16:44:00,15,,Completed,Consignment arrived at Navi Mumbai JNPT Cross-Docking Terminal inbound gate.
EVT-0062514,SHP-11359,LOC-BOM-02,VEH-1355,Loading,2026-08-10 17:15:00,2026-08-10 17:38:00,23,RSN-05,Completed,Pallets secured and loaded onto vehicle VEH-1355.
EVT-0062515,SHP-11359,LOC-BOM-02,VEH-1355,Departure,2026-08-10 18:15:00,2026-08-10 19:35:00,80,RSN-12,Delayed,Vehicle departed origin bay with manifest seal.
EVT-0062516,SHP-11359,LOC-BOM-02,VEH-1355,Inspection,2026-08-11 10:28:00,2026-08-11 11:46:00,78,RSN-18,Completed,Highway checkpoint FASTag and e-way bill scanning completed.
EVT-0062517,SHP-11359,LOC-LKO-01,VEH-1355,Arrival,2026-08-12 02:41:00,2026-08-12 03:57:00,76,RSN-12,Delayed,Vehicle docked at Lucknow Transport Nagar Hub receiving gate.
EVT-0062518,SHP-11359,LOC-LKO-01,VEH-1355,Unloading,2026-08-12 03:11:00,2026-08-12 04:27:00,76,RSN-06,Completed,Cargo de-palletized and verified against airway bill.
EVT-0063448,SHP-11530,LOC-AMD-01,VEH-1273,Warehouse Entry,2026-08-18 06:37:00,2026-08-18 06:38:00,1,,Completed,Consignment arrived at Ahmedabad Changodar Regional Warehouse inbound gate.
EVT-0063449,SHP-11530,LOC-AMD-01,VEH-1273,Loading,2026-08-18 07:27:00,2026-08-18 08:14:00,47,RSN-05,Completed,Pallets secured and loaded onto vehicle VEH-1273.
EVT-0063450,SHP-11530,LOC-AMD-01,VEH-1273,Departure,2026-08-18 08:15:00,2026-08-18 10:22:00,127,RSN-12,Delayed,Vehicle departed origin bay with manifest seal.
EVT-0063451,SHP-11530,LOC-AMD-01,VEH-1273,Inspection,2026-08-18 13:40:00,2026-08-18 15:44:30,124,RSN-18,Completed,Highway checkpoint FASTag and e-way bill scanning completed.
EVT-0063452,SHP-11530,LOC-IDR-01,VEH-1273,Arrival,2026-08-18 19:05:00,2026-08-18 21:07:00,122,RSN-12,Delayed,Vehicle docked at Indore Pithampur Logistics Park receiving gate.
EVT-0063453,SHP-11530,LOC-IDR-01,VEH-1273,Unloading,2026-08-18 19:35:00,2026-08-18 21:39:00,124,RSN-06,Completed,Cargo de-palletized and verified against airway bill.
EVT-0065548,SHP-11910,LOC-MAA-01,VEH-1193,Warehouse Entry,2026-08-23 16:27:00,2026-08-23 16:27:00,0,,Completed,Consignment arrived at Chennai Sriperumbudur Distribution Center inbound gate.
EVT-0065549,SHP-11910,LOC-MAA-01,VEH-1193,Loading,2026-08-23 17:18:00,2026-08-23 18:32:00,74,RSN-05,Completed,Pallets secured and loaded onto vehicle VEH-1193.
EVT-0065550,SHP-11910,LOC-MAA-01,VEH-1193,Departure,2026-08-23 18:15:00,2026-08-23 20:30:00,135,RSN-05,Delayed,Vehicle departed origin bay with manifest seal.
EVT-0065551,SHP-11910,LOC-MAA-01,VEH-1193,Inspection,2026-08-24 20:34:30,2026-08-24 22:54:30,140,RSN-18,Completed,Highway checkpoint FASTag and e-way bill scanning completed.
EVT-0065552,SHP-11910,LOC-DEL-02,VEH-1193,Arrival,2026-08-25 22:54:00,2026-08-26 01:19:00,145,RSN-09,Delayed,Vehicle docked at Okhla Transshipment Hub receiving gate.
EVT-0065553,SHP-11910,LOC-DEL-02,VEH-1193,Unloading,2026-08-25 23:24:00,2026-08-26 02:00:00,156,RSN-06,Completed,Cargo de-palletized and verified against airway bill.
EVT-0065565,SHP-11913,LOC-JAI-01,VEH-1393,Warehouse Entry,2026-08-24 05:09:00,2026-08-24 05:15:00,6,,Completed,Consignment arrived at Jaipur Sitapura Regional Warehouse inbound gate.
EVT-0065566,SHP-11913,LOC-JAI-01,VEH-1393,Loading,2026-08-24 05:45:00,2026-08-24 06:41:00,56,RSN-05,Completed,Pallets secured and loaded onto vehicle VEH-1393.
EVT-0065567,SHP-11913,LOC-JAI-01,VEH-1393,Departure,2026-08-24 06:45:00,2026-08-24 08:51:00,126,RSN-04,Delayed,Vehicle departed origin bay with manifest seal.
EVT-0065568,SHP-11913,LOC-DEL-01,VEH-1393,Arrival,2026-08-24 14:49:00,2026-08-24 16:56:00,127,RSN-04,Delayed,Vehicle docked at Delhi Central Fulfillment Center receiving gate.
EVT-0065569,SHP-11913,LOC-DEL-01,VEH-1393,Unloading,2026-08-24 15:19:00,2026-08-24 17:23:00,124,RSN-06,Completed,Cargo de-palletized and verified against airway bill.
EVT-0065708,SHP-11939,LOC-JAI-02,VEH-1388,Warehouse Entry,2026-08-09 16:56:00,2026-08-09 16:57:00,1,,Completed,Consignment arrived at Jaipur VKI Cross-Dock Hub inbound gate.
EVT-0065709,SHP-11939,LOC-JAI-02,VEH-1388,Loading,2026-08-09 17:54:00,2026-08-09 18:03:00,9,,Completed,Pallets secured and loaded onto vehicle VEH-1388.
EVT-0065710,SHP-11939,LOC-JAI-02,VEH-1388,Departure,2026-08-09 18:45:00,2026-08-09 21:24:00,159,RSN-12,Delayed,Vehicle departed origin bay with manifest seal.
EVT-0065711,SHP-11939,LOC-HYD-02,VEH-1388,Arrival,2026-08-11 01:11:00,2026-08-11 03:47:00,156,RSN-12,Delayed,Vehicle docked at Hyderabad Medchal Regional Warehouse receiving gate.
EVT-0065712,SHP-11939,LOC-HYD-02,VEH-1388,Unloading,2026-08-11 01:41:00,2026-08-11 04:19:00,158,RSN-06,Completed,Cargo de-palletized and verified against airway bill.
EVT-0066605,SHP-12102,LOC-BOM-02,VEH-1637,Warehouse Entry,2026-08-23 08:17:00,2026-08-23 08:27:00,10,,Completed,Consignment arrived at Navi Mumbai JNPT Cross-Docking Terminal inbound gate.
EVT-0066606,SHP-12102,LOC-BOM-02,VEH-1637,Loading,2026-08-23 09:17:00,2026-08-23 09:24:00,7,,Completed,Pallets secured and loaded onto vehicle VEH-1637.
EVT-0066607,SHP-12102,LOC-BOM-02,VEH-1637,Departure,2026-08-23 10:00:00,2026-08-23 10:16:00,16,RSN-12,Delayed,Vehicle departed origin bay with manifest seal.
EVT-0066608,SHP-12102,LOC-BOM-02,VEH-1637,Inspection,2026-08-23 20:40:30,2026-08-23 20:56:30,16,RSN-02,Completed,Highway checkpoint FASTag and e-way bill scanning completed.
EVT-0066609,SHP-12102,LOC-NAG-01,VEH-1637,Arrival,2026-08-24 07:21:00,2026-08-24 07:37:00,16,RSN-12,Delayed,Vehicle docked at Nagpur MIHAN Multi-Modal Logistics Hub receiving gate.
EVT-0066610,SHP-12102,LOC-NAG-01,VEH-1637,Unloading,2026-08-24 07:51:00,2026-08-24 08:14:00,23,,Completed,Cargo de-palletized and verified against airway bill.
EVT-0066970,SHP-12169,LOC-HYD-01,VEH-1537,Warehouse Entry,2026-08-20 10:01:00,2026-08-20 10:12:00,11,,Completed,Consignment arrived at Hyderabad Shamshabad Cargo Logistics Hub inbound gate.
EVT-0066971,SHP-12169,LOC-HYD-01,VEH-1537,Loading,2026-08-20 11:11:00,2026-08-20 11:41:00,30,RSN-05,Completed,Pallets secured and loaded onto vehicle VEH-1537.
EVT-0066972,SHP-12169,LOC-HYD-01,VEH-1537,Departure,2026-08-20 12:00:00,2026-08-20 12:30:00,30,RSN-12,Delayed,Vehicle departed origin bay with manifest seal.
EVT-0066973,SHP-12169,LOC-MAA-02,VEH-1537,Arrival,2026-08-21 02:07:00,2026-08-21 02:41:00,34,RSN-12,Delayed,Vehicle docked at Chennai Madhavaram Transshipment Hub receiving gate.
EVT-0066974,SHP-12169,LOC-MAA-02,VEH-1537,Unloading,2026-08-21 02:37:00,2026-08-21 03:18:00,41,RSN-06,Completed,Cargo de-palletized and verified against airway bill.
EVT-0069845,SHP-12693,LOC-AMD-01,VEH-1064,Warehouse Entry,2026-08-18 06:34:00,2026-08-18 06:46:00,12,,Completed,Consignment arrived at Ahmedabad Changodar Regional Warehouse inbound gate.
EVT-0069846,SHP-12693,LOC-AMD-01,VEH-1064,Loading,2026-08-18 07:27:00,2026-08-18 07:54:00,27,RSN-05,Completed,Pallets secured and loaded onto vehicle VEH-1064.
EVT-0069847,SHP-12693,LOC-AMD-01,VEH-1064,Departure,2026-08-18 08:15:00,2026-08-18 09:44:00,89,RSN-12,Delayed,Vehicle departed origin bay with manifest seal.
EVT-0069848,SHP-12693,LOC-AMD-01,VEH-1064,Inspection,2026-08-18 17:44:30,2026-08-18 19:16:00,91,RSN-18,Completed,Highway checkpoint FASTag and e-way bill scanning completed.
EVT-0069849,SHP-12693,LOC-JAI-02,VEH-1064,Arrival,2026-08-19 03:14:00,2026-08-19 04:48:00,94,RSN-12,Delayed,Vehicle docked at Jaipur VKI Cross-Dock Hub receiving gate.
EVT-0069850,SHP-12693,LOC-JAI-02,VEH-1064,Unloading,2026-08-19 03:44:00,2026-08-19 05:29:00,105,RSN-06,Completed,Cargo de-palletized and verified against airway bill.
EVT-0071451,SHP-12985,LOC-IDR-01,VEH-1348,Warehouse Entry,2026-08-20 10:44:00,2026-08-20 10:57:00,13,,Completed,Consignment arrived at Indore Pithampur Logistics Park inbound gate.
EVT-0071452,SHP-12985,LOC-IDR-01,VEH-1348,Loading,2026-08-20 11:32:00,2026-08-20 12:58:00,86,RSN-05,Completed,Pallets secured and loaded onto vehicle VEH-1348.
EVT-0071453,SHP-12985,LOC-IDR-01,VEH-1348,Departure,2026-08-20 12:30:00,2026-08-20 15:12:00,162,RSN-12,Delayed,Vehicle departed origin bay with manifest seal.
EVT-0071454,SHP-12985,LOC-IDR-01,VEH-1348,Inspection,2026-08-21 04:42:00,2026-08-21 07:21:30,159,RSN-18,Completed,Highway checkpoint FASTag and e-way bill scanning completed.
EVT-0071455,SHP-12985,LOC-CJB-01,VEH-1348,Arrival,2026-08-21 20:54:00,2026-08-21 23:31:00,157,RSN-12,Delayed,Vehicle docked at Coimbatore Peelamedu Distribution Center receiving gate.
EVT-0071456,SHP-12985,LOC-CJB-01,VEH-1348,Unloading,2026-08-21 21:24:00,2026-08-22 00:01:00,157,RSN-06,Completed,Cargo de-palletized and verified against airway bill.
EVT-0072360,SHP-13151,LOC-JAI-01,VEH-1233,Warehouse Entry,2026-08-17 12:49:00,2026-08-17 12:52:00,3,,Completed,Consignment arrived at Jaipur Sitapura Regional Warehouse inbound gate.
EVT-0072361,SHP-13151,LOC-JAI-01,VEH-1233,Loading,2026-08-17 14:04:00,2026-08-17 15:53:00,109,RSN-05,Completed,Pallets secured and loaded onto vehicle VEH-1233.
EVT-0072362,SHP-13151,LOC-JAI-01,VEH-1233,Departure,2026-08-17 14:45:00,2026-08-17 17:34:00,169,RSN-12,Delayed,Vehicle departed origin bay with manifest seal.
EVT-0072363,SHP-13151,LOC-JAI-01,VEH-1233,Inspection,2026-08-18 11:11:30,2026-08-18 14:04:00,172,RSN-18,Completed,Highway checkpoint FASTag and e-way bill scanning completed.
EVT-0072364,SHP-13151,LOC-MAA-02,VEH-1233,Arrival,2026-08-19 07:38:00,2026-08-19 10:34:00,176,RSN-12,Delayed,Vehicle docked at Chennai Madhavaram Transshipment Hub receiving gate.
EVT-0072365,SHP-13151,LOC-MAA-02,VEH-1233,Unloading,2026-08-19 08:08:00,2026-08-19 10:59:00,171,RSN-06,Completed,Cargo de-palletized and verified against airway bill.
