shipment_id,timestamp,event_type,status,delay_duration,scheduled_time,courier_id,route_id,region_id,aoi_id,aoi_type,city,lng,lat,ds,source_file,source_row_id,source_event_id,source_timestamp,delay_id,delay_stage,delay_duration_delay-reports,initial_delay_duration,reported_at,courier_id_delay-reports,route_id_delay-reports,region_id_delay-reports,city_delay-reports,ds_delay-reports,source_file_delay-reports,source_row_id_delay-reports,source_timestamp_delay-reports,_delay_match,_record_source,_source_datasets,_integration_key
169,2022-06-13 07:52:00+00:00,accept,on_time,0.0,2022-06-13 09:00:00+00:00,10538,region_90,90,11409,14,Jilin,126.56289,43.88447,613,Cainiao-AI/LaDe:pickup/pickup_jl.csv,79365,169:accept,06-13 07:52:00,,,,,,,,,,,,,,left-only,shipment_scans_cleaned,"shipment_scans_cleaned,delay_reports_cleaned",169
169,2022-06-13 08:49:00+00:00,pickup,on_time,0.0,2022-06-13 11:00:00+00:00,10538,region_90,90,11409,14,Jilin,126.56289,43.88447,613,Cainiao-AI/LaDe:pickup/pickup_jl.csv,79365,169:pickup,06-13 08:49:00,,,,,,,,,,,,,,left-only,shipment_scans_cleaned,"shipment_scans_cleaned,delay_reports_cleaned",169
828,2022-06-06 14:57:00+00:00,accept,on_time,0.0,2022-06-06 15:00:00+00:00,11576,region_109,109,14181,1,Jilin,126.57667,43.79332,606,Cainiao-AI/LaDe:pickup/pickup_jl.csv,138305,828:accept,06-06 14:57:00,,,,,,,,,,,,,,left-only,shipment_scans_cleaned,"shipment_scans_cleaned,delay_reports_cleaned",828
828,2022-06-06 15:52:00+00:00,pickup,on_time,0.0,2022-06-06 17:00:00+00:00,11576,region_109,109,14181,1,Jilin,126.57667,43.79332,606,Cainiao-AI/LaDe:pickup/pickup_jl.csv,138305,828:pickup,06-06 15:52:00,,,,,,,,,,,,,,left-only,shipment_scans_cleaned,"shipment_scans_cleaned,delay_reports_cleaned",828
2223,2022-06-06 15:11:00+00:00,accept,on_time,0.0,2022-06-06 15:11:00+00:00,9797,region_131,131,3928,14,Jilin,126.56738,43.8326,606,Cainiao-AI/LaDe:pickup/pickup_jl.csv,222232,2223:accept,06-06 15:11:00,,,,,,,,,,,,,,left-only,shipment_scans_cleaned,"shipment_scans_cleaned,delay_reports_cleaned",2223
2223,2022-06-06 16:42:00+00:00,pickup,on_time,0.0,2022-06-06 17:11:00+00:00,9797,region_131,131,3928,14,Jilin,126.56738,43.8326,606,Cainiao-AI/LaDe:pickup/pickup_jl.csv,222232,2223:pickup,06-06 16:42:00,,,,,,,,,,,,,,left-only,shipment_scans_cleaned,"shipment_scans_cleaned,delay_reports_cleaned",2223
2663,2022-06-15 12:01:00+00:00,accept,on_time,0.0,2022-06-15 13:00:00+00:00,4251,region_132,132,19869,14,Jilin,126.05493,42.94801,615,Cainiao-AI/LaDe:pickup/pickup_jl.csv,257659,2663:accept,06-15 12:01:00,,,,,,,,,,,,,,left-only,shipment_scans_cleaned,"shipment_scans_cleaned,delay_reports_cleaned",2663
2663,2022-06-15 13:56:00+00:00,pickup,on_time,0.0,2022-06-15 15:00:00+00:00,4251,region_132,132,19869,14,Jilin,126.05493,42.94801,615,Cainiao-AI/LaDe:pickup/pickup_jl.csv,257659,2663:pickup,06-15 13:56:00,,,,,,,,,,,,,,left-only,shipment_scans_cleaned,"shipment_scans_cleaned,delay_reports_cleaned",2663
2850,2022-06-16 15:17:00+00:00,accept,on_time,0.0,2022-06-16 17:00:00+00:00,5969,region_91,91,15020,1,Jilin,126.50959,43.81118,616,Cainiao-AI/LaDe:pickup/pickup_jl.csv,97072,2850:accept,06-16 15:17:00,,,,,,,,,,,,,,left-only,shipment_scans_cleaned,"shipment_scans_cleaned,delay_reports_cleaned",2850
2850,2022-06-16 16:07:00+00:00,pickup,on_time,0.0,2022-06-16 19:00:00+00:00,5969,region_91,91,15020,1,Jilin,126.50959,43.81118,616,Cainiao-AI/LaDe:pickup/pickup_jl.csv,97072,2850:pickup,06-16 16:07:00,,,,,,,,,,,,,,left-only,shipment_scans_cleaned,"shipment_scans_cleaned,delay_reports_cleaned",2850
2916,2022-06-10 09:53:00+00:00,accept,on_time,0.0,2022-06-10 11:00:00+00:00,4842,region_122,122,20280,14,Jilin,126.58407,43.8377,610,Cainiao-AI/LaDe:pickup/pickup_jl.csv,199306,2916:accept,06-10 09:53:00,,,,,,,,,,,,,,left-only,shipment_scans_cleaned,"shipment_scans_cleaned,delay_reports_cleaned",2916
2916,2022-06-10 12:50:00+00:00,pickup,on_time,0.0,2022-06-10 13:00:00+00:00,4842,region_122,122,20280,14,Jilin,126.58407,43.8377,610,Cainiao-AI/LaDe:pickup/pickup_jl.csv,199306,2916:pickup,06-10 12:50:00,,,,,,,,,,,,,,left-only,shipment_scans_cleaned,"shipment_scans_cleaned,delay_reports_cleaned",2916
3056,2022-06-16 16:11:00+00:00,accept,on_time,0.0,2022-06-16 17:00:00+00:00,10902,region_128,128,16914,1,Jilin,126.57748,43.84926,616,Cainiao-AI/LaDe:pickup/pickup_jl.csv,216882,3056:accept,06-16 16:11:00,,,,,,,,,,,,,,left-only,shipment_scans_cleaned,"shipment_scans_cleaned,delay_reports_cleaned",3056
3056,2022-06-16 16:31:00+00:00,pickup,on_time,0.0,2022-06-16 19:00:00+00:00,10902,region_128,128,16914,1,Jilin,126.57748,43.84926,616,Cainiao-AI/LaDe:pickup/pickup_jl.csv,216882,3056:pickup,06-16 16:31:00,,,,,,,,,,,,,,left-only,shipment_scans_cleaned,"shipment_scans_cleaned,delay_reports_cleaned",3056
3366,2022-06-09 07:51:00+00:00,accept,on_time,0.0,2022-06-09 09:00:00+00:00,2656,region_85,85,3713,1,Jilin,126.57535,43.87147,609,Cainiao-AI/LaDe:pickup/pickup_jl.csv,52444,3366:accept,06-09 07:51:00,,,,,,,,,,,,,,left-only,shipment_scans_cleaned,"shipment_scans_cleaned,delay_reports_cleaned",3366
3366,2022-06-09 08:53:00+00:00,pickup,on_time,0.0,2022-06-09 11:00:00+00:00,2656,region_85,85,3713,1,Jilin,126.57535,43.87147,609,Cainiao-AI/LaDe:pickup/pickup_jl.csv,52444,3366:pickup,06-09 08:53:00,,,,,,,,,,,,,,left-only,shipment_scans_cleaned,"shipment_scans_cleaned,delay_reports_cleaned",3366
3796,2022-06-15 08:04:00+00:00,accept,on_time,0.0,2022-06-15 09:00:00+00:00,1090,region_109,109,10290,14,Jilin,126.55297,43.81314,615,Cainiao-AI/LaDe:pickup/pickup_jl.csv,128274,3796:accept,06-15 08:04:00,,,,,,,,,,,,,,left-only,shipment_scans_cleaned,"shipment_scans_cleaned,delay_reports_cleaned",3796
3796,2022-06-15 10:16:00+00:00,pickup,on_time,0.0,2022-06-15 11:00:00+00:00,1090,region_109,109,10290,14,Jilin,126.55297,43.81314,615,Cainiao-AI/LaDe:pickup/pickup_jl.csv,128274,3796:pickup,06-15 10:16:00,,,,,,,,,,,,,,left-only,shipment_scans_cleaned,"shipment_scans_cleaned,delay_reports_cleaned",3796
4453,2022-06-16 07:42:00+00:00,accept,on_time,0.0,2022-06-16 09:00:00+00:00,10781,region_85,85,12273,1,Jilin,126.55277,43.87217,616,Cainiao-AI/LaDe:pickup/pickup_jl.csv,64144,4453:accept,06-16 07:42:00,,,,,,,,,,,,,,left-only,shipment_scans_cleaned,"shipment_scans_cleaned,delay_reports_cleaned",4453
4453,2022-06-16 09:02:00+00:00,pickup,on_time,0.0,2022-06-16 11:00:00+00:00,10781,region_85,85,12273,1,Jilin,126.55277,43.87217,616,Cainiao-AI/LaDe:pickup/pickup_jl.csv,64144,4453:pickup,06-16 09:02:00,,,,,,,,,,,,,,left-only,shipment_scans_cleaned,"shipment_scans_cleaned,delay_reports_cleaned",4453
4544,2022-06-07 07:45:00+00:00,accept,on_time,0.0,2022-06-07 09:00:00+00:00,11576,region_109,109,2285,1,Jilin,126.56312,43.79818,607,Cainiao-AI/LaDe:pickup/pickup_jl.csv,112888,4544:accept,06-07 07:45:00,,,,,,,,,,,,,,left-only,shipment_scans_cleaned,"shipment_scans_cleaned,delay_reports_cleaned",4544
4544,2022-06-07 09:13:00+00:00,pickup,on_time,0.0,2022-06-07 11:00:00+00:00,11576,region_109,109,2285,1,Jilin,126.56312,43.79818,607,Cainiao-AI/LaDe:pickup/pickup_jl.csv,112888,4544:pickup,06-07 09:13:00,,,,,,,,,,,,,,left-only,shipment_scans_cleaned,"shipment_scans_cleaned,delay_reports_cleaned",4544
4729,2022-06-10 07:47:00+00:00,accept,on_time,0.0,2022-06-10 09:00:00+00:00,4165,region_85,85,4444,1,Jilin,126.56313,43.86911,610,Cainiao-AI/LaDe:pickup/pickup_jl.csv,55179,4729:accept,06-10 07:47:00,,,,,,,,,,,,,,left-only,shipment_scans_cleaned,"shipment_scans_cleaned,delay_reports_cleaned",4729
4729,2022-06-10 07:57:00+00:00,pickup,on_time,0.0,2022-06-10 11:00:00+00:00,4165,region_85,85,4444,1,Jilin,126.56313,43.86911,610,Cainiao-AI/LaDe:pickup/pickup_jl.csv,55179,4729:pickup,06-10 07:57:00,,,,,,,,,,,,,,left-only,shipment_scans_cleaned,"shipment_scans_cleaned,delay_reports_cleaned",4729
4886,2022-06-12 16:31:00+00:00,accept,on_time,0.0,2022-06-12 17:00:00+00:00,788,region_109,109,4871,1,Jilin,126.55739,43.80806,612,Cainiao-AI/LaDe:pickup/pickup_jl.csv,118356,4886:accept,06-12 16:31:00,,,,,,,,,,,,,,left-only,shipment_scans_cleaned,"shipment_scans_cleaned,delay_reports_cleaned",4886
4886,2022-06-12 17:07:00+00:00,pickup,on_time,0.0,2022-06-12 19:00:00+00:00,788,region_109,109,4871,1,Jilin,126.55739,43.80806,612,Cainiao-AI/LaDe:pickup/pickup_jl.csv,118356,4886:pickup,06-12 17:07:00,,,,,,,,,,,,,,left-only,shipment_scans_cleaned,"shipment_scans_cleaned,delay_reports_cleaned",4886
4975,2022-06-10 07:51:00+00:00,accept,on_time,0.0,2022-06-10 09:00:00+00:00,10140,region_109,109,18288,1,Jilin,126.56979,43.80388,610,Cainiao-AI/LaDe:pickup/pickup_jl.csv,147263,4975:accept,06-10 07:51:00,,,,,,,,,,,,,,left-only,shipment_scans_cleaned,"shipment_scans_cleaned,delay_reports_cleaned",4975
4975,2022-06-10 13:18:00+00:00,pickup,on_time,0.0,2022-06-10 23:59:00+00:00,10140,region_109,109,18288,1,Jilin,126.56979,43.80388,610,Cainiao-AI/LaDe:pickup/pickup_jl.csv,147263,4975:pickup,06-10 13:18:00,,,,,,,,,,,,,,left-only,shipment_scans_cleaned,"shipment_scans_cleaned,delay_reports_cleaned",4975
5099,2022-06-14 16:29:00+00:00,accept,on_time,0.0,2022-06-15 09:00:00+00:00,4842,region_122,122,11890,1,Jilin,126.5764,43.84153,614,Cainiao-AI/LaDe:pickup/pickup_jl.csv,193811,5099:accept,06-14 16:29:00,,,,,,,,,,,,,,left-only,shipment_scans_cleaned,"shipment_scans_cleaned,delay_reports_cleaned",5099
5099,2022-06-14 19:07:00+00:00,pickup,on_time,0.0,2022-06-15 11:00:00+00:00,4842,region_122,122,11890,1,Jilin,126.5764,43.84153,614,Cainiao-AI/LaDe:pickup/pickup_jl.csv,193811,5099:pickup,06-14 19:07:00,,,,,,,,,,,,,,left-only,shipment_scans_cleaned,"shipment_scans_cleaned,delay_reports_cleaned",5099
5297,2022-06-10 16:57:00+00:00,accept,on_time,0.0,2022-06-10 17:00:00+00:00,15530,region_74,74,1362,14,Jilin,126.50413,43.86479,610,Cainiao-AI/LaDe:pickup/pickup_jl.csv,40242,5297:accept,06-10 16:57:00,,,,,,,,,,,,,,left-only,shipment_scans_cleaned,"shipment_scans_cleaned,delay_reports_cleaned",5297
5297,2022-06-10 18:34:00+00:00,pickup,on_time,0.0,2022-06-10 19:00:00+00:00,15530,region_74,74,1362,14,Jilin,126.50413,43.86479,610,Cainiao-AI/LaDe:pickup/pickup_jl.csv,40242,5297:pickup,06-10 18:34:00,,,,,,,,,,,,,,left-only,shipment_scans_cleaned,"shipment_scans_cleaned,delay_reports_cleaned",5297
5302,2022-06-05 08:20:00+00:00,accept,on_time,0.0,2022-06-05 13:00:00+00:00,11731,region_132,132,4048,14,Jilin,126.05979,42.9412,605,Cainiao-AI/LaDe:pickup/pickup_jl.csv,242900,5302:accept,06-05 08:20:00,,,,,,,,,,,,,,left-only,shipment_scans_cleaned,"shipment_scans_cleaned,delay_reports_cleaned",5302
5302,2022-06-05 14:01:00+00:00,pickup,on_time,0.0,2022-06-05 15:00:00+00:00,11731,region_132,132,4048,14,Jilin,126.05979,42.9412,605,Cainiao-AI/LaDe:pickup/pickup_jl.csv,242900,5302:pickup,06-05 14:01:00,,,,,,,,,,,,,,left-only,shipment_scans_cleaned,"shipment_scans_cleaned,delay_reports_cleaned",5302
5915,2022-06-09 07:54:00+00:00,accept,on_time,0.0,2022-06-09 09:00:00+00:00,7530,region_132,132,7352,1,Jilin,126.06443,42.94351,609,Cainiao-AI/LaDe:pickup/pickup_jl.csv,245371,5915:accept,06-09 07:54:00,,,,,,,,,,,,,,left-only,shipment_scans_cleaned,"shipment_scans_cleaned,delay_reports_cleaned",5915
5915,2022-06-09 08:16:00+00:00,pickup,on_time,0.0,2022-06-09 11:00:00+00:00,7530,region_132,132,7352,1,Jilin,126.06443,42.94351,609,Cainiao-AI/LaDe:pickup/pickup_jl.csv,245371,5915:pickup,06-09 08:16:00,,,,,,,,,,,,,,left-only,shipment_scans_cleaned,"shipment_scans_cleaned,delay_reports_cleaned",5915
6226,2022-06-13 07:43:00+00:00,accept,on_time,0.0,2022-06-13 09:00:00+00:00,4842,region_122,122,3042,14,Jilin,126.57579,43.84068,613,Cainiao-AI/LaDe:pickup/pickup_jl.csv,188916,6226:accept,06-13 07:43:00,,,,,,,,,,,,,,left-only,shipment_scans_cleaned,"shipment_scans_cleaned,delay_reports_cleaned",6226
6226,2022-06-13 09:43:00+00:00,pickup,on_time,0.0,2022-06-13 11:00:00+00:00,4842,region_122,122,3042,14,Jilin,126.57579,43.84068,613,Cainiao-AI/LaDe:pickup/pickup_jl.csv,188916,6226:pickup,06-13 09:43:00,,,,,,,,,,,,,,left-only,shipment_scans_cleaned,"shipment_scans_cleaned,delay_reports_cleaned",6226
6625,2022-06-09 12:57:00+00:00,accept,on_time,0.0,2022-06-09 12:57:00+00:00,4165,region_85,85,5407,1,Jilin,126.55847,43.87107,609,Cainiao-AI/LaDe:pickup/pickup_jl.csv,56449,6625:accept,06-09 12:57:00,,,,,,,,,,,,,,left-only,shipment_scans_cleaned,"shipment_scans_cleaned,delay_reports_cleaned",6625
6625,2022-06-09 13:19:00+00:00,pickup,on_time,0.0,2022-06-09 14:57:00+00:00,4165,region_85,85,5407,1,Jilin,126.55847,43.87107,609,Cainiao-AI/LaDe:pickup/pickup_jl.csv,56449,6625:pickup,06-09 13:19:00,,,,,,,,,,,,,,left-only,shipment_scans_cleaned,"shipment_scans_cleaned,delay_reports_cleaned",6625
6685,2022-06-12 16:54:00+00:00,accept,on_time,0.0,2022-06-12 17:00:00+00:00,13203,region_29,29,20483,14,Jilin,126.51583,43.67582,612,Cainiao-AI/LaDe:pickup/pickup_jl.csv,39561,6685:accept,06-12 16:54:00,,,,,,,,,,,,,,left-only,shipment_scans_cleaned,"shipment_scans_cleaned,delay_reports_cleaned",6685
6685,2022-06-12 17:16:00+00:00,pickup,on_time,0.0,2022-06-12 19:00:00+00:00,13203,region_29,29,20483,14,Jilin,126.51583,43.67582,612,Cainiao-AI/LaDe:pickup/pickup_jl.csv,39561,6685:pickup,06-12 17:16:00,,,,,,,,,,,,,,left-only,shipment_scans_cleaned,"shipment_scans_cleaned,delay_reports_cleaned",6685
6736,2022-06-10 07:37:00+00:00,accept,on_time,0.0,2022-06-10 09:00:00+00:00,11576,region_109,109,14181,1,Jilin,126.57658,43.79266,610,Cainiao-AI/LaDe:pickup/pickup_jl.csv,138993,6736:accept,06-10 07:37:00,,,,,,,,,,,,,,left-only,shipment_scans_cleaned,"shipment_scans_cleaned,delay_reports_cleaned",6736
6736,2022-06-10 10:18:00+00:00,pickup,on_time,0.0,2022-06-10 11:00:00+00:00,11576,region_109,109,14181,1,Jilin,126.57658,43.79266,610,Cainiao-AI/LaDe:pickup/pickup_jl.csv,138993,6736:pickup,06-10 10:18:00,,,,,,,,,,,,,,left-only,shipment_scans_cleaned,"shipment_scans_cleaned,delay_reports_cleaned",6736
6784,2022-06-09 07:38:00+00:00,accept,on_time,0.0,2022-06-09 09:00:00+00:00,5190,region_74,74,10656,1,Jilin,126.52918,43.86454,609,Cainiao-AI/LaDe:pickup/pickup_jl.csv,41256,6784:accept,06-09 07:38:00,,,,,,,,,,,,,,left-only,shipment_scans_cleaned,"shipment_scans_cleaned,delay_reports_cleaned",6784
6784,2022-06-09 08:51:00+00:00,pickup,on_time,0.0,2022-06-09 11:00:00+00:00,5190,region_74,74,10656,1,Jilin,126.52918,43.86454,609,Cainiao-AI/LaDe:pickup/pickup_jl.csv,41256,6784:pickup,06-09 08:51:00,,,,,,,,,,,,,,left-only,shipment_scans_cleaned,"shipment_scans_cleaned,delay_reports_cleaned",6784
6858,2022-06-09 08:12:00+00:00,accept,on_time,0.0,2022-06-09 09:00:00+00:00,4281,region_114,114,16353,14,Jilin,126.73688,42.97045,609,Cainiao-AI/LaDe:pickup/pickup_jl.csv,186281,6858:accept,06-09 08:12:00,,,,,,,,,,,,,,left-only,shipment_scans_cleaned,"shipment_scans_cleaned,delay_reports_cleaned",6858
6858,2022-06-09 10:15:00+00:00,pickup,on_time,0.0,2022-06-09 11:00:00+00:00,4281,region_114,114,16353,14,Jilin,126.73688,42.97045,609,Cainiao-AI/LaDe:pickup/pickup_jl.csv,186281,6858:pickup,06-09 10:15:00,,,,,,,,,,,,,,left-only,shipment_scans_cleaned,"shipment_scans_cleaned,delay_reports_cleaned",6858
7018,2022-06-06 07:48:00+00:00,accept,on_time,0.0,2022-06-06 09:00:00+00:00,4165,region_85,85,5407,1,Jilin,126.55942,43.87067,606,Cainiao-AI/LaDe:pickup/pickup_jl.csv,56354,7018:accept,06-06 07:48:00,,,,,,,,,,,,,,left-only,shipment_scans_cleaned,"shipment_scans_cleaned,delay_reports_cleaned",7018
7018,2022-06-06 09:05:00+00:00,pickup,on_time,0.0,2022-06-06 11:00:00+00:00,4165,region_85,85,5407,1,Jilin,126.55942,43.87067,606,Cainiao-AI/LaDe:pickup/pickup_jl.csv,56354,7018:pickup,06-06 09:05:00,,,,,,,,,,,,,,left-only,shipment_scans_cleaned,"shipment_scans_cleaned,delay_reports_cleaned",7018
7469,2022-06-12 09:17:00+00:00,accept,on_time,0.0,2022-06-12 15:00:00+00:00,1090,region_109,109,19409,14,Jilin,126.55603,43.81975,612,Cainiao-AI/LaDe:pickup/pickup_jl.csv,149556,7469:accept,06-12 09:17:00,,,,,,,,,,,,,,left-only,shipment_scans_cleaned,"shipment_scans_cleaned,delay_reports_cleaned",7469
7469,2022-06-12 16:09:00+00:00,pickup,on_time,0.0,2022-06-12 17:00:00+00:00,1090,region_109,109,19409,14,Jilin,126.55603,43.81975,612,Cainiao-AI/LaDe:pickup/pickup_jl.csv,149556,7469:pickup,06-12 16:09:00,,,,,,,,,,,,,,left-only,shipment_scans_cleaned,"shipment_scans_cleaned,delay_reports_cleaned",7469
7746,2022-06-14 15:10:00+00:00,accept,on_time,0.0,2022-06-14 17:00:00+00:00,10779,region_11,11,5256,14,Jilin,127.33948,43.72092,614,Cainiao-AI/LaDe:pickup/pickup_jl.csv,12189,7746:accept,06-14 15:10:00,,,,,,,,,,,,,,left-only,shipment_scans_cleaned,"shipment_scans_cleaned,delay_reports_cleaned",7746
7746,2022-06-14 15:38:00+00:00,pickup,on_time,0.0,2022-06-14 19:00:00+00:00,10779,region_11,11,5256,14,Jilin,127.33948,43.72092,614,Cainiao-AI/LaDe:pickup/pickup_jl.csv,12189,7746:pickup,06-14 15:38:00,,,,,,,,,,,,,,left-only,shipment_scans_cleaned,"shipment_scans_cleaned,delay_reports_cleaned",7746
8007,2022-06-12 09:19:00+00:00,accept,on_time,0.0,2022-06-12 09:19:00+00:00,14171,region_9,9,21524,1,Jilin,126.95832,44.40667,612,Cainiao-AI/LaDe:pickup/pickup_jl.csv,7961,8007:accept,06-12 09:19:00,,,,,,,,,,,,,,left-only,shipment_scans_cleaned,"shipment_scans_cleaned,delay_reports_cleaned",8007
8007,2022-06-12 10:51:00+00:00,pickup,on_time,0.0,2022-06-12 11:19:00+00:00,14171,region_9,9,21524,1,Jilin,126.95832,44.40667,612,Cainiao-AI/LaDe:pickup/pickup_jl.csv,7961,8007:pickup,06-12 10:51:00,,,,,,,,,,,,,,left-only,shipment_scans_cleaned,"shipment_scans_cleaned,delay_reports_cleaned",8007
8112,2022-06-07 11:34:00+00:00,accept,on_time,0.0,2022-06-07 13:00:00+00:00,1090,region_109,109,6912,14,Jilin,126.55535,43.81457,607,Cainiao-AI/LaDe:pickup/pickup_jl.csv,122139,8112:accept,06-07 11:34:00,,,,,,,,,,,,,,left-only,shipment_scans_cleaned,"shipment_scans_cleaned,delay_reports_cleaned",8112
8112,2022-06-07 14:34:00+00:00,pickup,on_time,0.0,2022-06-07 15:00:00+00:00,1090,region_109,109,6912,14,Jilin,126.55535,43.81457,607,Cainiao-AI/LaDe:pickup/pickup_jl.csv,122139,8112:pickup,06-07 14:34:00,,,,,,,,,,,,,,left-only,shipment_scans_cleaned,"shipment_scans_cleaned,delay_reports_cleaned",8112
8292,2022-06-10 07:56:00+00:00,accept,on_time,0.0,2022-06-10 09:00:00+00:00,3363,region_128,128,14098,1,Jilin,126.58823,43.85834,610,Cainiao-AI/LaDe:pickup/pickup_jl.csv,214714,8292:accept,06-10 07:56:00,,,,,,,,,,,,,,left-only,shipment_scans_cleaned,"shipment_scans_cleaned,delay_reports_cleaned",8292
8292,2022-06-10 10:09:00+00:00,pickup,on_time,0.0,2022-06-10 11:00:00+00:00,3363,region_128,128,14098,1,Jilin,126.58823,43.85834,610,Cainiao-AI/LaDe:pickup/pickup_jl.csv,214714,8292:pickup,06-10 10:09:00,,,,,,,,,,,,,,left-only,shipment_scans_cleaned,"shipment_scans_cleaned,delay_reports_cleaned",8292
8640,2022-06-06 07:53:00+00:00,accept,on_time,0.0,2022-06-06 09:00:00+00:00,7333,region_132,132,17550,1,Jilin,126.05256,42.95499,606,Cainiao-AI/LaDe:pickup/pickup_jl.csv,256655,8640:accept,06-06 07:53:00,,,,,,,,,,,,,,left-only,shipment_scans_cleaned,"shipment_scans_cleaned,delay_reports_cleaned",8640
8640,2022-06-06 09:57:00+00:00,pickup,on_time,0.0,2022-06-06 11:00:00+00:00,7333,region_132,132,17550,1,Jilin,126.05256,42.95499,606,Cainiao-AI/LaDe:pickup/pickup_jl.csv,256655,8640:pickup,06-06 09:57:00,,,,,,,,,,,,,,left-only,shipment_scans_cleaned,"shipment_scans_cleaned,delay_reports_cleaned",8640
8645,2022-06-12 09:48:00+00:00,accept,on_time,0.0,2022-06-12 17:00:00+00:00,5969,region_91,91,24513,1,Jilin,126.51377,43.81487,612,Cainiao-AI/LaDe:pickup/pickup_jl.csv,107726,8645:accept,06-12 09:48:00,,,,,,,,,,,,,,left-only,shipment_scans_cleaned,"shipment_scans_cleaned,delay_reports_cleaned",8645
8645,2022-06-12 16:44:00+00:00,pickup,on_time,0.0,2022-06-12 19:00:00+00:00,5969,region_91,91,24513,1,Jilin,126.51377,43.81487,612,Cainiao-AI/LaDe:pickup/pickup_jl.csv,107726,8645:pickup,06-12 16:44:00,,,,,,,,,,,,,,left-only,shipment_scans_cleaned,"shipment_scans_cleaned,delay_reports_cleaned",8645
8697,2022-06-11 07:48:00+00:00,accept,on_time,0.0,2022-06-11 09:00:00+00:00,5190,region_74,74,10656,1,Jilin,126.5323,43.86333,611,Cainiao-AI/LaDe:pickup/pickup_jl.csv,41467,8697:accept,06-11 07:48:00,,,,,,,,,,,,,,left-only,shipment_scans_cleaned,"shipment_scans_cleaned,delay_reports_cleaned",8697
8697,2022-06-11 08:30:00+00:00,pickup,on_time,0.0,2022-06-11 11:00:00+00:00,5190,region_74,74,10656,1,Jilin,126.5323,43.86333,611,Cainiao-AI/LaDe:pickup/pickup_jl.csv,41467,8697:pickup,06-11 08:30:00,,,,,,,,,,,,,,left-only,shipment_scans_cleaned,"shipment_scans_cleaned,delay_reports_cleaned",8697
8850,2022-06-17 09:24:00+00:00,accept,on_time,0.0,2022-06-17 13:00:00+00:00,1729,region_11,11,6186,1,Jilin,127.31994,43.71338,617,Cainiao-AI/LaDe:pickup/pickup_jl.csv,15033,8850:accept,06-17 09:24:00,,,,,,,,,,,,,,left-only,shipment_scans_cleaned,"shipment_scans_cleaned,delay_reports_cleaned",8850
8850,2022-06-17 12:20:00+00:00,pickup,on_time,0.0,2022-06-17 15:00:00+00:00,1729,region_11,11,6186,1,Jilin,127.31994,43.71338,617,Cainiao-AI/LaDe:pickup/pickup_jl.csv,15033,8850:pickup,06-17 12:20:00,,,,,,,,,,,,,,left-only,shipment_scans_cleaned,"shipment_scans_cleaned,delay_reports_cleaned",8850
9710,2022-06-16 08:10:00+00:00,accept,on_time,0.0,2022-06-16 09:00:00+00:00,3363,region_122,122,15418,1,Jilin,126.59518,43.85354,616,Cainiao-AI/LaDe:pickup/pickup_jl.csv,195584,9710:accept,06-16 08:10:00,,,,,,,,,,,,,,left-only,shipment_scans_cleaned,"shipment_scans_cleaned,delay_reports_cleaned",9710
9710,2022-06-16 09:44:00+00:00,pickup,on_time,0.0,2022-06-16 11:00:00+00:00,3363,region_122,122,15418,1,Jilin,126.59518,43.85354,616,Cainiao-AI/LaDe:pickup/pickup_jl.csv,195584,9710:pickup,06-16 09:44:00,,,,,,,,,,,,,,left-only,shipment_scans_cleaned,"shipment_scans_cleaned,delay_reports_cleaned",9710
9732,2022-06-10 07:52:00+00:00,accept,on_time,0.0,2022-06-10 09:00:00+00:00,682,region_109,109,15831,1,Jilin,126.56823,43.81279,610,Cainiao-AI/LaDe:pickup/pickup_jl.csv,141770,9732:accept,06-10 07:52:00,,,,,,,,,,,,,,left-only,shipment_scans_cleaned,"shipment_scans_cleaned,delay_reports_cleaned",9732
9732,2022-06-10 18:37:00+00:00,pickup,on_time,0.0,2022-06-10 23:59:00+00:00,682,region_109,109,15831,1,Jilin,126.56823,43.81279,610,Cainiao-AI/LaDe:pickup/pickup_jl.csv,141770,9732:pickup,06-10 18:37:00,,,,,,,,,,,,,,left-only,shipment_scans_cleaned,"shipment_scans_cleaned,delay_reports_cleaned",9732
9874,2022-06-12 08:21:00+00:00,accept,on_time,0.0,2022-06-12 09:00:00+00:00,10902,region_128,128,20524,1,Jilin,126.57644,43.8485,612,Cainiao-AI/LaDe:pickup/pickup_jl.csv,218112,9874:accept,06-12 08:21:00,,,,,,,,,,,,,,left-only,shipment_scans_cleaned,"shipment_scans_cleaned,delay_reports_cleaned",9874
9874,2022-06-12 10:10:00+00:00,pickup,on_time,0.0,2022-06-12 11:00:00+00:00,10902,region_128,128,20524,1,Jilin,126.57644,43.8485,612,Cainiao-AI/LaDe:pickup/pickup_jl.csv,218112,9874:pickup,06-12 10:10:00,,,,,,,,,,,,,,left-only,shipment_scans_cleaned,"shipment_scans_cleaned,delay_reports_cleaned",9874
9893,2022-06-11 08:13:00+00:00,accept,on_time,0.0,2022-06-11 09:00:00+00:00,4165,region_85,85,5407,1,Jilin,126.55925,43.87041,611,Cainiao-AI/LaDe:pickup/pickup_jl.csv,57090,9893:accept,06-11 08:13:00,,,,,,,,,,,,,,left-only,shipment_scans_cleaned,"shipment_scans_cleaned,delay_reports_cleaned",9893
9893,2022-06-11 08:27:00+00:00,pickup,on_time,0.0,2022-06-11 11:00:00+00:00,4165,region_85,85,5407,1,Jilin,126.55925,43.87041,611,Cainiao-AI/LaDe:pickup/pickup_jl.csv,57090,9893:pickup,06-11 08:27:00,,,,,,,,,,,,,,left-only,shipment_scans_cleaned,"shipment_scans_cleaned,delay_reports_cleaned",9893
9933,2022-06-07 08:00:00+00:00,accept,on_time,0.0,2022-06-07 09:00:00+00:00,8327,region_109,109,5911,1,Jilin,126.54568,43.82619,607,Cainiao-AI/LaDe:pickup/pickup_jl.csv,120888,9933:accept,06-07 08:00:00,,,,,,,,,,,,,,left-only,shipment_scans_cleaned,"shipment_scans_cleaned,delay_reports_cleaned",9933
9933,2022-06-07 09:38:00+00:00,pickup,on_time,0.0,2022-06-07 11:00:00+00:00,8327,region_109,109,5911,1,Jilin,126.54568,43.82619,607,Cainiao-AI/LaDe:pickup/pickup_jl.csv,120888,9933:pickup,06-07 09:38:00,,,,,,,,,,,,,,left-only,shipment_scans_cleaned,"shipment_scans_cleaned,delay_reports_cleaned",9933
10354,2022-06-17 07:47:00+00:00,accept,on_time,0.0,2022-06-17 09:00:00+00:00,4251,region_132,132,5790,14,Jilin,126.05781,42.94587,617,Cainiao-AI/LaDe:pickup/pickup_jl.csv,244844,10354:accept,06-17 07:47:00,,,,,,,,,,,,,,left-only,shipment_scans_cleaned,"shipment_scans_cleaned,delay_reports_cleaned",10354
10354,2022-06-17 09:52:00+00:00,pickup,on_time,0.0,2022-06-17 11:00:00+00:00,4251,region_132,132,5790,14,Jilin,126.05781,42.94587,617,Cainiao-AI/LaDe:pickup/pickup_jl.csv,244844,10354:pickup,06-17 09:52:00,,,,,,,,,,,,,,left-only,shipment_scans_cleaned,"shipment_scans_cleaned,delay_reports_cleaned",10354
10757,2022-06-06 10:37:00+00:00,accept,on_time,0.0,2022-06-06 11:00:00+00:00,87,region_109,109,14336,14,Jilin,126.57793,43.81159,606,Cainiao-AI/LaDe:pickup/pickup_jl.csv,139279,10757:accept,06-06 10:37:00,,,,,,,,,,,,,,left-only,shipment_scans_cleaned,"shipment_scans_cleaned,delay_reports_cleaned",10757
10757,2022-06-06 11:24:00+00:00,pickup,on_time,0.0,2022-06-06 13:00:00+00:00,87,region_109,109,14336,14,Jilin,126.57793,43.81159,606,Cainiao-AI/LaDe:pickup/pickup_jl.csv,139279,10757:pickup,06-06 11:24:00,,,,,,,,,,,,,,left-only,shipment_scans_cleaned,"shipment_scans_cleaned,delay_reports_cleaned",10757
10986,2022-06-11 07:49:00+00:00,accept,on_time,0.0,2022-06-11 09:00:00+00:00,10781,region_85,85,5721,1,Jilin,126.54923,43.86842,611,Cainiao-AI/LaDe:pickup/pickup_jl.csv,58489,10986:accept,06-11 07:49:00,,,,,,,,,,,,,,left-only,shipment_scans_cleaned,"shipment_scans_cleaned,delay_reports_cleaned",10986
10986,2022-06-11 10:58:00+00:00,pickup,on_time,0.0,2022-06-11 11:00:00+00:00,10781,region_85,85,5721,1,Jilin,126.54923,43.86842,611,Cainiao-AI/LaDe:pickup/pickup_jl.csv,58489,10986:pickup,06-11 10:58:00,,,,,,,,,,,,,,left-only,shipment_scans_cleaned,"shipment_scans_cleaned,delay_reports_cleaned",10986
11390,2022-06-07 14:58:00+00:00,accept,on_time,0.0,2022-06-08 09:00:00+00:00,1729,region_11,11,5650,1,Jilin,127.33943,43.71221,608,Cainiao-AI/LaDe:pickup/pickup_jl.csv,14054,11390:accept,06-07 14:58:00,,,,,,,,,,,,,,left-only,shipment_scans_cleaned,"shipment_scans_cleaned,delay_reports_cleaned",11390
11390,2022-06-08 10:31:00+00:00,pickup,on_time,0.0,2022-06-08 11:00:00+00:00,1729,region_11,11,5650,1,Jilin,127.33943,43.71221,608,Cainiao-AI/LaDe:pickup/pickup_jl.csv,14054,11390:pickup,06-08 10:31:00,,,,,,,,,,,,,,left-only,shipment_scans_cleaned,"shipment_scans_cleaned,delay_reports_cleaned",11390
11633,2022-06-06 07:56:00+00:00,accept,on_time,0.0,2022-06-06 09:00:00+00:00,6403,region_109,109,7657,1,Jilin,126.59554,43.78945,606,Cainiao-AI/LaDe:pickup/pickup_jl.csv,125227,11633:accept,06-06 07:56:00,,,,,,,,,,,,,,left-only,shipment_scans_cleaned,"shipment_scans_cleaned,delay_reports_cleaned",11633
11633,2022-06-06 09:22:00+00:00,pickup,on_time,0.0,2022-06-06 11:00:00+00:00,6403,region_109,109,7657,1,Jilin,126.59554,43.78945,606,Cainiao-AI/LaDe:pickup/pickup_jl.csv,125227,11633:pickup,06-06 09:22:00,,,,,,,,,,,,,,left-only,shipment_scans_cleaned,"shipment_scans_cleaned,delay_reports_cleaned",11633
12102,2022-06-09 15:48:00+00:00,accept,on_time,0.0,2022-06-09 17:00:00+00:00,1635,region_109,109,14181,1,Jilin,126.5853,43.79079,609,Cainiao-AI/LaDe:pickup/pickup_jl.csv,135773,12102:accept,06-09 15:48:00,,,,,,,,,,,,,,left-only,shipment_scans_cleaned,"shipment_scans_cleaned,delay_reports_cleaned",12102
12102,2022-06-09 16:11:00+00:00,pickup,on_time,0.0,2022-06-09 19:00:00+00:00,1635,region_109,109,14181,1,Jilin,126.5853,43.79079,609,Cainiao-AI/LaDe:pickup/pickup_jl.csv,135773,12102:pickup,06-09 16:11:00,,,,,,,,,,,,,,left-only,shipment_scans_cleaned,"shipment_scans_cleaned,delay_reports_cleaned",12102
12308,2022-06-10 09:19:00+00:00,accept,on_time,0.0,2022-06-10 17:00:00+00:00,8077,region_90,90,17851,14,Jilin,126.5729,43.88079,610,Cainiao-AI/LaDe:pickup/pickup_jl.csv,89189,12308:accept,06-10 09:19:00,,,,,,,,,,,,,,left-only,shipment_scans_cleaned,"shipment_scans_cleaned,delay_reports_cleaned",12308
12308,2022-06-10 18:17:00+00:00,pickup,on_time,0.0,2022-06-10 19:00:00+00:00,8077,region_90,90,17851,14,Jilin,126.5729,43.88079,610,Cainiao-AI/LaDe:pickup/pickup_jl.csv,89189,12308:pickup,06-10 18:17:00,,,,,,,,,,,,,,left-only,shipment_scans_cleaned,"shipment_scans_cleaned,delay_reports_cleaned",12308
12490,2022-06-05 09:12:00+00:00,accept,on_time,0.0,2022-06-05 11:00:00+00:00,5591,region_91,91,21897,1,Jilin,126.51821,43.81323,605,Cainiao-AI/LaDe:pickup/pickup_jl.csv,100114,12490:accept,06-05 09:12:00,,,,,,,,,,,,,,left-only,shipment_scans_cleaned,"shipment_scans_cleaned,delay_reports_cleaned",12490
12490,2022-06-05 10:41:00+00:00,pickup,on_time,0.0,2022-06-05 13:00:00+00:00,5591,region_91,91,21897,1,Jilin,126.51821,43.81323,605,Cainiao-AI/LaDe:pickup/pickup_jl.csv,100114,12490:pickup,06-05 10:41:00,,,,,,,,,,,,,,left-only,shipment_scans_cleaned,"shipment_scans_cleaned,delay_reports_cleaned",12490
12564,2022-06-11 07:38:00+00:00,accept,on_time,0.0,2022-06-11 09:00:00+00:00,10101,region_90,90,17082,1,Jilin,126.57265,43.88549,611,Cainiao-AI/LaDe:pickup/pickup_jl.csv,87942,12564:accept,06-11 07:38:00,,,,,,,,,,,,,,left-only,shipment_scans_cleaned,"shipment_scans_cleaned,delay_reports_cleaned",12564
12564,2022-06-11 09:30:00+00:00,pickup,on_time,0.0,2022-06-11 11:00:00+00:00,10101,region_90,90,17082,1,Jilin,126.57265,43.88549,611,Cainiao-AI/LaDe:pickup/pickup_jl.csv,87942,12564:pickup,06-11 09:30:00,,,,,,,,,,,,,,left-only,shipment_scans_cleaned,"shipment_scans_cleaned,delay_reports_cleaned",12564
13007,2022-06-16 08:02:00+00:00,accept,on_time,0.0,2022-06-16 09:00:00+00:00,10140,region_109,109,11880,1,Jilin,126.56497,43.79804,616,Cainiao-AI/LaDe:pickup/pickup_jl.csv,131757,13007:accept,06-16 08:02:00,,,,,,,,,,,,,,left-only,shipment_scans_cleaned,"shipment_scans_cleaned,delay_reports_cleaned",13007
13007,2022-06-16 15:42:00+00:00,pickup,on_time,0.0,2022-06-16 23:59:00+00:00,10140,region_109,109,11880,1,Jilin,126.56497,43.79804,616,Cainiao-AI/LaDe:pickup/pickup_jl.csv,131757,13007:pickup,06-16 15:42:00,,,,,,,,,,,,,,left-only,shipment_scans_cleaned,"shipment_scans_cleaned,delay_reports_cleaned",13007
13912,2022-06-07 07:58:00+00:00,accept,on_time,0.0,2022-06-07 09:00:00+00:00,4165,region_85,85,5407,1,Jilin,126.55976,43.87187,607,Cainiao-AI/LaDe:pickup/pickup_jl.csv,55844,13912:accept,06-07 07:58:00,,,,,,,,,,,,,,left-only,shipment_scans_cleaned,"shipment_scans_cleaned,delay_reports_cleaned",13912
13912,2022-06-07 08:08:00+00:00,pickup,on_time,0.0,2022-06-07 11:00:00+00:00,4165,region_85,85,5407,1,Jilin,126.55976,43.87187,607,Cainiao-AI/LaDe:pickup/pickup_jl.csv,55844,13912:pickup,06-07 08:08:00,,,,,,,,,,,,,,left-only,shipment_scans_cleaned,"shipment_scans_cleaned,delay_reports_cleaned",13912
13916,2022-06-14 08:04:00+00:00,accept,on_time,0.0,2022-06-14 17:00:00+00:00,12868,region_11,11,5320,14,Jilin,127.34382,43.73094,614,Cainiao-AI/LaDe:pickup/pickup_jl.csv,12597,13916:accept,06-14 08:04:00,,,,,,,,,,,,,,left-only,shipment_scans_cleaned,"shipment_scans_cleaned,delay_reports_cleaned",13916
13916,2022-06-14 17:38:00+00:00,pickup,on_time,0.0,2022-06-14 19:00:00+00:00,12868,region_11,11,5320,14,Jilin,127.34382,43.73094,614,Cainiao-AI/LaDe:pickup/pickup_jl.csv,12597,13916:pickup,06-14 17:38:00,,,,,,,,,,,,,,left-only,shipment_scans_cleaned,"shipment_scans_cleaned,delay_reports_cleaned",13916
14224,2022-06-17 08:18:00+00:00,accept,on_time,0.0,2022-06-17 09:00:00+00:00,10781,region_85,85,12273,1,Jilin,126.5534,43.87453,617,Cainiao-AI/LaDe:pickup/pickup_jl.csv,64717,14224:accept,06-17 08:18:00,,,,,,,,,,,,,,left-only,shipment_scans_cleaned,"shipment_scans_cleaned,delay_reports_cleaned",14224
14224,2022-06-17 09:10:00+00:00,pickup,on_time,0.0,2022-06-17 11:00:00+00:00,10781,region_85,85,12273,1,Jilin,126.5534,43.87453,617,Cainiao-AI/LaDe:pickup/pickup_jl.csv,64717,14224:pickup,06-17 09:10:00,,,,,,,,,,,,,,left-only,shipment_scans_cleaned,"shipment_scans_cleaned,delay_reports_cleaned",14224
14593,2022-06-06 14:09:00+00:00,accept,on_time,0.0,2022-06-06 15:00:00+00:00,3413,region_110,110,20274,14,Jilin,126.60052,43.82581,606,Cainiao-AI/LaDe:pickup/pickup_jl.csv,168772,14593:accept,06-06 14:09:00,,,,,,,,,,,,,,left-only,shipment_scans_cleaned,"shipment_scans_cleaned,delay_reports_cleaned",14593
14593,2022-06-06 14:09:00+00:00,pickup,on_time,0.0,2022-06-06 17:00:00+00:00,3413,region_110,110,20274,14,Jilin,126.60052,43.82581,606,Cainiao-AI/LaDe:pickup/pickup_jl.csv,168772,14593:pickup,06-06 14:09:00,,,,,,,,,,,,,,left-only,shipment_scans_cleaned,"shipment_scans_cleaned,delay_reports_cleaned",14593
14923,2022-06-13 10:55:00+00:00,accept,on_time,0.0,2022-06-13 11:00:00+00:00,11476,region_132,132,4048,14,Jilin,126.05896,42.94129,613,Cainiao-AI/LaDe:pickup/pickup_jl.csv,242785,14923:accept,06-13 10:55:00,,,,,,,,,,,,,,left-only,shipment_scans_cleaned,"shipment_scans_cleaned,delay_reports_cleaned",14923
14923,2022-06-13 11:31:00+00:00,pickup,on_time,0.0,2022-06-13 13:00:00+00:00,11476,region_132,132,4048,14,Jilin,126.05896,42.94129,613,Cainiao-AI/LaDe:pickup/pickup_jl.csv,242785,14923:pickup,06-13 11:31:00,,,,,,,,,,,,,,left-only,shipment_scans_cleaned,"shipment_scans_cleaned,delay_reports_cleaned",14923
15074,2022-06-16 10:57:00+00:00,accept,on_time,0.0,2022-06-16 13:00:00+00:00,8077,region_85,85,8194,1,Jilin,126.57453,43.87586,616,Cainiao-AI/LaDe:pickup/pickup_jl.csv,60386,15074:accept,06-16 10:57:00,,,,,,,,,,,,,,left-only,shipment_scans_cleaned,"shipment_scans_cleaned,delay_reports_cleaned",15074
15074,2022-06-16 11:19:00+00:00,pickup,on_time,0.0,2022-06-16 15:00:00+00:00,8077,region_85,85,8194,1,Jilin,126.57453,43.87586,616,Cainiao-AI/LaDe:pickup/pickup_jl.csv,60386,15074:pickup,06-16 11:19:00,,,,,,,,,,,,,,left-only,shipment_scans_cleaned,"shipment_scans_cleaned,delay_reports_cleaned",15074
15196,2022-06-06 07:44:00+00:00,accept,on_time,0.0,2022-06-06 09:00:00+00:00,10902,region_128,128,4509,1,Jilin,126.58448,43.85062,606,Cainiao-AI/LaDe:pickup/pickup_jl.csv,205633,15196:accept,06-06 07:44:00,,,,,,,,,,,,,,left-only,shipment_scans_cleaned,"shipment_scans_cleaned,delay_reports_cleaned",15196
15196,2022-06-06 08:54:00+00:00,pickup,on_time,0.0,2022-06-06 11:00:00+00:00,10902,region_128,128,4509,1,Jilin,126.58448,43.85062,606,Cainiao-AI/LaDe:pickup/pickup_jl.csv,205633,15196:pickup,06-06 08:54:00,,,,,,,,,,,,,,left-only,shipment_scans_cleaned,"shipment_scans_cleaned,delay_reports_cleaned",15196
15371,2022-06-12 16:30:00+00:00,accept,on_time,0.0,2022-06-12 17:00:00+00:00,10101,region_90,90,16154,1,Jilin,126.57591,43.8835,612,Cainiao-AI/LaDe:pickup/pickup_jl.csv,87589,15371:accept,06-12 16:30:00,,,,,,,,,,,,,,left-only,shipment_scans_cleaned,"shipment_scans_cleaned,delay_reports_cleaned",15371
15371,2022-06-12 17:00:00+00:00,pickup,on_time,0.0,2022-06-12 19:00:00+00:00,10101,region_90,90,16154,1,Jilin,126.57591,43.8835,612,Cainiao-AI/LaDe:pickup/pickup_jl.csv,87589,15371:pickup,06-12 17:00:00,,,,,,,,,,,,,,left-only,shipment_scans_cleaned,"shipment_scans_cleaned,delay_reports_cleaned",15371
15567,2022-06-09 08:50:00+00:00,accept,on_time,0.0,2022-06-09 15:00:00+00:00,5969,region_91,91,18763,14,Jilin,126.51905,43.82443,609,Cainiao-AI/LaDe:pickup/pickup_jl.csv,98562,15567:accept,06-09 08:50:00,,,,,,,,,,,,,,left-only,shipment_scans_cleaned,"shipment_scans_cleaned,delay_reports_cleaned",15567
15567,2022-06-09 16:32:00+00:00,pickup,on_time,0.0,2022-06-09 17:00:00+00:00,5969,region_91,91,18763,14,Jilin,126.51905,43.82443,609,Cainiao-AI/LaDe:pickup/pickup_jl.csv,98562,15567:pickup,06-09 16:32:00,,,,,,,,,,,,,,left-only,shipment_scans_cleaned,"shipment_scans_cleaned,delay_reports_cleaned",15567
15668,2022-06-05 07:45:00+00:00,accept,on_time,0.0,2022-06-05 09:00:00+00:00,8009,region_110,110,15363,1,Jilin,126.58577,43.81999,605,Cainiao-AI/LaDe:pickup/pickup_jl.csv,164296,15668:accept,06-05 07:45:00,,,,,,,,,,,,,,left-only,shipment_scans_cleaned,"shipment_scans_cleaned,delay_reports_cleaned",15668
15668,2022-06-05 10:07:00+00:00,pickup,on_time,0.0,2022-06-05 11:00:00+00:00,8009,region_110,110,15363,1,Jilin,126.58577,43.81999,605,Cainiao-AI/LaDe:pickup/pickup_jl.csv,164296,15668:pickup,06-05 10:07:00,,,,,,,,,,,,,,left-only,shipment_scans_cleaned,"shipment_scans_cleaned,delay_reports_cleaned",15668
16239,2022-06-09 07:39:00+00:00,accept,on_time,0.0,2022-06-09 09:00:00+00:00,682,region_109,109,20658,1,Jilin,126.56971,43.81877,609,Cainiao-AI/LaDe:pickup/pickup_jl.csv,152790,16239:accept,06-09 07:39:00,,,,,,,,,,,,,,left-only,shipment_scans_cleaned,"shipment_scans_cleaned,delay_reports_cleaned",16239
16239,2022-06-09 09:02:00+00:00,pickup,on_time,0.0,2022-06-09 11:00:00+00:00,682,region_109,109,20658,1,Jilin,126.56971,43.81877,609,Cainiao-AI/LaDe:pickup/pickup_jl.csv,152790,16239:pickup,06-09 09:02:00,,,,,,,,,,,,,,left-only,shipment_scans_cleaned,"shipment_scans_cleaned,delay_reports_cleaned",16239
16589,2022-06-10 08:08:00+00:00,accept,on_time,0.0,2022-06-10 09:00:00+00:00,4165,region_90,90,17851,14,Jilin,126.57136,43.8798,610,Cainiao-AI/LaDe:pickup/pickup_jl.csv,88468,16589:accept,06-10 08:08:00,,,,,,,,,,,,,,left-only,shipment_scans_cleaned,"shipment_scans_cleaned,delay_reports_cleaned",16589
16589,2022-06-10 09:38:00+00:00,pickup,on_time,0.0,2022-06-10 11:00:00+00:00,4165,region_90,90,17851,14,Jilin,126.57136,43.8798,610,Cainiao-AI/LaDe:pickup/pickup_jl.csv,88468,16589:pickup,06-10 09:38:00,,,,,,,,,,,,,,left-only,shipment_scans_cleaned,"shipment_scans_cleaned,delay_reports_cleaned",16589
17045,2022-06-05 08:12:00+00:00,accept,on_time,0.0,2022-06-05 09:00:00+00:00,7530,region_132,132,1104,1,Jilin,126.06725,42.94426,605,Cainiao-AI/LaDe:pickup/pickup_jl.csv,239674,17045:accept,06-05 08:12:00,,,,,,,,,,,,,,left-only,shipment_scans_cleaned,"shipment_scans_cleaned,delay_reports_cleaned",17045
17045,2022-06-05 10:34:00+00:00,pickup,on_time,0.0,2022-06-05 11:00:00+00:00,7530,region_132,132,1104,1,Jilin,126.06725,42.94426,605,Cainiao-AI/LaDe:pickup/pickup_jl.csv,239674,17045:pickup,06-05 10:34:00,,,,,,,,,,,,,,left-only,shipment_scans_cleaned,"shipment_scans_cleaned,delay_reports_cleaned",17045
17267,2022-06-10 08:59:00+00:00,accept,on_time,0.0,2022-06-10 09:00:00+00:00,11077,region_110,110,20274,14,Jilin,126.59462,43.82059,610,Cainiao-AI/LaDe:pickup/pickup_jl.csv,171151,17267:accept,06-10 08:59:00,,,,,,,,,,,,,,left-only,shipment_scans_cleaned,"shipment_scans_cleaned,delay_reports_cleaned",17267
17267,2022-06-10 10:03:00+00:00,pickup,on_time,0.0,2022-06-10 11:00:00+00:00,11077,region_110,110,20274,14,Jilin,126.59462,43.82059,610,Cainiao-AI/LaDe:pickup/pickup_jl.csv,171151,17267:pickup,06-10 10:03:00,,,,,,,,,,,,,,left-only,shipment_scans_cleaned,"shipment_scans_cleaned,delay_reports_cleaned",17267
17588,2022-06-18 10:09:00+00:00,accept,on_time,0.0,2022-06-18 11:00:00+00:00,13203,region_29,29,13336,14,Jilin,126.515,43.67255,618,Cainiao-AI/LaDe:pickup/pickup_jl.csv,37627,17588:accept,06-18 10:09:00,,,,,,,,,,,,,,left-only,shipment_scans_cleaned,"shipment_scans_cleaned,delay_reports_cleaned",17588
17588,2022-06-18 11:21:00+00:00,pickup,on_time,0.0,2022-06-18 13:00:00+00:00,13203,region_29,29,13336,14,Jilin,126.515,43.67255,618,Cainiao-AI/LaDe:pickup/pickup_jl.csv,37627,17588:pickup,06-18 11:21:00,,,,,,,,,,,,,,left-only,shipment_scans_cleaned,"shipment_scans_cleaned,delay_reports_cleaned",17588
17632,2022-06-17 14:00:00+00:00,accept,on_time,0.0,2022-06-17 15:00:00+00:00,2656,region_85,85,21444,1,Jilin,126.57137,43.87203,617,Cainiao-AI/LaDe:pickup/pickup_jl.csv,68597,17632:accept,06-17 14:00:00,,,,,,,,,,,,,,left-only,shipment_scans_cleaned,"shipment_scans_cleaned,delay_reports_cleaned",17632
17632,2022-06-17 16:00:00+00:00,pickup,on_time,0.0,2022-06-17 17:00:00+00:00,2656,region_85,85,21444,1,Jilin,126.57137,43.87203,617,Cainiao-AI/LaDe:pickup/pickup_jl.csv,68597,17632:pickup,06-17 16:00:00,,,,,,,,,,,,,,left-only,shipment_scans_cleaned,"shipment_scans_cleaned,delay_reports_cleaned",17632
17751,2022-06-09 08:39:00+00:00,accept,on_time,0.0,2022-06-09 13:00:00+00:00,11731,region_132,132,15454,14,Jilin,126.0662,42.95829,609,Cainiao-AI/LaDe:pickup/pickup_jl.csv,251880,17751:accept,06-09 08:39:00,,,,,,,,,,,,,,left-only,shipment_scans_cleaned,"shipment_scans_cleaned,delay_reports_cleaned",17751
17751,2022-06-09 11:03:00+00:00,pickup,on_time,0.0,2022-06-09 15:00:00+00:00,11731,region_132,132,15454,14,Jilin,126.0662,42.95829,609,Cainiao-AI/LaDe:pickup/pickup_jl.csv,251880,17751:pickup,06-09 11:03:00,,,,,,,,,,,,,,left-only,shipment_scans_cleaned,"shipment_scans_cleaned,delay_reports_cleaned",17751
18103,2022-06-13 07:50:00+00:00,accept,on_time,0.0,2022-06-13 11:00:00+00:00,5969,region_91,91,2438,1,Jilin,126.51601,43.81669,613,Cainiao-AI/LaDe:pickup/pickup_jl.csv,94276,18103:accept,06-13 07:50:00,,,,,,,,,,,,,,left-only,shipment_scans_cleaned,"shipment_scans_cleaned,delay_reports_cleaned",18103
18103,2022-06-13 11:41:00+00:00,pickup,on_time,0.0,2022-06-13 13:00:00+00:00,5969,region_91,91,2438,1,Jilin,126.51601,43.81669,613,Cainiao-AI/LaDe:pickup/pickup_jl.csv,94276,18103:pickup,06-13 11:41:00,,,,,,,,,,,,,,left-only,shipment_scans_cleaned,"shipment_scans_cleaned,delay_reports_cleaned",18103
18208,2022-06-15 13:19:00+00:00,accept,on_time,0.0,2022-06-15 17:00:00+00:00,4842,region_122,122,24058,1,Jilin,126.58098,43.83973,615,Cainiao-AI/LaDe:pickup/pickup_jl.csv,203195,18208:accept,06-15 13:19:00,,,,,,,,,,,,,,left-only,shipment_scans_cleaned,"shipment_scans_cleaned,delay_reports_cleaned",18208
18208,2022-06-15 17:59:00+00:00,pickup,on_time,0.0,2022-06-15 19:00:00+00:00,4842,region_122,122,24058,1,Jilin,126.58098,43.83973,615,Cainiao-AI/LaDe:pickup/pickup_jl.csv,203195,18208:pickup,06-15 17:59:00,,,,,,,,,,,,,,left-only,shipment_scans_cleaned,"shipment_scans_cleaned,delay_reports_cleaned",18208
18379,2022-06-06 08:54:00+00:00,accept,on_time,0.0,2022-06-06 17:00:00+00:00,8009,region_110,110,15363,1,Jilin,126.59004,43.82055,606,Cainiao-AI/LaDe:pickup/pickup_jl.csv,165393,18379:accept,06-06 08:54:00,,,,,,,,,,,,,,left-only,shipment_scans_cleaned,"shipment_scans_cleaned,delay_reports_cleaned",18379
18379,2022-06-06 18:21:00+00:00,pickup,on_time,0.0,2022-06-06 19:00:00+00:00,8009,region_110,110,15363,1,Jilin,126.59004,43.82055,606,Cainiao-AI/LaDe:pickup/pickup_jl.csv,165393,18379:pickup,06-06 18:21:00,,,,,,,,,,,,,,left-only,shipment_scans_cleaned,"shipment_scans_cleaned,delay_reports_cleaned",18379
18697,2022-06-06 15:35:00+00:00,accept,on_time,0.0,2022-06-06 15:35:00+00:00,13203,region_29,29,20483,14,Jilin,126.51617,43.67375,606,Cainiao-AI/LaDe:pickup/pickup_jl.csv,39778,18697:accept,06-06 15:35:00,,,,,,,,,,,,,,left-only,shipment_scans_cleaned,"shipment_scans_cleaned,delay_reports_cleaned",18697
18697,2022-06-06 15:35:00+00:00,pickup,on_time,0.0,2022-06-06 17:35:00+00:00,13203,region_29,29,20483,14,Jilin,126.51617,43.67375,606,Cainiao-AI/LaDe:pickup/pickup_jl.csv,39778,18697:pickup,06-06 15:35:00,,,,,,,,,,,,,,left-only,shipment_scans_cleaned,"shipment_scans_cleaned,delay_reports_cleaned",18697
18769,2022-06-11 11:25:00+00:00,accept,on_time,0.0,2022-06-11 13:00:00+00:00,11731,region_132,132,17390,1,Jilin,126.06467,42.94844,611,Cainiao-AI/LaDe:pickup/pickup_jl.csv,255713,18769:accept,06-11 11:25:00,,,,,,,,,,,,,,left-only,shipment_scans_cleaned,"shipment_scans_cleaned,delay_reports_cleaned",18769
18769,2022-06-11 14:13:00+00:00,pickup,on_time,0.0,2022-06-11 15:00:00+00:00,11731,region_132,132,17390,1,Jilin,126.06467,42.94844,611,Cainiao-AI/LaDe:pickup/pickup_jl.csv,255713,18769:pickup,06-11 14:13:00,,,,,,,,,,,,,,left-only,shipment_scans_cleaned,"shipment_scans_cleaned,delay_reports_cleaned",18769
18865,2022-06-11 07:43:00+00:00,accept,on_time,0.0,2022-06-11 09:00:00+00:00,11828,region_122,122,22630,1,Jilin,126.59169,43.84191,611,Cainiao-AI/LaDe:pickup/pickup_jl.csv,202149,18865:accept,06-11 07:43:00,,,,,,,,,,,,,,left-only,shipment_scans_cleaned,"shipment_scans_cleaned,delay_reports_cleaned",18865
18865,2022-06-11 09:27:00+00:00,pickup,on_time,0.0,2022-06-11 11:00:00+00:00,11828,region_122,122,22630,1,Jilin,126.59169,43.84191,611,Cainiao-AI/LaDe:pickup/pickup_jl.csv,202149,18865:pickup,06-11 09:27:00,,,,,,,,,,,,,,left-only,shipment_scans_cleaned,"shipment_scans_cleaned,delay_reports_cleaned",18865
18866,2022-06-17 16:17:00+00:00,accept,on_time,0.0,2022-06-17 17:00:00+00:00,2656,region_85,85,3713,1,Jilin,126.57352,43.87083,617,Cainiao-AI/LaDe:pickup/pickup_jl.csv,53140,18866:accept,06-17 16:17:00,,,,,,,,,,,,,,left-only,shipment_scans_cleaned,"shipment_scans_cleaned,delay_reports_cleaned",18866
18866,2022-06-17 17:05:00+00:00,pickup,on_time,0.0,2022-06-17 19:00:00+00:00,2656,region_85,85,3713,1,Jilin,126.57352,43.87083,617,Cainiao-AI/LaDe:pickup/pickup_jl.csv,53140,18866:pickup,06-17 17:05:00,,,,,,,,,,,,,,left-only,shipment_scans_cleaned,"shipment_scans_cleaned,delay_reports_cleaned",18866
19131,2022-06-13 08:07:00+00:00,accept,on_time,0.0,2022-06-13 09:00:00+00:00,8009,region_110,110,15363,1,Jilin,126.58281,43.81981,613,Cainiao-AI/LaDe:pickup/pickup_jl.csv,165161,19131:accept,06-13 08:07:00,,,,,,,,,,,,,,left-only,shipment_scans_cleaned,"shipment_scans_cleaned,delay_reports_cleaned",19131
19131,2022-06-13 10:13:00+00:00,pickup,on_time,0.0,2022-06-13 11:00:00+00:00,8009,region_110,110,15363,1,Jilin,126.58281,43.81981,613,Cainiao-AI/LaDe:pickup/pickup_jl.csv,165161,19131:pickup,06-13 10:13:00,,,,,,,,,,,,,,left-only,shipment_scans_cleaned,"shipment_scans_cleaned,delay_reports_cleaned",19131
19453,2022-06-06 07:57:00+00:00,accept,on_time,0.0,2022-06-06 09:00:00+00:00,13203,region_29,29,16023,14,Jilin,126.51317,43.67199,606,Cainiao-AI/LaDe:pickup/pickup_jl.csv,39226,19453:accept,06-06 07:57:00,,,,,,,,,,,,,,left-only,shipment_scans_cleaned,"shipment_scans_cleaned,delay_reports_cleaned",19453
19453,2022-06-06 10:43:00+00:00,pickup,on_time,0.0,2022-06-06 11:00:00+00:00,13203,region_29,29,16023,14,Jilin,126.51317,43.67199,606,Cainiao-AI/LaDe:pickup/pickup_jl.csv,39226,19453:pickup,06-06 10:43:00,,,,,,,,,,,,,,left-only,shipment_scans_cleaned,"shipment_scans_cleaned,delay_reports_cleaned",19453
19585,2022-06-17 07:40:00+00:00,accept,on_time,0.0,2022-06-17 09:00:00+00:00,788,region_109,109,20113,1,Jilin,126.55851,43.80145,617,Cainiao-AI/LaDe:pickup/pickup_jl.csv,150929,19585:accept,06-17 07:40:00,,,,,,,,,,,,,,left-only,shipment_scans_cleaned,"shipment_scans_cleaned,delay_reports_cleaned",19585
19585,2022-06-17 10:22:00+00:00,pickup,on_time,0.0,2022-06-17 11:00:00+00:00,788,region_109,109,20113,1,Jilin,126.55851,43.80145,617,Cainiao-AI/LaDe:pickup/pickup_jl.csv,150929,19585:pickup,06-17 10:22:00,,,,,,,,,,,,,,left-only,shipment_scans_cleaned,"shipment_scans_cleaned,delay_reports_cleaned",19585
19995,2022-06-16 08:12:00+00:00,accept,on_time,0.0,2022-06-16 09:00:00+00:00,4281,region_114,114,4072,1,Jilin,126.7356,42.97773,616,Cainiao-AI/LaDe:pickup/pickup_jl.csv,180817,19995:accept,06-16 08:12:00,,,,,,,,,,,,,,left-only,shipment_scans_cleaned,"shipment_scans_cleaned,delay_reports_cleaned",19995
19995,2022-06-16 08:54:00+00:00,pickup,on_time,0.0,2022-06-16 23:59:00+00:00,4281,region_114,114,4072,1,Jilin,126.7356,42.97773,616,Cainiao-AI/LaDe:pickup/pickup_jl.csv,180817,19995:pickup,06-16 08:54:00,,,,,,,,,,,,,,left-only,shipment_scans_cleaned,"shipment_scans_cleaned,delay_reports_cleaned",19995
20042,2022-06-14 15:15:00+00:00,accept,on_time,0.0,2022-06-14 17:00:00+00:00,10140,region_109,109,21936,1,Jilin,126.57481,43.80141,614,Cainiao-AI/LaDe:pickup/pickup_jl.csv,154154,20042:accept,06-14 15:15:00,,,,,,,,,,,,,,left-only,shipment_scans_cleaned,"shipment_scans_cleaned,delay_reports_cleaned",20042
20042,2022-06-14 15:42:00+00:00,pickup,on_time,0.0,2022-06-14 19:00:00+00:00,10140,region_109,109,21936,1,Jilin,126.57481,43.80141,614,Cainiao-AI/LaDe:pickup/pickup_jl.csv,154154,20042:pickup,06-14 15:42:00,,,,,,,,,,,,,,left-only,shipment_scans_cleaned,"shipment_scans_cleaned,delay_reports_cleaned",20042
20215,2022-06-07 07:51:00+00:00,accept,on_time,0.0,2022-06-07 09:00:00+00:00,8856,region_90,90,2379,7,Jilin,126.56473,43.88588,607,Cainiao-AI/LaDe:pickup/pickup_jl.csv,73433,20215:accept,06-07 07:51:00,,,,,,,,,,,,,,left-only,shipment_scans_cleaned,"shipment_scans_cleaned,delay_reports_cleaned",20215
20215,2022-06-07 09:06:00+00:00,pickup,on_time,0.0,2022-06-07 11:00:00+00:00,8856,region_90,90,2379,7,Jilin,126.56473,43.88588,607,Cainiao-AI/LaDe:pickup/pickup_jl.csv,73433,20215:pickup,06-07 09:06:00,,,,,,,,,,,,,,left-only,shipment_scans_cleaned,"shipment_scans_cleaned,delay_reports_cleaned",20215
20354,2022-06-16 08:07:00+00:00,accept,on_time,0.0,2022-06-16 09:00:00+00:00,15530,region_74,74,0,3,Jilin,126.51219,43.87174,616,Cainiao-AI/LaDe:pickup/pickup_jl.csv,39982,20354:accept,06-16 08:07:00,,,,,,,,,,,,,,left-only,shipment_scans_cleaned,"shipment_scans_cleaned,delay_reports_cleaned",20354
20354,2022-06-16 16:13:00+00:00,pickup,on_time,0.0,2022-06-16 23:59:00+00:00,15530,region_74,74,0,3,Jilin,126.51219,43.87174,616,Cainiao-AI/LaDe:pickup/pickup_jl.csv,39982,20354:pickup,06-16 16:13:00,,,,,,,,,,,,,,left-only,shipment_scans_cleaned,"shipment_scans_cleaned,delay_reports_cleaned",20354
20454,2022-06-14 10:32:00+00:00,accept,on_time,0.0,2022-06-14 11:00:00+00:00,11828,region_122,122,5247,14,Jilin,126.58682,43.84103,614,Cainiao-AI/LaDe:pickup/pickup_jl.csv,190421,20454:accept,06-14 10:32:00,,,,,,,,,,,,,,left-only,shipment_scans_cleaned,"shipment_scans_cleaned,delay_reports_cleaned",20454
20454,2022-06-14 12:06:00+00:00,pickup,on_time,0.0,2022-06-14 13:00:00+00:00,11828,region_122,122,5247,14,Jilin,126.58682,43.84103,614,Cainiao-AI/LaDe:pickup/pickup_jl.csv,190421,20454:pickup,06-14 12:06:00,,,,,,,,,,,,,,left-only,shipment_scans_cleaned,"shipment_scans_cleaned,delay_reports_cleaned",20454
20709,2022-06-06 07:42:00+00:00,accept,on_time,0.0,2022-06-06 09:00:00+00:00,9229,region_110,110,20274,14,Jilin,126.60158,43.81931,606,Cainiao-AI/LaDe:pickup/pickup_jl.csv,170352,20709:accept,06-06 07:42:00,,,,,,,,,,,,,,left-only,shipment_scans_cleaned,"shipment_scans_cleaned,delay_reports_cleaned",20709
20709,2022-06-06 08:51:00+00:00,pickup,on_time,0.0,2022-06-06 11:00:00+00:00,9229,region_110,110,20274,14,Jilin,126.60158,43.81931,606,Cainiao-AI/LaDe:pickup/pickup_jl.csv,170352,20709:pickup,06-06 08:51:00,,,,,,,,,,,,,,left-only,shipment_scans_cleaned,"shipment_scans_cleaned,delay_reports_cleaned",20709
20909,2022-06-06 08:00:00+00:00,accept,on_time,0.0,2022-06-06 09:00:00+00:00,1090,region_109,109,3295,14,Jilin,126.55145,43.81683,606,Cainiao-AI/LaDe:pickup/pickup_jl.csv,115229,20909:accept,06-06 08:00:00,,,,,,,,,,,,,,left-only,shipment_scans_cleaned,"shipment_scans_cleaned,delay_reports_cleaned",20909
20909,2022-06-06 08:41:00+00:00,pickup,on_time,0.0,2022-06-06 11:00:00+00:00,1090,region_109,109,3295,14,Jilin,126.55145,43.81683,606,Cainiao-AI/LaDe:pickup/pickup_jl.csv,115229,20909:pickup,06-06 08:41:00,,,,,,,,,,,,,,left-only,shipment_scans_cleaned,"shipment_scans_cleaned,delay_reports_cleaned",20909
21067,2022-06-13 08:59:00+00:00,accept,on_time,0.0,2022-06-13 17:00:00+00:00,788,region_109,109,7005,1,Jilin,126.55759,43.80079,613,Cainiao-AI/LaDe:pickup/pickup_jl.csv,122645,21067:accept,06-13 08:59:00,,,,,,,,,,,,,,left-only,shipment_scans_cleaned,"shipment_scans_cleaned,delay_reports_cleaned",21067
21067,2022-06-13 16:50:00+00:00,pickup,on_time,0.0,2022-06-13 19:00:00+00:00,788,region_109,109,7005,1,Jilin,126.55759,43.80079,613,Cainiao-AI/LaDe:pickup/pickup_jl.csv,122645,21067:pickup,06-13 16:50:00,,,,,,,,,,,,,,left-only,shipment_scans_cleaned,"shipment_scans_cleaned,delay_reports_cleaned",21067
21139,2022-06-14 12:31:00+00:00,accept,on_time,0.0,2022-06-14 13:00:00+00:00,7635,region_131,131,20903,1,Jilin,126.57139,43.82419,614,Cainiao-AI/LaDe:pickup/pickup_jl.csv,233252,21139:accept,06-14 12:31:00,,,,,,,,,,,,,,left-only,shipment_scans_cleaned,"shipment_scans_cleaned,delay_reports_cleaned",21139
21139,2022-06-14 13:15:00+00:00,pickup,on_time,0.0,2022-06-14 15:00:00+00:00,7635,region_131,131,20903,1,Jilin,126.57139,43.82419,614,Cainiao-AI/LaDe:pickup/pickup_jl.csv,233252,21139:pickup,06-14 13:15:00,,,,,,,,,,,,,,left-only,shipment_scans_cleaned,"shipment_scans_cleaned,delay_reports_cleaned",21139
21431,2022-06-05 09:42:00+00:00,accept,on_time,0.0,2022-06-05 11:00:00+00:00,7635,region_131,131,2944,1,Jilin,126.56845,43.82297,605,Cainiao-AI/LaDe:pickup/pickup_jl.csv,221143,21431:accept,06-05 09:42:00,,,,,,,,,,,,,,left-only,shipment_scans_cleaned,"shipment_scans_cleaned,delay_reports_cleaned",21431
21431,2022-06-05 12:16:00+00:00,pickup,on_time,0.0,2022-06-05 13:00:00+00:00,7635,region_131,131,2944,1,Jilin,126.56845,43.82297,605,Cainiao-AI/LaDe:pickup/pickup_jl.csv,221143,21431:pickup,06-05 12:16:00,,,,,,,,,,,,,,left-only,shipment_scans_cleaned,"shipment_scans_cleaned,delay_reports_cleaned",21431
21463,2022-06-10 07:44:00+00:00,accept,on_time,0.0,2022-06-10 09:00:00+00:00,1729,region_11,11,16022,1,Jilin,127.33518,43.71892,610,Cainiao-AI/LaDe:pickup/pickup_jl.csv,19051,21463:accept,06-10 07:44:00,,,,,,,,,,,,,,left-only,shipment_scans_cleaned,"shipment_scans_cleaned,delay_reports_cleaned",21463
21463,2022-06-10 08:31:00+00:00,pickup,on_time,0.0,2022-06-10 11:00:00+00:00,1729,region_11,11,16022,1,Jilin,127.33518,43.71892,610,Cainiao-AI/LaDe:pickup/pickup_jl.csv,19051,21463:pickup,06-10 08:31:00,,,,,,,,,,,,,,left-only,shipment_scans_cleaned,"shipment_scans_cleaned,delay_reports_cleaned",21463
21582,2022-06-11 08:17:00+00:00,accept,on_time,0.0,2022-06-11 15:00:00+00:00,7333,region_132,132,5694,14,Jilin,126.05232,42.95048,611,Cainiao-AI/LaDe:pickup/pickup_jl.csv,244637,21582:accept,06-11 08:17:00,,,,,,,,,,,,,,left-only,shipment_scans_cleaned,"shipment_scans_cleaned,delay_reports_cleaned",21582
21582,2022-06-11 14:34:00+00:00,pickup,on_time,0.0,2022-06-11 17:00:00+00:00,7333,region_132,132,5694,14,Jilin,126.05232,42.95048,611,Cainiao-AI/LaDe:pickup/pickup_jl.csv,244637,21582:pickup,06-11 14:34:00,,,,,,,,,,,,,,left-only,shipment_scans_cleaned,"shipment_scans_cleaned,delay_reports_cleaned",21582
21693,2022-06-09 08:10:00+00:00,accept,on_time,0.0,2022-06-09 09:00:00+00:00,9237,region_132,132,21248,4,Jilin,126.0571,42.9427,609,Cainiao-AI/LaDe:pickup/pickup_jl.csv,259086,21693:accept,06-09 08:10:00,,,,,,,,,,,,,,left-only,shipment_scans_cleaned,"shipment_scans_cleaned,delay_reports_cleaned",21693
21693,2022-06-09 14:14:00+00:00,pickup,on_time,0.0,2022-06-09 23:59:00+00:00,9237,region_132,132,21248,4,Jilin,126.0571,42.9427,609,Cainiao-AI/LaDe:pickup/pickup_jl.csv,259086,21693:pickup,06-09 14:14:00,,,,,,,,,,,,,,left-only,shipment_scans_cleaned,"shipment_scans_cleaned,delay_reports_cleaned",21693
21998,2022-06-05 07:36:00+00:00,accept,on_time,0.0,2022-06-05 09:00:00+00:00,9229,region_110,110,20274,14,Jilin,126.60089,43.82005,605,Cainiao-AI/LaDe:pickup/pickup_jl.csv,170246,21998:accept,06-05 07:36:00,,,,,,,,,,,,,,left-only,shipment_scans_cleaned,"shipment_scans_cleaned,delay_reports_cleaned",21998
21998,2022-06-05 09:22:00+00:00,pickup,on_time,0.0,2022-06-05 11:00:00+00:00,9229,region_110,110,20274,14,Jilin,126.60089,43.82005,605,Cainiao-AI/LaDe:pickup/pickup_jl.csv,170246,21998:pickup,06-05 09:22:00,,,,,,,,,,,,,,left-only,shipment_scans_cleaned,"shipment_scans_cleaned,delay_reports_cleaned",21998
22184,2022-06-11 08:01:00+00:00,accept,on_time,0.0,2022-06-11 09:00:00+00:00,4251,region_132,132,20222,14,Jilin,126.06169,42.94805,611,Cainiao-AI/LaDe:pickup/pickup_jl.csv,257851,22184:accept,06-11 08:01:00,,,,,,,,,,,,,,left-only,shipment_scans_cleaned,"shipment_scans_cleaned,delay_reports_cleaned",22184
22184,2022-06-11 09:27:00+00:00,pickup,on_time,0.0,2022-06-11 11:00:00+00:00,4251,region_132,132,20222,14,Jilin,126.06169,42.94805,611,Cainiao-AI/LaDe:pickup/pickup_jl.csv,257851,22184:pickup,06-11 09:27:00,,,,,,,,,,,,,,left-only,shipment_scans_cleaned,"shipment_scans_cleaned,delay_reports_cleaned",22184
22204,2022-06-07 08:24:00+00:00,accept,on_time,0.0,2022-06-07 09:00:00+00:00,4165,region_85,85,4674,14,Jilin,126.56337,43.87075,607,Cainiao-AI/LaDe:pickup/pickup_jl.csv,55661,22204:accept,06-07 08:24:00,,,,,,,,,,,,,,left-only,shipment_scans_cleaned,"shipment_scans_cleaned,delay_reports_cleaned",22204
22204,2022-06-07 09:15:00+00:00,pickup,on_time,0.0,2022-06-07 11:00:00+00:00,4165,region_85,85,4674,14,Jilin,126.56337,43.87075,607,Cainiao-AI/LaDe:pickup/pickup_jl.csv,55661,22204:pickup,06-07 09:15:00,,,,,,,,,,,,,,left-only,shipment_scans_cleaned,"shipment_scans_cleaned,delay_reports_cleaned",22204
22712,2022-06-14 07:30:00+00:00,accept,on_time,0.0,2022-06-14 17:00:00+00:00,4165,region_85,85,5410,14,Jilin,126.56067,43.87321,614,Cainiao-AI/LaDe:pickup/pickup_jl.csv,57360,22712:accept,06-14 07:30:00,,,,,,,,,,,,,,left-only,shipment_scans_cleaned,"shipment_scans_cleaned,delay_reports_cleaned",22712
22712,2022-06-14 17:52:00+00:00,pickup,on_time,0.0,2022-06-14 19:00:00+00:00,4165,region_85,85,5410,14,Jilin,126.56067,43.87321,614,Cainiao-AI/LaDe:pickup/pickup_jl.csv,57360,22712:pickup,06-14 17:52:00,,,,,,,,,,,,,,left-only,shipment_scans_cleaned,"shipment_scans_cleaned,delay_reports_cleaned",22712
22782,2022-06-16 09:03:00+00:00,accept,on_time,0.0,2022-06-16 17:00:00+00:00,1700,region_110,110,21817,14,Jilin,126.58922,43.82392,616,Cainiao-AI/LaDe:pickup/pickup_jl.csv,175440,22782:accept,06-16 09:03:00,,,,,,,,,,,,,,left-only,shipment_scans_cleaned,"shipment_scans_cleaned,delay_reports_cleaned",22782
22782,2022-06-16 17:03:00+00:00,pickup,on_time,0.0,2022-06-16 19:00:00+00:00,1700,region_110,110,21817,14,Jilin,126.58922,43.82392,616,Cainiao-AI/LaDe:pickup/pickup_jl.csv,175440,22782:pickup,06-16 17:03:00,,,,,,,,,,,,,,left-only,shipment_scans_cleaned,"shipment_scans_cleaned,delay_reports_cleaned",22782
22905,2022-06-06 07:43:00+00:00,accept,on_time,0.0,2022-06-06 09:00:00+00:00,8233,region_13,13,20027,1,Jilin,126.54231,43.86598,606,Cainiao-AI/LaDe:pickup/pickup_jl.csv,32182,22905:accept,06-06 07:43:00,,,,,,,,,,,,,,left-only,shipment_scans_cleaned,"shipment_scans_cleaned,delay_reports_cleaned",22905
22905,2022-06-06 08:08:00+00:00,pickup,on_time,0.0,2022-06-06 11:00:00+00:00,8233,region_13,13,20027,1,Jilin,126.54231,43.86598,606,Cainiao-AI/LaDe:pickup/pickup_jl.csv,32182,22905:pickup,06-06 08:08:00,,,,,,,,,,,,,,left-only,shipment_scans_cleaned,"shipment_scans_cleaned,delay_reports_cleaned",22905
23047,2022-06-07 07:54:00+00:00,accept,on_time,0.0,2022-06-07 09:00:00+00:00,5591,region_91,91,21897,1,Jilin,126.51615,43.80878,607,Cainiao-AI/LaDe:pickup/pickup_jl.csv,103828,23047:accept,06-07 07:54:00,,,,,,,,,,,,,,left-only,shipment_scans_cleaned,"shipment_scans_cleaned,delay_reports_cleaned",23047
23047,2022-06-07 10:04:00+00:00,pickup,on_time,0.0,2022-06-07 11:00:00+00:00,5591,region_91,91,21897,1,Jilin,126.51615,43.80878,607,Cainiao-AI/LaDe:pickup/pickup_jl.csv,103828,23047:pickup,06-07 10:04:00,,,,,,,,,,,,,,left-only,shipment_scans_cleaned,"shipment_scans_cleaned,delay_reports_cleaned",23047
23535,2022-06-10 16:05:00+00:00,accept,on_time,0.0,2022-06-10 17:00:00+00:00,7333,region_132,132,2229,1,Jilin,126.05337,42.95088,610,Cainiao-AI/LaDe:pickup/pickup_jl.csv,240363,23535:accept,06-10 16:05:00,,,,,,,,,,,,,,left-only,shipment_scans_cleaned,"shipment_scans_cleaned,delay_reports_cleaned",23535
23535,2022-06-10 16:25:00+00:00,pickup,on_time,0.0,2022-06-10 19:00:00+00:00,7333,region_132,132,2229,1,Jilin,126.05337,42.95088,610,Cainiao-AI/LaDe:pickup/pickup_jl.csv,240363,23535:pickup,06-10 16:25:00,,,,,,,,,,,,,,left-only,shipment_scans_cleaned,"shipment_scans_cleaned,delay_reports_cleaned",23535
23725,2022-06-07 07:40:00+00:00,accept,on_time,0.0,2022-06-07 09:00:00+00:00,11731,region_132,132,4048,14,Jilin,126.05977,42.94123,607,Cainiao-AI/LaDe:pickup/pickup_jl.csv,242895,23725:accept,06-07 07:40:00,,,,,,,,,,,,,,left-only,shipment_scans_cleaned,"shipment_scans_cleaned,delay_reports_cleaned",23725
23725,2022-06-07 10:31:00+00:00,pickup,on_time,0.0,2022-06-07 11:00:00+00:00,11731,region_132,132,4048,14,Jilin,126.05977,42.94123,607,Cainiao-AI/LaDe:pickup/pickup_jl.csv,242895,23725:pickup,06-07 10:31:00,,,,,,,,,,,,,,left-only,shipment_scans_cleaned,"shipment_scans_cleaned,delay_reports_cleaned",23725
24496,2022-06-05 07:39:00+00:00,accept,on_time,0.0,2022-06-05 17:00:00+00:00,1090,region_109,109,15739,1,Jilin,126.5494,43.81378,605,Cainiao-AI/LaDe:pickup/pickup_jl.csv,141239,24496:accept,06-05 07:39:00,,,,,,,,,,,,,,left-only,shipment_scans_cleaned,"shipment_scans_cleaned,delay_reports_cleaned",24496
24496,2022-06-05 17:28:00+00:00,pickup,on_time,0.0,2022-06-05 19:00:00+00:00,1090,region_109,109,15739,1,Jilin,126.5494,43.81378,605,Cainiao-AI/LaDe:pickup/pickup_jl.csv,141239,24496:pickup,06-05 17:28:00,,,,,,,,,,,,,,left-only,shipment_scans_cleaned,"shipment_scans_cleaned,delay_reports_cleaned",24496
25219,2022-06-17 08:49:00+00:00,accept,on_time,0.0,2022-06-17 09:00:00+00:00,11476,region_132,132,22232,14,Jilin,126.05821,42.94429,617,Cainiao-AI/LaDe:pickup/pickup_jl.csv,260161,25219:accept,06-17 08:49:00,,,,,,,,,,,,,,left-only,shipment_scans_cleaned,"shipment_scans_cleaned,delay_reports_cleaned",25219
25219,2022-06-17 09:58:00+00:00,pickup,on_time,0.0,2022-06-17 11:00:00+00:00,11476,region_132,132,22232,14,Jilin,126.05821,42.94429,617,Cainiao-AI/LaDe:pickup/pickup_jl.csv,260161,25219:pickup,06-17 09:58:00,,,,,,,,,,,,,,left-only,shipment_scans_cleaned,"shipment_scans_cleaned,delay_reports_cleaned",25219
25418,2022-06-13 16:31:00+00:00,accept,on_time,0.0,2022-06-13 16:31:00+00:00,1982,region_109,109,10589,1,Jilin,126.58319,43.80564,613,Cainiao-AI/LaDe:pickup/pickup_jl.csv,129891,25418:accept,06-13 16:31:00,,,,,,,,,,,,,,left-only,shipment_scans_cleaned,"shipment_scans_cleaned,delay_reports_cleaned",25418
25418,2022-06-13 18:28:00+00:00,pickup,on_time,0.0,2022-06-13 18:31:00+00:00,1982,region_109,109,10589,1,Jilin,126.58319,43.80564,613,Cainiao-AI/LaDe:pickup/pickup_jl.csv,129891,25418:pickup,06-13 18:28:00,,,,,,,,,,,,,,left-only,shipment_scans_cleaned,"shipment_scans_cleaned,delay_reports_cleaned",25418
25433,2022-06-10 07:56:00+00:00,accept,on_time,0.0,2022-06-10 11:00:00+00:00,4842,region_122,122,20513,1,Jilin,126.57693,43.8414,610,Cainiao-AI/LaDe:pickup/pickup_jl.csv,199662,25433:accept,06-10 07:56:00,,,,,,,,,,,,,,left-only,shipment_scans_cleaned,"shipment_scans_cleaned,delay_reports_cleaned",25433
25433,2022-06-10 12:36:00+00:00,pickup,on_time,0.0,2022-06-10 13:00:00+00:00,4842,region_122,122,20513,1,Jilin,126.57693,43.8414,610,Cainiao-AI/LaDe:pickup/pickup_jl.csv,199662,25433:pickup,06-10 12:36:00,,,,,,,,,,,,,,left-only,shipment_scans_cleaned,"shipment_scans_cleaned,delay_reports_cleaned",25433
25732,2022-06-09 07:36:00+00:00,accept,on_time,0.0,2022-06-09 09:00:00+00:00,5969,region_91,91,18807,1,Jilin,126.51816,43.81593,609,Cainiao-AI/LaDe:pickup/pickup_jl.csv,98696,25732:accept,06-09 07:36:00,,,,,,,,,,,,,,left-only,shipment_scans_cleaned,"shipment_scans_cleaned,delay_reports_cleaned",25732
25732,2022-06-09 08:38:00+00:00,pickup,on_time,0.0,2022-06-09 11:00:00+00:00,5969,region_91,91,18807,1,Jilin,126.51816,43.81593,609,Cainiao-AI/LaDe:pickup/pickup_jl.csv,98696,25732:pickup,06-09 08:38:00,,,,,,,,,,,,,,left-only,shipment_scans_cleaned,"shipment_scans_cleaned,delay_reports_cleaned",25732
26214,2022-06-17 16:17:00+00:00,accept,on_time,0.0,2022-06-17 17:00:00+00:00,2656,region_90,90,8530,1,Jilin,126.57276,43.87485,617,Cainiao-AI/LaDe:pickup/pickup_jl.csv,76709,26214:accept,06-17 16:17:00,,,,,,,,,,,,,,left-only,shipment_scans_cleaned,"shipment_scans_cleaned,delay_reports_cleaned",26214
26214,2022-06-17 17:11:00+00:00,pickup,on_time,0.0,2022-06-17 19:00:00+00:00,2656,region_90,90,8530,1,Jilin,126.57276,43.87485,617,Cainiao-AI/LaDe:pickup/pickup_jl.csv,76709,26214:pickup,06-17 17:11:00,,,,,,,,,,,,,,left-only,shipment_scans_cleaned,"shipment_scans_cleaned,delay_reports_cleaned",26214
26378,2022-06-14 08:04:00+00:00,accept,on_time,0.0,2022-06-14 09:00:00+00:00,11476,region_132,132,8177,14,Jilin,126.05728,42.94092,614,Cainiao-AI/LaDe:pickup/pickup_jl.csv,246176,26378:accept,06-14 08:04:00,,,,,,,,,,,,,,left-only,shipment_scans_cleaned,"shipment_scans_cleaned,delay_reports_cleaned",26378
26378,2022-06-14 08:26:00+00:00,pickup,on_time,0.0,2022-06-14 11:00:00+00:00,11476,region_132,132,8177,14,Jilin,126.05728,42.94092,614,Cainiao-AI/LaDe:pickup/pickup_jl.csv,246176,26378:pickup,06-14 08:26:00,,,,,,,,,,,,,,left-only,shipment_scans_cleaned,"shipment_scans_cleaned,delay_reports_cleaned",26378
27051,2022-06-09 07:54:00+00:00,accept,on_time,0.0,2022-06-09 09:00:00+00:00,9797,region_131,131,8428,14,Jilin,126.56565,43.82513,609,Cainiao-AI/LaDe:pickup/pickup_jl.csv,226125,27051:accept,06-09 07:54:00,,,,,,,,,,,,,,left-only,shipment_scans_cleaned,"shipment_scans_cleaned,delay_reports_cleaned",27051
27051,2022-06-09 09:17:00+00:00,pickup,on_time,0.0,2022-06-09 11:00:00+00:00,9797,region_131,131,8428,14,Jilin,126.56565,43.82513,609,Cainiao-AI/LaDe:pickup/pickup_jl.csv,226125,27051:pickup,06-09 09:17:00,,,,,,,,,,,,,,left-only,shipment_scans_cleaned,"shipment_scans_cleaned,delay_reports_cleaned",27051
27576,2022-06-08 11:52:00+00:00,accept,on_time,0.0,2022-06-09 11:00:00+00:00,4842,region_122,122,24058,1,Jilin,126.58134,43.84078,609,Cainiao-AI/LaDe:pickup/pickup_jl.csv,203089,27576:accept,06-08 11:52:00,,,,,,,,,,,,,,left-only,shipment_scans_cleaned,"shipment_scans_cleaned,delay_reports_cleaned",27576
27576,2022-06-09 12:47:00+00:00,pickup,on_time,0.0,2022-06-09 13:00:00+00:00,4842,region_122,122,24058,1,Jilin,126.58134,43.84078,609,Cainiao-AI/LaDe:pickup/pickup_jl.csv,203089,27576:pickup,06-09 12:47:00,,,,,,,,,,,,,,left-only,shipment_scans_cleaned,"shipment_scans_cleaned,delay_reports_cleaned",27576
27601,2022-06-10 07:39:00+00:00,accept,on_time,0.0,2022-06-10 09:00:00+00:00,7333,region_132,132,20762,14,Jilin,126.05803,42.94763,610,Cainiao-AI/LaDe:pickup/pickup_jl.csv,258451,27601:accept,06-10 07:39:00,,,,,,,,,,,,,,left-only,shipment_scans_cleaned,"shipment_scans_cleaned,delay_reports_cleaned",27601
27601,2022-06-10 08:45:00+00:00,pickup,on_time,0.0,2022-06-10 11:00:00+00:00,7333,region_132,132,20762,14,Jilin,126.05803,42.94763,610,Cainiao-AI/LaDe:pickup/pickup_jl.csv,258451,27601:pickup,06-10 08:45:00,,,,,,,,,,,,,,left-only,shipment_scans_cleaned,"shipment_scans_cleaned,delay_reports_cleaned",27601
27758,2022-06-13 07:40:00+00:00,accept,on_time,0.0,2022-06-13 09:00:00+00:00,1700,region_110,110,2764,1,Jilin,126.58489,43.82341,613,Cainiao-AI/LaDe:pickup/pickup_jl.csv,157793,27758:accept,06-13 07:40:00,,,,,,,,,,,,,,left-only,shipment_scans_cleaned,"shipment_scans_cleaned,delay_reports_cleaned",27758
27758,2022-06-13 09:09:00+00:00,pickup,on_time,0.0,2022-06-13 11:00:00+00:00,1700,region_110,110,2764,1,Jilin,126.58489,43.82341,613,Cainiao-AI/LaDe:pickup/pickup_jl.csv,157793,27758:pickup,06-13 09:09:00,,,,,,,,,,,,,,left-only,shipment_scans_cleaned,"shipment_scans_cleaned,delay_reports_cleaned",27758
27778,2022-06-07 09:56:00+00:00,accept,on_time,0.0,2022-06-07 09:56:00+00:00,6007,region_110,110,20274,14,Jilin,126.59156,43.82037,607,Cainiao-AI/LaDe:pickup/pickup_jl.csv,169002,27778:accept,06-07 09:56:00,,,,,,,,,,,,,,left-only,shipment_scans_cleaned,"shipment_scans_cleaned,delay_reports_cleaned",27778
27778,2022-06-07 10:37:00+00:00,pickup,on_time,0.0,2022-06-07 11:56:00+00:00,6007,region_110,110,20274,14,Jilin,126.59156,43.82037,607,Cainiao-AI/LaDe:pickup/pickup_jl.csv,169002,27778:pickup,06-07 10:37:00,,,,,,,,,,,,,,left-only,shipment_scans_cleaned,"shipment_scans_cleaned,delay_reports_cleaned",27778
27850,2022-06-06 08:15:00+00:00,accept,on_time,0.0,2022-06-06 09:00:00+00:00,10779,region_11,11,4541,14,Jilin,127.33434,43.7195,606,Cainiao-AI/LaDe:pickup/pickup_jl.csv,11412,27850:accept,06-06 08:15:00,,,,,,,,,,,,,,left-only,shipment_scans_cleaned,"shipment_scans_cleaned,delay_reports_cleaned",27850
27850,2022-06-06 09:05:00+00:00,pickup,on_time,0.0,2022-06-06 11:00:00+00:00,10779,region_11,11,4541,14,Jilin,127.33434,43.7195,606,Cainiao-AI/LaDe:pickup/pickup_jl.csv,11412,27850:pickup,06-06 09:05:00,,,,,,,,,,,,,,left-only,shipment_scans_cleaned,"shipment_scans_cleaned,delay_reports_cleaned",27850
28013,2022-06-18 16:37:00+00:00,accept,on_time,0.0,2022-06-18 16:37:00+00:00,1635,region_109,109,14181,1,Jilin,126.58086,43.79226,618,Cainiao-AI/LaDe:pickup/pickup_jl.csv,134688,28013:accept,06-18 16:37:00,,,,,,,,,,,,,,left-only,shipment_scans_cleaned,"shipment_scans_cleaned,delay_reports_cleaned",28013
28013,2022-06-18 17:04:00+00:00,pickup,on_time,0.0,2022-06-18 18:37:00+00:00,1635,region_109,109,14181,1,Jilin,126.58086,43.79226,618,Cainiao-AI/LaDe:pickup/pickup_jl.csv,134688,28013:pickup,06-18 17:04:00,,,,,,,,,,,,,,left-only,shipment_scans_cleaned,"shipment_scans_cleaned,delay_reports_cleaned",28013
28420,2022-06-13 15:06:00+00:00,accept,on_time,0.0,2022-06-13 17:00:00+00:00,10902,region_128,128,20524,1,Jilin,126.5758,43.84857,613,Cainiao-AI/LaDe:pickup/pickup_jl.csv,218263,28420:accept,06-13 15:06:00,,,,,,,,,,,,,,left-only,shipment_scans_cleaned,"shipment_scans_cleaned,delay_reports_cleaned",28420
28420,2022-06-13 15:14:00+00:00,pickup,on_time,0.0,2022-06-13 19:00:00+00:00,10902,region_128,128,20524,1,Jilin,126.5758,43.84857,613,Cainiao-AI/LaDe:pickup/pickup_jl.csv,218263,28420:pickup,06-13 15:14:00,,,,,,,,,,,,,,left-only,shipment_scans_cleaned,"shipment_scans_cleaned,delay_reports_cleaned",28420
28701,2022-06-05 14:29:00+00:00,accept,on_time,0.0,2022-06-05 15:00:00+00:00,1700,region_110,110,2764,1,Jilin,126.58532,43.82213,605,Cainiao-AI/LaDe:pickup/pickup_jl.csv,157406,28701:accept,06-05 14:29:00,,,,,,,,,,,,,,left-only,shipment_scans_cleaned,"shipment_scans_cleaned,delay_reports_cleaned",28701
28701,2022-06-05 15:49:00+00:00,pickup,on_time,0.0,2022-06-05 17:00:00+00:00,1700,region_110,110,2764,1,Jilin,126.58532,43.82213,605,Cainiao-AI/LaDe:pickup/pickup_jl.csv,157406,28701:pickup,06-05 15:49:00,,,,,,,,,,,,,,left-only,shipment_scans_cleaned,"shipment_scans_cleaned,delay_reports_cleaned",28701
28744,2022-06-15 14:00:00+00:00,accept,on_time,0.0,2022-06-16 11:00:00+00:00,7530,region_132,132,1104,1,Jilin,126.07043,42.94557,616,Cainiao-AI/LaDe:pickup/pickup_jl.csv,238913,28744:accept,06-15 14:00:00,,,,,,,,,,,,,,left-only,shipment_scans_cleaned,"shipment_scans_cleaned,delay_reports_cleaned",28744
28744,2022-06-16 12:04:00+00:00,pickup,on_time,0.0,2022-06-16 13:00:00+00:00,7530,region_132,132,1104,1,Jilin,126.07043,42.94557,616,Cainiao-AI/LaDe:pickup/pickup_jl.csv,238913,28744:pickup,06-16 12:04:00,,,,,,,,,,,,,,left-only,shipment_scans_cleaned,"shipment_scans_cleaned,delay_reports_cleaned",28744
29383,2022-06-18 12:18:00+00:00,accept,on_time,0.0,2022-06-18 13:00:00+00:00,6007,region_110,110,11210,14,Jilin,126.58941,43.81579,618,Cainiao-AI/LaDe:pickup/pickup_jl.csv,161876,29383:accept,06-18 12:18:00,,,,,,,,,,,,,,left-only,shipment_scans_cleaned,"shipment_scans_cleaned,delay_reports_cleaned",29383
29383,2022-06-18 12:32:00+00:00,pickup,on_time,0.0,2022-06-18 15:00:00+00:00,6007,region_110,110,11210,14,Jilin,126.58941,43.81579,618,Cainiao-AI/LaDe:pickup/pickup_jl.csv,161876,29383:pickup,06-18 12:32:00,,,,,,,,,,,,,,left-only,shipment_scans_cleaned,"shipment_scans_cleaned,delay_reports_cleaned",29383
29411,2022-06-15 08:05:00+00:00,accept,on_time,0.0,2022-06-15 09:00:00+00:00,4842,region_122,122,5328,1,Jilin,126.57527,43.83906,615,Cainiao-AI/LaDe:pickup/pickup_jl.csv,190659,29411:accept,06-15 08:05:00,,,,,,,,,,,,,,left-only,shipment_scans_cleaned,"shipment_scans_cleaned,delay_reports_cleaned",29411
29411,2022-06-15 16:25:00+00:00,pickup,on_time,0.0,2022-06-15 23:59:00+00:00,4842,region_122,122,5328,1,Jilin,126.57527,43.83906,615,Cainiao-AI/LaDe:pickup/pickup_jl.csv,190659,29411:pickup,06-15 16:25:00,,,,,,,,,,,,,,left-only,shipment_scans_cleaned,"shipment_scans_cleaned,delay_reports_cleaned",29411
30329,2022-06-08 08:12:00+00:00,accept,on_time,0.0,2022-06-08 09:00:00+00:00,9229,region_110,110,20274,14,Jilin,126.60127,43.81641,608,Cainiao-AI/LaDe:pickup/pickup_jl.csv,170710,30329:accept,06-08 08:12:00,,,,,,,,,,,,,,left-only,shipment_scans_cleaned,"shipment_scans_cleaned,delay_reports_cleaned",30329
30329,2022-06-08 08:59:00+00:00,pickup,on_time,0.0,2022-06-08 11:00:00+00:00,9229,region_110,110,20274,14,Jilin,126.60127,43.81641,608,Cainiao-AI/LaDe:pickup/pickup_jl.csv,170710,30329:pickup,06-08 08:59:00,,,,,,,,,,,,,,left-only,shipment_scans_cleaned,"shipment_scans_cleaned,delay_reports_cleaned",30329
30486,2022-06-14 14:33:00+00:00,accept,on_time,0.0,2022-06-14 14:33:00+00:00,5190,region_74,74,23895,7,Jilin,126.52766,43.86111,614,Cainiao-AI/LaDe:pickup/pickup_jl.csv,50536,30486:accept,06-14 14:33:00,,,,,,,,,,,,,,left-only,shipment_scans_cleaned,"shipment_scans_cleaned,delay_reports_cleaned",30486
30486,2022-06-14 15:31:00+00:00,pickup,on_time,0.0,2022-06-14 16:33:00+00:00,5190,region_74,74,23895,7,Jilin,126.52766,43.86111,614,Cainiao-AI/LaDe:pickup/pickup_jl.csv,50536,30486:pickup,06-14 15:31:00,,,,,,,,,,,,,,left-only,shipment_scans_cleaned,"shipment_scans_cleaned,delay_reports_cleaned",30486
30514,2022-06-16 07:55:00+00:00,accept,on_time,0.0,2022-06-16 09:00:00+00:00,10781,region_85,85,12273,1,Jilin,126.55216,43.8724,616,Cainiao-AI/LaDe:pickup/pickup_jl.csv,64224,30514:accept,06-16 07:55:00,,,,,,,,,,,,,,left-only,shipment_scans_cleaned,"shipment_scans_cleaned,delay_reports_cleaned",30514
30514,2022-06-16 09:59:00+00:00,pickup,on_time,0.0,2022-06-16 11:00:00+00:00,10781,region_85,85,12273,1,Jilin,126.55216,43.8724,616,Cainiao-AI/LaDe:pickup/pickup_jl.csv,64224,30514:pickup,06-16 09:59:00,,,,,,,,,,,,,,left-only,shipment_scans_cleaned,"shipment_scans_cleaned,delay_reports_cleaned",30514
30544,2022-06-11 07:44:00+00:00,accept,on_time,0.0,2022-06-11 09:00:00+00:00,2723,region_131,131,24022,1,Jilin,126.57832,43.82958,611,Cainiao-AI/LaDe:pickup/pickup_jl.csv,236773,30544:accept,06-11 07:44:00,,,,,,,,,,,,,,left-only,shipment_scans_cleaned,"shipment_scans_cleaned,delay_reports_cleaned",30544
30544,2022-06-11 08:47:00+00:00,pickup,on_time,0.0,2022-06-11 11:00:00+00:00,2723,region_131,131,24022,1,Jilin,126.57832,43.82958,611,Cainiao-AI/LaDe:pickup/pickup_jl.csv,236773,30544:pickup,06-11 08:47:00,,,,,,,,,,,,,,left-only,shipment_scans_cleaned,"shipment_scans_cleaned,delay_reports_cleaned",30544
30604,2022-06-12 07:57:00+00:00,accept,on_time,0.0,2022-06-12 09:00:00+00:00,7530,region_132,132,20972,1,Jilin,126.06468,42.94669,612,Cainiao-AI/LaDe:pickup/pickup_jl.csv,258856,30604:accept,06-12 07:57:00,,,,,,,,,,,,,,left-only,shipment_scans_cleaned,"shipment_scans_cleaned,delay_reports_cleaned",30604
30604,2022-06-12 09:14:00+00:00,pickup,on_time,0.0,2022-06-12 11:00:00+00:00,7530,region_132,132,20972,1,Jilin,126.06468,42.94669,612,Cainiao-AI/LaDe:pickup/pickup_jl.csv,258856,30604:pickup,06-12 09:14:00,,,,,,,,,,,,,,left-only,shipment_scans_cleaned,"shipment_scans_cleaned,delay_reports_cleaned",30604
31049,2022-06-11 13:36:00+00:00,accept,on_time,0.0,2022-06-11 13:36:00+00:00,1982,region_109,109,2691,14,Jilin,126.60069,43.8083,611,Cainiao-AI/LaDe:pickup/pickup_jl.csv,113938,31049:accept,06-11 13:36:00,,,,,,,,,,,,,,left-only,shipment_scans_cleaned,"shipment_scans_cleaned,delay_reports_cleaned",31049
31049,2022-06-11 15:27:00+00:00,pickup,on_time,0.0,2022-06-11 15:36:00+00:00,1982,region_109,109,2691,14,Jilin,126.60069,43.8083,611,Cainiao-AI/LaDe:pickup/pickup_jl.csv,113938,31049:pickup,06-11 15:27:00,,,,,,,,,,,,,,left-only,shipment_scans_cleaned,"shipment_scans_cleaned,delay_reports_cleaned",31049
31053,2022-06-05 09:35:00+00:00,accept,on_time,0.0,2022-06-05 09:35:00+00:00,1090,region_109,109,8459,1,Jilin,126.55761,43.81719,605,Cainiao-AI/LaDe:pickup/pickup_jl.csv,126303,31053:accept,06-05 09:35:00,,,,,,,,,,,,,,left-only,shipment_scans_cleaned,"shipment_scans_cleaned,delay_reports_cleaned",31053
31053,2022-06-05 10:29:00+00:00,pickup,on_time,0.0,2022-06-05 11:35:00+00:00,1090,region_109,109,8459,1,Jilin,126.55761,43.81719,605,Cainiao-AI/LaDe:pickup/pickup_jl.csv,126303,31053:pickup,06-05 10:29:00,,,,,,,,,,,,,,left-only,shipment_scans_cleaned,"shipment_scans_cleaned,delay_reports_cleaned",31053
31171,2022-06-06 12:10:00+00:00,accept,on_time,0.0,2022-06-06 12:10:00+00:00,1090,region_109,109,8724,1,Jilin,126.55626,43.81544,606,Cainiao-AI/LaDe:pickup/pickup_jl.csv,126963,31171:accept,06-06 12:10:00,,,,,,,,,,,,,,left-only,shipment_scans_cleaned,"shipment_scans_cleaned,delay_reports_cleaned",31171
31171,2022-06-06 12:36:00+00:00,pickup,on_time,0.0,2022-06-06 14:10:00+00:00,1090,region_109,109,8724,1,Jilin,126.55626,43.81544,606,Cainiao-AI/LaDe:pickup/pickup_jl.csv,126963,31171:pickup,06-06 12:36:00,,,,,,,,,,,,,,left-only,shipment_scans_cleaned,"shipment_scans_cleaned,delay_reports_cleaned",31171
31224,2022-06-12 12:29:00+00:00,accept,on_time,0.0,2022-06-12 13:00:00+00:00,1635,region_109,109,10167,14,Jilin,126.56577,43.8093,612,Cainiao-AI/LaDe:pickup/pickup_jl.csv,128265,31224:accept,06-12 12:29:00,,,,,,,,,,,,,,left-only,shipment_scans_cleaned,"shipment_scans_cleaned,delay_reports_cleaned",31224
31224,2022-06-12 13:26:00+00:00,pickup,on_time,0.0,2022-06-12 15:00:00+00:00,1635,region_109,109,10167,14,Jilin,126.56577,43.8093,612,Cainiao-AI/LaDe:pickup/pickup_jl.csv,128265,31224:pickup,06-12 13:26:00,,,,,,,,,,,,,,left-only,shipment_scans_cleaned,"shipment_scans_cleaned,delay_reports_cleaned",31224
31645,2022-06-12 13:58:00+00:00,accept,on_time,0.0,2022-06-12 15:00:00+00:00,9229,region_110,110,20274,14,Jilin,126.59509,43.81657,612,Cainiao-AI/LaDe:pickup/pickup_jl.csv,170705,31645:accept,06-12 13:58:00,,,,,,,,,,,,,,left-only,shipment_scans_cleaned,"shipment_scans_cleaned,delay_reports_cleaned",31645
31645,2022-06-12 14:46:00+00:00,pickup,on_time,0.0,2022-06-12 17:00:00+00:00,9229,region_110,110,20274,14,Jilin,126.59509,43.81657,612,Cainiao-AI/LaDe:pickup/pickup_jl.csv,170705,31645:pickup,06-12 14:46:00,,,,,,,,,,,,,,left-only,shipment_scans_cleaned,"shipment_scans_cleaned,delay_reports_cleaned",31645
31683,2022-06-11 08:12:00+00:00,accept,on_time,0.0,2022-06-11 09:00:00+00:00,11077,region_110,110,20274,14,Jilin,126.60144,43.81796,611,Cainiao-AI/LaDe:pickup/pickup_jl.csv,171780,31683:accept,06-11 08:12:00,,,,,,,,,,,,,,left-only,shipment_scans_cleaned,"shipment_scans_cleaned,delay_reports_cleaned",31683
31683,2022-06-11 09:21:00+00:00,pickup,on_time,0.0,2022-06-11 23:59:00+00:00,11077,region_110,110,20274,14,Jilin,126.60144,43.81796,611,Cainiao-AI/LaDe:pickup/pickup_jl.csv,171780,31683:pickup,06-11 09:21:00,,,,,,,,,,,,,,left-only,shipment_scans_cleaned,"shipment_scans_cleaned,delay_reports_cleaned",31683
31867,2022-06-18 08:13:00+00:00,accept,on_time,0.0,2022-06-18 09:00:00+00:00,11476,region_132,132,7681,7,Jilin,126.05923,42.94439,618,Cainiao-AI/LaDe:pickup/pickup_jl.csv,245663,31867:accept,06-18 08:13:00,,,,,,,,,,,,,,left-only,shipment_scans_cleaned,"shipment_scans_cleaned,delay_reports_cleaned",31867
31867,2022-06-18 10:52:00+00:00,pickup,on_time,0.0,2022-06-18 11:00:00+00:00,11476,region_132,132,7681,7,Jilin,126.05923,42.94439,618,Cainiao-AI/LaDe:pickup/pickup_jl.csv,245663,31867:pickup,06-18 10:52:00,,,,,,,,,,,,,,left-only,shipment_scans_cleaned,"shipment_scans_cleaned,delay_reports_cleaned",31867
32252,2022-06-09 07:46:00+00:00,accept,on_time,0.0,2022-06-09 09:00:00+00:00,2738,region_13,13,20893,1,Jilin,126.53392,43.86792,609,Cainiao-AI/LaDe:pickup/pickup_jl.csv,32926,32252:accept,06-09 07:46:00,,,,,,,,,,,,,,left-only,shipment_scans_cleaned,"shipment_scans_cleaned,delay_reports_cleaned",32252
32252,2022-06-09 10:00:00+00:00,pickup,on_time,0.0,2022-06-09 11:00:00+00:00,2738,region_13,13,20893,1,Jilin,126.53392,43.86792,609,Cainiao-AI/LaDe:pickup/pickup_jl.csv,32926,32252:pickup,06-09 10:00:00,,,,,,,,,,,,,,left-only,shipment_scans_cleaned,"shipment_scans_cleaned,delay_reports_cleaned",32252
32295,2022-06-13 08:40:00+00:00,accept,on_time,0.0,2022-06-13 17:00:00+00:00,11077,region_110,110,20274,14,Jilin,126.59462,43.82044,613,Cainiao-AI/LaDe:pickup/pickup_jl.csv,171935,32295:accept,06-13 08:40:00,,,,,,,,,,,,,,left-only,shipment_scans_cleaned,"shipment_scans_cleaned,delay_reports_cleaned",32295
32295,2022-06-13 16:46:00+00:00,pickup,on_time,0.0,2022-06-13 19:00:00+00:00,11077,region_110,110,20274,14,Jilin,126.59462,43.82044,613,Cainiao-AI/LaDe:pickup/pickup_jl.csv,171935,32295:pickup,06-13 16:46:00,,,,,,,,,,,,,,left-only,shipment_scans_cleaned,"shipment_scans_cleaned,delay_reports_cleaned",32295
32547,2022-06-05 07:42:00+00:00,accept,on_time,0.0,2022-06-05 09:00:00+00:00,9229,region_110,110,556,14,Jilin,126.59677,43.82439,605,Cainiao-AI/LaDe:pickup/pickup_jl.csv,155857,32547:accept,06-05 07:42:00,,,,,,,,,,,,,,left-only,shipment_scans_cleaned,"shipment_scans_cleaned,delay_reports_cleaned",32547
32547,2022-06-05 08:58:00+00:00,pickup,on_time,0.0,2022-06-05 11:00:00+00:00,9229,region_110,110,556,14,Jilin,126.59677,43.82439,605,Cainiao-AI/LaDe:pickup/pickup_jl.csv,155857,32547:pickup,06-05 08:58:00,,,,,,,,,,,,,,left-only,shipment_scans_cleaned,"shipment_scans_cleaned,delay_reports_cleaned",32547
32569,2022-06-15 14:41:00+00:00,accept,on_time,0.0,2022-06-15 14:41:00+00:00,11694,region_90,90,2379,7,Jilin,126.56567,43.88463,615,Cainiao-AI/LaDe:pickup/pickup_jl.csv,73565,32569:accept,06-15 14:41:00,,,,,,,,,,,,,,left-only,shipment_scans_cleaned,"shipment_scans_cleaned,delay_reports_cleaned",32569
32569,2022-06-15 15:00:00+00:00,pickup,on_time,0.0,2022-06-15 16:41:00+00:00,11694,region_90,90,2379,7,Jilin,126.56567,43.88463,615,Cainiao-AI/LaDe:pickup/pickup_jl.csv,73565,32569:pickup,06-15 15:00:00,,,,,,,,,,,,,,left-only,shipment_scans_cleaned,"shipment_scans_cleaned,delay_reports_cleaned",32569
33254,2022-06-08 07:35:00+00:00,accept,on_time,0.0,2022-06-08 09:00:00+00:00,641,region_90,90,9537,1,Jilin,126.56915,43.87741,608,Cainiao-AI/LaDe:pickup/pickup_jl.csv,76943,33254:accept,06-08 07:35:00,,,,,,,,,,,,,,left-only,shipment_scans_cleaned,"shipment_scans_cleaned,delay_reports_cleaned",33254
33254,2022-06-08 07:43:00+00:00,pickup,on_time,0.0,2022-06-08 11:00:00+00:00,641,region_90,90,9537,1,Jilin,126.56915,43.87741,608,Cainiao-AI/LaDe:pickup/pickup_jl.csv,76943,33254:pickup,06-08 07:43:00,,,,,,,,,,,,,,left-only,shipment_scans_cleaned,"shipment_scans_cleaned,delay_reports_cleaned",33254
33424,2022-06-16 14:41:00+00:00,accept,on_time,0.0,2022-06-16 15:00:00+00:00,7530,region_132,132,12069,1,Jilin,126.06558,42.94206,616,Cainiao-AI/LaDe:pickup/pickup_jl.csv,247231,33424:accept,06-16 14:41:00,,,,,,,,,,,,,,left-only,shipment_scans_cleaned,"shipment_scans_cleaned,delay_reports_cleaned",33424
33424,2022-06-16 15:24:00+00:00,pickup,on_time,0.0,2022-06-16 17:00:00+00:00,7530,region_132,132,12069,1,Jilin,126.06558,42.94206,616,Cainiao-AI/LaDe:pickup/pickup_jl.csv,247231,33424:pickup,06-16 15:24:00,,,,,,,,,,,,,,left-only,shipment_scans_cleaned,"shipment_scans_cleaned,delay_reports_cleaned",33424
33558,2022-06-05 07:50:00+00:00,accept,on_time,0.0,2022-06-05 09:00:00+00:00,6774,region_109,109,14181,1,Jilin,126.58505,43.79155,605,Cainiao-AI/LaDe:pickup/pickup_jl.csv,136020,33558:accept,06-05 07:50:00,,,,,,,,,,,,,,left-only,shipment_scans_cleaned,"shipment_scans_cleaned,delay_reports_cleaned",33558
33558,2022-06-05 09:37:00+00:00,pickup,on_time,0.0,2022-06-05 11:00:00+00:00,6774,region_109,109,14181,1,Jilin,126.58505,43.79155,605,Cainiao-AI/LaDe:pickup/pickup_jl.csv,136020,33558:pickup,06-05 09:37:00,,,,,,,,,,,,,,left-only,shipment_scans_cleaned,"shipment_scans_cleaned,delay_reports_cleaned",33558
34180,2022-06-09 08:08:00+00:00,accept,on_time,0.0,2022-06-09 09:00:00+00:00,11731,region_132,132,12118,14,Jilin,126.06705,42.95374,609,Cainiao-AI/LaDe:pickup/pickup_jl.csv,248198,34180:accept,06-09 08:08:00,,,,,,,,,,,,,,left-only,shipment_scans_cleaned,"shipment_scans_cleaned,delay_reports_cleaned",34180
34180,2022-06-09 09:11:00+00:00,pickup,on_time,0.0,2022-06-09 11:00:00+00:00,11731,region_132,132,12118,14,Jilin,126.06705,42.95374,609,Cainiao-AI/LaDe:pickup/pickup_jl.csv,248198,34180:pickup,06-09 09:11:00,,,,,,,,,,,,,,left-only,shipment_scans_cleaned,"shipment_scans_cleaned,delay_reports_cleaned",34180
34213,2022-06-08 08:17:00+00:00,accept,on_time,0.0,2022-06-08 09:00:00+00:00,13838,region_128,128,5580,1,Jilin,126.59261,43.86312,608,Cainiao-AI/LaDe:pickup/pickup_jl.csv,206835,34213:accept,06-08 08:17:00,,,,,,,,,,,,,,left-only,shipment_scans_cleaned,"shipment_scans_cleaned,delay_reports_cleaned",34213
34213,2022-06-08 10:34:00+00:00,pickup,on_time,0.0,2022-06-08 11:00:00+00:00,13838,region_128,128,5580,1,Jilin,126.59261,43.86312,608,Cainiao-AI/LaDe:pickup/pickup_jl.csv,206835,34213:pickup,06-08 10:34:00,,,,,,,,,,,,,,left-only,shipment_scans_cleaned,"shipment_scans_cleaned,delay_reports_cleaned",34213
34275,2022-06-17 08:14:00+00:00,accept,on_time,0.0,2022-06-17 15:00:00+00:00,11828,region_122,122,7759,14,Jilin,126.59491,43.84033,617,Cainiao-AI/LaDe:pickup/pickup_jl.csv,192651,34275:accept,06-17 08:14:00,,,,,,,,,,,,,,left-only,shipment_scans_cleaned,"shipment_scans_cleaned,delay_reports_cleaned",34275
34275,2022-06-17 15:46:00+00:00,pickup,on_time,0.0,2022-06-17 17:00:00+00:00,11828,region_122,122,7759,14,Jilin,126.59491,43.84033,617,Cainiao-AI/LaDe:pickup/pickup_jl.csv,192651,34275:pickup,06-17 15:46:00,,,,,,,,,,,,,,left-only,shipment_scans_cleaned,"shipment_scans_cleaned,delay_reports_cleaned",34275
34430,2022-06-18 07:46:00+00:00,accept,on_time,0.0,2022-06-18 09:00:00+00:00,6774,region_109,109,23361,14,Jilin,126.58536,43.79675,618,Cainiao-AI/LaDe:pickup/pickup_jl.csv,155069,34430:accept,06-18 07:46:00,,,,,,,,,,,,,,left-only,shipment_scans_cleaned,"shipment_scans_cleaned,delay_reports_cleaned",34430
34430,2022-06-18 10:13:00+00:00,pickup,on_time,0.0,2022-06-18 11:00:00+00:00,6774,region_109,109,23361,14,Jilin,126.58536,43.79675,618,Cainiao-AI/LaDe:pickup/pickup_jl.csv,155069,34430:pickup,06-18 10:13:00,,,,,,,,,,,,,,left-only,shipment_scans_cleaned,"shipment_scans_cleaned,delay_reports_cleaned",34430
34575,2022-06-14 16:26:00+00:00,accept,on_time,0.0,2022-06-14 16:26:00+00:00,4251,region_132,132,2408,14,Jilin,126.06001,42.95047,614,Cainiao-AI/LaDe:pickup/pickup_jl.csv,240977,34575:accept,06-14 16:26:00,,,,,,,,,,,,,,left-only,shipment_scans_cleaned,"shipment_scans_cleaned,delay_reports_cleaned",34575
34575,2022-06-14 16:54:00+00:00,pickup,on_time,0.0,2022-06-14 18:26:00+00:00,4251,region_132,132,2408,14,Jilin,126.06001,42.95047,614,Cainiao-AI/LaDe:pickup/pickup_jl.csv,240977,34575:pickup,06-14 16:54:00,,,,,,,,,,,,,,left-only,shipment_scans_cleaned,"shipment_scans_cleaned,delay_reports_cleaned",34575
34603,2022-06-10 09:21:00+00:00,accept,on_time,0.0,2022-06-10 15:00:00+00:00,8009,region_110,110,15363,1,Jilin,126.58587,43.81989,610,Cainiao-AI/LaDe:pickup/pickup_jl.csv,164875,34603:accept,06-10 09:21:00,,,,,,,,,,,,,,left-only,shipment_scans_cleaned,"shipment_scans_cleaned,delay_reports_cleaned",34603
34603,2022-06-10 16:02:00+00:00,pickup,on_time,0.0,2022-06-10 17:00:00+00:00,8009,region_110,110,15363,1,Jilin,126.58587,43.81989,610,Cainiao-AI/LaDe:pickup/pickup_jl.csv,164875,34603:pickup,06-10 16:02:00,,,,,,,,,,,,,,left-only,shipment_scans_cleaned,"shipment_scans_cleaned,delay_reports_cleaned",34603
34692,2022-06-05 15:40:00+00:00,accept,on_time,0.0,2022-06-05 15:40:00+00:00,5969,region_91,91,23628,14,Jilin,126.51674,43.82428,605,Cainiao-AI/LaDe:pickup/pickup_jl.csv,107288,34692:accept,06-05 15:40:00,,,,,,,,,,,,,,left-only,shipment_scans_cleaned,"shipment_scans_cleaned,delay_reports_cleaned",34692
34692,2022-06-05 17:23:00+00:00,pickup,on_time,0.0,2022-06-05 17:40:00+00:00,5969,region_91,91,23628,14,Jilin,126.51674,43.82428,605,Cainiao-AI/LaDe:pickup/pickup_jl.csv,107288,34692:pickup,06-05 17:23:00,,,,,,,,,,,,,,left-only,shipment_scans_cleaned,"shipment_scans_cleaned,delay_reports_cleaned",34692
35302,2022-06-15 08:09:00+00:00,accept,on_time,0.0,2022-06-15 09:00:00+00:00,7333,region_132,132,22210,14,Jilin,126.0562,42.95202,615,Cainiao-AI/LaDe:pickup/pickup_jl.csv,259902,35302:accept,06-15 08:09:00,,,,,,,,,,,,,,left-only,shipment_scans_cleaned,"shipment_scans_cleaned,delay_reports_cleaned",35302
35302,2022-06-15 10:19:00+00:00,pickup,on_time,0.0,2022-06-15 11:00:00+00:00,7333,region_132,132,22210,14,Jilin,126.0562,42.95202,615,Cainiao-AI/LaDe:pickup/pickup_jl.csv,259902,35302:pickup,06-15 10:19:00,,,,,,,,,,,,,,left-only,shipment_scans_cleaned,"shipment_scans_cleaned,delay_reports_cleaned",35302
35747,2022-06-15 08:18:00+00:00,accept,on_time,0.0,2022-06-15 09:00:00+00:00,682,region_109,109,1988,14,Jilin,126.56508,43.81361,615,Cainiao-AI/LaDe:pickup/pickup_jl.csv,112038,35747:accept,06-15 08:18:00,,,,,,,,,,,,,,left-only,shipment_scans_cleaned,"shipment_scans_cleaned,delay_reports_cleaned",35747
35747,2022-06-15 10:10:00+00:00,pickup,on_time,0.0,2022-06-15 11:00:00+00:00,682,region_109,109,1988,14,Jilin,126.56508,43.81361,615,Cainiao-AI/LaDe:pickup/pickup_jl.csv,112038,35747:pickup,06-15 10:10:00,,,,,,,,,,,,,,left-only,shipment_scans_cleaned,"shipment_scans_cleaned,delay_reports_cleaned",35747
35771,2022-06-09 07:58:00+00:00,accept,on_time,0.0,2022-06-09 09:00:00+00:00,9797,region_131,131,759,1,Jilin,126.57261,43.8314,609,Cainiao-AI/LaDe:pickup/pickup_jl.csv,220340,35771:accept,06-09 07:58:00,,,,,,,,,,,,,,left-only,shipment_scans_cleaned,"shipment_scans_cleaned,delay_reports_cleaned",35771
35771,2022-06-09 09:46:00+00:00,pickup,on_time,0.0,2022-06-09 11:00:00+00:00,9797,region_131,131,759,1,Jilin,126.57261,43.8314,609,Cainiao-AI/LaDe:pickup/pickup_jl.csv,220340,35771:pickup,06-09 09:46:00,,,,,,,,,,,,,,left-only,shipment_scans_cleaned,"shipment_scans_cleaned,delay_reports_cleaned",35771
36158,2022-06-09 14:19:00+00:00,accept,delayed,1.0,2022-06-09 14:18:00+00:00,4251,region_132,132,2408,14,Jilin,126.06066,42.95251,609,Cainiao-AI/LaDe:pickup/pickup_jl.csv,240962,36158:accept,06-09 14:19:00,DL-36158,accept,0.0,1.0,2022-06-09 15:31:00+00:00,4251.0,region_132,132.0,Jilin,609.0,Cainiao-AI/LaDe:pickup/pickup_jl.csv,240962.0,06-09 15:31:00,both,shipment_scans_cleaned,"shipment_scans_cleaned,delay_reports_cleaned",36158
36158,2022-06-09 15:31:00+00:00,pickup,on_time,0.0,2022-06-09 16:18:00+00:00,4251,region_132,132,2408,14,Jilin,126.06066,42.95251,609,Cainiao-AI/LaDe:pickup/pickup_jl.csv,240962,36158:pickup,06-09 15:31:00,DL-36158,accept,0.0,1.0,2022-06-09 15:31:00+00:00,4251.0,region_132,132.0,Jilin,609.0,Cainiao-AI/LaDe:pickup/pickup_jl.csv,240962.0,06-09 15:31:00,both,shipment_scans_cleaned,"shipment_scans_cleaned,delay_reports_cleaned",36158
36311,2022-06-07 08:11:00+00:00,accept,on_time,0.0,2022-06-07 17:00:00+00:00,1700,region_110,110,21817,14,Jilin,126.58847,43.82348,607,Cainiao-AI/LaDe:pickup/pickup_jl.csv,175190,36311:accept,06-07 08:11:00,,,,,,,,,,,,,,left-only,shipment_scans_cleaned,"shipment_scans_cleaned,delay_reports_cleaned",36311
36311,2022-06-07 16:56:00+00:00,pickup,on_time,0.0,2022-06-07 19:00:00+00:00,1700,region_110,110,21817,14,Jilin,126.58847,43.82348,607,Cainiao-AI/LaDe:pickup/pickup_jl.csv,175190,36311:pickup,06-07 16:56:00,,,,,,,,,,,,,,left-only,shipment_scans_cleaned,"shipment_scans_cleaned,delay_reports_cleaned",36311
36404,2022-06-15 07:57:00+00:00,accept,on_time,0.0,2022-06-15 09:00:00+00:00,13838,region_128,128,10427,1,Jilin,126.58601,43.86018,615,Cainiao-AI/LaDe:pickup/pickup_jl.csv,212298,36404:accept,06-15 07:57:00,,,,,,,,,,,,,,left-only,shipment_scans_cleaned,"shipment_scans_cleaned,delay_reports_cleaned",36404
36404,2022-06-15 12:46:00+00:00,pickup,on_time,0.0,2022-06-15 23:59:00+00:00,13838,region_128,128,10427,1,Jilin,126.58601,43.86018,615,Cainiao-AI/LaDe:pickup/pickup_jl.csv,212298,36404:pickup,06-15 12:46:00,,,,,,,,,,,,,,left-only,shipment_scans_cleaned,"shipment_scans_cleaned,delay_reports_cleaned",36404
36458,2022-06-06 07:39:00+00:00,accept,on_time,0.0,2022-06-06 09:00:00+00:00,13877,region_91,91,21989,1,Jilin,126.52108,43.81727,606,Cainiao-AI/LaDe:pickup/pickup_jl.csv,106288,36458:accept,06-06 07:39:00,,,,,,,,,,,,,,left-only,shipment_scans_cleaned,"shipment_scans_cleaned,delay_reports_cleaned",36458
36458,2022-06-06 08:05:00+00:00,pickup,on_time,0.0,2022-06-06 11:00:00+00:00,13877,region_91,91,21989,1,Jilin,126.52108,43.81727,606,Cainiao-AI/LaDe:pickup/pickup_jl.csv,106288,36458:pickup,06-06 08:05:00,,,,,,,,,,,,,,left-only,shipment_scans_cleaned,"shipment_scans_cleaned,delay_reports_cleaned",36458
37271,2022-06-16 07:51:00+00:00,accept,on_time,0.0,2022-06-16 09:00:00+00:00,11476,region_132,132,14200,14,Jilin,126.06015,42.93865,616,Cainiao-AI/LaDe:pickup/pickup_jl.csv,251179,37271:accept,06-16 07:51:00,,,,,,,,,,,,,,left-only,shipment_scans_cleaned,"shipment_scans_cleaned,delay_reports_cleaned",37271
37271,2022-06-16 09:04:00+00:00,pickup,on_time,0.0,2022-06-16 23:59:00+00:00,11476,region_132,132,14200,14,Jilin,126.06015,42.93865,616,Cainiao-AI/LaDe:pickup/pickup_jl.csv,251179,37271:pickup,06-16 09:04:00,,,,,,,,,,,,,,left-only,shipment_scans_cleaned,"shipment_scans_cleaned,delay_reports_cleaned",37271
37293,2022-06-08 08:45:00+00:00,accept,on_time,0.0,2022-06-08 17:00:00+00:00,13203,region_29,29,13364,14,Jilin,126.49667,43.66433,608,Cainiao-AI/LaDe:pickup/pickup_jl.csv,37711,37293:accept,06-08 08:45:00,,,,,,,,,,,,,,left-only,shipment_scans_cleaned,"shipment_scans_cleaned,delay_reports_cleaned",37293
37293,2022-06-08 17:13:00+00:00,pickup,on_time,0.0,2022-06-08 19:00:00+00:00,13203,region_29,29,13364,14,Jilin,126.49667,43.66433,608,Cainiao-AI/LaDe:pickup/pickup_jl.csv,37711,37293:pickup,06-08 17:13:00,,,,,,,,,,,,,,left-only,shipment_scans_cleaned,"shipment_scans_cleaned,delay_reports_cleaned",37293
37426,2022-06-05 07:49:00+00:00,accept,on_time,0.0,2022-06-05 09:00:00+00:00,3906,region_13,13,9402,1,Jilin,126.52896,43.87182,605,Cainiao-AI/LaDe:pickup/pickup_jl.csv,23253,37426:accept,06-05 07:49:00,,,,,,,,,,,,,,left-only,shipment_scans_cleaned,"shipment_scans_cleaned,delay_reports_cleaned",37426
37426,2022-06-05 09:39:00+00:00,pickup,on_time,0.0,2022-06-05 11:00:00+00:00,3906,region_13,13,9402,1,Jilin,126.52896,43.87182,605,Cainiao-AI/LaDe:pickup/pickup_jl.csv,23253,37426:pickup,06-05 09:39:00,,,,,,,,,,,,,,left-only,shipment_scans_cleaned,"shipment_scans_cleaned,delay_reports_cleaned",37426
37480,2022-06-18 07:47:00+00:00,accept,on_time,0.0,2022-06-18 11:00:00+00:00,2656,region_85,85,3713,1,Jilin,126.57708,43.86834,618,Cainiao-AI/LaDe:pickup/pickup_jl.csv,53493,37480:accept,06-18 07:47:00,,,,,,,,,,,,,,left-only,shipment_scans_cleaned,"shipment_scans_cleaned,delay_reports_cleaned",37480
37480,2022-06-18 11:26:00+00:00,pickup,on_time,0.0,2022-06-18 13:00:00+00:00,2656,region_85,85,3713,1,Jilin,126.57708,43.86834,618,Cainiao-AI/LaDe:pickup/pickup_jl.csv,53493,37480:pickup,06-18 11:26:00,,,,,,,,,,,,,,left-only,shipment_scans_cleaned,"shipment_scans_cleaned,delay_reports_cleaned",37480
37788,2022-06-08 08:46:00+00:00,accept,on_time,0.0,2022-06-08 15:00:00+00:00,641,region_90,90,703,1,Jilin,126.56861,43.88076,608,Cainiao-AI/LaDe:pickup/pickup_jl.csv,71656,37788:accept,06-08 08:46:00,,,,,,,,,,,,,,left-only,shipment_scans_cleaned,"shipment_scans_cleaned,delay_reports_cleaned",37788
37788,2022-06-08 15:23:00+00:00,pickup,on_time,0.0,2022-06-08 17:00:00+00:00,641,region_90,90,703,1,Jilin,126.56861,43.88076,608,Cainiao-AI/LaDe:pickup/pickup_jl.csv,71656,37788:pickup,06-08 15:23:00,,,,,,,,,,,,,,left-only,shipment_scans_cleaned,"shipment_scans_cleaned,delay_reports_cleaned",37788
38434,2022-06-18 12:05:00+00:00,accept,on_time,0.0,2022-06-18 13:00:00+00:00,5591,region_91,91,21897,1,Jilin,126.51613,43.80873,618,Cainiao-AI/LaDe:pickup/pickup_jl.csv,103618,38434:accept,06-18 12:05:00,,,,,,,,,,,,,,left-only,shipment_scans_cleaned,"shipment_scans_cleaned,delay_reports_cleaned",38434
38434,2022-06-18 13:28:00+00:00,pickup,on_time,0.0,2022-06-18 15:00:00+00:00,5591,region_91,91,21897,1,Jilin,126.51613,43.80873,618,Cainiao-AI/LaDe:pickup/pickup_jl.csv,103618,38434:pickup,06-18 13:28:00,,,,,,,,,,,,,,left-only,shipment_scans_cleaned,"shipment_scans_cleaned,delay_reports_cleaned",38434
39184,2022-06-18 07:53:00+00:00,accept,on_time,0.0,2022-06-18 09:00:00+00:00,5969,region_91,91,19095,14,Jilin,126.52376,43.82346,618,Cainiao-AI/LaDe:pickup/pickup_jl.csv,99114,39184:accept,06-18 07:53:00,,,,,,,,,,,,,,left-only,shipment_scans_cleaned,"shipment_scans_cleaned,delay_reports_cleaned",39184
39184,2022-06-18 09:28:00+00:00,pickup,on_time,0.0,2022-06-18 11:00:00+00:00,5969,region_91,91,19095,14,Jilin,126.52376,43.82346,618,Cainiao-AI/LaDe:pickup/pickup_jl.csv,99114,39184:pickup,06-18 09:28:00,,,,,,,,,,,,,,left-only,shipment_scans_cleaned,"shipment_scans_cleaned,delay_reports_cleaned",39184
39926,2022-06-05 07:38:00+00:00,accept,on_time,0.0,2022-06-05 09:00:00+00:00,15530,region_74,74,18347,1,Jilin,126.50598,43.86638,605,Cainiao-AI/LaDe:pickup/pickup_jl.csv,47041,39926:accept,06-05 07:38:00,,,,,,,,,,,,,,left-only,shipment_scans_cleaned,"shipment_scans_cleaned,delay_reports_cleaned",39926
39926,2022-06-05 08:41:00+00:00,pickup,on_time,0.0,2022-06-05 11:00:00+00:00,15530,region_74,74,18347,1,Jilin,126.50598,43.86638,605,Cainiao-AI/LaDe:pickup/pickup_jl.csv,47041,39926:pickup,06-05 08:41:00,,,,,,,,,,,,,,left-only,shipment_scans_cleaned,"shipment_scans_cleaned,delay_reports_cleaned",39926
40069,2022-06-07 07:49:00+00:00,accept,on_time,0.0,2022-06-07 09:00:00+00:00,641,region_90,90,3302,1,Jilin,126.54709,43.8771,607,Cainiao-AI/LaDe:pickup/pickup_jl.csv,74657,40069:accept,06-07 07:49:00,,,,,,,,,,,,,,left-only,shipment_scans_cleaned,"shipment_scans_cleaned,delay_reports_cleaned",40069
40069,2022-06-07 08:06:00+00:00,pickup,on_time,0.0,2022-06-07 11:00:00+00:00,641,region_90,90,3302,1,Jilin,126.54709,43.8771,607,Cainiao-AI/LaDe:pickup/pickup_jl.csv,74657,40069:pickup,06-07 08:06:00,,,,,,,,,,,,,,left-only,shipment_scans_cleaned,"shipment_scans_cleaned,delay_reports_cleaned",40069
40607,2022-06-05 08:38:00+00:00,accept,on_time,0.0,2022-06-05 09:00:00+00:00,10902,region_128,128,10274,1,Jilin,126.57858,43.84797,605,Cainiao-AI/LaDe:pickup/pickup_jl.csv,211791,40607:accept,06-05 08:38:00,,,,,,,,,,,,,,left-only,shipment_scans_cleaned,"shipment_scans_cleaned,delay_reports_cleaned",40607
40607,2022-06-05 14:08:00+00:00,pickup,on_time,0.0,2022-06-05 23:59:00+00:00,10902,region_128,128,10274,1,Jilin,126.57858,43.84797,605,Cainiao-AI/LaDe:pickup/pickup_jl.csv,211791,40607:pickup,06-05 14:08:00,,,,,,,,,,,,,,left-only,shipment_scans_cleaned,"shipment_scans_cleaned,delay_reports_cleaned",40607
40880,2022-06-06 08:45:00+00:00,accept,on_time,0.0,2022-06-06 15:00:00+00:00,9229,region_110,110,20274,14,Jilin,126.60337,43.81541,606,Cainiao-AI/LaDe:pickup/pickup_jl.csv,170466,40880:accept,06-06 08:45:00,,,,,,,,,,,,,,left-only,shipment_scans_cleaned,"shipment_scans_cleaned,delay_reports_cleaned",40880
40880,2022-06-06 12:34:00+00:00,pickup,on_time,0.0,2022-06-06 17:00:00+00:00,9229,region_110,110,20274,14,Jilin,126.60337,43.81541,606,Cainiao-AI/LaDe:pickup/pickup_jl.csv,170466,40880:pickup,06-06 12:34:00,,,,,,,,,,,,,,left-only,shipment_scans_cleaned,"shipment_scans_cleaned,delay_reports_cleaned",40880
41380,2022-06-12 10:08:00+00:00,accept,on_time,0.0,2022-06-12 10:08:00+00:00,6550,region_74,74,12536,14,Jilin,126.52216,43.87095,612,Cainiao-AI/LaDe:pickup/pickup_jl.csv,43022,41380:accept,06-12 10:08:00,,,,,,,,,,,,,,left-only,shipment_scans_cleaned,"shipment_scans_cleaned,delay_reports_cleaned",41380
41380,2022-06-12 11:36:00+00:00,pickup,on_time,0.0,2022-06-12 12:08:00+00:00,6550,region_74,74,12536,14,Jilin,126.52216,43.87095,612,Cainiao-AI/LaDe:pickup/pickup_jl.csv,43022,41380:pickup,06-12 11:36:00,,,,,,,,,,,,,,left-only,shipment_scans_cleaned,"shipment_scans_cleaned,delay_reports_cleaned",41380
41609,2022-06-16 07:50:00+00:00,accept,on_time,0.0,2022-06-16 09:00:00+00:00,13203,region_29,29,14054,14,Jilin,126.52025,43.67568,616,Cainiao-AI/LaDe:pickup/pickup_jl.csv,37827,41609:accept,06-16 07:50:00,,,,,,,,,,,,,,left-only,shipment_scans_cleaned,"shipment_scans_cleaned,delay_reports_cleaned",41609
41609,2022-06-16 08:56:00+00:00,pickup,on_time,0.0,2022-06-16 11:00:00+00:00,13203,region_29,29,14054,14,Jilin,126.52025,43.67568,616,Cainiao-AI/LaDe:pickup/pickup_jl.csv,37827,41609:pickup,06-16 08:56:00,,,,,,,,,,,,,,left-only,shipment_scans_cleaned,"shipment_scans_cleaned,delay_reports_cleaned",41609
41632,2022-06-05 10:51:00+00:00,accept,on_time,0.0,2022-06-05 11:00:00+00:00,15530,region_74,74,19508,14,Jilin,126.50754,43.85924,605,Cainiao-AI/LaDe:pickup/pickup_jl.csv,47689,41632:accept,06-05 10:51:00,,,,,,,,,,,,,,left-only,shipment_scans_cleaned,"shipment_scans_cleaned,delay_reports_cleaned",41632
41632,2022-06-05 11:47:00+00:00,pickup,on_time,0.0,2022-06-05 13:00:00+00:00,15530,region_74,74,19508,14,Jilin,126.50754,43.85924,605,Cainiao-AI/LaDe:pickup/pickup_jl.csv,47689,41632:pickup,06-05 11:47:00,,,,,,,,,,,,,,left-only,shipment_scans_cleaned,"shipment_scans_cleaned,delay_reports_cleaned",41632
42219,2022-06-09 08:47:00+00:00,accept,on_time,0.0,2022-06-09 17:00:00+00:00,5301,region_9,9,21524,1,Jilin,126.95827,44.40625,609,Cainiao-AI/LaDe:pickup/pickup_jl.csv,7878,42219:accept,06-09 08:47:00,,,,,,,,,,,,,,left-only,shipment_scans_cleaned,"shipment_scans_cleaned,delay_reports_cleaned",42219
42219,2022-06-09 17:35:00+00:00,pickup,on_time,0.0,2022-06-09 19:00:00+00:00,5301,region_9,9,21524,1,Jilin,126.95827,44.40625,609,Cainiao-AI/LaDe:pickup/pickup_jl.csv,7878,42219:pickup,06-09 17:35:00,,,,,,,,,,,,,,left-only,shipment_scans_cleaned,"shipment_scans_cleaned,delay_reports_cleaned",42219
42397,2022-06-18 08:53:00+00:00,accept,on_time,0.0,2022-06-18 11:00:00+00:00,9229,region_110,110,23831,1,Jilin,126.60351,43.8168,618,Cainiao-AI/LaDe:pickup/pickup_jl.csv,177517,42397:accept,06-18 08:53:00,,,,,,,,,,,,,,left-only,shipment_scans_cleaned,"shipment_scans_cleaned,delay_reports_cleaned",42397
42397,2022-06-18 10:49:00+00:00,pickup,on_time,0.0,2022-06-18 13:00:00+00:00,9229,region_110,110,23831,1,Jilin,126.60351,43.8168,618,Cainiao-AI/LaDe:pickup/pickup_jl.csv,177517,42397:pickup,06-18 10:49:00,,,,,,,,,,,,,,left-only,shipment_scans_cleaned,"shipment_scans_cleaned,delay_reports_cleaned",42397
42460,2022-06-10 08:23:00+00:00,accept,on_time,0.0,2022-06-10 09:00:00+00:00,11828,region_122,122,8645,14,Jilin,126.58772,43.84573,610,Cainiao-AI/LaDe:pickup/pickup_jl.csv,192751,42460:accept,06-10 08:23:00,,,,,,,,,,,,,,left-only,shipment_scans_cleaned,"shipment_scans_cleaned,delay_reports_cleaned",42460
42460,2022-06-10 08:59:00+00:00,pickup,on_time,0.0,2022-06-10 23:59:00+00:00,11828,region_122,122,8645,14,Jilin,126.58772,43.84573,610,Cainiao-AI/LaDe:pickup/pickup_jl.csv,192751,42460:pickup,06-10 08:59:00,,,,,,,,,,,,,,left-only,shipment_scans_cleaned,"shipment_scans_cleaned,delay_reports_cleaned",42460
42542,2022-06-16 14:04:00+00:00,accept,on_time,0.0,2022-06-16 15:00:00+00:00,15530,region_74,74,4986,14,Jilin,126.49843,43.86838,616,Cainiao-AI/LaDe:pickup/pickup_jl.csv,40553,42542:accept,06-16 14:04:00,,,,,,,,,,,,,,left-only,shipment_scans_cleaned,"shipment_scans_cleaned,delay_reports_cleaned",42542
42542,2022-06-16 15:57:00+00:00,pickup,on_time,0.0,2022-06-16 17:00:00+00:00,15530,region_74,74,4986,14,Jilin,126.49843,43.86838,616,Cainiao-AI/LaDe:pickup/pickup_jl.csv,40553,42542:pickup,06-16 15:57:00,,,,,,,,,,,,,,left-only,shipment_scans_cleaned,"shipment_scans_cleaned,delay_reports_cleaned",42542
42777,2022-06-06 13:28:00+00:00,accept,on_time,0.0,2022-06-06 15:00:00+00:00,7635,region_131,131,10362,1,Jilin,126.56794,43.82085,606,Cainiao-AI/LaDe:pickup/pickup_jl.csv,227533,42777:accept,06-06 13:28:00,,,,,,,,,,,,,,left-only,shipment_scans_cleaned,"shipment_scans_cleaned,delay_reports_cleaned",42777
42777,2022-06-06 15:42:00+00:00,pickup,on_time,0.0,2022-06-06 17:00:00+00:00,7635,region_131,131,10362,1,Jilin,126.56794,43.82085,606,Cainiao-AI/LaDe:pickup/pickup_jl.csv,227533,42777:pickup,06-06 15:42:00,,,,,,,,,,,,,,left-only,shipment_scans_cleaned,"shipment_scans_cleaned,delay_reports_cleaned",42777
43345,2022-06-08 16:36:00+00:00,accept,on_time,0.0,2022-06-08 17:00:00+00:00,1090,region_109,109,13258,14,Jilin,126.54844,43.81887,608,Cainiao-AI/LaDe:pickup/pickup_jl.csv,133340,43345:accept,06-08 16:36:00,,,,,,,,,,,,,,left-only,shipment_scans_cleaned,"shipment_scans_cleaned,delay_reports_cleaned",43345
43345,2022-06-08 17:04:00+00:00,pickup,on_time,0.0,2022-06-08 19:00:00+00:00,1090,region_109,109,13258,14,Jilin,126.54844,43.81887,608,Cainiao-AI/LaDe:pickup/pickup_jl.csv,133340,43345:pickup,06-08 17:04:00,,,,,,,,,,,,,,left-only,shipment_scans_cleaned,"shipment_scans_cleaned,delay_reports_cleaned",43345
43523,2022-06-05 08:11:00+00:00,accept,on_time,0.0,2022-06-05 09:00:00+00:00,7530,region_132,132,4455,12,Jilin,126.06416,42.94305,605,Cainiao-AI/LaDe:pickup/pickup_jl.csv,242957,43523:accept,06-05 08:11:00,,,,,,,,,,,,,,left-only,shipment_scans_cleaned,"shipment_scans_cleaned,delay_reports_cleaned",43523
43523,2022-06-05 09:04:00+00:00,pickup,on_time,0.0,2022-06-05 11:00:00+00:00,7530,region_132,132,4455,12,Jilin,126.06416,42.94305,605,Cainiao-AI/LaDe:pickup/pickup_jl.csv,242957,43523:pickup,06-05 09:04:00,,,,,,,,,,,,,,left-only,shipment_scans_cleaned,"shipment_scans_cleaned,delay_reports_cleaned",43523
43793,2022-06-18 07:50:00+00:00,accept,on_time,0.0,2022-06-18 09:00:00+00:00,3906,region_13,13,19341,14,Jilin,126.52471,43.87771,618,Cainiao-AI/LaDe:pickup/pickup_jl.csv,28754,43793:accept,06-18 07:50:00,,,,,,,,,,,,,,left-only,shipment_scans_cleaned,"shipment_scans_cleaned,delay_reports_cleaned",43793
43793,2022-06-18 09:49:00+00:00,pickup,on_time,0.0,2022-06-18 11:00:00+00:00,3906,region_13,13,19341,14,Jilin,126.52471,43.87771,618,Cainiao-AI/LaDe:pickup/pickup_jl.csv,28754,43793:pickup,06-18 09:49:00,,,,,,,,,,,,,,left-only,shipment_scans_cleaned,"shipment_scans_cleaned,delay_reports_cleaned",43793
43965,2022-06-08 16:30:00+00:00,accept,on_time,0.0,2022-06-08 17:00:00+00:00,10140,region_109,109,10308,14,Jilin,126.57633,43.80291,608,Cainiao-AI/LaDe:pickup/pickup_jl.csv,128703,43965:accept,06-08 16:30:00,,,,,,,,,,,,,,left-only,shipment_scans_cleaned,"shipment_scans_cleaned,delay_reports_cleaned",43965
43965,2022-06-08 18:23:00+00:00,pickup,on_time,0.0,2022-06-08 19:00:00+00:00,10140,region_109,109,10308,14,Jilin,126.57633,43.80291,608,Cainiao-AI/LaDe:pickup/pickup_jl.csv,128703,43965:pickup,06-08 18:23:00,,,,,,,,,,,,,,left-only,shipment_scans_cleaned,"shipment_scans_cleaned,delay_reports_cleaned",43965
44194,2022-06-17 07:41:00+00:00,accept,on_time,0.0,2022-06-17 09:00:00+00:00,7635,region_131,131,18370,1,Jilin,126.57393,43.82015,617,Cainiao-AI/LaDe:pickup/pickup_jl.csv,232129,44194:accept,06-17 07:41:00,,,,,,,,,,,,,,left-only,shipment_scans_cleaned,"shipment_scans_cleaned,delay_reports_cleaned",44194
44194,2022-06-17 09:07:00+00:00,pickup,on_time,0.0,2022-06-17 11:00:00+00:00,7635,region_131,131,18370,1,Jilin,126.57393,43.82015,617,Cainiao-AI/LaDe:pickup/pickup_jl.csv,232129,44194:pickup,06-17 09:07:00,,,,,,,,,,,,,,left-only,shipment_scans_cleaned,"shipment_scans_cleaned,delay_reports_cleaned",44194
44323,2022-06-07 09:05:00+00:00,accept,on_time,0.0,2022-06-07 17:00:00+00:00,11576,region_109,109,2285,1,Jilin,126.56305,43.79791,607,Cainiao-AI/LaDe:pickup/pickup_jl.csv,113485,44323:accept,06-07 09:05:00,,,,,,,,,,,,,,left-only,shipment_scans_cleaned,"shipment_scans_cleaned,delay_reports_cleaned",44323
44323,2022-06-07 15:13:00+00:00,pickup,on_time,0.0,2022-06-07 19:00:00+00:00,11576,region_109,109,2285,1,Jilin,126.56305,43.79791,607,Cainiao-AI/LaDe:pickup/pickup_jl.csv,113485,44323:pickup,06-07 15:13:00,,,,,,,,,,,,,,left-only,shipment_scans_cleaned,"shipment_scans_cleaned,delay_reports_cleaned",44323
44827,2022-06-09 12:12:00+00:00,accept,on_time,0.0,2022-06-09 12:12:00+00:00,10781,region_85,85,3894,1,Jilin,126.55592,43.86604,609,Cainiao-AI/LaDe:pickup/pickup_jl.csv,54524,44827:accept,06-09 12:12:00,,,,,,,,,,,,,,left-only,shipment_scans_cleaned,"shipment_scans_cleaned,delay_reports_cleaned",44827
44827,2022-06-09 14:00:00+00:00,pickup,on_time,0.0,2022-06-09 14:12:00+00:00,10781,region_85,85,3894,1,Jilin,126.55592,43.86604,609,Cainiao-AI/LaDe:pickup/pickup_jl.csv,54524,44827:pickup,06-09 14:00:00,,,,,,,,,,,,,,left-only,shipment_scans_cleaned,"shipment_scans_cleaned,delay_reports_cleaned",44827
45122,2022-06-13 09:25:00+00:00,accept,on_time,0.0,2022-06-13 15:00:00+00:00,10902,region_128,128,3260,1,Jilin,126.58116,43.84735,613,Cainiao-AI/LaDe:pickup/pickup_jl.csv,203914,45122:accept,06-13 09:25:00,,,,,,,,,,,,,,left-only,shipment_scans_cleaned,"shipment_scans_cleaned,delay_reports_cleaned",45122
45122,2022-06-13 11:49:00+00:00,pickup,on_time,0.0,2022-06-13 17:00:00+00:00,10902,region_128,128,3260,1,Jilin,126.58116,43.84735,613,Cainiao-AI/LaDe:pickup/pickup_jl.csv,203914,45122:pickup,06-13 11:49:00,,,,,,,,,,,,,,left-only,shipment_scans_cleaned,"shipment_scans_cleaned,delay_reports_cleaned",45122
45497,2022-06-14 15:38:00+00:00,accept,on_time,0.0,2022-06-15 17:00:00+00:00,87,region_109,109,625,1,Jilin,126.57122,43.81319,615,Cainiao-AI/LaDe:pickup/pickup_jl.csv,110144,45497:accept,06-14 15:38:00,,,,,,,,,,,,,,left-only,shipment_scans_cleaned,"shipment_scans_cleaned,delay_reports_cleaned",45497
45497,2022-06-15 18:38:00+00:00,pickup,on_time,0.0,2022-06-15 19:00:00+00:00,87,region_109,109,625,1,Jilin,126.57122,43.81319,615,Cainiao-AI/LaDe:pickup/pickup_jl.csv,110144,45497:pickup,06-15 18:38:00,,,,,,,,,,,,,,left-only,shipment_scans_cleaned,"shipment_scans_cleaned,delay_reports_cleaned",45497
45710,2022-06-09 08:24:00+00:00,accept,on_time,0.0,2022-06-09 09:00:00+00:00,6007,region_110,110,20274,14,Jilin,126.59182,43.81848,609,Cainiao-AI/LaDe:pickup/pickup_jl.csv,169315,45710:accept,06-09 08:24:00,,,,,,,,,,,,,,left-only,shipment_scans_cleaned,"shipment_scans_cleaned,delay_reports_cleaned",45710
45710,2022-06-09 08:31:00+00:00,pickup,on_time,0.0,2022-06-09 11:00:00+00:00,6007,region_110,110,20274,14,Jilin,126.59182,43.81848,609,Cainiao-AI/LaDe:pickup/pickup_jl.csv,169315,45710:pickup,06-09 08:31:00,,,,,,,,,,,,,,left-only,shipment_scans_cleaned,"shipment_scans_cleaned,delay_reports_cleaned",45710
46886,2022-06-08 08:09:00+00:00,accept,on_time,0.0,2022-06-08 09:00:00+00:00,1729,region_11,11,6186,1,Jilin,127.32051,43.7115,608,Cainiao-AI/LaDe:pickup/pickup_jl.csv,15036,46886:accept,06-08 08:09:00,,,,,,,,,,,,,,left-only,shipment_scans_cleaned,"shipment_scans_cleaned,delay_reports_cleaned",46886
46886,2022-06-08 09:27:00+00:00,pickup,on_time,0.0,2022-06-08 11:00:00+00:00,1729,region_11,11,6186,1,Jilin,127.32051,43.7115,608,Cainiao-AI/LaDe:pickup/pickup_jl.csv,15036,46886:pickup,06-08 09:27:00,,,,,,,,,,,,,,left-only,shipment_scans_cleaned,"shipment_scans_cleaned,delay_reports_cleaned",46886
46913,2022-06-09 07:44:00+00:00,accept,on_time,0.0,2022-06-09 09:00:00+00:00,7530,region_132,132,1104,1,Jilin,126.0672,42.94429,609,Cainiao-AI/LaDe:pickup/pickup_jl.csv,238362,46913:accept,06-09 07:44:00,,,,,,,,,,,,,,left-only,shipment_scans_cleaned,"shipment_scans_cleaned,delay_reports_cleaned",46913
46913,2022-06-09 10:38:00+00:00,pickup,on_time,0.0,2022-06-09 11:00:00+00:00,7530,region_132,132,1104,1,Jilin,126.0672,42.94429,609,Cainiao-AI/LaDe:pickup/pickup_jl.csv,238362,46913:pickup,06-09 10:38:00,,,,,,,,,,,,,,left-only,shipment_scans_cleaned,"shipment_scans_cleaned,delay_reports_cleaned",46913
47203,2022-06-06 08:05:00+00:00,accept,on_time,0.0,2022-06-06 09:00:00+00:00,15530,region_74,74,18347,1,Jilin,126.50587,43.86637,606,Cainiao-AI/LaDe:pickup/pickup_jl.csv,46913,47203:accept,06-06 08:05:00,,,,,,,,,,,,,,left-only,shipment_scans_cleaned,"shipment_scans_cleaned,delay_reports_cleaned",47203
47203,2022-06-06 08:48:00+00:00,pickup,on_time,0.0,2022-06-06 11:00:00+00:00,15530,region_74,74,18347,1,Jilin,126.50587,43.86637,606,Cainiao-AI/LaDe:pickup/pickup_jl.csv,46913,47203:pickup,06-06 08:48:00,,,,,,,,,,,,,,left-only,shipment_scans_cleaned,"shipment_scans_cleaned,delay_reports_cleaned",47203
47205,2022-06-17 15:52:00+00:00,accept,on_time,0.0,2022-06-17 17:00:00+00:00,5591,region_91,91,21897,1,Jilin,126.51532,43.80918,617,Cainiao-AI/LaDe:pickup/pickup_jl.csv,101577,47205:accept,06-17 15:52:00,,,,,,,,,,,,,,left-only,shipment_scans_cleaned,"shipment_scans_cleaned,delay_reports_cleaned",47205
47205,2022-06-17 17:40:00+00:00,pickup,on_time,0.0,2022-06-17 19:00:00+00:00,5591,region_91,91,21897,1,Jilin,126.51532,43.80918,617,Cainiao-AI/LaDe:pickup/pickup_jl.csv,101577,47205:pickup,06-17 17:40:00,,,,,,,,,,,,,,left-only,shipment_scans_cleaned,"shipment_scans_cleaned,delay_reports_cleaned",47205
47400,2022-06-17 07:51:00+00:00,accept,on_time,0.0,2022-06-17 17:00:00+00:00,6007,region_110,110,11210,14,Jilin,126.58903,43.81712,617,Cainiao-AI/LaDe:pickup/pickup_jl.csv,161874,47400:accept,06-17 07:51:00,,,,,,,,,,,,,,left-only,shipment_scans_cleaned,"shipment_scans_cleaned,delay_reports_cleaned",47400
47400,2022-06-17 15:55:00+00:00,pickup,on_time,0.0,2022-06-17 19:00:00+00:00,6007,region_110,110,11210,14,Jilin,126.58903,43.81712,617,Cainiao-AI/LaDe:pickup/pickup_jl.csv,161874,47400:pickup,06-17 15:55:00,,,,,,,,,,,,,,left-only,shipment_scans_cleaned,"shipment_scans_cleaned,delay_reports_cleaned",47400
47496,2022-06-10 10:46:00+00:00,accept,on_time,0.0,2022-06-10 11:00:00+00:00,5190,region_74,74,14285,14,Jilin,126.52177,43.86453,610,Cainiao-AI/LaDe:pickup/pickup_jl.csv,44459,47496:accept,06-10 10:46:00,,,,,,,,,,,,,,left-only,shipment_scans_cleaned,"shipment_scans_cleaned,delay_reports_cleaned",47496
47496,2022-06-10 11:02:00+00:00,pickup,on_time,0.0,2022-06-10 13:00:00+00:00,5190,region_74,74,14285,14,Jilin,126.52177,43.86453,610,Cainiao-AI/LaDe:pickup/pickup_jl.csv,44459,47496:pickup,06-10 11:02:00,,,,,,,,,,,,,,left-only,shipment_scans_cleaned,"shipment_scans_cleaned,delay_reports_cleaned",47496
47900,2022-06-08 08:13:00+00:00,accept,on_time,0.0,2022-06-08 11:00:00+00:00,11576,region_109,109,12403,1,Jilin,126.56791,43.79573,608,Cainiao-AI/LaDe:pickup/pickup_jl.csv,132620,47900:accept,06-08 08:13:00,,,,,,,,,,,,,,left-only,shipment_scans_cleaned,"shipment_scans_cleaned,delay_reports_cleaned",47900
47900,2022-06-08 11:51:00+00:00,pickup,on_time,0.0,2022-06-08 13:00:00+00:00,11576,region_109,109,12403,1,Jilin,126.56791,43.79573,608,Cainiao-AI/LaDe:pickup/pickup_jl.csv,132620,47900:pickup,06-08 11:51:00,,,,,,,,,,,,,,left-only,shipment_scans_cleaned,"shipment_scans_cleaned,delay_reports_cleaned",47900
48130,2022-06-18 07:46:00+00:00,accept,on_time,0.0,2022-06-18 09:00:00+00:00,8009,region_110,110,15363,1,Jilin,126.58934,43.81929,618,Cainiao-AI/LaDe:pickup/pickup_jl.csv,164920,48130:accept,06-18 07:46:00,,,,,,,,,,,,,,left-only,shipment_scans_cleaned,"shipment_scans_cleaned,delay_reports_cleaned",48130
48130,2022-06-18 09:14:00+00:00,pickup,on_time,0.0,2022-06-18 11:00:00+00:00,8009,region_110,110,15363,1,Jilin,126.58934,43.81929,618,Cainiao-AI/LaDe:pickup/pickup_jl.csv,164920,48130:pickup,06-18 09:14:00,,,,,,,,,,,,,,left-only,shipment_scans_cleaned,"shipment_scans_cleaned,delay_reports_cleaned",48130
48313,2022-06-08 08:36:00+00:00,accept,on_time,0.0,2022-06-08 17:00:00+00:00,2723,region_131,131,24022,1,Jilin,126.57953,43.82739,608,Cainiao-AI/LaDe:pickup/pickup_jl.csv,235501,48313:accept,06-08 08:36:00,,,,,,,,,,,,,,left-only,shipment_scans_cleaned,"shipment_scans_cleaned,delay_reports_cleaned",48313
48313,2022-06-08 12:03:00+00:00,pickup,on_time,0.0,2022-06-08 19:00:00+00:00,2723,region_131,131,24022,1,Jilin,126.57953,43.82739,608,Cainiao-AI/LaDe:pickup/pickup_jl.csv,235501,48313:pickup,06-08 12:03:00,,,,,,,,,,,,,,left-only,shipment_scans_cleaned,"shipment_scans_cleaned,delay_reports_cleaned",48313
48343,2022-06-05 16:17:00+00:00,accept,on_time,0.0,2022-06-05 17:00:00+00:00,13203,region_29,29,47,4,Jilin,126.5114,43.67046,605,Cainiao-AI/LaDe:pickup/pickup_jl.csv,36142,48343:accept,06-05 16:17:00,,,,,,,,,,,,,,left-only,shipment_scans_cleaned,"shipment_scans_cleaned,delay_reports_cleaned",48343
48343,2022-06-05 16:49:00+00:00,pickup,on_time,0.0,2022-06-05 19:00:00+00:00,13203,region_29,29,47,4,Jilin,126.5114,43.67046,605,Cainiao-AI/LaDe:pickup/pickup_jl.csv,36142,48343:pickup,06-05 16:49:00,,,,,,,,,,,,,,left-only,shipment_scans_cleaned,"shipment_scans_cleaned,delay_reports_cleaned",48343
48671,2022-06-10 08:10:00+00:00,accept,on_time,0.0,2022-06-10 09:00:00+00:00,1729,region_11,11,2340,14,Jilin,127.32651,43.71726,610,Cainiao-AI/LaDe:pickup/pickup_jl.csv,9306,48671:accept,06-10 08:10:00,,,,,,,,,,,,,,left-only,shipment_scans_cleaned,"shipment_scans_cleaned,delay_reports_cleaned",48671
48671,2022-06-10 08:50:00+00:00,pickup,on_time,0.0,2022-06-10 11:00:00+00:00,1729,region_11,11,2340,14,Jilin,127.32651,43.71726,610,Cainiao-AI/LaDe:pickup/pickup_jl.csv,9306,48671:pickup,06-10 08:50:00,,,,,,,,,,,,,,left-only,shipment_scans_cleaned,"shipment_scans_cleaned,delay_reports_cleaned",48671
48790,2022-06-09 08:20:00+00:00,accept,on_time,0.0,2022-06-09 09:00:00+00:00,4771,region_9,9,12063,14,Jilin,126.95727,44.41445,609,Cainiao-AI/LaDe:pickup/pickup_jl.csv,3433,48790:accept,06-09 08:20:00,,,,,,,,,,,,,,left-only,shipment_scans_cleaned,"shipment_scans_cleaned,delay_reports_cleaned",48790
48790,2022-06-09 10:42:00+00:00,pickup,on_time,0.0,2022-06-09 11:00:00+00:00,4771,region_9,9,12063,14,Jilin,126.95727,44.41445,609,Cainiao-AI/LaDe:pickup/pickup_jl.csv,3433,48790:pickup,06-09 10:42:00,,,,,,,,,,,,,,left-only,shipment_scans_cleaned,"shipment_scans_cleaned,delay_reports_cleaned",48790
49006,2022-06-18 07:49:00+00:00,accept,on_time,0.0,2022-06-18 09:00:00+00:00,5190,region_74,74,14285,14,Jilin,126.52456,43.86503,618,Cainiao-AI/LaDe:pickup/pickup_jl.csv,44354,49006:accept,06-18 07:49:00,,,,,,,,,,,,,,left-only,shipment_scans_cleaned,"shipment_scans_cleaned,delay_reports_cleaned",49006
49006,2022-06-18 10:14:00+00:00,pickup,on_time,0.0,2022-06-18 11:00:00+00:00,5190,region_74,74,14285,14,Jilin,126.52456,43.86503,618,Cainiao-AI/LaDe:pickup/pickup_jl.csv,44354,49006:pickup,06-18 10:14:00,,,,,,,,,,,,,,left-only,shipment_scans_cleaned,"shipment_scans_cleaned,delay_reports_cleaned",49006
49183,2022-06-15 12:25:00+00:00,accept,on_time,0.0,2022-06-15 17:00:00+00:00,7635,region_131,131,10362,1,Jilin,126.56801,43.82097,615,Cainiao-AI/LaDe:pickup/pickup_jl.csv,227513,49183:accept,06-15 12:25:00,,,,,,,,,,,,,,left-only,shipment_scans_cleaned,"shipment_scans_cleaned,delay_reports_cleaned",49183
49183,2022-06-15 17:21:00+00:00,pickup,on_time,0.0,2022-06-15 19:00:00+00:00,7635,region_131,131,10362,1,Jilin,126.56801,43.82097,615,Cainiao-AI/LaDe:pickup/pickup_jl.csv,227513,49183:pickup,06-15 17:21:00,,,,,,,,,,,,,,left-only,shipment_scans_cleaned,"shipment_scans_cleaned,delay_reports_cleaned",49183
49206,2022-06-10 14:33:00+00:00,accept,on_time,0.0,2022-06-10 14:33:00+00:00,1729,region_11,11,13843,1,Jilin,127.32401,43.71671,610,Cainiao-AI/LaDe:pickup/pickup_jl.csv,17132,49206:accept,06-10 14:33:00,,,,,,,,,,,,,,left-only,shipment_scans_cleaned,"shipment_scans_cleaned,delay_reports_cleaned",49206
49206,2022-06-10 14:42:00+00:00,pickup,on_time,0.0,2022-06-10 16:33:00+00:00,1729,region_11,11,13843,1,Jilin,127.32401,43.71671,610,Cainiao-AI/LaDe:pickup/pickup_jl.csv,17132,49206:pickup,06-10 14:42:00,,,,,,,,,,,,,,left-only,shipment_scans_cleaned,"shipment_scans_cleaned,delay_reports_cleaned",49206
49550,2022-06-05 07:22:00+00:00,accept,on_time,0.0,2022-06-05 09:00:00+00:00,12295,region_90,90,18834,14,Jilin,126.57062,43.88666,605,Cainiao-AI/LaDe:pickup/pickup_jl.csv,92120,49550:accept,06-05 07:22:00,,,,,,,,,,,,,,left-only,shipment_scans_cleaned,"shipment_scans_cleaned,delay_reports_cleaned",49550
49550,2022-06-05 08:32:00+00:00,pickup,on_time,0.0,2022-06-05 23:59:00+00:00,12295,region_90,90,18834,14,Jilin,126.57062,43.88666,605,Cainiao-AI/LaDe:pickup/pickup_jl.csv,92120,49550:pickup,06-05 08:32:00,,,,,,,,,,,,,,left-only,shipment_scans_cleaned,"shipment_scans_cleaned,delay_reports_cleaned",49550
50101,2022-06-15 07:51:00+00:00,accept,on_time,0.0,2022-06-15 09:00:00+00:00,11694,region_90,90,18834,14,Jilin,126.56966,43.88595,615,Cainiao-AI/LaDe:pickup/pickup_jl.csv,92083,50101:accept,06-15 07:51:00,,,,,,,,,,,,,,left-only,shipment_scans_cleaned,"shipment_scans_cleaned,delay_reports_cleaned",50101
50101,2022-06-15 08:48:00+00:00,pickup,on_time,0.0,2022-06-15 11:00:00+00:00,11694,region_90,90,18834,14,Jilin,126.56966,43.88595,615,Cainiao-AI/LaDe:pickup/pickup_jl.csv,92083,50101:pickup,06-15 08:48:00,,,,,,,,,,,,,,left-only,shipment_scans_cleaned,"shipment_scans_cleaned,delay_reports_cleaned",50101
50822,2022-06-07 08:09:00+00:00,accept,on_time,0.0,2022-06-07 09:00:00+00:00,1982,region_109,109,4367,14,Jilin,126.57975,43.80731,607,Cainiao-AI/LaDe:pickup/pickup_jl.csv,117469,50822:accept,06-07 08:09:00,,,,,,,,,,,,,,left-only,shipment_scans_cleaned,"shipment_scans_cleaned,delay_reports_cleaned",50822
50822,2022-06-07 08:17:00+00:00,pickup,on_time,0.0,2022-06-07 11:00:00+00:00,1982,region_109,109,4367,14,Jilin,126.57975,43.80731,607,Cainiao-AI/LaDe:pickup/pickup_jl.csv,117469,50822:pickup,06-07 08:17:00,,,,,,,,,,,,,,left-only,shipment_scans_cleaned,"shipment_scans_cleaned,delay_reports_cleaned",50822
51235,2022-06-10 10:46:00+00:00,accept,on_time,0.0,2022-06-10 11:00:00+00:00,7530,region_132,132,1104,1,Jilin,126.07058,42.94604,610,Cainiao-AI/LaDe:pickup/pickup_jl.csv,239704,51235:accept,06-10 10:46:00,,,,,,,,,,,,,,left-only,shipment_scans_cleaned,"shipment_scans_cleaned,delay_reports_cleaned",51235
51235,2022-06-10 12:10:00+00:00,pickup,on_time,0.0,2022-06-10 13:00:00+00:00,7530,region_132,132,1104,1,Jilin,126.07058,42.94604,610,Cainiao-AI/LaDe:pickup/pickup_jl.csv,239704,51235:pickup,06-10 12:10:00,,,,,,,,,,,,,,left-only,shipment_scans_cleaned,"shipment_scans_cleaned,delay_reports_cleaned",51235
51326,2022-06-15 13:28:00+00:00,accept,on_time,0.0,2022-06-15 13:28:00+00:00,14171,region_9,9,16272,1,Jilin,126.96123,44.40165,615,Cainiao-AI/LaDe:pickup/pickup_jl.csv,7180,51326:accept,06-15 13:28:00,,,,,,,,,,,,,,left-only,shipment_scans_cleaned,"shipment_scans_cleaned,delay_reports_cleaned",51326
51326,2022-06-15 15:05:00+00:00,pickup,on_time,0.0,2022-06-15 15:28:00+00:00,14171,region_9,9,16272,1,Jilin,126.96123,44.40165,615,Cainiao-AI/LaDe:pickup/pickup_jl.csv,7180,51326:pickup,06-15 15:05:00,,,,,,,,,,,,,,left-only,shipment_scans_cleaned,"shipment_scans_cleaned,delay_reports_cleaned",51326
51471,2022-06-08 08:17:00+00:00,accept,on_time,0.0,2022-06-08 13:00:00+00:00,7635,region_131,131,7358,1,Jilin,126.57424,43.8226,608,Cainiao-AI/LaDe:pickup/pickup_jl.csv,224987,51471:accept,06-08 08:17:00,,,,,,,,,,,,,,left-only,shipment_scans_cleaned,"shipment_scans_cleaned,delay_reports_cleaned",51471
51471,2022-06-08 11:18:00+00:00,pickup,on_time,0.0,2022-06-08 15:00:00+00:00,7635,region_131,131,7358,1,Jilin,126.57424,43.8226,608,Cainiao-AI/LaDe:pickup/pickup_jl.csv,224987,51471:pickup,06-08 11:18:00,,,,,,,,,,,,,,left-only,shipment_scans_cleaned,"shipment_scans_cleaned,delay_reports_cleaned",51471
51619,2022-06-07 09:15:00+00:00,accept,on_time,0.0,2022-06-07 15:00:00+00:00,11828,region_122,122,22630,1,Jilin,126.59096,43.84173,607,Cainiao-AI/LaDe:pickup/pickup_jl.csv,202208,51619:accept,06-07 09:15:00,,,,,,,,,,,,,,left-only,shipment_scans_cleaned,"shipment_scans_cleaned,delay_reports_cleaned",51619
51619,2022-06-07 16:47:00+00:00,pickup,on_time,0.0,2022-06-07 17:00:00+00:00,11828,region_122,122,22630,1,Jilin,126.59096,43.84173,607,Cainiao-AI/LaDe:pickup/pickup_jl.csv,202208,51619:pickup,06-07 16:47:00,,,,,,,,,,,,,,left-only,shipment_scans_cleaned,"shipment_scans_cleaned,delay_reports_cleaned",51619
51641,2022-06-10 13:10:00+00:00,accept,on_time,0.0,2022-06-10 15:00:00+00:00,1700,region_110,110,21817,14,Jilin,126.58831,43.82357,610,Cainiao-AI/LaDe:pickup/pickup_jl.csv,175324,51641:accept,06-10 13:10:00,,,,,,,,,,,,,,left-only,shipment_scans_cleaned,"shipment_scans_cleaned,delay_reports_cleaned",51641
51641,2022-06-10 13:43:00+00:00,pickup,on_time,0.0,2022-06-10 17:00:00+00:00,1700,region_110,110,21817,14,Jilin,126.58831,43.82357,610,Cainiao-AI/LaDe:pickup/pickup_jl.csv,175324,51641:pickup,06-10 13:43:00,,,,,,,,,,,,,,left-only,shipment_scans_cleaned,"shipment_scans_cleaned,delay_reports_cleaned",51641
51823,2022-06-08 12:24:00+00:00,accept,on_time,0.0,2022-06-08 17:00:00+00:00,8856,region_90,90,11409,14,Jilin,126.56417,43.88209,608,Cainiao-AI/LaDe:pickup/pickup_jl.csv,79040,51823:accept,06-08 12:24:00,,,,,,,,,,,,,,left-only,shipment_scans_cleaned,"shipment_scans_cleaned,delay_reports_cleaned",51823
51823,2022-06-08 13:49:00+00:00,pickup,on_time,0.0,2022-06-08 19:00:00+00:00,8856,region_90,90,11409,14,Jilin,126.56417,43.88209,608,Cainiao-AI/LaDe:pickup/pickup_jl.csv,79040,51823:pickup,06-08 13:49:00,,,,,,,,,,,,,,left-only,shipment_scans_cleaned,"shipment_scans_cleaned,delay_reports_cleaned",51823
51851,2022-06-10 09:52:00+00:00,accept,on_time,0.0,2022-06-10 11:00:00+00:00,3906,region_13,13,19341,14,Jilin,126.52408,43.87898,610,Cainiao-AI/LaDe:pickup/pickup_jl.csv,29135,51851:accept,06-10 09:52:00,,,,,,,,,,,,,,left-only,shipment_scans_cleaned,"shipment_scans_cleaned,delay_reports_cleaned",51851
51851,2022-06-10 11:01:00+00:00,pickup,on_time,0.0,2022-06-10 13:00:00+00:00,3906,region_13,13,19341,14,Jilin,126.52408,43.87898,610,Cainiao-AI/LaDe:pickup/pickup_jl.csv,29135,51851:pickup,06-10 11:01:00,,,,,,,,,,,,,,left-only,shipment_scans_cleaned,"shipment_scans_cleaned,delay_reports_cleaned",51851
52002,2022-06-06 08:22:00+00:00,accept,on_time,0.0,2022-06-06 09:00:00+00:00,11476,region_132,132,8177,14,Jilin,126.05725,42.9409,606,Cainiao-AI/LaDe:pickup/pickup_jl.csv,246019,52002:accept,06-06 08:22:00,,,,,,,,,,,,,,left-only,shipment_scans_cleaned,"shipment_scans_cleaned,delay_reports_cleaned",52002
52002,2022-06-06 08:30:00+00:00,pickup,on_time,0.0,2022-06-06 11:00:00+00:00,11476,region_132,132,8177,14,Jilin,126.05725,42.9409,606,Cainiao-AI/LaDe:pickup/pickup_jl.csv,246019,52002:pickup,06-06 08:30:00,,,,,,,,,,,,,,left-only,shipment_scans_cleaned,"shipment_scans_cleaned,delay_reports_cleaned",52002
52046,2022-06-05 16:54:00+00:00,accept,on_time,0.0,2022-06-05 17:00:00+00:00,2723,region_131,131,24022,1,Jilin,126.5782,43.82812,605,Cainiao-AI/LaDe:pickup/pickup_jl.csv,237123,52046:accept,06-05 16:54:00,,,,,,,,,,,,,,left-only,shipment_scans_cleaned,"shipment_scans_cleaned,delay_reports_cleaned",52046
52046,2022-06-05 17:04:00+00:00,pickup,on_time,0.0,2022-06-05 19:00:00+00:00,2723,region_131,131,24022,1,Jilin,126.5782,43.82812,605,Cainiao-AI/LaDe:pickup/pickup_jl.csv,237123,52046:pickup,06-05 17:04:00,,,,,,,,,,,,,,left-only,shipment_scans_cleaned,"shipment_scans_cleaned,delay_reports_cleaned",52046
52069,2022-06-06 07:57:00+00:00,accept,on_time,0.0,2022-06-06 17:00:00+00:00,3906,region_13,13,9402,1,Jilin,126.52861,43.87168,606,Cainiao-AI/LaDe:pickup/pickup_jl.csv,23459,52069:accept,06-06 07:57:00,,,,,,,,,,,,,,left-only,shipment_scans_cleaned,"shipment_scans_cleaned,delay_reports_cleaned",52069
52069,2022-06-06 17:33:00+00:00,pickup,on_time,0.0,2022-06-06 19:00:00+00:00,3906,region_13,13,9402,1,Jilin,126.52861,43.87168,606,Cainiao-AI/LaDe:pickup/pickup_jl.csv,23459,52069:pickup,06-06 17:33:00,,,,,,,,,,,,,,left-only,shipment_scans_cleaned,"shipment_scans_cleaned,delay_reports_cleaned",52069
52109,2022-06-12 09:42:00+00:00,accept,on_time,0.0,2022-06-12 13:00:00+00:00,6550,region_74,74,13637,1,Jilin,126.52087,43.87026,612,Cainiao-AI/LaDe:pickup/pickup_jl.csv,43766,52109:accept,06-12 09:42:00,,,,,,,,,,,,,,left-only,shipment_scans_cleaned,"shipment_scans_cleaned,delay_reports_cleaned",52109
52109,2022-06-12 13:22:00+00:00,pickup,on_time,0.0,2022-06-12 15:00:00+00:00,6550,region_74,74,13637,1,Jilin,126.52087,43.87026,612,Cainiao-AI/LaDe:pickup/pickup_jl.csv,43766,52109:pickup,06-12 13:22:00,,,,,,,,,,,,,,left-only,shipment_scans_cleaned,"shipment_scans_cleaned,delay_reports_cleaned",52109
52213,2022-06-10 09:28:00+00:00,accept,on_time,0.0,2022-06-13 09:00:00+00:00,10781,region_85,85,5721,1,Jilin,126.5489,43.87052,613,Cainiao-AI/LaDe:pickup/pickup_jl.csv,58434,52213:accept,06-10 09:28:00,,,,,,,,,,,,,,left-only,shipment_scans_cleaned,"shipment_scans_cleaned,delay_reports_cleaned",52213
52213,2022-06-13 10:07:00+00:00,pickup,on_time,0.0,2022-06-13 11:00:00+00:00,10781,region_85,85,5721,1,Jilin,126.5489,43.87052,613,Cainiao-AI/LaDe:pickup/pickup_jl.csv,58434,52213:pickup,06-13 10:07:00,,,,,,,,,,,,,,left-only,shipment_scans_cleaned,"shipment_scans_cleaned,delay_reports_cleaned",52213
52699,2022-06-15 07:19:00+00:00,accept,on_time,0.0,2022-06-15 09:00:00+00:00,7530,region_132,132,12069,1,Jilin,126.06515,42.94264,615,Cainiao-AI/LaDe:pickup/pickup_jl.csv,247071,52699:accept,06-15 07:19:00,,,,,,,,,,,,,,left-only,shipment_scans_cleaned,"shipment_scans_cleaned,delay_reports_cleaned",52699
52699,2022-06-15 08:30:00+00:00,pickup,on_time,0.0,2022-06-15 11:00:00+00:00,7530,region_132,132,12069,1,Jilin,126.06515,42.94264,615,Cainiao-AI/LaDe:pickup/pickup_jl.csv,247071,52699:pickup,06-15 08:30:00,,,,,,,,,,,,,,left-only,shipment_scans_cleaned,"shipment_scans_cleaned,delay_reports_cleaned",52699
52861,2022-06-06 08:07:00+00:00,accept,on_time,0.0,2022-06-06 15:00:00+00:00,13877,region_91,91,21989,1,Jilin,126.5253,43.81538,606,Cainiao-AI/LaDe:pickup/pickup_jl.csv,105166,52861:accept,06-06 08:07:00,,,,,,,,,,,,,,left-only,shipment_scans_cleaned,"shipment_scans_cleaned,delay_reports_cleaned",52861
52861,2022-06-06 16:43:00+00:00,pickup,on_time,0.0,2022-06-06 17:00:00+00:00,13877,region_91,91,21989,1,Jilin,126.5253,43.81538,606,Cainiao-AI/LaDe:pickup/pickup_jl.csv,105166,52861:pickup,06-06 16:43:00,,,,,,,,,,,,,,left-only,shipment_scans_cleaned,"shipment_scans_cleaned,delay_reports_cleaned",52861
52904,2022-06-10 15:25:00+00:00,accept,on_time,0.0,2022-06-10 17:00:00+00:00,9635,region_128,128,6294,1,Jilin,126.58057,43.85555,610,Cainiao-AI/LaDe:pickup/pickup_jl.csv,208565,52904:accept,06-10 15:25:00,,,,,,,,,,,,,,left-only,shipment_scans_cleaned,"shipment_scans_cleaned,delay_reports_cleaned",52904
52904,2022-06-10 17:45:00+00:00,pickup,on_time,0.0,2022-06-10 19:00:00+00:00,9635,region_128,128,6294,1,Jilin,126.58057,43.85555,610,Cainiao-AI/LaDe:pickup/pickup_jl.csv,208565,52904:pickup,06-10 17:45:00,,,,,,,,,,,,,,left-only,shipment_scans_cleaned,"shipment_scans_cleaned,delay_reports_cleaned",52904
53370,2022-06-07 08:51:00+00:00,accept,on_time,0.0,2022-06-07 13:00:00+00:00,788,region_109,109,20228,1,Jilin,126.55464,43.80681,607,Cainiao-AI/LaDe:pickup/pickup_jl.csv,151272,53370:accept,06-07 08:51:00,,,,,,,,,,,,,,left-only,shipment_scans_cleaned,"shipment_scans_cleaned,delay_reports_cleaned",53370
53370,2022-06-07 11:57:00+00:00,pickup,on_time,0.0,2022-06-07 15:00:00+00:00,788,region_109,109,20228,1,Jilin,126.55464,43.80681,607,Cainiao-AI/LaDe:pickup/pickup_jl.csv,151272,53370:pickup,06-07 11:57:00,,,,,,,,,,,,,,left-only,shipment_scans_cleaned,"shipment_scans_cleaned,delay_reports_cleaned",53370
53540,2022-06-09 08:06:00+00:00,accept,on_time,0.0,2022-06-09 09:00:00+00:00,3363,region_122,122,8969,1,Jilin,126.59037,43.85276,609,Cainiao-AI/LaDe:pickup/pickup_jl.csv,192844,53540:accept,06-09 08:06:00,,,,,,,,,,,,,,left-only,shipment_scans_cleaned,"shipment_scans_cleaned,delay_reports_cleaned",53540
53540,2022-06-09 09:11:00+00:00,pickup,on_time,0.0,2022-06-09 11:00:00+00:00,3363,region_122,122,8969,1,Jilin,126.59037,43.85276,609,Cainiao-AI/LaDe:pickup/pickup_jl.csv,192844,53540:pickup,06-09 09:11:00,,,,,,,,,,,,,,left-only,shipment_scans_cleaned,"shipment_scans_cleaned,delay_reports_cleaned",53540
53815,2022-06-12 14:06:00+00:00,accept,on_time,0.0,2022-06-12 14:06:00+00:00,1090,region_109,109,18551,3,Jilin,126.56158,43.8194,612,Cainiao-AI/LaDe:pickup/pickup_jl.csv,147961,53815:accept,06-12 14:06:00,,,,,,,,,,,,,,left-only,shipment_scans_cleaned,"shipment_scans_cleaned,delay_reports_cleaned",53815
53815,2022-06-12 14:38:00+00:00,pickup,on_time,0.0,2022-06-12 16:06:00+00:00,1090,region_109,109,18551,3,Jilin,126.56158,43.8194,612,Cainiao-AI/LaDe:pickup/pickup_jl.csv,147961,53815:pickup,06-12 14:38:00,,,,,,,,,,,,,,left-only,shipment_scans_cleaned,"shipment_scans_cleaned,delay_reports_cleaned",53815
54412,2022-06-18 10:48:00+00:00,accept,on_time,0.0,2022-06-18 11:00:00+00:00,2723,region_131,131,24022,1,Jilin,126.57811,43.8281,618,Cainiao-AI/LaDe:pickup/pickup_jl.csv,236156,54412:accept,06-18 10:48:00,,,,,,,,,,,,,,left-only,shipment_scans_cleaned,"shipment_scans_cleaned,delay_reports_cleaned",54412
54412,2022-06-18 12:45:00+00:00,pickup,on_time,0.0,2022-06-18 13:00:00+00:00,2723,region_131,131,24022,1,Jilin,126.57811,43.8281,618,Cainiao-AI/LaDe:pickup/pickup_jl.csv,236156,54412:pickup,06-18 12:45:00,,,,,,,,,,,,,,left-only,shipment_scans_cleaned,"shipment_scans_cleaned,delay_reports_cleaned",54412
54836,2022-06-05 07:35:00+00:00,accept,on_time,0.0,2022-06-05 09:00:00+00:00,4842,region_128,128,17643,14,Jilin,126.5787,43.8449,605,Cainiao-AI/LaDe:pickup/pickup_jl.csv,217449,54836:accept,06-05 07:35:00,,,,,,,,,,,,,,left-only,shipment_scans_cleaned,"shipment_scans_cleaned,delay_reports_cleaned",54836
54836,2022-06-05 09:06:00+00:00,pickup,on_time,0.0,2022-06-05 11:00:00+00:00,4842,region_128,128,17643,14,Jilin,126.5787,43.8449,605,Cainiao-AI/LaDe:pickup/pickup_jl.csv,217449,54836:pickup,06-05 09:06:00,,,,,,,,,,,,,,left-only,shipment_scans_cleaned,"shipment_scans_cleaned,delay_reports_cleaned",54836
55135,2022-06-06 07:53:00+00:00,accept,on_time,0.0,2022-06-06 09:00:00+00:00,15530,region_74,74,3585,14,Jilin,126.5132,43.8726,606,Cainiao-AI/LaDe:pickup/pickup_jl.csv,40457,55135:accept,06-06 07:53:00,,,,,,,,,,,,,,left-only,shipment_scans_cleaned,"shipment_scans_cleaned,delay_reports_cleaned",55135
55135,2022-06-06 10:04:00+00:00,pickup,on_time,0.0,2022-06-06 11:00:00+00:00,15530,region_74,74,3585,14,Jilin,126.5132,43.8726,606,Cainiao-AI/LaDe:pickup/pickup_jl.csv,40457,55135:pickup,06-06 10:04:00,,,,,,,,,,,,,,left-only,shipment_scans_cleaned,"shipment_scans_cleaned,delay_reports_cleaned",55135
55438,2022-06-14 07:48:00+00:00,accept,on_time,0.0,2022-06-14 09:00:00+00:00,15530,region_74,74,18347,1,Jilin,126.50594,43.86631,614,Cainiao-AI/LaDe:pickup/pickup_jl.csv,46954,55438:accept,06-14 07:48:00,,,,,,,,,,,,,,left-only,shipment_scans_cleaned,"shipment_scans_cleaned,delay_reports_cleaned",55438
55438,2022-06-14 07:55:00+00:00,pickup,on_time,0.0,2022-06-14 11:00:00+00:00,15530,region_74,74,18347,1,Jilin,126.50594,43.86631,614,Cainiao-AI/LaDe:pickup/pickup_jl.csv,46954,55438:pickup,06-14 07:55:00,,,,,,,,,,,,,,left-only,shipment_scans_cleaned,"shipment_scans_cleaned,delay_reports_cleaned",55438
55757,2022-06-09 16:03:00+00:00,accept,on_time,0.0,2022-06-09 17:00:00+00:00,10902,region_128,128,20524,1,Jilin,126.57564,43.8461,609,Cainiao-AI/LaDe:pickup/pickup_jl.csv,218121,55757:accept,06-09 16:03:00,,,,,,,,,,,,,,left-only,shipment_scans_cleaned,"shipment_scans_cleaned,delay_reports_cleaned",55757
55757,2022-06-09 16:29:00+00:00,pickup,on_time,0.0,2022-06-09 19:00:00+00:00,10902,region_128,128,20524,1,Jilin,126.57564,43.8461,609,Cainiao-AI/LaDe:pickup/pickup_jl.csv,218121,55757:pickup,06-09 16:29:00,,,,,,,,,,,,,,left-only,shipment_scans_cleaned,"shipment_scans_cleaned,delay_reports_cleaned",55757
55920,2022-06-17 07:38:00+00:00,accept,on_time,0.0,2022-06-17 09:00:00+00:00,4281,region_114,114,4072,1,Jilin,126.73386,42.97745,617,Cainiao-AI/LaDe:pickup/pickup_jl.csv,180474,55920:accept,06-17 07:38:00,,,,,,,,,,,,,,left-only,shipment_scans_cleaned,"shipment_scans_cleaned,delay_reports_cleaned",55920
55920,2022-06-17 08:01:00+00:00,pickup,on_time,0.0,2022-06-17 11:00:00+00:00,4281,region_114,114,4072,1,Jilin,126.73386,42.97745,617,Cainiao-AI/LaDe:pickup/pickup_jl.csv,180474,55920:pickup,06-17 08:01:00,,,,,,,,,,,,,,left-only,shipment_scans_cleaned,"shipment_scans_cleaned,delay_reports_cleaned",55920
55944,2022-06-12 08:35:00+00:00,accept,on_time,0.0,2022-06-12 13:00:00+00:00,5969,region_91,91,19095,14,Jilin,126.52388,43.82398,612,Cainiao-AI/LaDe:pickup/pickup_jl.csv,99418,55944:accept,06-12 08:35:00,,,,,,,,,,,,,,left-only,shipment_scans_cleaned,"shipment_scans_cleaned,delay_reports_cleaned",55944
55944,2022-06-12 14:20:00+00:00,pickup,on_time,0.0,2022-06-12 15:00:00+00:00,5969,region_91,91,19095,14,Jilin,126.52388,43.82398,612,Cainiao-AI/LaDe:pickup/pickup_jl.csv,99418,55944:pickup,06-12 14:20:00,,,,,,,,,,,,,,left-only,shipment_scans_cleaned,"shipment_scans_cleaned,delay_reports_cleaned",55944
56235,2022-06-12 07:35:00+00:00,accept,on_time,0.0,2022-06-12 09:00:00+00:00,1090,region_109,109,21020,14,Jilin,126.55735,43.81113,612,Cainiao-AI/LaDe:pickup/pickup_jl.csv,153287,56235:accept,06-12 07:35:00,,,,,,,,,,,,,,left-only,shipment_scans_cleaned,"shipment_scans_cleaned,delay_reports_cleaned",56235
56235,2022-06-12 10:28:00+00:00,pickup,on_time,0.0,2022-06-12 11:00:00+00:00,1090,region_109,109,21020,14,Jilin,126.55735,43.81113,612,Cainiao-AI/LaDe:pickup/pickup_jl.csv,153287,56235:pickup,06-12 10:28:00,,,,,,,,,,,,,,left-only,shipment_scans_cleaned,"shipment_scans_cleaned,delay_reports_cleaned",56235
56727,2022-06-08 11:21:00+00:00,accept,on_time,0.0,2022-06-08 13:00:00+00:00,10902,region_128,128,7168,7,Jilin,126.5781,43.84709,608,Cainiao-AI/LaDe:pickup/pickup_jl.csv,211555,56727:accept,06-08 11:21:00,,,,,,,,,,,,,,left-only,shipment_scans_cleaned,"shipment_scans_cleaned,delay_reports_cleaned",56727
56727,2022-06-08 12:37:00+00:00,pickup,on_time,0.0,2022-06-08 15:00:00+00:00,10902,region_128,128,7168,7,Jilin,126.5781,43.84709,608,Cainiao-AI/LaDe:pickup/pickup_jl.csv,211555,56727:pickup,06-08 12:37:00,,,,,,,,,,,,,,left-only,shipment_scans_cleaned,"shipment_scans_cleaned,delay_reports_cleaned",56727
56914,2022-06-07 07:40:00+00:00,accept,on_time,0.0,2022-06-07 09:00:00+00:00,1729,region_11,11,13843,1,Jilin,127.32665,43.7159,607,Cainiao-AI/LaDe:pickup/pickup_jl.csv,17008,56914:accept,06-07 07:40:00,,,,,,,,,,,,,,left-only,shipment_scans_cleaned,"shipment_scans_cleaned,delay_reports_cleaned",56914
56914,2022-06-07 08:48:00+00:00,pickup,on_time,0.0,2022-06-07 11:00:00+00:00,1729,region_11,11,13843,1,Jilin,127.32665,43.7159,607,Cainiao-AI/LaDe:pickup/pickup_jl.csv,17008,56914:pickup,06-07 08:48:00,,,,,,,,,,,,,,left-only,shipment_scans_cleaned,"shipment_scans_cleaned,delay_reports_cleaned",56914
57083,2022-06-07 07:35:00+00:00,accept,on_time,0.0,2022-06-07 09:00:00+00:00,3906,region_13,13,19341,14,Jilin,126.52466,43.87883,607,Cainiao-AI/LaDe:pickup/pickup_jl.csv,28895,57083:accept,06-07 07:35:00,,,,,,,,,,,,,,left-only,shipment_scans_cleaned,"shipment_scans_cleaned,delay_reports_cleaned",57083
57083,2022-06-07 13:16:00+00:00,pickup,on_time,0.0,2022-06-07 23:59:00+00:00,3906,region_13,13,19341,14,Jilin,126.52466,43.87883,607,Cainiao-AI/LaDe:pickup/pickup_jl.csv,28895,57083:pickup,06-07 13:16:00,,,,,,,,,,,,,,left-only,shipment_scans_cleaned,"shipment_scans_cleaned,delay_reports_cleaned",57083
57235,2022-06-18 07:36:00+00:00,accept,on_time,0.0,2022-06-18 09:00:00+00:00,10902,region_128,128,4210,1,Jilin,126.58342,43.84915,618,Cainiao-AI/LaDe:pickup/pickup_jl.csv,204884,57235:accept,06-18 07:36:00,,,,,,,,,,,,,,left-only,shipment_scans_cleaned,"shipment_scans_cleaned,delay_reports_cleaned",57235
57235,2022-06-18 08:23:00+00:00,pickup,on_time,0.0,2022-06-18 11:00:00+00:00,10902,region_128,128,4210,1,Jilin,126.58342,43.84915,618,Cainiao-AI/LaDe:pickup/pickup_jl.csv,204884,57235:pickup,06-18 08:23:00,,,,,,,,,,,,,,left-only,shipment_scans_cleaned,"shipment_scans_cleaned,delay_reports_cleaned",57235
57455,2022-06-08 07:50:00+00:00,accept,on_time,0.0,2022-06-08 17:00:00+00:00,10140,region_109,109,10308,14,Jilin,126.57595,43.80285,608,Cainiao-AI/LaDe:pickup/pickup_jl.csv,128595,57455:accept,06-08 07:50:00,,,,,,,,,,,,,,left-only,shipment_scans_cleaned,"shipment_scans_cleaned,delay_reports_cleaned",57455
57455,2022-06-08 16:01:00+00:00,pickup,on_time,0.0,2022-06-08 19:00:00+00:00,10140,region_109,109,10308,14,Jilin,126.57595,43.80285,608,Cainiao-AI/LaDe:pickup/pickup_jl.csv,128595,57455:pickup,06-08 16:01:00,,,,,,,,,,,,,,left-only,shipment_scans_cleaned,"shipment_scans_cleaned,delay_reports_cleaned",57455
57472,2022-06-05 15:37:00+00:00,accept,on_time,0.0,2022-06-05 17:00:00+00:00,10101,region_90,90,16154,1,Jilin,126.57657,43.8845,605,Cainiao-AI/LaDe:pickup/pickup_jl.csv,87604,57472:accept,06-05 15:37:00,,,,,,,,,,,,,,left-only,shipment_scans_cleaned,"shipment_scans_cleaned,delay_reports_cleaned",57472
57472,2022-06-05 18:16:00+00:00,pickup,on_time,0.0,2022-06-05 19:00:00+00:00,10101,region_90,90,16154,1,Jilin,126.57657,43.8845,605,Cainiao-AI/LaDe:pickup/pickup_jl.csv,87604,57472:pickup,06-05 18:16:00,,,,,,,,,,,,,,left-only,shipment_scans_cleaned,"shipment_scans_cleaned,delay_reports_cleaned",57472
57511,2022-06-07 12:29:00+00:00,accept,on_time,0.0,2022-06-07 13:00:00+00:00,5591,region_91,91,21897,1,Jilin,126.51584,43.80782,607,Cainiao-AI/LaDe:pickup/pickup_jl.csv,101826,57511:accept,06-07 12:29:00,,,,,,,,,,,,,,left-only,shipment_scans_cleaned,"shipment_scans_cleaned,delay_reports_cleaned",57511
57511,2022-06-07 13:31:00+00:00,pickup,on_time,0.0,2022-06-07 15:00:00+00:00,5591,region_91,91,21897,1,Jilin,126.51584,43.80782,607,Cainiao-AI/LaDe:pickup/pickup_jl.csv,101826,57511:pickup,06-07 13:31:00,,,,,,,,,,,,,,left-only,shipment_scans_cleaned,"shipment_scans_cleaned,delay_reports_cleaned",57511
57681,2022-06-15 17:17:00+00:00,accept,delayed,2.0,2022-06-15 17:15:00+00:00,15909,region_90,90,13881,14,Jilin,126.56062,43.88359,615,Cainiao-AI/LaDe:pickup/pickup_jl.csv,84089,57681:accept,06-15 17:17:00,DL-57681,accept,0.0,2.0,2022-06-15 19:01:00+00:00,15909.0,region_90,90.0,Jilin,615.0,Cainiao-AI/LaDe:pickup/pickup_jl.csv,84089.0,06-15 19:01:00,both,shipment_scans_cleaned,"shipment_scans_cleaned,delay_reports_cleaned",57681
57681,2022-06-15 19:01:00+00:00,pickup,on_time,0.0,2022-06-15 19:15:00+00:00,15909,region_90,90,13881,14,Jilin,126.56062,43.88359,615,Cainiao-AI/LaDe:pickup/pickup_jl.csv,84089,57681:pickup,06-15 19:01:00,DL-57681,accept,0.0,2.0,2022-06-15 19:01:00+00:00,15909.0,region_90,90.0,Jilin,615.0,Cainiao-AI/LaDe:pickup/pickup_jl.csv,84089.0,06-15 19:01:00,both,shipment_scans_cleaned,"shipment_scans_cleaned,delay_reports_cleaned",57681
57934,2022-06-15 07:57:00+00:00,accept,on_time,0.0,2022-06-15 09:00:00+00:00,13838,region_128,128,10427,1,Jilin,126.5864,43.86014,615,Cainiao-AI/LaDe:pickup/pickup_jl.csv,212304,57934:accept,06-15 07:57:00,,,,,,,,,,,,,,left-only,shipment_scans_cleaned,"shipment_scans_cleaned,delay_reports_cleaned",57934
57934,2022-06-15 10:12:00+00:00,pickup,on_time,0.0,2022-06-15 11:00:00+00:00,13838,region_128,128,10427,1,Jilin,126.5864,43.86014,615,Cainiao-AI/LaDe:pickup/pickup_jl.csv,212304,57934:pickup,06-15 10:12:00,,,,,,,,,,,,,,left-only,shipment_scans_cleaned,"shipment_scans_cleaned,delay_reports_cleaned",57934
57998,2022-06-07 08:14:00+00:00,accept,on_time,0.0,2022-06-07 09:00:00+00:00,8233,region_13,13,5721,1,Jilin,126.54631,43.87041,607,Cainiao-AI/LaDe:pickup/pickup_jl.csv,22646,57998:accept,06-07 08:14:00,,,,,,,,,,,,,,left-only,shipment_scans_cleaned,"shipment_scans_cleaned,delay_reports_cleaned",57998
57998,2022-06-07 10:05:00+00:00,pickup,on_time,0.0,2022-06-07 11:00:00+00:00,8233,region_13,13,5721,1,Jilin,126.54631,43.87041,607,Cainiao-AI/LaDe:pickup/pickup_jl.csv,22646,57998:pickup,06-07 10:05:00,,,,,,,,,,,,,,left-only,shipment_scans_cleaned,"shipment_scans_cleaned,delay_reports_cleaned",57998
59611,2022-06-10 13:42:00+00:00,accept,on_time,0.0,2022-06-10 15:00:00+00:00,5969,region_91,91,7650,14,Jilin,126.5171,43.81995,610,Cainiao-AI/LaDe:pickup/pickup_jl.csv,96129,59611:accept,06-10 13:42:00,,,,,,,,,,,,,,left-only,shipment_scans_cleaned,"shipment_scans_cleaned,delay_reports_cleaned",59611
59611,2022-06-10 13:55:00+00:00,pickup,on_time,0.0,2022-06-10 17:00:00+00:00,5969,region_91,91,7650,14,Jilin,126.5171,43.81995,610,Cainiao-AI/LaDe:pickup/pickup_jl.csv,96129,59611:pickup,06-10 13:55:00,,,,,,,,,,,,,,left-only,shipment_scans_cleaned,"shipment_scans_cleaned,delay_reports_cleaned",59611
59927,2022-06-13 07:36:00+00:00,accept,on_time,0.0,2022-06-13 11:00:00+00:00,8233,region_13,13,20027,1,Jilin,126.54283,43.86567,613,Cainiao-AI/LaDe:pickup/pickup_jl.csv,32024,59927:accept,06-13 07:36:00,,,,,,,,,,,,,,left-only,shipment_scans_cleaned,"shipment_scans_cleaned,delay_reports_cleaned",59927
59927,2022-06-13 11:53:00+00:00,pickup,on_time,0.0,2022-06-13 13:00:00+00:00,8233,region_13,13,20027,1,Jilin,126.54283,43.86567,613,Cainiao-AI/LaDe:pickup/pickup_jl.csv,32024,59927:pickup,06-13 11:53:00,,,,,,,,,,,,,,left-only,shipment_scans_cleaned,"shipment_scans_cleaned,delay_reports_cleaned",59927
60014,2022-06-10 16:50:00+00:00,accept,on_time,0.0,2022-06-10 17:00:00+00:00,11476,region_132,132,4048,14,Jilin,126.05977,42.94116,610,Cainiao-AI/LaDe:pickup/pickup_jl.csv,242816,60014:accept,06-10 16:50:00,,,,,,,,,,,,,,left-only,shipment_scans_cleaned,"shipment_scans_cleaned,delay_reports_cleaned",60014
60014,2022-06-10 16:56:00+00:00,pickup,on_time,0.0,2022-06-10 19:00:00+00:00,11476,region_132,132,4048,14,Jilin,126.05977,42.94116,610,Cainiao-AI/LaDe:pickup/pickup_jl.csv,242816,60014:pickup,06-10 16:56:00,,,,,,,,,,,,,,left-only,shipment_scans_cleaned,"shipment_scans_cleaned,delay_reports_cleaned",60014
60264,2022-06-18 16:16:00+00:00,accept,on_time,0.0,2022-06-18 16:16:00+00:00,8327,region_109,109,10497,14,Jilin,126.54885,43.82508,618,Cainiao-AI/LaDe:pickup/pickup_jl.csv,129304,60264:accept,06-18 16:16:00,,,,,,,,,,,,,,left-only,shipment_scans_cleaned,"shipment_scans_cleaned,delay_reports_cleaned",60264
60264,2022-06-18 17:03:00+00:00,pickup,on_time,0.0,2022-06-18 18:16:00+00:00,8327,region_109,109,10497,14,Jilin,126.54885,43.82508,618,Cainiao-AI/LaDe:pickup/pickup_jl.csv,129304,60264:pickup,06-18 17:03:00,,,,,,,,,,,,,,left-only,shipment_scans_cleaned,"shipment_scans_cleaned,delay_reports_cleaned",60264
60600,2022-06-11 08:22:00+00:00,accept,on_time,0.0,2022-06-11 09:00:00+00:00,5969,region_91,91,23628,14,Jilin,126.5167,43.82412,611,Cainiao-AI/LaDe:pickup/pickup_jl.csv,107341,60600:accept,06-11 08:22:00,,,,,,,,,,,,,,left-only,shipment_scans_cleaned,"shipment_scans_cleaned,delay_reports_cleaned",60600
60600,2022-06-11 15:07:00+00:00,pickup,on_time,0.0,2022-06-11 23:59:00+00:00,5969,region_91,91,23628,14,Jilin,126.5167,43.82412,611,Cainiao-AI/LaDe:pickup/pickup_jl.csv,107341,60600:pickup,06-11 15:07:00,,,,,,,,,,,,,,left-only,shipment_scans_cleaned,"shipment_scans_cleaned,delay_reports_cleaned",60600
60661,2022-06-11 16:30:00+00:00,accept,on_time,0.0,2022-06-11 17:00:00+00:00,8233,region_13,13,21474,1,Jilin,126.54188,43.86817,611,Cainiao-AI/LaDe:pickup/pickup_jl.csv,34117,60661:accept,06-11 16:30:00,,,,,,,,,,,,,,left-only,shipment_scans_cleaned,"shipment_scans_cleaned,delay_reports_cleaned",60661
60661,2022-06-11 16:53:00+00:00,pickup,on_time,0.0,2022-06-11 19:00:00+00:00,8233,region_13,13,21474,1,Jilin,126.54188,43.86817,611,Cainiao-AI/LaDe:pickup/pickup_jl.csv,34117,60661:pickup,06-11 16:53:00,,,,,,,,,,,,,,left-only,shipment_scans_cleaned,"shipment_scans_cleaned,delay_reports_cleaned",60661
60742,2022-06-15 08:52:00+00:00,accept,on_time,0.0,2022-06-15 09:00:00+00:00,10902,region_128,128,12781,14,Jilin,126.58278,43.84745,615,Cainiao-AI/LaDe:pickup/pickup_jl.csv,212805,60742:accept,06-15 08:52:00,,,,,,,,,,,,,,left-only,shipment_scans_cleaned,"shipment_scans_cleaned,delay_reports_cleaned",60742
60742,2022-06-15 08:54:00+00:00,pickup,on_time,0.0,2022-06-15 11:00:00+00:00,10902,region_128,128,12781,14,Jilin,126.58278,43.84745,615,Cainiao-AI/LaDe:pickup/pickup_jl.csv,212805,60742:pickup,06-15 08:54:00,,,,,,,,,,,,,,left-only,shipment_scans_cleaned,"shipment_scans_cleaned,delay_reports_cleaned",60742
60758,2022-06-10 15:23:00+00:00,accept,on_time,0.0,2022-06-10 17:00:00+00:00,3363,region_122,122,6460,1,Jilin,126.59026,43.8486,610,Cainiao-AI/LaDe:pickup/pickup_jl.csv,191096,60758:accept,06-10 15:23:00,,,,,,,,,,,,,,left-only,shipment_scans_cleaned,"shipment_scans_cleaned,delay_reports_cleaned",60758
60758,2022-06-10 16:44:00+00:00,pickup,on_time,0.0,2022-06-10 19:00:00+00:00,3363,region_122,122,6460,1,Jilin,126.59026,43.8486,610,Cainiao-AI/LaDe:pickup/pickup_jl.csv,191096,60758:pickup,06-10 16:44:00,,,,,,,,,,,,,,left-only,shipment_scans_cleaned,"shipment_scans_cleaned,delay_reports_cleaned",60758
60954,2022-06-16 14:43:00+00:00,accept,on_time,0.0,2022-06-16 15:00:00+00:00,4842,region_128,128,6775,1,Jilin,126.5812,43.84346,616,Cainiao-AI/LaDe:pickup/pickup_jl.csv,210956,60954:accept,06-16 14:43:00,,,,,,,,,,,,,,left-only,shipment_scans_cleaned,"shipment_scans_cleaned,delay_reports_cleaned",60954
60954,2022-06-16 16:51:00+00:00,pickup,on_time,0.0,2022-06-16 17:00:00+00:00,4842,region_128,128,6775,1,Jilin,126.5812,43.84346,616,Cainiao-AI/LaDe:pickup/pickup_jl.csv,210956,60954:pickup,06-16 16:51:00,,,,,,,,,,,,,,left-only,shipment_scans_cleaned,"shipment_scans_cleaned,delay_reports_cleaned",60954
61028,2022-06-15 09:15:00+00:00,accept,on_time,0.0,2022-06-15 11:00:00+00:00,4251,region_132,132,20222,14,Jilin,126.06164,42.94765,615,Cainiao-AI/LaDe:pickup/pickup_jl.csv,257868,61028:accept,06-15 09:15:00,,,,,,,,,,,,,,left-only,shipment_scans_cleaned,"shipment_scans_cleaned,delay_reports_cleaned",61028
61028,2022-06-15 11:14:00+00:00,pickup,on_time,0.0,2022-06-15 13:00:00+00:00,4251,region_132,132,20222,14,Jilin,126.06164,42.94765,615,Cainiao-AI/LaDe:pickup/pickup_jl.csv,257868,61028:pickup,06-15 11:14:00,,,,,,,,,,,,,,left-only,shipment_scans_cleaned,"shipment_scans_cleaned,delay_reports_cleaned",61028
61249,2022-06-17 08:27:00+00:00,accept,on_time,0.0,2022-06-17 09:00:00+00:00,2656,region_85,85,17224,1,Jilin,126.57671,43.87497,617,Cainiao-AI/LaDe:pickup/pickup_jl.csv,67083,61249:accept,06-17 08:27:00,,,,,,,,,,,,,,left-only,shipment_scans_cleaned,"shipment_scans_cleaned,delay_reports_cleaned",61249
61249,2022-06-17 09:47:00+00:00,pickup,on_time,0.0,2022-06-17 11:00:00+00:00,2656,region_85,85,17224,1,Jilin,126.57671,43.87497,617,Cainiao-AI/LaDe:pickup/pickup_jl.csv,67083,61249:pickup,06-17 09:47:00,,,,,,,,,,,,,,left-only,shipment_scans_cleaned,"shipment_scans_cleaned,delay_reports_cleaned",61249
61429,2022-06-11 07:28:00+00:00,accept,on_time,0.0,2022-06-11 09:00:00+00:00,1982,region_109,109,20231,14,Jilin,126.58864,43.80137,611,Cainiao-AI/LaDe:pickup/pickup_jl.csv,152007,61429:accept,06-11 07:28:00,,,,,,,,,,,,,,left-only,shipment_scans_cleaned,"shipment_scans_cleaned,delay_reports_cleaned",61429
61429,2022-06-11 08:42:00+00:00,pickup,on_time,0.0,2022-06-11 11:00:00+00:00,1982,region_109,109,20231,14,Jilin,126.58864,43.80137,611,Cainiao-AI/LaDe:pickup/pickup_jl.csv,152007,61429:pickup,06-11 08:42:00,,,,,,,,,,,,,,left-only,shipment_scans_cleaned,"shipment_scans_cleaned,delay_reports_cleaned",61429
61436,2022-06-18 11:32:00+00:00,accept,on_time,0.0,2022-06-18 11:32:00+00:00,1700,region_110,110,21817,14,Jilin,126.59173,43.82513,618,Cainiao-AI/LaDe:pickup/pickup_jl.csv,175210,61436:accept,06-18 11:32:00,,,,,,,,,,,,,,left-only,shipment_scans_cleaned,"shipment_scans_cleaned,delay_reports_cleaned",61436
61436,2022-06-18 11:43:00+00:00,pickup,on_time,0.0,2022-06-18 13:32:00+00:00,1700,region_110,110,21817,14,Jilin,126.59173,43.82513,618,Cainiao-AI/LaDe:pickup/pickup_jl.csv,175210,61436:pickup,06-18 11:43:00,,,,,,,,,,,,,,left-only,shipment_scans_cleaned,"shipment_scans_cleaned,delay_reports_cleaned",61436
61662,2022-06-09 09:23:00+00:00,accept,on_time,0.0,2022-06-09 11:00:00+00:00,13203,region_29,29,20483,14,Jilin,126.51728,43.67602,609,Cainiao-AI/LaDe:pickup/pickup_jl.csv,39795,61662:accept,06-09 09:23:00,,,,,,,,,,,,,,left-only,shipment_scans_cleaned,"shipment_scans_cleaned,delay_reports_cleaned",61662
61662,2022-06-09 11:49:00+00:00,pickup,on_time,0.0,2022-06-09 13:00:00+00:00,13203,region_29,29,20483,14,Jilin,126.51728,43.67602,609,Cainiao-AI/LaDe:pickup/pickup_jl.csv,39795,61662:pickup,06-09 11:49:00,,,,,,,,,,,,,,left-only,shipment_scans_cleaned,"shipment_scans_cleaned,delay_reports_cleaned",61662
62198,2022-06-18 16:50:00+00:00,accept,on_time,0.0,2022-06-18 16:50:00+00:00,13203,region_29,29,14054,14,Jilin,126.51931,43.6748,618,Cainiao-AI/LaDe:pickup/pickup_jl.csv,37993,62198:accept,06-18 16:50:00,,,,,,,,,,,,,,left-only,shipment_scans_cleaned,"shipment_scans_cleaned,delay_reports_cleaned",62198
62198,2022-06-18 17:14:00+00:00,pickup,on_time,0.0,2022-06-18 18:50:00+00:00,13203,region_29,29,14054,14,Jilin,126.51931,43.6748,618,Cainiao-AI/LaDe:pickup/pickup_jl.csv,37993,62198:pickup,06-18 17:14:00,,,,,,,,,,,,,,left-only,shipment_scans_cleaned,"shipment_scans_cleaned,delay_reports_cleaned",62198
62603,2022-06-14 19:48:00+00:00,accept,on_time,0.0,2022-06-14 19:48:00+00:00,3240,region_85,85,12273,1,Jilin,126.55712,43.87479,615,Cainiao-AI/LaDe:pickup/pickup_jl.csv,61184,62603:accept,06-14 19:48:00,,,,,,,,,,,,,,left-only,shipment_scans_cleaned,"shipment_scans_cleaned,delay_reports_cleaned",62603
62603,2022-06-15 11:35:00+00:00,pickup,on_time,0.0,2022-06-15 23:59:00+00:00,3240,region_85,85,12273,1,Jilin,126.55712,43.87479,615,Cainiao-AI/LaDe:pickup/pickup_jl.csv,61184,62603:pickup,06-15 11:35:00,,,,,,,,,,,,,,left-only,shipment_scans_cleaned,"shipment_scans_cleaned,delay_reports_cleaned",62603
62765,2022-06-15 07:59:00+00:00,accept,on_time,0.0,2022-06-15 15:00:00+00:00,13838,region_128,128,5580,1,Jilin,126.5868,43.86304,615,Cainiao-AI/LaDe:pickup/pickup_jl.csv,207127,62765:accept,06-15 07:59:00,,,,,,,,,,,,,,left-only,shipment_scans_cleaned,"shipment_scans_cleaned,delay_reports_cleaned",62765
62765,2022-06-15 15:58:00+00:00,pickup,on_time,0.0,2022-06-15 17:00:00+00:00,13838,region_128,128,5580,1,Jilin,126.5868,43.86304,615,Cainiao-AI/LaDe:pickup/pickup_jl.csv,207127,62765:pickup,06-15 15:58:00,,,,,,,,,,,,,,left-only,shipment_scans_cleaned,"shipment_scans_cleaned,delay_reports_cleaned",62765
62809,2022-06-14 12:48:00+00:00,accept,on_time,0.0,2022-06-14 12:48:00+00:00,1729,region_11,11,13843,1,Jilin,127.32569,43.71618,614,Cainiao-AI/LaDe:pickup/pickup_jl.csv,17286,62809:accept,06-14 12:48:00,,,,,,,,,,,,,,left-only,shipment_scans_cleaned,"shipment_scans_cleaned,delay_reports_cleaned",62809
62809,2022-06-14 12:58:00+00:00,pickup,on_time,0.0,2022-06-14 14:48:00+00:00,1729,region_11,11,13843,1,Jilin,127.32569,43.71618,614,Cainiao-AI/LaDe:pickup/pickup_jl.csv,17286,62809:pickup,06-14 12:58:00,,,,,,,,,,,,,,left-only,shipment_scans_cleaned,"shipment_scans_cleaned,delay_reports_cleaned",62809
62922,2022-06-08 14:26:00+00:00,accept,on_time,0.0,2022-06-08 15:00:00+00:00,12115,region_11,11,21008,14,Jilin,127.34296,43.72516,608,Cainiao-AI/LaDe:pickup/pickup_jl.csv,20184,62922:accept,06-08 14:26:00,,,,,,,,,,,,,,left-only,shipment_scans_cleaned,"shipment_scans_cleaned,delay_reports_cleaned",62922
62922,2022-06-08 16:33:00+00:00,pickup,on_time,0.0,2022-06-08 17:00:00+00:00,12115,region_11,11,21008,14,Jilin,127.34296,43.72516,608,Cainiao-AI/LaDe:pickup/pickup_jl.csv,20184,62922:pickup,06-08 16:33:00,,,,,,,,,,,,,,left-only,shipment_scans_cleaned,"shipment_scans_cleaned,delay_reports_cleaned",62922
63001,2022-06-08 08:35:00+00:00,accept,on_time,0.0,2022-06-08 13:00:00+00:00,1090,region_109,109,19409,14,Jilin,126.55594,43.81982,608,Cainiao-AI/LaDe:pickup/pickup_jl.csv,149491,63001:accept,06-08 08:35:00,,,,,,,,,,,,,,left-only,shipment_scans_cleaned,"shipment_scans_cleaned,delay_reports_cleaned",63001
63001,2022-06-08 14:31:00+00:00,pickup,on_time,0.0,2022-06-08 15:00:00+00:00,1090,region_109,109,19409,14,Jilin,126.55594,43.81982,608,Cainiao-AI/LaDe:pickup/pickup_jl.csv,149491,63001:pickup,06-08 14:31:00,,,,,,,,,,,,,,left-only,shipment_scans_cleaned,"shipment_scans_cleaned,delay_reports_cleaned",63001
63104,2022-06-15 08:38:00+00:00,accept,on_time,0.0,2022-06-15 09:00:00+00:00,1090,region_109,109,10290,14,Jilin,126.55374,43.81274,615,Cainiao-AI/LaDe:pickup/pickup_jl.csv,128273,63104:accept,06-15 08:38:00,,,,,,,,,,,,,,left-only,shipment_scans_cleaned,"shipment_scans_cleaned,delay_reports_cleaned",63104
63104,2022-06-15 14:08:00+00:00,pickup,on_time,0.0,2022-06-15 23:59:00+00:00,1090,region_109,109,10290,14,Jilin,126.55374,43.81274,615,Cainiao-AI/LaDe:pickup/pickup_jl.csv,128273,63104:pickup,06-15 14:08:00,,,,,,,,,,,,,,left-only,shipment_scans_cleaned,"shipment_scans_cleaned,delay_reports_cleaned",63104
63331,2022-06-07 14:54:00+00:00,accept,on_time,0.0,2022-06-08 17:00:00+00:00,8327,region_109,109,15099,14,Jilin,126.55217,43.82081,607,Cainiao-AI/LaDe:pickup/pickup_jl.csv,139812,63331:accept,06-07 14:54:00,,,,,,,,,,,,,,left-only,shipment_scans_cleaned,"shipment_scans_cleaned,delay_reports_cleaned",63331
63331,2022-06-07 19:10:00+00:00,pickup,on_time,0.0,2022-06-08 19:00:00+00:00,8327,region_109,109,15099,14,Jilin,126.55217,43.82081,607,Cainiao-AI/LaDe:pickup/pickup_jl.csv,139812,63331:pickup,06-07 19:10:00,,,,,,,,,,,,,,left-only,shipment_scans_cleaned,"shipment_scans_cleaned,delay_reports_cleaned",63331
63762,2022-06-05 07:59:00+00:00,accept,on_time,0.0,2022-06-05 09:00:00+00:00,15530,region_74,74,1362,14,Jilin,126.50415,43.86477,605,Cainiao-AI/LaDe:pickup/pickup_jl.csv,40243,63762:accept,06-05 07:59:00,,,,,,,,,,,,,,left-only,shipment_scans_cleaned,"shipment_scans_cleaned,delay_reports_cleaned",63762
63762,2022-06-05 08:58:00+00:00,pickup,on_time,0.0,2022-06-05 11:00:00+00:00,15530,region_74,74,1362,14,Jilin,126.50415,43.86477,605,Cainiao-AI/LaDe:pickup/pickup_jl.csv,40243,63762:pickup,06-05 08:58:00,,,,,,,,,,,,,,left-only,shipment_scans_cleaned,"shipment_scans_cleaned,delay_reports_cleaned",63762
63793,2022-06-05 08:18:00+00:00,accept,on_time,0.0,2022-06-05 09:00:00+00:00,5591,region_91,91,21897,1,Jilin,126.51797,43.81047,605,Cainiao-AI/LaDe:pickup/pickup_jl.csv,100199,63793:accept,06-05 08:18:00,,,,,,,,,,,,,,left-only,shipment_scans_cleaned,"shipment_scans_cleaned,delay_reports_cleaned",63793
63793,2022-06-05 08:48:00+00:00,pickup,on_time,0.0,2022-06-05 11:00:00+00:00,5591,region_91,91,21897,1,Jilin,126.51797,43.81047,605,Cainiao-AI/LaDe:pickup/pickup_jl.csv,100199,63793:pickup,06-05 08:48:00,,,,,,,,,,,,,,left-only,shipment_scans_cleaned,"shipment_scans_cleaned,delay_reports_cleaned",63793
63907,2022-06-17 08:51:00+00:00,accept,on_time,0.0,2022-06-17 13:00:00+00:00,6007,region_110,110,20274,14,Jilin,126.59204,43.81795,617,Cainiao-AI/LaDe:pickup/pickup_jl.csv,169007,63907:accept,06-17 08:51:00,,,,,,,,,,,,,,left-only,shipment_scans_cleaned,"shipment_scans_cleaned,delay_reports_cleaned",63907
63907,2022-06-17 09:40:00+00:00,pickup,on_time,0.0,2022-06-17 15:00:00+00:00,6007,region_110,110,20274,14,Jilin,126.59204,43.81795,617,Cainiao-AI/LaDe:pickup/pickup_jl.csv,169007,63907:pickup,06-17 09:40:00,,,,,,,,,,,,,,left-only,shipment_scans_cleaned,"shipment_scans_cleaned,delay_reports_cleaned",63907
64005,2022-06-05 10:57:00+00:00,accept,on_time,0.0,2022-06-05 11:00:00+00:00,11572,region_9,9,870,14,Jilin,126.95721,44.39964,605,Cainiao-AI/LaDe:pickup/pickup_jl.csv,406,64005:accept,06-05 10:57:00,,,,,,,,,,,,,,left-only,shipment_scans_cleaned,"shipment_scans_cleaned,delay_reports_cleaned",64005
64005,2022-06-05 12:32:00+00:00,pickup,on_time,0.0,2022-06-05 13:00:00+00:00,11572,region_9,9,870,14,Jilin,126.95721,44.39964,605,Cainiao-AI/LaDe:pickup/pickup_jl.csv,406,64005:pickup,06-05 12:32:00,,,,,,,,,,,,,,left-only,shipment_scans_cleaned,"shipment_scans_cleaned,delay_reports_cleaned",64005
64295,2022-06-15 09:24:00+00:00,accept,on_time,0.0,2022-06-15 11:00:00+00:00,9229,region_110,110,23831,1,Jilin,126.60362,43.81675,615,Cainiao-AI/LaDe:pickup/pickup_jl.csv,177538,64295:accept,06-15 09:24:00,,,,,,,,,,,,,,left-only,shipment_scans_cleaned,"shipment_scans_cleaned,delay_reports_cleaned",64295
64295,2022-06-15 10:18:00+00:00,pickup,on_time,0.0,2022-06-15 13:00:00+00:00,9229,region_110,110,23831,1,Jilin,126.60362,43.81675,615,Cainiao-AI/LaDe:pickup/pickup_jl.csv,177538,64295:pickup,06-15 10:18:00,,,,,,,,,,,,,,left-only,shipment_scans_cleaned,"shipment_scans_cleaned,delay_reports_cleaned",64295
64309,2022-06-16 13:14:00+00:00,accept,on_time,0.0,2022-06-16 15:00:00+00:00,8009,region_110,110,15363,1,Jilin,126.5858,43.81999,616,Cainiao-AI/LaDe:pickup/pickup_jl.csv,165132,64309:accept,06-16 13:14:00,,,,,,,,,,,,,,left-only,shipment_scans_cleaned,"shipment_scans_cleaned,delay_reports_cleaned",64309
64309,2022-06-16 14:28:00+00:00,pickup,on_time,0.0,2022-06-16 17:00:00+00:00,8009,region_110,110,15363,1,Jilin,126.5858,43.81999,616,Cainiao-AI/LaDe:pickup/pickup_jl.csv,165132,64309:pickup,06-16 14:28:00,,,,,,,,,,,,,,left-only,shipment_scans_cleaned,"shipment_scans_cleaned,delay_reports_cleaned",64309
64421,2022-06-18 07:56:00+00:00,accept,on_time,0.0,2022-06-18 09:00:00+00:00,1090,region_109,109,15739,1,Jilin,126.54974,43.81531,618,Cainiao-AI/LaDe:pickup/pickup_jl.csv,140889,64421:accept,06-18 07:56:00,,,,,,,,,,,,,,left-only,shipment_scans_cleaned,"shipment_scans_cleaned,delay_reports_cleaned",64421
64421,2022-06-18 09:10:00+00:00,pickup,on_time,0.0,2022-06-18 11:00:00+00:00,1090,region_109,109,15739,1,Jilin,126.54974,43.81531,618,Cainiao-AI/LaDe:pickup/pickup_jl.csv,140889,64421:pickup,06-18 09:10:00,,,,,,,,,,,,,,left-only,shipment_scans_cleaned,"shipment_scans_cleaned,delay_reports_cleaned",64421
64440,2022-06-07 08:08:00+00:00,accept,on_time,0.0,2022-06-07 09:00:00+00:00,9229,region_110,110,20274,14,Jilin,126.60389,43.81416,607,Cainiao-AI/LaDe:pickup/pickup_jl.csv,170451,64440:accept,06-07 08:08:00,,,,,,,,,,,,,,left-only,shipment_scans_cleaned,"shipment_scans_cleaned,delay_reports_cleaned",64440
64440,2022-06-07 13:19:00+00:00,pickup,on_time,0.0,2022-06-07 23:59:00+00:00,9229,region_110,110,20274,14,Jilin,126.60389,43.81416,607,Cainiao-AI/LaDe:pickup/pickup_jl.csv,170451,64440:pickup,06-07 13:19:00,,,,,,,,,,,,,,left-only,shipment_scans_cleaned,"shipment_scans_cleaned,delay_reports_cleaned",64440
64643,2022-06-15 16:46:00+00:00,accept,on_time,0.0,2022-06-15 17:00:00+00:00,3363,region_122,122,16271,14,Jilin,126.59226,43.85271,615,Cainiao-AI/LaDe:pickup/pickup_jl.csv,196111,64643:accept,06-15 16:46:00,,,,,,,,,,,,,,left-only,shipment_scans_cleaned,"shipment_scans_cleaned,delay_reports_cleaned",64643
64643,2022-06-15 16:58:00+00:00,pickup,on_time,0.0,2022-06-15 19:00:00+00:00,3363,region_122,122,16271,14,Jilin,126.59226,43.85271,615,Cainiao-AI/LaDe:pickup/pickup_jl.csv,196111,64643:pickup,06-15 16:58:00,,,,,,,,,,,,,,left-only,shipment_scans_cleaned,"shipment_scans_cleaned,delay_reports_cleaned",64643
64704,2022-06-07 07:38:00+00:00,accept,on_time,0.0,2022-06-07 09:00:00+00:00,641,region_90,90,3302,1,Jilin,126.54707,43.87713,607,Cainiao-AI/LaDe:pickup/pickup_jl.csv,74582,64704:accept,06-07 07:38:00,,,,,,,,,,,,,,left-only,shipment_scans_cleaned,"shipment_scans_cleaned,delay_reports_cleaned",64704
64704,2022-06-07 07:46:00+00:00,pickup,on_time,0.0,2022-06-07 11:00:00+00:00,641,region_90,90,3302,1,Jilin,126.54707,43.87713,607,Cainiao-AI/LaDe:pickup/pickup_jl.csv,74582,64704:pickup,06-07 07:46:00,,,,,,,,,,,,,,left-only,shipment_scans_cleaned,"shipment_scans_cleaned,delay_reports_cleaned",64704
64847,2022-06-06 08:39:00+00:00,accept,on_time,0.0,2022-06-06 09:00:00+00:00,7333,region_132,132,12537,1,Jilin,126.05048,42.95028,606,Cainiao-AI/LaDe:pickup/pickup_jl.csv,249231,64847:accept,06-06 08:39:00,,,,,,,,,,,,,,left-only,shipment_scans_cleaned,"shipment_scans_cleaned,delay_reports_cleaned",64847
64847,2022-06-06 09:27:00+00:00,pickup,on_time,0.0,2022-06-06 11:00:00+00:00,7333,region_132,132,12537,1,Jilin,126.05048,42.95028,606,Cainiao-AI/LaDe:pickup/pickup_jl.csv,249231,64847:pickup,06-06 09:27:00,,,,,,,,,,,,,,left-only,shipment_scans_cleaned,"shipment_scans_cleaned,delay_reports_cleaned",64847
64956,2022-06-18 07:53:00+00:00,accept,on_time,0.0,2022-06-18 09:00:00+00:00,4281,region_114,114,1932,14,Jilin,126.73069,42.98105,618,Cainiao-AI/LaDe:pickup/pickup_jl.csv,179344,64956:accept,06-18 07:53:00,,,,,,,,,,,,,,left-only,shipment_scans_cleaned,"shipment_scans_cleaned,delay_reports_cleaned",64956
64956,2022-06-18 09:04:00+00:00,pickup,on_time,0.0,2022-06-18 11:00:00+00:00,4281,region_114,114,1932,14,Jilin,126.73069,42.98105,618,Cainiao-AI/LaDe:pickup/pickup_jl.csv,179344,64956:pickup,06-18 09:04:00,,,,,,,,,,,,,,left-only,shipment_scans_cleaned,"shipment_scans_cleaned,delay_reports_cleaned",64956
65012,2022-06-17 16:20:00+00:00,accept,on_time,0.0,2022-06-17 17:00:00+00:00,12868,region_11,11,15251,14,Jilin,127.3475,43.7327,617,Cainiao-AI/LaDe:pickup/pickup_jl.csv,18071,65012:accept,06-17 16:20:00,,,,,,,,,,,,,,left-only,shipment_scans_cleaned,"shipment_scans_cleaned,delay_reports_cleaned",65012
65012,2022-06-17 18:22:00+00:00,pickup,on_time,0.0,2022-06-17 19:00:00+00:00,12868,region_11,11,15251,14,Jilin,127.3475,43.7327,617,Cainiao-AI/LaDe:pickup/pickup_jl.csv,18071,65012:pickup,06-17 18:22:00,,,,,,,,,,,,,,left-only,shipment_scans_cleaned,"shipment_scans_cleaned,delay_reports_cleaned",65012
65229,2022-06-06 07:43:00+00:00,accept,on_time,0.0,2022-06-06 09:00:00+00:00,3906,region_13,13,19341,14,Jilin,126.52482,43.87771,606,Cainiao-AI/LaDe:pickup/pickup_jl.csv,28786,65229:accept,06-06 07:43:00,,,,,,,,,,,,,,left-only,shipment_scans_cleaned,"shipment_scans_cleaned,delay_reports_cleaned",65229
65229,2022-06-06 10:27:00+00:00,pickup,on_time,0.0,2022-06-06 23:59:00+00:00,3906,region_13,13,19341,14,Jilin,126.52482,43.87771,606,Cainiao-AI/LaDe:pickup/pickup_jl.csv,28786,65229:pickup,06-06 10:27:00,,,,,,,,,,,,,,left-only,shipment_scans_cleaned,"shipment_scans_cleaned,delay_reports_cleaned",65229
65316,2022-06-06 08:19:00+00:00,accept,on_time,0.0,2022-06-06 09:00:00+00:00,7635,region_131,131,5663,14,Jilin,126.57074,43.81915,606,Cainiao-AI/LaDe:pickup/pickup_jl.csv,223481,65316:accept,06-06 08:19:00,,,,,,,,,,,,,,left-only,shipment_scans_cleaned,"shipment_scans_cleaned,delay_reports_cleaned",65316
65316,2022-06-06 09:01:00+00:00,pickup,on_time,0.0,2022-06-06 11:00:00+00:00,7635,region_131,131,5663,14,Jilin,126.57074,43.81915,606,Cainiao-AI/LaDe:pickup/pickup_jl.csv,223481,65316:pickup,06-06 09:01:00,,,,,,,,,,,,,,left-only,shipment_scans_cleaned,"shipment_scans_cleaned,delay_reports_cleaned",65316
65445,2022-06-08 08:56:00+00:00,accept,on_time,0.0,2022-06-08 13:00:00+00:00,3906,region_13,13,23074,14,Jilin,126.52519,43.88661,608,Cainiao-AI/LaDe:pickup/pickup_jl.csv,35952,65445:accept,06-08 08:56:00,,,,,,,,,,,,,,left-only,shipment_scans_cleaned,"shipment_scans_cleaned,delay_reports_cleaned",65445
65445,2022-06-08 13:00:00+00:00,pickup,on_time,0.0,2022-06-08 15:00:00+00:00,3906,region_13,13,23074,14,Jilin,126.52519,43.88661,608,Cainiao-AI/LaDe:pickup/pickup_jl.csv,35952,65445:pickup,06-08 13:00:00,,,,,,,,,,,,,,left-only,shipment_scans_cleaned,"shipment_scans_cleaned,delay_reports_cleaned",65445
65935,2022-06-08 08:06:00+00:00,accept,on_time,0.0,2022-06-08 09:00:00+00:00,13385,region_128,128,13104,1,Jilin,126.5781,43.85621,608,Cainiao-AI/LaDe:pickup/pickup_jl.csv,212859,65935:accept,06-08 08:06:00,,,,,,,,,,,,,,left-only,shipment_scans_cleaned,"shipment_scans_cleaned,delay_reports_cleaned",65935
65935,2022-06-08 08:40:00+00:00,pickup,on_time,0.0,2022-06-08 11:00:00+00:00,13385,region_128,128,13104,1,Jilin,126.5781,43.85621,608,Cainiao-AI/LaDe:pickup/pickup_jl.csv,212859,65935:pickup,06-08 08:40:00,,,,,,,,,,,,,,left-only,shipment_scans_cleaned,"shipment_scans_cleaned,delay_reports_cleaned",65935
66038,2022-06-15 07:50:00+00:00,accept,on_time,0.0,2022-06-15 09:00:00+00:00,10779,region_11,11,2465,14,Jilin,127.33839,43.72446,615,Cainiao-AI/LaDe:pickup/pickup_jl.csv,9794,66038:accept,06-15 07:50:00,,,,,,,,,,,,,,left-only,shipment_scans_cleaned,"shipment_scans_cleaned,delay_reports_cleaned",66038
66038,2022-06-15 07:55:00+00:00,pickup,on_time,0.0,2022-06-15 11:00:00+00:00,10779,region_11,11,2465,14,Jilin,127.33839,43.72446,615,Cainiao-AI/LaDe:pickup/pickup_jl.csv,9794,66038:pickup,06-15 07:55:00,,,,,,,,,,,,,,left-only,shipment_scans_cleaned,"shipment_scans_cleaned,delay_reports_cleaned",66038
66578,2022-06-09 08:55:00+00:00,accept,on_time,0.0,2022-06-09 15:00:00+00:00,2723,region_131,131,8428,14,Jilin,126.56644,43.82673,609,Cainiao-AI/LaDe:pickup/pickup_jl.csv,225774,66578:accept,06-09 08:55:00,,,,,,,,,,,,,,left-only,shipment_scans_cleaned,"shipment_scans_cleaned,delay_reports_cleaned",66578
66578,2022-06-09 15:38:00+00:00,pickup,on_time,0.0,2022-06-09 17:00:00+00:00,2723,region_131,131,8428,14,Jilin,126.56644,43.82673,609,Cainiao-AI/LaDe:pickup/pickup_jl.csv,225774,66578:pickup,06-09 15:38:00,,,,,,,,,,,,,,left-only,shipment_scans_cleaned,"shipment_scans_cleaned,delay_reports_cleaned",66578
67025,2022-06-11 07:55:00+00:00,accept,on_time,0.0,2022-06-11 09:00:00+00:00,11694,region_90,90,18111,14,Jilin,126.56835,43.88685,611,Cainiao-AI/LaDe:pickup/pickup_jl.csv,89866,67025:accept,06-11 07:55:00,,,,,,,,,,,,,,left-only,shipment_scans_cleaned,"shipment_scans_cleaned,delay_reports_cleaned",67025
67025,2022-06-11 09:54:00+00:00,pickup,on_time,0.0,2022-06-11 11:00:00+00:00,11694,region_90,90,18111,14,Jilin,126.56835,43.88685,611,Cainiao-AI/LaDe:pickup/pickup_jl.csv,89866,67025:pickup,06-11 09:54:00,,,,,,,,,,,,,,left-only,shipment_scans_cleaned,"shipment_scans_cleaned,delay_reports_cleaned",67025
67041,2022-06-15 11:36:00+00:00,accept,on_time,0.0,2022-06-15 11:36:00+00:00,11694,region_90,90,11409,14,Jilin,126.5643,43.88447,615,Cainiao-AI/LaDe:pickup/pickup_jl.csv,79917,67041:accept,06-15 11:36:00,,,,,,,,,,,,,,left-only,shipment_scans_cleaned,"shipment_scans_cleaned,delay_reports_cleaned",67041
67041,2022-06-15 13:18:00+00:00,pickup,on_time,0.0,2022-06-15 13:36:00+00:00,11694,region_90,90,11409,14,Jilin,126.5643,43.88447,615,Cainiao-AI/LaDe:pickup/pickup_jl.csv,79917,67041:pickup,06-15 13:18:00,,,,,,,,,,,,,,left-only,shipment_scans_cleaned,"shipment_scans_cleaned,delay_reports_cleaned",67041
67447,2022-06-12 07:40:00+00:00,accept,on_time,0.0,2022-06-12 09:00:00+00:00,10101,region_90,90,17082,1,Jilin,126.57175,43.88542,612,Cainiao-AI/LaDe:pickup/pickup_jl.csv,87940,67447:accept,06-12 07:40:00,,,,,,,,,,,,,,left-only,shipment_scans_cleaned,"shipment_scans_cleaned,delay_reports_cleaned",67447
67447,2022-06-12 09:56:00+00:00,pickup,on_time,0.0,2022-06-12 11:00:00+00:00,10101,region_90,90,17082,1,Jilin,126.57175,43.88542,612,Cainiao-AI/LaDe:pickup/pickup_jl.csv,87940,67447:pickup,06-12 09:56:00,,,,,,,,,,,,,,left-only,shipment_scans_cleaned,"shipment_scans_cleaned,delay_reports_cleaned",67447
67848,2022-06-17 09:24:00+00:00,accept,on_time,0.0,2022-06-17 13:00:00+00:00,7530,region_132,132,1104,1,Jilin,126.06731,42.94491,617,Cainiao-AI/LaDe:pickup/pickup_jl.csv,239322,67848:accept,06-17 09:24:00,,,,,,,,,,,,,,left-only,shipment_scans_cleaned,"shipment_scans_cleaned,delay_reports_cleaned",67848
67848,2022-06-17 13:57:00+00:00,pickup,on_time,0.0,2022-06-17 15:00:00+00:00,7530,region_132,132,1104,1,Jilin,126.06731,42.94491,617,Cainiao-AI/LaDe:pickup/pickup_jl.csv,239322,67848:pickup,06-17 13:57:00,,,,,,,,,,,,,,left-only,shipment_scans_cleaned,"shipment_scans_cleaned,delay_reports_cleaned",67848
67914,2022-06-07 07:37:00+00:00,accept,on_time,0.0,2022-06-07 09:00:00+00:00,10781,region_85,85,5721,1,Jilin,126.5476,43.86837,607,Cainiao-AI/LaDe:pickup/pickup_jl.csv,58276,67914:accept,06-07 07:37:00,,,,,,,,,,,,,,left-only,shipment_scans_cleaned,"shipment_scans_cleaned,delay_reports_cleaned",67914
67914,2022-06-07 10:57:00+00:00,pickup,on_time,0.0,2022-06-07 11:00:00+00:00,10781,region_85,85,5721,1,Jilin,126.5476,43.86837,607,Cainiao-AI/LaDe:pickup/pickup_jl.csv,58276,67914:pickup,06-07 10:57:00,,,,,,,,,,,,,,left-only,shipment_scans_cleaned,"shipment_scans_cleaned,delay_reports_cleaned",67914
68120,2022-06-10 15:06:00+00:00,accept,on_time,0.0,2022-06-10 17:00:00+00:00,7635,region_131,131,23375,14,Jilin,126.57052,43.8222,610,Cainiao-AI/LaDe:pickup/pickup_jl.csv,234711,68120:accept,06-10 15:06:00,,,,,,,,,,,,,,left-only,shipment_scans_cleaned,"shipment_scans_cleaned,delay_reports_cleaned",68120
68120,2022-06-10 18:04:00+00:00,pickup,on_time,0.0,2022-06-10 19:00:00+00:00,7635,region_131,131,23375,14,Jilin,126.57052,43.8222,610,Cainiao-AI/LaDe:pickup/pickup_jl.csv,234711,68120:pickup,06-10 18:04:00,,,,,,,,,,,,,,left-only,shipment_scans_cleaned,"shipment_scans_cleaned,delay_reports_cleaned",68120
68363,2022-06-08 07:46:00+00:00,accept,on_time,0.0,2022-06-08 09:00:00+00:00,1090,region_109,109,21961,14,Jilin,126.5517,43.81169,608,Cainiao-AI/LaDe:pickup/pickup_jl.csv,154329,68363:accept,06-08 07:46:00,,,,,,,,,,,,,,left-only,shipment_scans_cleaned,"shipment_scans_cleaned,delay_reports_cleaned",68363
68363,2022-06-08 09:53:00+00:00,pickup,on_time,0.0,2022-06-08 11:00:00+00:00,1090,region_109,109,21961,14,Jilin,126.5517,43.81169,608,Cainiao-AI/LaDe:pickup/pickup_jl.csv,154329,68363:pickup,06-08 09:53:00,,,,,,,,,,,,,,left-only,shipment_scans_cleaned,"shipment_scans_cleaned,delay_reports_cleaned",68363
68622,2022-06-10 07:41:00+00:00,accept,on_time,0.0,2022-06-10 15:00:00+00:00,682,region_109,109,1275,1,Jilin,126.56407,43.81518,610,Cainiao-AI/LaDe:pickup/pickup_jl.csv,110880,68622:accept,06-10 07:41:00,,,,,,,,,,,,,,left-only,shipment_scans_cleaned,"shipment_scans_cleaned,delay_reports_cleaned",68622
68622,2022-06-10 15:50:00+00:00,pickup,on_time,0.0,2022-06-10 17:00:00+00:00,682,region_109,109,1275,1,Jilin,126.56407,43.81518,610,Cainiao-AI/LaDe:pickup/pickup_jl.csv,110880,68622:pickup,06-10 15:50:00,,,,,,,,,,,,,,left-only,shipment_scans_cleaned,"shipment_scans_cleaned,delay_reports_cleaned",68622
69062,2022-06-07 08:17:00+00:00,accept,on_time,0.0,2022-06-08 11:00:00+00:00,14171,region_9,9,870,14,Jilin,126.9573,44.39969,608,Cainiao-AI/LaDe:pickup/pickup_jl.csv,501,69062:accept,06-07 08:17:00,,,,,,,,,,,,,,left-only,shipment_scans_cleaned,"shipment_scans_cleaned,delay_reports_cleaned",69062
69062,2022-06-08 08:01:00+00:00,pickup,on_time,0.0,2022-06-08 13:00:00+00:00,14171,region_9,9,870,14,Jilin,126.9573,44.39969,608,Cainiao-AI/LaDe:pickup/pickup_jl.csv,501,69062:pickup,06-08 08:01:00,,,,,,,,,,,,,,left-only,shipment_scans_cleaned,"shipment_scans_cleaned,delay_reports_cleaned",69062
69842,2022-06-13 07:54:00+00:00,accept,on_time,0.0,2022-06-13 09:00:00+00:00,15530,region_74,74,17041,14,Jilin,126.52018,43.86401,613,Cainiao-AI/LaDe:pickup/pickup_jl.csv,45899,69842:accept,06-13 07:54:00,,,,,,,,,,,,,,left-only,shipment_scans_cleaned,"shipment_scans_cleaned,delay_reports_cleaned",69842
69842,2022-06-13 09:30:00+00:00,pickup,on_time,0.0,2022-06-13 11:00:00+00:00,15530,region_74,74,17041,14,Jilin,126.52018,43.86401,613,Cainiao-AI/LaDe:pickup/pickup_jl.csv,45899,69842:pickup,06-13 09:30:00,,,,,,,,,,,,,,left-only,shipment_scans_cleaned,"shipment_scans_cleaned,delay_reports_cleaned",69842
70253,2022-06-13 07:52:00+00:00,accept,on_time,0.0,2022-06-13 09:00:00+00:00,6075,region_85,85,12273,1,Jilin,126.54824,43.87247,613,Cainiao-AI/LaDe:pickup/pickup_jl.csv,61254,70253:accept,06-13 07:52:00,,,,,,,,,,,,,,left-only,shipment_scans_cleaned,"shipment_scans_cleaned,delay_reports_cleaned",70253
70253,2022-06-13 10:49:00+00:00,pickup,on_time,0.0,2022-06-13 11:00:00+00:00,6075,region_85,85,12273,1,Jilin,126.54824,43.87247,613,Cainiao-AI/LaDe:pickup/pickup_jl.csv,61254,70253:pickup,06-13 10:49:00,,,,,,,,,,,,,,left-only,shipment_scans_cleaned,"shipment_scans_cleaned,delay_reports_cleaned",70253
70289,2022-06-08 09:56:00+00:00,accept,on_time,0.0,2022-06-08 11:00:00+00:00,13877,region_91,91,11879,1,Jilin,126.52384,43.81966,608,Cainiao-AI/LaDe:pickup/pickup_jl.csv,96841,70289:accept,06-08 09:56:00,,,,,,,,,,,,,,left-only,shipment_scans_cleaned,"shipment_scans_cleaned,delay_reports_cleaned",70289
70289,2022-06-08 09:57:00+00:00,pickup,on_time,0.0,2022-06-08 13:00:00+00:00,13877,region_91,91,11879,1,Jilin,126.52384,43.81966,608,Cainiao-AI/LaDe:pickup/pickup_jl.csv,96841,70289:pickup,06-08 09:57:00,,,,,,,,,,,,,,left-only,shipment_scans_cleaned,"shipment_scans_cleaned,delay_reports_cleaned",70289
70562,2022-06-11 07:27:00+00:00,accept,on_time,0.0,2022-06-11 09:00:00+00:00,2656,region_85,85,3713,1,Jilin,126.57625,43.8684,611,Cainiao-AI/LaDe:pickup/pickup_jl.csv,53484,70562:accept,06-11 07:27:00,,,,,,,,,,,,,,left-only,shipment_scans_cleaned,"shipment_scans_cleaned,delay_reports_cleaned",70562
70562,2022-06-11 07:48:00+00:00,pickup,on_time,0.0,2022-06-11 11:00:00+00:00,2656,region_85,85,3713,1,Jilin,126.57625,43.8684,611,Cainiao-AI/LaDe:pickup/pickup_jl.csv,53484,70562:pickup,06-11 07:48:00,,,,,,,,,,,,,,left-only,shipment_scans_cleaned,"shipment_scans_cleaned,delay_reports_cleaned",70562
70588,2022-06-07 11:06:00+00:00,accept,on_time,0.0,2022-06-07 17:00:00+00:00,2656,region_85,85,3713,1,Jilin,126.57632,43.87037,607,Cainiao-AI/LaDe:pickup/pickup_jl.csv,52538,70588:accept,06-07 11:06:00,,,,,,,,,,,,,,left-only,shipment_scans_cleaned,"shipment_scans_cleaned,delay_reports_cleaned",70588
70588,2022-06-07 18:11:00+00:00,pickup,on_time,0.0,2022-06-07 19:00:00+00:00,2656,region_85,85,3713,1,Jilin,126.57632,43.87037,607,Cainiao-AI/LaDe:pickup/pickup_jl.csv,52538,70588:pickup,06-07 18:11:00,,,,,,,,,,,,,,left-only,shipment_scans_cleaned,"shipment_scans_cleaned,delay_reports_cleaned",70588
70631,2022-06-06 07:58:00+00:00,accept,on_time,0.0,2022-06-06 09:00:00+00:00,788,region_109,109,7005,1,Jilin,126.55649,43.80057,606,Cainiao-AI/LaDe:pickup/pickup_jl.csv,122355,70631:accept,06-06 07:58:00,,,,,,,,,,,,,,left-only,shipment_scans_cleaned,"shipment_scans_cleaned,delay_reports_cleaned",70631
70631,2022-06-06 10:11:00+00:00,pickup,on_time,0.0,2022-06-06 11:00:00+00:00,788,region_109,109,7005,1,Jilin,126.55649,43.80057,606,Cainiao-AI/LaDe:pickup/pickup_jl.csv,122355,70631:pickup,06-06 10:11:00,,,,,,,,,,,,,,left-only,shipment_scans_cleaned,"shipment_scans_cleaned,delay_reports_cleaned",70631
71151,2022-06-15 07:44:00+00:00,accept,on_time,0.0,2022-06-15 09:00:00+00:00,2656,region_85,85,3713,1,Jilin,126.57684,43.86947,615,Cainiao-AI/LaDe:pickup/pickup_jl.csv,53169,71151:accept,06-15 07:44:00,,,,,,,,,,,,,,left-only,shipment_scans_cleaned,"shipment_scans_cleaned,delay_reports_cleaned",71151
71151,2022-06-15 08:24:00+00:00,pickup,on_time,0.0,2022-06-15 11:00:00+00:00,2656,region_85,85,3713,1,Jilin,126.57684,43.86947,615,Cainiao-AI/LaDe:pickup/pickup_jl.csv,53169,71151:pickup,06-15 08:24:00,,,,,,,,,,,,,,left-only,shipment_scans_cleaned,"shipment_scans_cleaned,delay_reports_cleaned",71151
71531,2022-06-13 07:55:00+00:00,accept,on_time,0.0,2022-06-13 09:00:00+00:00,3413,region_110,110,2444,1,Jilin,126.60448,43.82777,613,Cainiao-AI/LaDe:pickup/pickup_jl.csv,156135,71531:accept,06-13 07:55:00,,,,,,,,,,,,,,left-only,shipment_scans_cleaned,"shipment_scans_cleaned,delay_reports_cleaned",71531
71531,2022-06-13 10:41:00+00:00,pickup,on_time,0.0,2022-06-13 11:00:00+00:00,3413,region_110,110,2444,1,Jilin,126.60448,43.82777,613,Cainiao-AI/LaDe:pickup/pickup_jl.csv,156135,71531:pickup,06-13 10:41:00,,,,,,,,,,,,,,left-only,shipment_scans_cleaned,"shipment_scans_cleaned,delay_reports_cleaned",71531
72023,2022-06-10 13:55:00+00:00,accept,on_time,0.0,2022-06-10 15:00:00+00:00,10140,region_109,109,5016,14,Jilin,126.55956,43.79991,610,Cainiao-AI/LaDe:pickup/pickup_jl.csv,119296,72023:accept,06-10 13:55:00,,,,,,,,,,,,,,left-only,shipment_scans_cleaned,"shipment_scans_cleaned,delay_reports_cleaned",72023
72023,2022-06-10 16:53:00+00:00,pickup,on_time,0.0,2022-06-10 17:00:00+00:00,10140,region_109,109,5016,14,Jilin,126.55956,43.79991,610,Cainiao-AI/LaDe:pickup/pickup_jl.csv,119296,72023:pickup,06-10 16:53:00,,,,,,,,,,,,,,left-only,shipment_scans_cleaned,"shipment_scans_cleaned,delay_reports_cleaned",72023
72267,2022-06-08 08:09:00+00:00,accept,on_time,0.0,2022-06-08 09:00:00+00:00,9797,region_131,131,15471,0,Jilin,126.56526,43.83192,608,Cainiao-AI/LaDe:pickup/pickup_jl.csv,230059,72267:accept,06-08 08:09:00,,,,,,,,,,,,,,left-only,shipment_scans_cleaned,"shipment_scans_cleaned,delay_reports_cleaned",72267
72267,2022-06-08 09:24:00+00:00,pickup,on_time,0.0,2022-06-08 11:00:00+00:00,9797,region_131,131,15471,0,Jilin,126.56526,43.83192,608,Cainiao-AI/LaDe:pickup/pickup_jl.csv,230059,72267:pickup,06-08 09:24:00,,,,,,,,,,,,,,left-only,shipment_scans_cleaned,"shipment_scans_cleaned,delay_reports_cleaned",72267
72330,2022-06-07 15:22:00+00:00,accept,on_time,0.0,2022-06-07 15:22:00+00:00,7635,region_131,131,18995,1,Jilin,126.57528,43.82132,607,Cainiao-AI/LaDe:pickup/pickup_jl.csv,232754,72330:accept,06-07 15:22:00,,,,,,,,,,,,,,left-only,shipment_scans_cleaned,"shipment_scans_cleaned,delay_reports_cleaned",72330
72330,2022-06-07 15:49:00+00:00,pickup,on_time,0.0,2022-06-07 17:22:00+00:00,7635,region_131,131,18995,1,Jilin,126.57528,43.82132,607,Cainiao-AI/LaDe:pickup/pickup_jl.csv,232754,72330:pickup,06-07 15:49:00,,,,,,,,,,,,,,left-only,shipment_scans_cleaned,"shipment_scans_cleaned,delay_reports_cleaned",72330
72555,2022-06-12 09:22:00+00:00,accept,on_time,0.0,2022-06-12 09:22:00+00:00,7635,region_131,131,2944,1,Jilin,126.56784,43.82347,612,Cainiao-AI/LaDe:pickup/pickup_jl.csv,221051,72555:accept,06-12 09:22:00,,,,,,,,,,,,,,left-only,shipment_scans_cleaned,"shipment_scans_cleaned,delay_reports_cleaned",72555
72555,2022-06-12 11:13:00+00:00,pickup,on_time,0.0,2022-06-12 11:22:00+00:00,7635,region_131,131,2944,1,Jilin,126.56784,43.82347,612,Cainiao-AI/LaDe:pickup/pickup_jl.csv,221051,72555:pickup,06-12 11:13:00,,,,,,,,,,,,,,left-only,shipment_scans_cleaned,"shipment_scans_cleaned,delay_reports_cleaned",72555
72734,2022-06-08 11:12:00+00:00,accept,on_time,0.0,2022-06-08 13:00:00+00:00,3413,region_110,110,2444,1,Jilin,126.60488,43.82809,608,Cainiao-AI/LaDe:pickup/pickup_jl.csv,156164,72734:accept,06-08 11:12:00,,,,,,,,,,,,,,left-only,shipment_scans_cleaned,"shipment_scans_cleaned,delay_reports_cleaned",72734
72734,2022-06-08 11:45:00+00:00,pickup,on_time,0.0,2022-06-08 15:00:00+00:00,3413,region_110,110,2444,1,Jilin,126.60488,43.82809,608,Cainiao-AI/LaDe:pickup/pickup_jl.csv,156164,72734:pickup,06-08 11:45:00,,,,,,,,,,,,,,left-only,shipment_scans_cleaned,"shipment_scans_cleaned,delay_reports_cleaned",72734
72820,2022-06-14 14:34:00+00:00,accept,on_time,0.0,2022-06-14 14:34:00+00:00,9797,region_131,131,19279,14,Jilin,126.56467,43.82755,614,Cainiao-AI/LaDe:pickup/pickup_jl.csv,232868,72820:accept,06-14 14:34:00,,,,,,,,,,,,,,left-only,shipment_scans_cleaned,"shipment_scans_cleaned,delay_reports_cleaned",72820
72820,2022-06-14 15:52:00+00:00,pickup,on_time,0.0,2022-06-14 16:34:00+00:00,9797,region_131,131,19279,14,Jilin,126.56467,43.82755,614,Cainiao-AI/LaDe:pickup/pickup_jl.csv,232868,72820:pickup,06-14 15:52:00,,,,,,,,,,,,,,left-only,shipment_scans_cleaned,"shipment_scans_cleaned,delay_reports_cleaned",72820
72825,2022-06-13 07:58:00+00:00,accept,on_time,0.0,2022-06-13 09:00:00+00:00,1700,region_110,110,21817,14,Jilin,126.58843,43.8234,613,Cainiao-AI/LaDe:pickup/pickup_jl.csv,175338,72825:accept,06-13 07:58:00,,,,,,,,,,,,,,left-only,shipment_scans_cleaned,"shipment_scans_cleaned,delay_reports_cleaned",72825
72825,2022-06-13 10:20:00+00:00,pickup,on_time,0.0,2022-06-13 11:00:00+00:00,1700,region_110,110,21817,14,Jilin,126.58843,43.8234,613,Cainiao-AI/LaDe:pickup/pickup_jl.csv,175338,72825:pickup,06-13 10:20:00,,,,,,,,,,,,,,left-only,shipment_scans_cleaned,"shipment_scans_cleaned,delay_reports_cleaned",72825
73145,2022-06-06 08:17:00+00:00,accept,on_time,0.0,2022-06-06 09:00:00+00:00,11576,region_109,109,804,14,Jilin,126.56455,43.79714,606,Cainiao-AI/LaDe:pickup/pickup_jl.csv,110337,73145:accept,06-06 08:17:00,,,,,,,,,,,,,,left-only,shipment_scans_cleaned,"shipment_scans_cleaned,delay_reports_cleaned",73145
73145,2022-06-06 09:26:00+00:00,pickup,on_time,0.0,2022-06-06 11:00:00+00:00,11576,region_109,109,804,14,Jilin,126.56455,43.79714,606,Cainiao-AI/LaDe:pickup/pickup_jl.csv,110337,73145:pickup,06-06 09:26:00,,,,,,,,,,,,,,left-only,shipment_scans_cleaned,"shipment_scans_cleaned,delay_reports_cleaned",73145
73249,2022-06-17 12:37:00+00:00,accept,on_time,0.0,2022-06-17 13:00:00+00:00,12446,region_90,90,14413,14,Jilin,126.56369,43.88185,617,Cainiao-AI/LaDe:pickup/pickup_jl.csv,85710,73249:accept,06-17 12:37:00,,,,,,,,,,,,,,left-only,shipment_scans_cleaned,"shipment_scans_cleaned,delay_reports_cleaned",73249
73249,2022-06-17 12:51:00+00:00,pickup,on_time,0.0,2022-06-17 15:00:00+00:00,12446,region_90,90,14413,14,Jilin,126.56369,43.88185,617,Cainiao-AI/LaDe:pickup/pickup_jl.csv,85710,73249:pickup,06-17 12:51:00,,,,,,,,,,,,,,left-only,shipment_scans_cleaned,"shipment_scans_cleaned,delay_reports_cleaned",73249
73261,2022-06-14 08:18:00+00:00,accept,on_time,0.0,2022-06-14 09:00:00+00:00,1700,region_110,110,2764,1,Jilin,126.58706,43.82184,614,Cainiao-AI/LaDe:pickup/pickup_jl.csv,157935,73261:accept,06-14 08:18:00,,,,,,,,,,,,,,left-only,shipment_scans_cleaned,"shipment_scans_cleaned,delay_reports_cleaned",73261
73261,2022-06-14 09:43:00+00:00,pickup,on_time,0.0,2022-06-14 11:00:00+00:00,1700,region_110,110,2764,1,Jilin,126.58706,43.82184,614,Cainiao-AI/LaDe:pickup/pickup_jl.csv,157935,73261:pickup,06-14 09:43:00,,,,,,,,,,,,,,left-only,shipment_scans_cleaned,"shipment_scans_cleaned,delay_reports_cleaned",73261
73403,2022-06-15 15:29:00+00:00,accept,on_time,0.0,2022-06-15 15:29:00+00:00,2723,region_131,131,24022,1,Jilin,126.57573,43.8296,615,Cainiao-AI/LaDe:pickup/pickup_jl.csv,237119,73403:accept,06-15 15:29:00,,,,,,,,,,,,,,left-only,shipment_scans_cleaned,"shipment_scans_cleaned,delay_reports_cleaned",73403
73403,2022-06-15 15:41:00+00:00,pickup,on_time,0.0,2022-06-15 17:29:00+00:00,2723,region_131,131,24022,1,Jilin,126.57573,43.8296,615,Cainiao-AI/LaDe:pickup/pickup_jl.csv,237119,73403:pickup,06-15 15:41:00,,,,,,,,,,,,,,left-only,shipment_scans_cleaned,"shipment_scans_cleaned,delay_reports_cleaned",73403
73496,2022-06-06 09:31:00+00:00,accept,on_time,0.0,2022-06-06 09:31:00+00:00,1700,region_110,110,2764,1,Jilin,126.58474,43.82321,606,Cainiao-AI/LaDe:pickup/pickup_jl.csv,157629,73496:accept,06-06 09:31:00,,,,,,,,,,,,,,left-only,shipment_scans_cleaned,"shipment_scans_cleaned,delay_reports_cleaned",73496
73496,2022-06-06 10:39:00+00:00,pickup,on_time,0.0,2022-06-06 11:31:00+00:00,1700,region_110,110,2764,1,Jilin,126.58474,43.82321,606,Cainiao-AI/LaDe:pickup/pickup_jl.csv,157629,73496:pickup,06-06 10:39:00,,,,,,,,,,,,,,left-only,shipment_scans_cleaned,"shipment_scans_cleaned,delay_reports_cleaned",73496
73589,2022-06-06 15:36:00+00:00,accept,on_time,0.0,2022-06-06 15:36:00+00:00,9797,region_131,131,3928,14,Jilin,126.56713,43.83256,606,Cainiao-AI/LaDe:pickup/pickup_jl.csv,221959,73589:accept,06-06 15:36:00,,,,,,,,,,,,,,left-only,shipment_scans_cleaned,"shipment_scans_cleaned,delay_reports_cleaned",73589
73589,2022-06-06 16:48:00+00:00,pickup,on_time,0.0,2022-06-06 17:36:00+00:00,9797,region_131,131,3928,14,Jilin,126.56713,43.83256,606,Cainiao-AI/LaDe:pickup/pickup_jl.csv,221959,73589:pickup,06-06 16:48:00,,,,,,,,,,,,,,left-only,shipment_scans_cleaned,"shipment_scans_cleaned,delay_reports_cleaned",73589
73613,2022-06-16 16:04:00+00:00,accept,on_time,0.0,2022-06-16 17:00:00+00:00,11476,region_132,132,22232,14,Jilin,126.05713,42.94413,616,Cainiao-AI/LaDe:pickup/pickup_jl.csv,260130,73613:accept,06-16 16:04:00,,,,,,,,,,,,,,left-only,shipment_scans_cleaned,"shipment_scans_cleaned,delay_reports_cleaned",73613
73613,2022-06-16 16:11:00+00:00,pickup,on_time,0.0,2022-06-16 19:00:00+00:00,11476,region_132,132,22232,14,Jilin,126.05713,42.94413,616,Cainiao-AI/LaDe:pickup/pickup_jl.csv,260130,73613:pickup,06-16 16:11:00,,,,,,,,,,,,,,left-only,shipment_scans_cleaned,"shipment_scans_cleaned,delay_reports_cleaned",73613
73758,2022-06-17 07:38:00+00:00,accept,on_time,0.0,2022-06-17 09:00:00+00:00,6007,region_110,110,11210,14,Jilin,126.58977,43.81579,617,Cainiao-AI/LaDe:pickup/pickup_jl.csv,161923,73758:accept,06-17 07:38:00,,,,,,,,,,,,,,left-only,shipment_scans_cleaned,"shipment_scans_cleaned,delay_reports_cleaned",73758
73758,2022-06-17 09:15:00+00:00,pickup,on_time,0.0,2022-06-17 11:00:00+00:00,6007,region_110,110,11210,14,Jilin,126.58977,43.81579,617,Cainiao-AI/LaDe:pickup/pickup_jl.csv,161923,73758:pickup,06-17 09:15:00,,,,,,,,,,,,,,left-only,shipment_scans_cleaned,"shipment_scans_cleaned,delay_reports_cleaned",73758
74564,2022-06-09 07:53:00+00:00,accept,on_time,0.0,2022-06-09 09:00:00+00:00,11828,region_122,122,13909,14,Jilin,126.58784,43.83706,609,Cainiao-AI/LaDe:pickup/pickup_jl.csv,194851,74564:accept,06-09 07:53:00,,,,,,,,,,,,,,left-only,shipment_scans_cleaned,"shipment_scans_cleaned,delay_reports_cleaned",74564
74564,2022-06-09 08:30:00+00:00,pickup,on_time,0.0,2022-06-09 11:00:00+00:00,11828,region_122,122,13909,14,Jilin,126.58784,43.83706,609,Cainiao-AI/LaDe:pickup/pickup_jl.csv,194851,74564:pickup,06-09 08:30:00,,,,,,,,,,,,,,left-only,shipment_scans_cleaned,"shipment_scans_cleaned,delay_reports_cleaned",74564
74700,2022-06-08 10:52:00+00:00,accept,on_time,0.0,2022-06-08 13:00:00+00:00,4281,region_114,114,14153,14,Jilin,126.73132,42.97275,608,Cainiao-AI/LaDe:pickup/pickup_jl.csv,185291,74700:accept,06-08 10:52:00,,,,,,,,,,,,,,left-only,shipment_scans_cleaned,"shipment_scans_cleaned,delay_reports_cleaned",74700
74700,2022-06-08 13:58:00+00:00,pickup,on_time,0.0,2022-06-08 15:00:00+00:00,4281,region_114,114,14153,14,Jilin,126.73132,42.97275,608,Cainiao-AI/LaDe:pickup/pickup_jl.csv,185291,74700:pickup,06-08 13:58:00,,,,,,,,,,,,,,left-only,shipment_scans_cleaned,"shipment_scans_cleaned,delay_reports_cleaned",74700
74737,2022-06-16 13:50:00+00:00,accept,on_time,0.0,2022-06-16 13:50:00+00:00,1635,region_109,109,14181,1,Jilin,126.57747,43.79263,616,Cainiao-AI/LaDe:pickup/pickup_jl.csv,135061,74737:accept,06-16 13:50:00,,,,,,,,,,,,,,left-only,shipment_scans_cleaned,"shipment_scans_cleaned,delay_reports_cleaned",74737
74737,2022-06-16 14:25:00+00:00,pickup,on_time,0.0,2022-06-16 15:50:00+00:00,1635,region_109,109,14181,1,Jilin,126.57747,43.79263,616,Cainiao-AI/LaDe:pickup/pickup_jl.csv,135061,74737:pickup,06-16 14:25:00,,,,,,,,,,,,,,left-only,shipment_scans_cleaned,"shipment_scans_cleaned,delay_reports_cleaned",74737
75008,2022-06-16 08:08:00+00:00,accept,on_time,0.0,2022-06-16 09:00:00+00:00,4165,region_90,90,165,1,Jilin,126.556,43.87985,616,Cainiao-AI/LaDe:pickup/pickup_jl.csv,70040,75008:accept,06-16 08:08:00,,,,,,,,,,,,,,left-only,shipment_scans_cleaned,"shipment_scans_cleaned,delay_reports_cleaned",75008
75008,2022-06-16 10:29:00+00:00,pickup,on_time,0.0,2022-06-16 11:00:00+00:00,4165,region_90,90,165,1,Jilin,126.556,43.87985,616,Cainiao-AI/LaDe:pickup/pickup_jl.csv,70040,75008:pickup,06-16 10:29:00,,,,,,,,,,,,,,left-only,shipment_scans_cleaned,"shipment_scans_cleaned,delay_reports_cleaned",75008
75271,2022-06-07 08:05:00+00:00,accept,on_time,0.0,2022-06-07 09:00:00+00:00,4165,region_90,90,13259,14,Jilin,126.56049,43.87855,607,Cainiao-AI/LaDe:pickup/pickup_jl.csv,83454,75271:accept,06-07 08:05:00,,,,,,,,,,,,,,left-only,shipment_scans_cleaned,"shipment_scans_cleaned,delay_reports_cleaned",75271
75271,2022-06-07 09:59:00+00:00,pickup,on_time,0.0,2022-06-07 11:00:00+00:00,4165,region_90,90,13259,14,Jilin,126.56049,43.87855,607,Cainiao-AI/LaDe:pickup/pickup_jl.csv,83454,75271:pickup,06-07 09:59:00,,,,,,,,,,,,,,left-only,shipment_scans_cleaned,"shipment_scans_cleaned,delay_reports_cleaned",75271
75782,2022-06-18 08:07:00+00:00,accept,on_time,0.0,2022-06-18 09:00:00+00:00,4165,region_85,85,22483,14,Jilin,126.5568,43.87181,618,Cainiao-AI/LaDe:pickup/pickup_jl.csv,69198,75782:accept,06-18 08:07:00,,,,,,,,,,,,,,left-only,shipment_scans_cleaned,"shipment_scans_cleaned,delay_reports_cleaned",75782
75782,2022-06-18 08:27:00+00:00,pickup,on_time,0.0,2022-06-18 11:00:00+00:00,4165,region_85,85,22483,14,Jilin,126.5568,43.87181,618,Cainiao-AI/LaDe:pickup/pickup_jl.csv,69198,75782:pickup,06-18 08:27:00,,,,,,,,,,,,,,left-only,shipment_scans_cleaned,"shipment_scans_cleaned,delay_reports_cleaned",75782
76083,2022-06-15 07:49:00+00:00,accept,on_time,0.0,2022-06-15 09:00:00+00:00,11576,region_109,109,2530,14,Jilin,126.58311,43.79557,615,Cainiao-AI/LaDe:pickup/pickup_jl.csv,113762,76083:accept,06-15 07:49:00,,,,,,,,,,,,,,left-only,shipment_scans_cleaned,"shipment_scans_cleaned,delay_reports_cleaned",76083
76083,2022-06-15 14:15:00+00:00,pickup,on_time,0.0,2022-06-15 23:59:00+00:00,11576,region_109,109,2530,14,Jilin,126.58311,43.79557,615,Cainiao-AI/LaDe:pickup/pickup_jl.csv,113762,76083:pickup,06-15 14:15:00,,,,,,,,,,,,,,left-only,shipment_scans_cleaned,"shipment_scans_cleaned,delay_reports_cleaned",76083
76438,2022-06-11 08:19:00+00:00,accept,on_time,0.0,2022-06-11 09:00:00+00:00,4842,region_122,122,2126,1,Jilin,126.57897,43.84174,611,Cainiao-AI/LaDe:pickup/pickup_jl.csv,187484,76438:accept,06-11 08:19:00,,,,,,,,,,,,,,left-only,shipment_scans_cleaned,"shipment_scans_cleaned,delay_reports_cleaned",76438
76438,2022-06-11 08:44:00+00:00,pickup,on_time,0.0,2022-06-11 11:00:00+00:00,4842,region_122,122,2126,1,Jilin,126.57897,43.84174,611,Cainiao-AI/LaDe:pickup/pickup_jl.csv,187484,76438:pickup,06-11 08:44:00,,,,,,,,,,,,,,left-only,shipment_scans_cleaned,"shipment_scans_cleaned,delay_reports_cleaned",76438
76627,2022-06-18 07:56:00+00:00,accept,on_time,0.0,2022-06-18 09:00:00+00:00,5591,region_91,91,21897,1,Jilin,126.51955,43.81327,618,Cainiao-AI/LaDe:pickup/pickup_jl.csv,100031,76627:accept,06-18 07:56:00,,,,,,,,,,,,,,left-only,shipment_scans_cleaned,"shipment_scans_cleaned,delay_reports_cleaned",76627
76627,2022-06-18 08:16:00+00:00,pickup,on_time,0.0,2022-06-18 11:00:00+00:00,5591,region_91,91,21897,1,Jilin,126.51955,43.81327,618,Cainiao-AI/LaDe:pickup/pickup_jl.csv,100031,76627:pickup,06-18 08:16:00,,,,,,,,,,,,,,left-only,shipment_scans_cleaned,"shipment_scans_cleaned,delay_reports_cleaned",76627
76762,2022-06-15 07:38:00+00:00,accept,on_time,0.0,2022-06-15 09:00:00+00:00,10779,region_11,11,3512,1,Jilin,127.33119,43.72039,615,Cainiao-AI/LaDe:pickup/pickup_jl.csv,10265,76762:accept,06-15 07:38:00,,,,,,,,,,,,,,left-only,shipment_scans_cleaned,"shipment_scans_cleaned,delay_reports_cleaned",76762
76762,2022-06-15 08:10:00+00:00,pickup,on_time,0.0,2022-06-15 11:00:00+00:00,10779,region_11,11,3512,1,Jilin,127.33119,43.72039,615,Cainiao-AI/LaDe:pickup/pickup_jl.csv,10265,76762:pickup,06-15 08:10:00,,,,,,,,,,,,,,left-only,shipment_scans_cleaned,"shipment_scans_cleaned,delay_reports_cleaned",76762
76948,2022-06-05 13:04:00+00:00,accept,on_time,0.0,2022-06-05 15:00:00+00:00,4842,region_122,122,22341,1,Jilin,126.58312,43.84104,605,Cainiao-AI/LaDe:pickup/pickup_jl.csv,200745,76948:accept,06-05 13:04:00,,,,,,,,,,,,,,left-only,shipment_scans_cleaned,"shipment_scans_cleaned,delay_reports_cleaned",76948
76948,2022-06-05 13:28:00+00:00,pickup,on_time,0.0,2022-06-05 17:00:00+00:00,4842,region_122,122,22341,1,Jilin,126.58312,43.84104,605,Cainiao-AI/LaDe:pickup/pickup_jl.csv,200745,76948:pickup,06-05 13:28:00,,,,,,,,,,,,,,left-only,shipment_scans_cleaned,"shipment_scans_cleaned,delay_reports_cleaned",76948
77140,2022-06-08 15:08:00+00:00,accept,on_time,0.0,2022-06-08 15:08:00+00:00,12115,region_11,11,5107,14,Jilin,127.34178,43.71929,608,Cainiao-AI/LaDe:pickup/pickup_jl.csv,11660,77140:accept,06-08 15:08:00,,,,,,,,,,,,,,left-only,shipment_scans_cleaned,"shipment_scans_cleaned,delay_reports_cleaned",77140
77140,2022-06-08 16:19:00+00:00,pickup,on_time,0.0,2022-06-08 17:08:00+00:00,12115,region_11,11,5107,14,Jilin,127.34178,43.71929,608,Cainiao-AI/LaDe:pickup/pickup_jl.csv,11660,77140:pickup,06-08 16:19:00,,,,,,,,,,,,,,left-only,shipment_scans_cleaned,"shipment_scans_cleaned,delay_reports_cleaned",77140
77244,2022-06-13 13:33:00+00:00,accept,on_time,0.0,2022-06-13 15:00:00+00:00,788,region_109,109,585,1,Jilin,126.55614,43.8043,613,Cainiao-AI/LaDe:pickup/pickup_jl.csv,108914,77244:accept,06-13 13:33:00,,,,,,,,,,,,,,left-only,shipment_scans_cleaned,"shipment_scans_cleaned,delay_reports_cleaned",77244
77244,2022-06-13 14:24:00+00:00,pickup,on_time,0.0,2022-06-13 17:00:00+00:00,788,region_109,109,585,1,Jilin,126.55614,43.8043,613,Cainiao-AI/LaDe:pickup/pickup_jl.csv,108914,77244:pickup,06-13 14:24:00,,,,,,,,,,,,,,left-only,shipment_scans_cleaned,"shipment_scans_cleaned,delay_reports_cleaned",77244
77762,2022-06-09 16:10:00+00:00,accept,on_time,0.0,2022-06-09 17:00:00+00:00,2723,region_131,131,20675,1,Jilin,126.57114,43.82715,609,Cainiao-AI/LaDe:pickup/pickup_jl.csv,233026,77762:accept,06-09 16:10:00,,,,,,,,,,,,,,left-only,shipment_scans_cleaned,"shipment_scans_cleaned,delay_reports_cleaned",77762
77762,2022-06-09 16:44:00+00:00,pickup,on_time,0.0,2022-06-09 19:00:00+00:00,2723,region_131,131,20675,1,Jilin,126.57114,43.82715,609,Cainiao-AI/LaDe:pickup/pickup_jl.csv,233026,77762:pickup,06-09 16:44:00,,,,,,,,,,,,,,left-only,shipment_scans_cleaned,"shipment_scans_cleaned,delay_reports_cleaned",77762
77772,2022-06-18 10:58:00+00:00,accept,on_time,0.0,2022-06-18 11:00:00+00:00,1729,region_11,11,5650,1,Jilin,127.33714,43.71132,618,Cainiao-AI/LaDe:pickup/pickup_jl.csv,14104,77772:accept,06-18 10:58:00,,,,,,,,,,,,,,left-only,shipment_scans_cleaned,"shipment_scans_cleaned,delay_reports_cleaned",77772
77772,2022-06-18 11:27:00+00:00,pickup,on_time,0.0,2022-06-18 13:00:00+00:00,1729,region_11,11,5650,1,Jilin,127.33714,43.71132,618,Cainiao-AI/LaDe:pickup/pickup_jl.csv,14104,77772:pickup,06-18 11:27:00,,,,,,,,,,,,,,left-only,shipment_scans_cleaned,"shipment_scans_cleaned,delay_reports_cleaned",77772
77895,2022-06-17 16:45:00+00:00,accept,on_time,0.0,2022-06-18 09:00:00+00:00,2723,region_131,131,11959,1,Jilin,126.5739,43.8283,618,Cainiao-AI/LaDe:pickup/pickup_jl.csv,228817,77895:accept,06-17 16:45:00,,,,,,,,,,,,,,left-only,shipment_scans_cleaned,"shipment_scans_cleaned,delay_reports_cleaned",77895
77895,2022-06-18 08:13:00+00:00,pickup,on_time,0.0,2022-06-18 11:00:00+00:00,2723,region_131,131,11959,1,Jilin,126.5739,43.8283,618,Cainiao-AI/LaDe:pickup/pickup_jl.csv,228817,77895:pickup,06-18 08:13:00,,,,,,,,,,,,,,left-only,shipment_scans_cleaned,"shipment_scans_cleaned,delay_reports_cleaned",77895
78001,2022-06-14 07:35:00+00:00,accept,on_time,0.0,2022-06-14 09:00:00+00:00,1635,region_109,109,17458,14,Jilin,126.59077,43.79022,614,Cainiao-AI/LaDe:pickup/pickup_jl.csv,145794,78001:accept,06-14 07:35:00,,,,,,,,,,,,,,left-only,shipment_scans_cleaned,"shipment_scans_cleaned,delay_reports_cleaned",78001
78001,2022-06-14 09:58:00+00:00,pickup,on_time,0.0,2022-06-14 11:00:00+00:00,1635,region_109,109,17458,14,Jilin,126.59077,43.79022,614,Cainiao-AI/LaDe:pickup/pickup_jl.csv,145794,78001:pickup,06-14 09:58:00,,,,,,,,,,,,,,left-only,shipment_scans_cleaned,"shipment_scans_cleaned,delay_reports_cleaned",78001
78131,2022-06-08 09:49:00+00:00,accept,on_time,0.0,2022-06-08 11:00:00+00:00,6550,region_74,74,19954,1,Jilin,126.52384,43.87067,608,Cainiao-AI/LaDe:pickup/pickup_jl.csv,48298,78131:accept,06-08 09:49:00,,,,,,,,,,,,,,left-only,shipment_scans_cleaned,"shipment_scans_cleaned,delay_reports_cleaned",78131
78131,2022-06-08 11:40:00+00:00,pickup,on_time,0.0,2022-06-08 13:00:00+00:00,6550,region_74,74,19954,1,Jilin,126.52384,43.87067,608,Cainiao-AI/LaDe:pickup/pickup_jl.csv,48298,78131:pickup,06-08 11:40:00,,,,,,,,,,,,,,left-only,shipment_scans_cleaned,"shipment_scans_cleaned,delay_reports_cleaned",78131
78287,2022-06-17 09:31:00+00:00,accept,on_time,0.0,2022-06-17 11:00:00+00:00,11576,region_109,109,14181,1,Jilin,126.57432,43.79275,617,Cainiao-AI/LaDe:pickup/pickup_jl.csv,137874,78287:accept,06-17 09:31:00,,,,,,,,,,,,,,left-only,shipment_scans_cleaned,"shipment_scans_cleaned,delay_reports_cleaned",78287
78287,2022-06-17 10:54:00+00:00,pickup,on_time,0.0,2022-06-17 13:00:00+00:00,11576,region_109,109,14181,1,Jilin,126.57432,43.79275,617,Cainiao-AI/LaDe:pickup/pickup_jl.csv,137874,78287:pickup,06-17 10:54:00,,,,,,,,,,,,,,left-only,shipment_scans_cleaned,"shipment_scans_cleaned,delay_reports_cleaned",78287
78323,2022-06-14 08:17:00+00:00,accept,on_time,0.0,2022-06-14 09:00:00+00:00,4281,region_114,114,16353,14,Jilin,126.73752,42.9708,614,Cainiao-AI/LaDe:pickup/pickup_jl.csv,186225,78323:accept,06-14 08:17:00,,,,,,,,,,,,,,left-only,shipment_scans_cleaned,"shipment_scans_cleaned,delay_reports_cleaned",78323
78323,2022-06-14 09:53:00+00:00,pickup,on_time,0.0,2022-06-14 11:00:00+00:00,4281,region_114,114,16353,14,Jilin,126.73752,42.9708,614,Cainiao-AI/LaDe:pickup/pickup_jl.csv,186225,78323:pickup,06-14 09:53:00,,,,,,,,,,,,,,left-only,shipment_scans_cleaned,"shipment_scans_cleaned,delay_reports_cleaned",78323
79197,2022-06-12 09:59:00+00:00,accept,on_time,0.0,2022-06-12 13:00:00+00:00,788,region_109,109,585,1,Jilin,126.55545,43.8034,612,Cainiao-AI/LaDe:pickup/pickup_jl.csv,109270,79197:accept,06-12 09:59:00,,,,,,,,,,,,,,left-only,shipment_scans_cleaned,"shipment_scans_cleaned,delay_reports_cleaned",79197
79197,2022-06-12 13:32:00+00:00,pickup,on_time,0.0,2022-06-12 15:00:00+00:00,788,region_109,109,585,1,Jilin,126.55545,43.8034,612,Cainiao-AI/LaDe:pickup/pickup_jl.csv,109270,79197:pickup,06-12 13:32:00,,,,,,,,,,,,,,left-only,shipment_scans_cleaned,"shipment_scans_cleaned,delay_reports_cleaned",79197
79258,2022-06-17 09:02:00+00:00,accept,on_time,0.0,2022-06-17 17:00:00+00:00,11077,region_110,110,20274,14,Jilin,126.59798,43.81983,617,Cainiao-AI/LaDe:pickup/pickup_jl.csv,171411,79258:accept,06-17 09:02:00,,,,,,,,,,,,,,left-only,shipment_scans_cleaned,"shipment_scans_cleaned,delay_reports_cleaned",79258
79258,2022-06-17 16:34:00+00:00,pickup,on_time,0.0,2022-06-17 19:00:00+00:00,11077,region_110,110,20274,14,Jilin,126.59798,43.81983,617,Cainiao-AI/LaDe:pickup/pickup_jl.csv,171411,79258:pickup,06-17 16:34:00,,,,,,,,,,,,,,left-only,shipment_scans_cleaned,"shipment_scans_cleaned,delay_reports_cleaned",79258
79703,2022-06-11 08:46:00+00:00,accept,on_time,0.0,2022-06-11 13:00:00+00:00,1700,region_110,110,21817,14,Jilin,126.58832,43.82507,611,Cainiao-AI/LaDe:pickup/pickup_jl.csv,175406,79703:accept,06-11 08:46:00,,,,,,,,,,,,,,left-only,shipment_scans_cleaned,"shipment_scans_cleaned,delay_reports_cleaned",79703
79703,2022-06-11 13:22:00+00:00,pickup,on_time,0.0,2022-06-11 15:00:00+00:00,1700,region_110,110,21817,14,Jilin,126.58832,43.82507,611,Cainiao-AI/LaDe:pickup/pickup_jl.csv,175406,79703:pickup,06-11 13:22:00,,,,,,,,,,,,,,left-only,shipment_scans_cleaned,"shipment_scans_cleaned,delay_reports_cleaned",79703
80164,2022-06-09 15:56:00+00:00,accept,on_time,0.0,2022-06-09 17:00:00+00:00,8233,region_13,13,20027,1,Jilin,126.54295,43.86721,609,Cainiao-AI/LaDe:pickup/pickup_jl.csv,31574,80164:accept,06-09 15:56:00,,,,,,,,,,,,,,left-only,shipment_scans_cleaned,"shipment_scans_cleaned,delay_reports_cleaned",80164
80164,2022-06-09 16:12:00+00:00,pickup,on_time,0.0,2022-06-09 19:00:00+00:00,8233,region_13,13,20027,1,Jilin,126.54295,43.86721,609,Cainiao-AI/LaDe:pickup/pickup_jl.csv,31574,80164:pickup,06-09 16:12:00,,,,,,,,,,,,,,left-only,shipment_scans_cleaned,"shipment_scans_cleaned,delay_reports_cleaned",80164
81258,2022-06-06 08:21:00+00:00,accept,on_time,0.0,2022-06-06 09:00:00+00:00,10101,region_90,90,16154,1,Jilin,126.57575,43.88311,606,Cainiao-AI/LaDe:pickup/pickup_jl.csv,87629,81258:accept,06-06 08:21:00,,,,,,,,,,,,,,left-only,shipment_scans_cleaned,"shipment_scans_cleaned,delay_reports_cleaned",81258
81258,2022-06-06 10:26:00+00:00,pickup,on_time,0.0,2022-06-06 11:00:00+00:00,10101,region_90,90,16154,1,Jilin,126.57575,43.88311,606,Cainiao-AI/LaDe:pickup/pickup_jl.csv,87629,81258:pickup,06-06 10:26:00,,,,,,,,,,,,,,left-only,shipment_scans_cleaned,"shipment_scans_cleaned,delay_reports_cleaned",81258
81365,2022-06-10 08:06:00+00:00,accept,on_time,0.0,2022-06-10 09:00:00+00:00,682,region_109,109,6717,14,Jilin,126.56229,43.8161,610,Cainiao-AI/LaDe:pickup/pickup_jl.csv,121827,81365:accept,06-10 08:06:00,,,,,,,,,,,,,,left-only,shipment_scans_cleaned,"shipment_scans_cleaned,delay_reports_cleaned",81365
81365,2022-06-10 09:15:00+00:00,pickup,on_time,0.0,2022-06-10 23:59:00+00:00,682,region_109,109,6717,14,Jilin,126.56229,43.8161,610,Cainiao-AI/LaDe:pickup/pickup_jl.csv,121827,81365:pickup,06-10 09:15:00,,,,,,,,,,,,,,left-only,shipment_scans_cleaned,"shipment_scans_cleaned,delay_reports_cleaned",81365
81409,2022-06-11 07:18:00+00:00,accept,on_time,0.0,2022-06-11 09:00:00+00:00,3413,region_110,110,23095,14,Jilin,126.60153,43.83286,611,Cainiao-AI/LaDe:pickup/pickup_jl.csv,176755,81409:accept,06-11 07:18:00,,,,,,,,,,,,,,left-only,shipment_scans_cleaned,"shipment_scans_cleaned,delay_reports_cleaned",81409
81409,2022-06-11 09:59:00+00:00,pickup,on_time,0.0,2022-06-11 11:00:00+00:00,3413,region_110,110,23095,14,Jilin,126.60153,43.83286,611,Cainiao-AI/LaDe:pickup/pickup_jl.csv,176755,81409:pickup,06-11 09:59:00,,,,,,,,,,,,,,left-only,shipment_scans_cleaned,"shipment_scans_cleaned,delay_reports_cleaned",81409
81601,2022-06-05 08:07:00+00:00,accept,on_time,0.0,2022-06-05 09:00:00+00:00,10140,region_109,109,5016,14,Jilin,126.56,43.79987,605,Cainiao-AI/LaDe:pickup/pickup_jl.csv,119037,81601:accept,06-05 08:07:00,,,,,,,,,,,,,,left-only,shipment_scans_cleaned,"shipment_scans_cleaned,delay_reports_cleaned",81601
81601,2022-06-05 12:00:00+00:00,pickup,on_time,0.0,2022-06-05 23:59:00+00:00,10140,region_109,109,5016,14,Jilin,126.56,43.79987,605,Cainiao-AI/LaDe:pickup/pickup_jl.csv,119037,81601:pickup,06-05 12:00:00,,,,,,,,,,,,,,left-only,shipment_scans_cleaned,"shipment_scans_cleaned,delay_reports_cleaned",81601
81634,2022-06-06 13:46:00+00:00,accept,on_time,0.0,2022-06-06 17:00:00+00:00,10140,region_109,109,18591,1,Jilin,126.56704,43.80703,606,Cainiao-AI/LaDe:pickup/pickup_jl.csv,148225,81634:accept,06-06 13:46:00,,,,,,,,,,,,,,left-only,shipment_scans_cleaned,"shipment_scans_cleaned,delay_reports_cleaned",81634
81634,2022-06-06 18:46:00+00:00,pickup,on_time,0.0,2022-06-06 19:00:00+00:00,10140,region_109,109,18591,1,Jilin,126.56704,43.80703,606,Cainiao-AI/LaDe:pickup/pickup_jl.csv,148225,81634:pickup,06-06 18:46:00,,,,,,,,,,,,,,left-only,shipment_scans_cleaned,"shipment_scans_cleaned,delay_reports_cleaned",81634
81861,2022-06-05 14:37:00+00:00,accept,on_time,0.0,2022-06-06 09:00:00+00:00,5301,region_9,9,19569,14,Jilin,126.97145,44.41461,606,Cainiao-AI/LaDe:pickup/pickup_jl.csv,7568,81861:accept,06-05 14:37:00,,,,,,,,,,,,,,left-only,shipment_scans_cleaned,"shipment_scans_cleaned,delay_reports_cleaned",81861
81861,2022-06-06 09:53:00+00:00,pickup,on_time,0.0,2022-06-06 11:00:00+00:00,5301,region_9,9,19569,14,Jilin,126.97145,44.41461,606,Cainiao-AI/LaDe:pickup/pickup_jl.csv,7568,81861:pickup,06-06 09:53:00,,,,,,,,,,,,,,left-only,shipment_scans_cleaned,"shipment_scans_cleaned,delay_reports_cleaned",81861
81963,2022-06-08 07:56:00+00:00,accept,on_time,0.0,2022-06-09 17:00:00+00:00,13877,region_91,91,11879,1,Jilin,126.52365,43.81714,608,Cainiao-AI/LaDe:pickup/pickup_jl.csv,96612,81963:accept,06-08 07:56:00,,,,,,,,,,,,,,left-only,shipment_scans_cleaned,"shipment_scans_cleaned,delay_reports_cleaned",81963
81963,2022-06-08 14:35:00+00:00,pickup,on_time,0.0,2022-06-09 19:00:00+00:00,13877,region_91,91,11879,1,Jilin,126.52365,43.81714,608,Cainiao-AI/LaDe:pickup/pickup_jl.csv,96612,81963:pickup,06-08 14:35:00,,,,,,,,,,,,,,left-only,shipment_scans_cleaned,"shipment_scans_cleaned,delay_reports_cleaned",81963
82262,2022-06-10 08:11:00+00:00,accept,on_time,0.0,2022-06-11 13:00:00+00:00,10902,region_128,128,16884,14,Jilin,126.57911,43.84727,611,Cainiao-AI/LaDe:pickup/pickup_jl.csv,216543,82262:accept,06-10 08:11:00,,,,,,,,,,,,,,left-only,shipment_scans_cleaned,"shipment_scans_cleaned,delay_reports_cleaned",82262
82262,2022-06-11 11:08:00+00:00,pickup,on_time,0.0,2022-06-11 15:00:00+00:00,10902,region_128,128,16884,14,Jilin,126.57911,43.84727,611,Cainiao-AI/LaDe:pickup/pickup_jl.csv,216543,82262:pickup,06-11 11:08:00,,,,,,,,,,,,,,left-only,shipment_scans_cleaned,"shipment_scans_cleaned,delay_reports_cleaned",82262
82273,2022-06-05 08:19:00+00:00,accept,on_time,0.0,2022-06-05 09:00:00+00:00,9797,region_131,131,3928,14,Jilin,126.56688,43.83249,605,Cainiao-AI/LaDe:pickup/pickup_jl.csv,222459,82273:accept,06-05 08:19:00,,,,,,,,,,,,,,left-only,shipment_scans_cleaned,"shipment_scans_cleaned,delay_reports_cleaned",82273
82273,2022-06-05 10:17:00+00:00,pickup,on_time,0.0,2022-06-05 11:00:00+00:00,9797,region_131,131,3928,14,Jilin,126.56688,43.83249,605,Cainiao-AI/LaDe:pickup/pickup_jl.csv,222459,82273:pickup,06-05 10:17:00,,,,,,,,,,,,,,left-only,shipment_scans_cleaned,"shipment_scans_cleaned,delay_reports_cleaned",82273
82586,2022-06-17 10:19:00+00:00,accept,on_time,0.0,2022-06-17 13:00:00+00:00,1635,region_109,109,17458,14,Jilin,126.59154,43.7887,617,Cainiao-AI/LaDe:pickup/pickup_jl.csv,145249,82586:accept,06-17 10:19:00,,,,,,,,,,,,,,left-only,shipment_scans_cleaned,"shipment_scans_cleaned,delay_reports_cleaned",82586
82586,2022-06-17 12:53:00+00:00,pickup,on_time,0.0,2022-06-17 15:00:00+00:00,1635,region_109,109,17458,14,Jilin,126.59154,43.7887,617,Cainiao-AI/LaDe:pickup/pickup_jl.csv,145249,82586:pickup,06-17 12:53:00,,,,,,,,,,,,,,left-only,shipment_scans_cleaned,"shipment_scans_cleaned,delay_reports_cleaned",82586
83033,2022-06-10 08:38:00+00:00,accept,on_time,0.0,2022-06-10 17:00:00+00:00,3906,region_13,13,19341,14,Jilin,126.52474,43.87761,610,Cainiao-AI/LaDe:pickup/pickup_jl.csv,28945,83033:accept,06-10 08:38:00,,,,,,,,,,,,,,left-only,shipment_scans_cleaned,"shipment_scans_cleaned,delay_reports_cleaned",83033
83033,2022-06-10 17:02:00+00:00,pickup,on_time,0.0,2022-06-10 19:00:00+00:00,3906,region_13,13,19341,14,Jilin,126.52474,43.87761,610,Cainiao-AI/LaDe:pickup/pickup_jl.csv,28945,83033:pickup,06-10 17:02:00,,,,,,,,,,,,,,left-only,shipment_scans_cleaned,"shipment_scans_cleaned,delay_reports_cleaned",83033
83270,2022-06-06 11:47:00+00:00,accept,on_time,0.0,2022-06-06 13:00:00+00:00,5301,region_9,9,11789,14,Jilin,126.96182,44.40085,606,Cainiao-AI/LaDe:pickup/pickup_jl.csv,3361,83270:accept,06-06 11:47:00,,,,,,,,,,,,,,left-only,shipment_scans_cleaned,"shipment_scans_cleaned,delay_reports_cleaned",83270
83270,2022-06-06 13:34:00+00:00,pickup,on_time,0.0,2022-06-06 15:00:00+00:00,5301,region_9,9,11789,14,Jilin,126.96182,44.40085,606,Cainiao-AI/LaDe:pickup/pickup_jl.csv,3361,83270:pickup,06-06 13:34:00,,,,,,,,,,,,,,left-only,shipment_scans_cleaned,"shipment_scans_cleaned,delay_reports_cleaned",83270
83289,2022-06-08 08:07:00+00:00,accept,on_time,0.0,2022-06-08 09:00:00+00:00,8856,region_90,90,14413,14,Jilin,126.5626,43.88208,608,Cainiao-AI/LaDe:pickup/pickup_jl.csv,85126,83289:accept,06-08 08:07:00,,,,,,,,,,,,,,left-only,shipment_scans_cleaned,"shipment_scans_cleaned,delay_reports_cleaned",83289
83289,2022-06-08 08:33:00+00:00,pickup,on_time,0.0,2022-06-08 11:00:00+00:00,8856,region_90,90,14413,14,Jilin,126.5626,43.88208,608,Cainiao-AI/LaDe:pickup/pickup_jl.csv,85126,83289:pickup,06-08 08:33:00,,,,,,,,,,,,,,left-only,shipment_scans_cleaned,"shipment_scans_cleaned,delay_reports_cleaned",83289
83552,2022-06-06 07:49:00+00:00,accept,on_time,0.0,2022-06-07 09:00:00+00:00,6550,region_74,74,19258,1,Jilin,126.5211,43.86709,607,Cainiao-AI/LaDe:pickup/pickup_jl.csv,47259,83552:accept,06-06 07:49:00,,,,,,,,,,,,,,left-only,shipment_scans_cleaned,"shipment_scans_cleaned,delay_reports_cleaned",83552
83552,2022-06-07 10:08:00+00:00,pickup,on_time,0.0,2022-06-07 11:00:00+00:00,6550,region_74,74,19258,1,Jilin,126.5211,43.86709,607,Cainiao-AI/LaDe:pickup/pickup_jl.csv,47259,83552:pickup,06-07 10:08:00,,,,,,,,,,,,,,left-only,shipment_scans_cleaned,"shipment_scans_cleaned,delay_reports_cleaned",83552
83670,2022-06-05 13:16:00+00:00,accept,on_time,0.0,2022-06-05 15:00:00+00:00,4251,region_132,132,19869,14,Jilin,126.05485,42.94818,605,Cainiao-AI/LaDe:pickup/pickup_jl.csv,257606,83670:accept,06-05 13:16:00,,,,,,,,,,,,,,left-only,shipment_scans_cleaned,"shipment_scans_cleaned,delay_reports_cleaned",83670
83670,2022-06-05 15:42:00+00:00,pickup,on_time,0.0,2022-06-05 17:00:00+00:00,4251,region_132,132,19869,14,Jilin,126.05485,42.94818,605,Cainiao-AI/LaDe:pickup/pickup_jl.csv,257606,83670:pickup,06-05 15:42:00,,,,,,,,,,,,,,left-only,shipment_scans_cleaned,"shipment_scans_cleaned,delay_reports_cleaned",83670
84027,2022-06-17 07:45:00+00:00,accept,on_time,0.0,2022-06-17 09:00:00+00:00,682,region_109,109,10581,1,Jilin,126.56646,43.81473,617,Cainiao-AI/LaDe:pickup/pickup_jl.csv,129397,84027:accept,06-17 07:45:00,,,,,,,,,,,,,,left-only,shipment_scans_cleaned,"shipment_scans_cleaned,delay_reports_cleaned",84027
84027,2022-06-17 08:59:00+00:00,pickup,on_time,0.0,2022-06-17 11:00:00+00:00,682,region_109,109,10581,1,Jilin,126.56646,43.81473,617,Cainiao-AI/LaDe:pickup/pickup_jl.csv,129397,84027:pickup,06-17 08:59:00,,,,,,,,,,,,,,left-only,shipment_scans_cleaned,"shipment_scans_cleaned,delay_reports_cleaned",84027
84567,2022-06-17 09:09:00+00:00,accept,on_time,0.0,2022-06-17 15:00:00+00:00,1090,region_109,109,21020,14,Jilin,126.5567,43.81051,617,Cainiao-AI/LaDe:pickup/pickup_jl.csv,153298,84567:accept,06-17 09:09:00,,,,,,,,,,,,,,left-only,shipment_scans_cleaned,"shipment_scans_cleaned,delay_reports_cleaned",84567
84567,2022-06-17 14:46:00+00:00,pickup,on_time,0.0,2022-06-17 17:00:00+00:00,1090,region_109,109,21020,14,Jilin,126.5567,43.81051,617,Cainiao-AI/LaDe:pickup/pickup_jl.csv,153298,84567:pickup,06-17 14:46:00,,,,,,,,,,,,,,left-only,shipment_scans_cleaned,"shipment_scans_cleaned,delay_reports_cleaned",84567
84992,2022-06-08 08:15:00+00:00,accept,on_time,0.0,2022-06-08 09:00:00+00:00,10781,region_85,85,12273,1,Jilin,126.55274,43.87221,608,Cainiao-AI/LaDe:pickup/pickup_jl.csv,65216,84992:accept,06-08 08:15:00,,,,,,,,,,,,,,left-only,shipment_scans_cleaned,"shipment_scans_cleaned,delay_reports_cleaned",84992
84992,2022-06-08 09:27:00+00:00,pickup,on_time,0.0,2022-06-08 11:00:00+00:00,10781,region_85,85,12273,1,Jilin,126.55274,43.87221,608,Cainiao-AI/LaDe:pickup/pickup_jl.csv,65216,84992:pickup,06-08 09:27:00,,,,,,,,,,,,,,left-only,shipment_scans_cleaned,"shipment_scans_cleaned,delay_reports_cleaned",84992
85653,2022-06-10 14:05:00+00:00,accept,on_time,0.0,2022-06-10 15:00:00+00:00,5190,region_74,74,10656,1,Jilin,126.53054,43.86461,610,Cainiao-AI/LaDe:pickup/pickup_jl.csv,41181,85653:accept,06-10 14:05:00,,,,,,,,,,,,,,left-only,shipment_scans_cleaned,"shipment_scans_cleaned,delay_reports_cleaned",85653
85653,2022-06-10 16:07:00+00:00,pickup,on_time,0.0,2022-06-10 17:00:00+00:00,5190,region_74,74,10656,1,Jilin,126.53054,43.86461,610,Cainiao-AI/LaDe:pickup/pickup_jl.csv,41181,85653:pickup,06-10 16:07:00,,,,,,,,,,,,,,left-only,shipment_scans_cleaned,"shipment_scans_cleaned,delay_reports_cleaned",85653
85910,2022-06-08 08:24:00+00:00,accept,on_time,0.0,2022-06-08 09:00:00+00:00,7635,region_131,131,9760,14,Jilin,126.57187,43.82387,608,Cainiao-AI/LaDe:pickup/pickup_jl.csv,226414,85910:accept,06-08 08:24:00,,,,,,,,,,,,,,left-only,shipment_scans_cleaned,"shipment_scans_cleaned,delay_reports_cleaned",85910
85910,2022-06-08 08:31:00+00:00,pickup,on_time,0.0,2022-06-08 11:00:00+00:00,7635,region_131,131,9760,14,Jilin,126.57187,43.82387,608,Cainiao-AI/LaDe:pickup/pickup_jl.csv,226414,85910:pickup,06-08 08:31:00,,,,,,,,,,,,,,left-only,shipment_scans_cleaned,"shipment_scans_cleaned,delay_reports_cleaned",85910
85963,2022-06-18 07:23:00+00:00,accept,on_time,0.0,2022-06-18 15:00:00+00:00,13838,region_128,128,15486,14,Jilin,126.59403,43.86205,618,Cainiao-AI/LaDe:pickup/pickup_jl.csv,215330,85963:accept,06-18 07:23:00,,,,,,,,,,,,,,left-only,shipment_scans_cleaned,"shipment_scans_cleaned,delay_reports_cleaned",85963
85963,2022-06-18 16:43:00+00:00,pickup,on_time,0.0,2022-06-18 17:00:00+00:00,13838,region_128,128,15486,14,Jilin,126.59403,43.86205,618,Cainiao-AI/LaDe:pickup/pickup_jl.csv,215330,85963:pickup,06-18 16:43:00,,,,,,,,,,,,,,left-only,shipment_scans_cleaned,"shipment_scans_cleaned,delay_reports_cleaned",85963
85996,2022-06-17 10:29:00+00:00,accept,on_time,0.0,2022-06-17 11:00:00+00:00,8009,region_110,110,15363,1,Jilin,126.59056,43.82096,617,Cainiao-AI/LaDe:pickup/pickup_jl.csv,165450,85996:accept,06-17 10:29:00,,,,,,,,,,,,,,left-only,shipment_scans_cleaned,"shipment_scans_cleaned,delay_reports_cleaned",85996
85996,2022-06-17 11:18:00+00:00,pickup,on_time,0.0,2022-06-17 13:00:00+00:00,8009,region_110,110,15363,1,Jilin,126.59056,43.82096,617,Cainiao-AI/LaDe:pickup/pickup_jl.csv,165450,85996:pickup,06-17 11:18:00,,,,,,,,,,,,,,left-only,shipment_scans_cleaned,"shipment_scans_cleaned,delay_reports_cleaned",85996
86598,2022-06-05 11:36:00+00:00,accept,on_time,0.0,2022-06-06 13:00:00+00:00,2723,region_131,131,8428,14,Jilin,126.56536,43.82673,606,Cainiao-AI/LaDe:pickup/pickup_jl.csv,225850,86598:accept,06-05 11:36:00,,,,,,,,,,,,,,left-only,shipment_scans_cleaned,"shipment_scans_cleaned,delay_reports_cleaned",86598
86598,2022-06-06 13:23:00+00:00,pickup,on_time,0.0,2022-06-06 15:00:00+00:00,2723,region_131,131,8428,14,Jilin,126.56536,43.82673,606,Cainiao-AI/LaDe:pickup/pickup_jl.csv,225850,86598:pickup,06-06 13:23:00,,,,,,,,,,,,,,left-only,shipment_scans_cleaned,"shipment_scans_cleaned,delay_reports_cleaned",86598
86688,2022-06-09 07:51:00+00:00,accept,on_time,0.0,2022-06-10 17:00:00+00:00,11828,region_122,122,7759,14,Jilin,126.59401,43.84324,609,Cainiao-AI/LaDe:pickup/pickup_jl.csv,192583,86688:accept,06-09 07:51:00,,,,,,,,,,,,,,left-only,shipment_scans_cleaned,"shipment_scans_cleaned,delay_reports_cleaned",86688
86688,2022-06-09 13:20:00+00:00,pickup,on_time,0.0,2022-06-10 19:00:00+00:00,11828,region_122,122,7759,14,Jilin,126.59401,43.84324,609,Cainiao-AI/LaDe:pickup/pickup_jl.csv,192583,86688:pickup,06-09 13:20:00,,,,,,,,,,,,,,left-only,shipment_scans_cleaned,"shipment_scans_cleaned,delay_reports_cleaned",86688
86975,2022-06-06 09:51:00+00:00,accept,on_time,0.0,2022-06-06 13:00:00+00:00,3413,region_110,110,23864,1,Jilin,126.60121,43.83377,606,Cainiao-AI/LaDe:pickup/pickup_jl.csv,178149,86975:accept,06-06 09:51:00,,,,,,,,,,,,,,left-only,shipment_scans_cleaned,"shipment_scans_cleaned,delay_reports_cleaned",86975
86975,2022-06-06 14:19:00+00:00,pickup,on_time,0.0,2022-06-06 15:00:00+00:00,3413,region_110,110,23864,1,Jilin,126.60121,43.83377,606,Cainiao-AI/LaDe:pickup/pickup_jl.csv,178149,86975:pickup,06-06 14:19:00,,,,,,,,,,,,,,left-only,shipment_scans_cleaned,"shipment_scans_cleaned,delay_reports_cleaned",86975
87129,2022-06-15 08:23:00+00:00,accept,on_time,0.0,2022-06-16 17:00:00+00:00,7635,region_131,131,10217,14,Jilin,126.57882,43.82346,616,Cainiao-AI/LaDe:pickup/pickup_jl.csv,227299,87129:accept,06-15 08:23:00,,,,,,,,,,,,,,left-only,shipment_scans_cleaned,"shipment_scans_cleaned,delay_reports_cleaned",87129
87129,2022-06-16 11:56:00+00:00,pickup,on_time,0.0,2022-06-16 19:00:00+00:00,7635,region_131,131,10217,14,Jilin,126.57882,43.82346,616,Cainiao-AI/LaDe:pickup/pickup_jl.csv,227299,87129:pickup,06-16 11:56:00,,,,,,,,,,,,,,left-only,shipment_scans_cleaned,"shipment_scans_cleaned,delay_reports_cleaned",87129
87178,2022-06-06 08:17:00+00:00,accept,on_time,0.0,2022-06-06 17:00:00+00:00,8009,region_110,110,15363,1,Jilin,126.58573,43.81984,606,Cainiao-AI/LaDe:pickup/pickup_jl.csv,164333,87178:accept,06-06 08:17:00,,,,,,,,,,,,,,left-only,shipment_scans_cleaned,"shipment_scans_cleaned,delay_reports_cleaned",87178
87178,2022-06-06 17:34:00+00:00,pickup,on_time,0.0,2022-06-06 19:00:00+00:00,8009,region_110,110,15363,1,Jilin,126.58573,43.81984,606,Cainiao-AI/LaDe:pickup/pickup_jl.csv,164333,87178:pickup,06-06 17:34:00,,,,,,,,,,,,,,left-only,shipment_scans_cleaned,"shipment_scans_cleaned,delay_reports_cleaned",87178
87293,2022-06-17 10:38:00+00:00,accept,on_time,0.0,2022-06-17 10:38:00+00:00,10902,region_128,128,20524,1,Jilin,126.5757,43.8488,617,Cainiao-AI/LaDe:pickup/pickup_jl.csv,218177,87293:accept,06-17 10:38:00,,,,,,,,,,,,,,left-only,shipment_scans_cleaned,"shipment_scans_cleaned,delay_reports_cleaned",87293
87293,2022-06-17 11:21:00+00:00,pickup,on_time,0.0,2022-06-17 12:38:00+00:00,10902,region_128,128,20524,1,Jilin,126.5757,43.8488,617,Cainiao-AI/LaDe:pickup/pickup_jl.csv,218177,87293:pickup,06-17 11:21:00,,,,,,,,,,,,,,left-only,shipment_scans_cleaned,"shipment_scans_cleaned,delay_reports_cleaned",87293
87301,2022-06-15 10:00:00+00:00,accept,on_time,0.0,2022-06-15 10:00:00+00:00,15530,region_74,74,3585,14,Jilin,126.51674,43.87099,615,Cainiao-AI/LaDe:pickup/pickup_jl.csv,40470,87301:accept,06-15 10:00:00,,,,,,,,,,,,,,left-only,shipment_scans_cleaned,"shipment_scans_cleaned,delay_reports_cleaned",87301
87301,2022-06-15 10:21:00+00:00,pickup,on_time,0.0,2022-06-15 12:00:00+00:00,15530,region_74,74,3585,14,Jilin,126.51674,43.87099,615,Cainiao-AI/LaDe:pickup/pickup_jl.csv,40470,87301:pickup,06-15 10:21:00,,,,,,,,,,,,,,left-only,shipment_scans_cleaned,"shipment_scans_cleaned,delay_reports_cleaned",87301
87835,2022-06-06 07:48:00+00:00,accept,on_time,0.0,2022-06-06 09:00:00+00:00,1700,region_110,110,21817,14,Jilin,126.58842,43.82341,606,Cainiao-AI/LaDe:pickup/pickup_jl.csv,175667,87835:accept,06-06 07:48:00,,,,,,,,,,,,,,left-only,shipment_scans_cleaned,"shipment_scans_cleaned,delay_reports_cleaned",87835
87835,2022-06-06 09:05:00+00:00,pickup,on_time,0.0,2022-06-06 11:00:00+00:00,1700,region_110,110,21817,14,Jilin,126.58842,43.82341,606,Cainiao-AI/LaDe:pickup/pickup_jl.csv,175667,87835:pickup,06-06 09:05:00,,,,,,,,,,,,,,left-only,shipment_scans_cleaned,"shipment_scans_cleaned,delay_reports_cleaned",87835
87926,2022-06-17 15:26:00+00:00,accept,on_time,0.0,2022-06-17 17:00:00+00:00,15530,region_74,74,19508,14,Jilin,126.50834,43.85965,617,Cainiao-AI/LaDe:pickup/pickup_jl.csv,47707,87926:accept,06-17 15:26:00,,,,,,,,,,,,,,left-only,shipment_scans_cleaned,"shipment_scans_cleaned,delay_reports_cleaned",87926
87926,2022-06-17 16:41:00+00:00,pickup,on_time,0.0,2022-06-17 19:00:00+00:00,15530,region_74,74,19508,14,Jilin,126.50834,43.85965,617,Cainiao-AI/LaDe:pickup/pickup_jl.csv,47707,87926:pickup,06-17 16:41:00,,,,,,,,,,,,,,left-only,shipment_scans_cleaned,"shipment_scans_cleaned,delay_reports_cleaned",87926
88049,2022-06-17 08:18:00+00:00,accept,on_time,0.0,2022-06-17 09:00:00+00:00,1700,region_110,110,21817,14,Jilin,126.58836,43.82344,617,Cainiao-AI/LaDe:pickup/pickup_jl.csv,175197,88049:accept,06-17 08:18:00,,,,,,,,,,,,,,left-only,shipment_scans_cleaned,"shipment_scans_cleaned,delay_reports_cleaned",88049
88049,2022-06-17 08:39:00+00:00,pickup,on_time,0.0,2022-06-17 11:00:00+00:00,1700,region_110,110,21817,14,Jilin,126.58836,43.82344,617,Cainiao-AI/LaDe:pickup/pickup_jl.csv,175197,88049:pickup,06-17 08:39:00,,,,,,,,,,,,,,left-only,shipment_scans_cleaned,"shipment_scans_cleaned,delay_reports_cleaned",88049
88421,2022-06-10 07:56:00+00:00,accept,on_time,0.0,2022-06-10 09:00:00+00:00,5190,region_74,74,10656,1,Jilin,126.53288,43.86405,610,Cainiao-AI/LaDe:pickup/pickup_jl.csv,41419,88421:accept,06-10 07:56:00,,,,,,,,,,,,,,left-only,shipment_scans_cleaned,"shipment_scans_cleaned,delay_reports_cleaned",88421
88421,2022-06-10 08:44:00+00:00,pickup,on_time,0.0,2022-06-10 11:00:00+00:00,5190,region_74,74,10656,1,Jilin,126.53288,43.86405,610,Cainiao-AI/LaDe:pickup/pickup_jl.csv,41419,88421:pickup,06-10 08:44:00,,,,,,,,,,,,,,left-only,shipment_scans_cleaned,"shipment_scans_cleaned,delay_reports_cleaned",88421
88769,2022-06-15 07:47:00+00:00,accept,on_time,0.0,2022-06-15 09:00:00+00:00,1635,region_109,109,14181,1,Jilin,126.57908,43.79219,615,Cainiao-AI/LaDe:pickup/pickup_jl.csv,134730,88769:accept,06-15 07:47:00,,,,,,,,,,,,,,left-only,shipment_scans_cleaned,"shipment_scans_cleaned,delay_reports_cleaned",88769
88769,2022-06-15 10:06:00+00:00,pickup,on_time,0.0,2022-06-15 11:00:00+00:00,1635,region_109,109,14181,1,Jilin,126.57908,43.79219,615,Cainiao-AI/LaDe:pickup/pickup_jl.csv,134730,88769:pickup,06-15 10:06:00,,,,,,,,,,,,,,left-only,shipment_scans_cleaned,"shipment_scans_cleaned,delay_reports_cleaned",88769
88779,2022-06-15 09:16:00+00:00,accept,on_time,0.0,2022-06-15 17:00:00+00:00,10101,region_90,90,703,1,Jilin,126.56905,43.88225,615,Cainiao-AI/LaDe:pickup/pickup_jl.csv,71860,88779:accept,06-15 09:16:00,,,,,,,,,,,,,,left-only,shipment_scans_cleaned,"shipment_scans_cleaned,delay_reports_cleaned",88779
88779,2022-06-15 18:37:00+00:00,pickup,on_time,0.0,2022-06-15 19:00:00+00:00,10101,region_90,90,703,1,Jilin,126.56905,43.88225,615,Cainiao-AI/LaDe:pickup/pickup_jl.csv,71860,88779:pickup,06-15 18:37:00,,,,,,,,,,,,,,left-only,shipment_scans_cleaned,"shipment_scans_cleaned,delay_reports_cleaned",88779
88842,2022-06-09 12:14:00+00:00,accept,on_time,0.0,2022-06-09 12:14:00+00:00,10781,region_85,85,3894,1,Jilin,126.55206,43.86858,609,Cainiao-AI/LaDe:pickup/pickup_jl.csv,54551,88842:accept,06-09 12:14:00,,,,,,,,,,,,,,left-only,shipment_scans_cleaned,"shipment_scans_cleaned,delay_reports_cleaned",88842
88842,2022-06-09 14:06:00+00:00,pickup,on_time,0.0,2022-06-09 14:14:00+00:00,10781,region_85,85,3894,1,Jilin,126.55206,43.86858,609,Cainiao-AI/LaDe:pickup/pickup_jl.csv,54551,88842:pickup,06-09 14:06:00,,,,,,,,,,,,,,left-only,shipment_scans_cleaned,"shipment_scans_cleaned,delay_reports_cleaned",88842
89589,2022-06-18 12:41:00+00:00,accept,on_time,0.0,2022-06-18 13:00:00+00:00,7180,region_90,90,17851,14,Jilin,126.57038,43.87968,618,Cainiao-AI/LaDe:pickup/pickup_jl.csv,88607,89589:accept,06-18 12:41:00,,,,,,,,,,,,,,left-only,shipment_scans_cleaned,"shipment_scans_cleaned,delay_reports_cleaned",89589
89589,2022-06-18 14:05:00+00:00,pickup,on_time,0.0,2022-06-18 15:00:00+00:00,7180,region_90,90,17851,14,Jilin,126.57038,43.87968,618,Cainiao-AI/LaDe:pickup/pickup_jl.csv,88607,89589:pickup,06-18 14:05:00,,,,,,,,,,,,,,left-only,shipment_scans_cleaned,"shipment_scans_cleaned,delay_reports_cleaned",89589
89635,2022-06-10 07:12:00+00:00,accept,on_time,0.0,2022-06-10 09:00:00+00:00,3461,region_132,132,16808,14,Jilin,126.07115,42.94935,610,Cainiao-AI/LaDe:pickup/pickup_jl.csv,253441,89635:accept,06-10 07:12:00,,,,,,,,,,,,,,left-only,shipment_scans_cleaned,"shipment_scans_cleaned,delay_reports_cleaned",89635
89635,2022-06-10 10:18:00+00:00,pickup,on_time,0.0,2022-06-10 11:00:00+00:00,3461,region_132,132,16808,14,Jilin,126.07115,42.94935,610,Cainiao-AI/LaDe:pickup/pickup_jl.csv,253441,89635:pickup,06-10 10:18:00,,,,,,,,,,,,,,left-only,shipment_scans_cleaned,"shipment_scans_cleaned,delay_reports_cleaned",89635
89971,2022-06-10 07:37:00+00:00,accept,on_time,0.0,2022-06-10 09:00:00+00:00,788,region_109,109,3755,14,Jilin,126.55566,43.80125,610,Cainiao-AI/LaDe:pickup/pickup_jl.csv,116238,89971:accept,06-10 07:37:00,,,,,,,,,,,,,,left-only,shipment_scans_cleaned,"shipment_scans_cleaned,delay_reports_cleaned",89971
89971,2022-06-10 10:47:00+00:00,pickup,on_time,0.0,2022-06-10 23:59:00+00:00,788,region_109,109,3755,14,Jilin,126.55566,43.80125,610,Cainiao-AI/LaDe:pickup/pickup_jl.csv,116238,89971:pickup,06-10 10:47:00,,,,,,,,,,,,,,left-only,shipment_scans_cleaned,"shipment_scans_cleaned,delay_reports_cleaned",89971
90218,2022-06-15 08:05:00+00:00,accept,on_time,0.0,2022-06-15 09:00:00+00:00,1635,region_109,109,14181,1,Jilin,126.5819,43.79261,615,Cainiao-AI/LaDe:pickup/pickup_jl.csv,134720,90218:accept,06-15 08:05:00,,,,,,,,,,,,,,left-only,shipment_scans_cleaned,"shipment_scans_cleaned,delay_reports_cleaned",90218
90218,2022-06-15 10:27:00+00:00,pickup,on_time,0.0,2022-06-15 11:00:00+00:00,1635,region_109,109,14181,1,Jilin,126.5819,43.79261,615,Cainiao-AI/LaDe:pickup/pickup_jl.csv,134720,90218:pickup,06-15 10:27:00,,,,,,,,,,,,,,left-only,shipment_scans_cleaned,"shipment_scans_cleaned,delay_reports_cleaned",90218
90270,2022-06-14 13:49:00+00:00,accept,on_time,0.0,2022-06-14 15:00:00+00:00,7635,region_131,131,9760,14,Jilin,126.57195,43.82279,614,Cainiao-AI/LaDe:pickup/pickup_jl.csv,226441,90270:accept,06-14 13:49:00,,,,,,,,,,,,,,left-only,shipment_scans_cleaned,"shipment_scans_cleaned,delay_reports_cleaned",90270
90270,2022-06-14 16:33:00+00:00,pickup,on_time,0.0,2022-06-14 17:00:00+00:00,7635,region_131,131,9760,14,Jilin,126.57195,43.82279,614,Cainiao-AI/LaDe:pickup/pickup_jl.csv,226441,90270:pickup,06-14 16:33:00,,,,,,,,,,,,,,left-only,shipment_scans_cleaned,"shipment_scans_cleaned,delay_reports_cleaned",90270
90379,2022-06-15 07:42:00+00:00,accept,on_time,0.0,2022-06-15 09:00:00+00:00,1700,region_110,110,2764,1,Jilin,126.5847,43.82335,615,Cainiao-AI/LaDe:pickup/pickup_jl.csv,157528,90379:accept,06-15 07:42:00,,,,,,,,,,,,,,left-only,shipment_scans_cleaned,"shipment_scans_cleaned,delay_reports_cleaned",90379
90379,2022-06-15 09:17:00+00:00,pickup,on_time,0.0,2022-06-15 23:59:00+00:00,1700,region_110,110,2764,1,Jilin,126.5847,43.82335,615,Cainiao-AI/LaDe:pickup/pickup_jl.csv,157528,90379:pickup,06-15 09:17:00,,,,,,,,,,,,,,left-only,shipment_scans_cleaned,"shipment_scans_cleaned,delay_reports_cleaned",90379
90510,2022-06-17 09:04:00+00:00,accept,on_time,0.0,2022-06-17 13:00:00+00:00,4842,region_122,122,13275,1,Jilin,126.58099,43.84287,617,Cainiao-AI/LaDe:pickup/pickup_jl.csv,194365,90510:accept,06-17 09:04:00,,,,,,,,,,,,,,left-only,shipment_scans_cleaned,"shipment_scans_cleaned,delay_reports_cleaned",90510
90510,2022-06-17 14:10:00+00:00,pickup,on_time,0.0,2022-06-17 15:00:00+00:00,4842,region_122,122,13275,1,Jilin,126.58099,43.84287,617,Cainiao-AI/LaDe:pickup/pickup_jl.csv,194365,90510:pickup,06-17 14:10:00,,,,,,,,,,,,,,left-only,shipment_scans_cleaned,"shipment_scans_cleaned,delay_reports_cleaned",90510
91144,2022-06-16 07:39:00+00:00,accept,on_time,0.0,2022-06-16 09:00:00+00:00,13219,region_128,128,12781,14,Jilin,126.58122,43.84643,616,Cainiao-AI/LaDe:pickup/pickup_jl.csv,212816,91144:accept,06-16 07:39:00,,,,,,,,,,,,,,left-only,shipment_scans_cleaned,"shipment_scans_cleaned,delay_reports_cleaned",91144
91144,2022-06-16 10:13:00+00:00,pickup,on_time,0.0,2022-06-16 11:00:00+00:00,13219,region_128,128,12781,14,Jilin,126.58122,43.84643,616,Cainiao-AI/LaDe:pickup/pickup_jl.csv,212816,91144:pickup,06-16 10:13:00,,,,,,,,,,,,,,left-only,shipment_scans_cleaned,"shipment_scans_cleaned,delay_reports_cleaned",91144
91152,2022-06-15 08:45:00+00:00,accept,on_time,0.0,2022-06-15 17:00:00+00:00,6075,region_85,85,18411,1,Jilin,126.54803,43.87425,615,Cainiao-AI/LaDe:pickup/pickup_jl.csv,67736,91152:accept,06-15 08:45:00,,,,,,,,,,,,,,left-only,shipment_scans_cleaned,"shipment_scans_cleaned,delay_reports_cleaned",91152
91152,2022-06-15 17:13:00+00:00,pickup,on_time,0.0,2022-06-15 19:00:00+00:00,6075,region_85,85,18411,1,Jilin,126.54803,43.87425,615,Cainiao-AI/LaDe:pickup/pickup_jl.csv,67736,91152:pickup,06-15 17:13:00,,,,,,,,,,,,,,left-only,shipment_scans_cleaned,"shipment_scans_cleaned,delay_reports_cleaned",91152
91519,2022-06-15 07:56:00+00:00,accept,on_time,0.0,2022-06-15 09:00:00+00:00,8233,region_13,13,20027,1,Jilin,126.54071,43.86551,615,Cainiao-AI/LaDe:pickup/pickup_jl.csv,31941,91519:accept,06-15 07:56:00,,,,,,,,,,,,,,left-only,shipment_scans_cleaned,"shipment_scans_cleaned,delay_reports_cleaned",91519
91519,2022-06-15 10:02:00+00:00,pickup,on_time,0.0,2022-06-15 11:00:00+00:00,8233,region_13,13,20027,1,Jilin,126.54071,43.86551,615,Cainiao-AI/LaDe:pickup/pickup_jl.csv,31941,91519:pickup,06-15 10:02:00,,,,,,,,,,,,,,left-only,shipment_scans_cleaned,"shipment_scans_cleaned,delay_reports_cleaned",91519
92442,2022-06-05 15:53:00+00:00,accept,on_time,0.0,2022-06-05 15:53:00+00:00,11077,region_110,110,20274,14,Jilin,126.58991,43.81861,605,Cainiao-AI/LaDe:pickup/pickup_jl.csv,171163,92442:accept,06-05 15:53:00,,,,,,,,,,,,,,left-only,shipment_scans_cleaned,"shipment_scans_cleaned,delay_reports_cleaned",92442
92442,2022-06-05 16:57:00+00:00,pickup,on_time,0.0,2022-06-05 17:53:00+00:00,11077,region_110,110,20274,14,Jilin,126.58991,43.81861,605,Cainiao-AI/LaDe:pickup/pickup_jl.csv,171163,92442:pickup,06-05 16:57:00,,,,,,,,,,,,,,left-only,shipment_scans_cleaned,"shipment_scans_cleaned,delay_reports_cleaned",92442
92761,2022-06-05 16:19:00+00:00,accept,on_time,0.0,2022-06-06 17:00:00+00:00,13877,region_91,91,7650,14,Jilin,126.51671,43.81968,606,Cainiao-AI/LaDe:pickup/pickup_jl.csv,96171,92761:accept,06-05 16:19:00,,,,,,,,,,,,,,left-only,shipment_scans_cleaned,"shipment_scans_cleaned,delay_reports_cleaned",92761
92761,2022-06-06 07:52:00+00:00,pickup,on_time,0.0,2022-06-06 19:00:00+00:00,13877,region_91,91,7650,14,Jilin,126.51671,43.81968,606,Cainiao-AI/LaDe:pickup/pickup_jl.csv,96171,92761:pickup,06-06 07:52:00,,,,,,,,,,,,,,left-only,shipment_scans_cleaned,"shipment_scans_cleaned,delay_reports_cleaned",92761
93140,2022-06-07 08:06:00+00:00,accept,on_time,0.0,2022-06-07 09:00:00+00:00,12814,region_109,109,15739,1,Jilin,126.54967,43.81537,607,Cainiao-AI/LaDe:pickup/pickup_jl.csv,141345,93140:accept,06-07 08:06:00,,,,,,,,,,,,,,left-only,shipment_scans_cleaned,"shipment_scans_cleaned,delay_reports_cleaned",93140
93140,2022-06-07 09:05:00+00:00,pickup,on_time,0.0,2022-06-07 11:00:00+00:00,12814,region_109,109,15739,1,Jilin,126.54967,43.81537,607,Cainiao-AI/LaDe:pickup/pickup_jl.csv,141345,93140:pickup,06-07 09:05:00,,,,,,,,,,,,,,left-only,shipment_scans_cleaned,"shipment_scans_cleaned,delay_reports_cleaned",93140
93157,2022-06-10 09:44:00+00:00,accept,on_time,0.0,2022-06-10 11:00:00+00:00,10779,region_11,11,7868,14,Jilin,127.33111,43.71742,610,Cainiao-AI/LaDe:pickup/pickup_jl.csv,16146,93157:accept,06-10 09:44:00,,,,,,,,,,,,,,left-only,shipment_scans_cleaned,"shipment_scans_cleaned,delay_reports_cleaned",93157
93157,2022-06-10 12:45:00+00:00,pickup,on_time,0.0,2022-06-10 13:00:00+00:00,10779,region_11,11,7868,14,Jilin,127.33111,43.71742,610,Cainiao-AI/LaDe:pickup/pickup_jl.csv,16146,93157:pickup,06-10 12:45:00,,,,,,,,,,,,,,left-only,shipment_scans_cleaned,"shipment_scans_cleaned,delay_reports_cleaned",93157
93370,2022-06-05 08:02:00+00:00,accept,on_time,0.0,2022-06-05 09:00:00+00:00,6774,region_109,109,14181,1,Jilin,126.58099,43.7923,605,Cainiao-AI/LaDe:pickup/pickup_jl.csv,135991,93370:accept,06-05 08:02:00,,,,,,,,,,,,,,left-only,shipment_scans_cleaned,"shipment_scans_cleaned,delay_reports_cleaned",93370
93370,2022-06-05 08:53:00+00:00,pickup,on_time,0.0,2022-06-05 11:00:00+00:00,6774,region_109,109,14181,1,Jilin,126.58099,43.7923,605,Cainiao-AI/LaDe:pickup/pickup_jl.csv,135991,93370:pickup,06-05 08:53:00,,,,,,,,,,,,,,left-only,shipment_scans_cleaned,"shipment_scans_cleaned,delay_reports_cleaned",93370
93532,2022-06-16 08:19:00+00:00,accept,on_time,0.0,2022-06-16 09:00:00+00:00,1700,region_110,110,2764,1,Jilin,126.58491,43.82359,616,Cainiao-AI/LaDe:pickup/pickup_jl.csv,157973,93532:accept,06-16 08:19:00,,,,,,,,,,,,,,left-only,shipment_scans_cleaned,"shipment_scans_cleaned,delay_reports_cleaned",93532
93532,2022-06-16 10:02:00+00:00,pickup,on_time,0.0,2022-06-16 11:00:00+00:00,1700,region_110,110,2764,1,Jilin,126.58491,43.82359,616,Cainiao-AI/LaDe:pickup/pickup_jl.csv,157973,93532:pickup,06-16 10:02:00,,,,,,,,,,,,,,left-only,shipment_scans_cleaned,"shipment_scans_cleaned,delay_reports_cleaned",93532
93845,2022-06-07 09:10:00+00:00,accept,on_time,0.0,2022-06-07 09:10:00+00:00,2119,region_109,109,15623,14,Jilin,126.60627,43.7871,607,Cainiao-AI/LaDe:pickup/pickup_jl.csv,140281,93845:accept,06-07 09:10:00,,,,,,,,,,,,,,left-only,shipment_scans_cleaned,"shipment_scans_cleaned,delay_reports_cleaned",93845
93845,2022-06-07 10:00:00+00:00,pickup,on_time,0.0,2022-06-07 11:10:00+00:00,2119,region_109,109,15623,14,Jilin,126.60627,43.7871,607,Cainiao-AI/LaDe:pickup/pickup_jl.csv,140281,93845:pickup,06-07 10:00:00,,,,,,,,,,,,,,left-only,shipment_scans_cleaned,"shipment_scans_cleaned,delay_reports_cleaned",93845
93868,2022-06-09 08:41:00+00:00,accept,on_time,0.0,2022-06-09 17:00:00+00:00,9229,region_110,110,20274,14,Jilin,126.60471,43.81518,609,Cainiao-AI/LaDe:pickup/pickup_jl.csv,170714,93868:accept,06-09 08:41:00,,,,,,,,,,,,,,left-only,shipment_scans_cleaned,"shipment_scans_cleaned,delay_reports_cleaned",93868
93868,2022-06-09 16:59:00+00:00,pickup,on_time,0.0,2022-06-09 19:00:00+00:00,9229,region_110,110,20274,14,Jilin,126.60471,43.81518,609,Cainiao-AI/LaDe:pickup/pickup_jl.csv,170714,93868:pickup,06-09 16:59:00,,,,,,,,,,,,,,left-only,shipment_scans_cleaned,"shipment_scans_cleaned,delay_reports_cleaned",93868
94127,2022-06-17 07:51:00+00:00,accept,on_time,0.0,2022-06-17 09:00:00+00:00,15530,region_74,74,19893,14,Jilin,126.51134,43.87032,617,Cainiao-AI/LaDe:pickup/pickup_jl.csv,48182,94127:accept,06-17 07:51:00,,,,,,,,,,,,,,left-only,shipment_scans_cleaned,"shipment_scans_cleaned,delay_reports_cleaned",94127
94127,2022-06-17 09:59:00+00:00,pickup,on_time,0.0,2022-06-17 23:59:00+00:00,15530,region_74,74,19893,14,Jilin,126.51134,43.87032,617,Cainiao-AI/LaDe:pickup/pickup_jl.csv,48182,94127:pickup,06-17 09:59:00,,,,,,,,,,,,,,left-only,shipment_scans_cleaned,"shipment_scans_cleaned,delay_reports_cleaned",94127
94294,2022-06-10 16:43:00+00:00,accept,on_time,0.0,2022-06-10 17:00:00+00:00,6550,region_74,74,23403,1,Jilin,126.52303,43.86563,610,Cainiao-AI/LaDe:pickup/pickup_jl.csv,49962,94294:accept,06-10 16:43:00,,,,,,,,,,,,,,left-only,shipment_scans_cleaned,"shipment_scans_cleaned,delay_reports_cleaned",94294
94294,2022-06-10 18:19:00+00:00,pickup,on_time,0.0,2022-06-10 19:00:00+00:00,6550,region_74,74,23403,1,Jilin,126.52303,43.86563,610,Cainiao-AI/LaDe:pickup/pickup_jl.csv,49962,94294:pickup,06-10 18:19:00,,,,,,,,,,,,,,left-only,shipment_scans_cleaned,"shipment_scans_cleaned,delay_reports_cleaned",94294
94329,2022-06-10 07:53:00+00:00,accept,on_time,0.0,2022-06-10 09:00:00+00:00,3363,region_122,122,22131,1,Jilin,126.58818,43.84801,610,Cainiao-AI/LaDe:pickup/pickup_jl.csv,200345,94329:accept,06-10 07:53:00,,,,,,,,,,,,,,left-only,shipment_scans_cleaned,"shipment_scans_cleaned,delay_reports_cleaned",94329
94329,2022-06-10 08:01:00+00:00,pickup,on_time,0.0,2022-06-10 11:00:00+00:00,3363,region_122,122,22131,1,Jilin,126.58818,43.84801,610,Cainiao-AI/LaDe:pickup/pickup_jl.csv,200345,94329:pickup,06-10 08:01:00,,,,,,,,,,,,,,left-only,shipment_scans_cleaned,"shipment_scans_cleaned,delay_reports_cleaned",94329
94648,2022-06-08 07:46:00+00:00,accept,on_time,0.0,2022-06-08 09:00:00+00:00,11576,region_109,109,13390,1,Jilin,126.57925,43.79509,608,Cainiao-AI/LaDe:pickup/pickup_jl.csv,133999,94648:accept,06-08 07:46:00,,,,,,,,,,,,,,left-only,shipment_scans_cleaned,"shipment_scans_cleaned,delay_reports_cleaned",94648
94648,2022-06-08 10:27:00+00:00,pickup,on_time,0.0,2022-06-08 11:00:00+00:00,11576,region_109,109,13390,1,Jilin,126.57925,43.79509,608,Cainiao-AI/LaDe:pickup/pickup_jl.csv,133999,94648:pickup,06-08 10:27:00,,,,,,,,,,,,,,left-only,shipment_scans_cleaned,"shipment_scans_cleaned,delay_reports_cleaned",94648
95256,2022-06-11 08:32:00+00:00,accept,on_time,0.0,2022-06-11 09:00:00+00:00,2738,region_13,13,14709,1,Jilin,126.53773,43.86422,611,Cainiao-AI/LaDe:pickup/pickup_jl.csv,26304,95256:accept,06-11 08:32:00,,,,,,,,,,,,,,left-only,shipment_scans_cleaned,"shipment_scans_cleaned,delay_reports_cleaned",95256
95256,2022-06-11 10:29:00+00:00,pickup,on_time,0.0,2022-06-11 11:00:00+00:00,2738,region_13,13,14709,1,Jilin,126.53773,43.86422,611,Cainiao-AI/LaDe:pickup/pickup_jl.csv,26304,95256:pickup,06-11 10:29:00,,,,,,,,,,,,,,left-only,shipment_scans_cleaned,"shipment_scans_cleaned,delay_reports_cleaned",95256
95795,2022-06-06 12:34:00+00:00,accept,on_time,0.0,2022-06-06 15:00:00+00:00,3906,region_13,13,4566,14,Jilin,126.51588,43.87922,606,Cainiao-AI/LaDe:pickup/pickup_jl.csv,21970,95795:accept,06-06 12:34:00,,,,,,,,,,,,,,left-only,shipment_scans_cleaned,"shipment_scans_cleaned,delay_reports_cleaned",95795
95795,2022-06-06 16:25:00+00:00,pickup,on_time,0.0,2022-06-06 17:00:00+00:00,3906,region_13,13,4566,14,Jilin,126.51588,43.87922,606,Cainiao-AI/LaDe:pickup/pickup_jl.csv,21970,95795:pickup,06-06 16:25:00,,,,,,,,,,,,,,left-only,shipment_scans_cleaned,"shipment_scans_cleaned,delay_reports_cleaned",95795
95836,2022-06-12 15:27:00+00:00,accept,on_time,0.0,2022-06-12 17:00:00+00:00,6550,region_74,74,12536,14,Jilin,126.52315,43.87203,612,Cainiao-AI/LaDe:pickup/pickup_jl.csv,42970,95836:accept,06-12 15:27:00,,,,,,,,,,,,,,left-only,shipment_scans_cleaned,"shipment_scans_cleaned,delay_reports_cleaned",95836
95836,2022-06-12 17:49:00+00:00,pickup,on_time,0.0,2022-06-12 19:00:00+00:00,6550,region_74,74,12536,14,Jilin,126.52315,43.87203,612,Cainiao-AI/LaDe:pickup/pickup_jl.csv,42970,95836:pickup,06-12 17:49:00,,,,,,,,,,,,,,left-only,shipment_scans_cleaned,"shipment_scans_cleaned,delay_reports_cleaned",95836
95985,2022-06-05 16:57:00+00:00,accept,on_time,0.0,2022-06-06 11:00:00+00:00,10779,region_11,11,2465,14,Jilin,127.33914,43.72449,605,Cainiao-AI/LaDe:pickup/pickup_jl.csv,10041,95985:accept,06-05 16:57:00,,,,,,,,,,,,,,left-only,shipment_scans_cleaned,"shipment_scans_cleaned,delay_reports_cleaned",95985
95985,2022-06-05 17:46:00+00:00,pickup,on_time,0.0,2022-06-06 13:00:00+00:00,10779,region_11,11,2465,14,Jilin,127.33914,43.72449,605,Cainiao-AI/LaDe:pickup/pickup_jl.csv,10041,95985:pickup,06-05 17:46:00,,,,,,,,,,,,,,left-only,shipment_scans_cleaned,"shipment_scans_cleaned,delay_reports_cleaned",95985
96026,2022-06-09 07:41:00+00:00,accept,on_time,0.0,2022-06-09 17:00:00+00:00,15530,region_74,74,23180,14,Jilin,126.51352,43.85946,609,Cainiao-AI/LaDe:pickup/pickup_jl.csv,49677,96026:accept,06-09 07:41:00,,,,,,,,,,,,,,left-only,shipment_scans_cleaned,"shipment_scans_cleaned,delay_reports_cleaned",96026
96026,2022-06-09 18:23:00+00:00,pickup,on_time,0.0,2022-06-09 19:00:00+00:00,15530,region_74,74,23180,14,Jilin,126.51352,43.85946,609,Cainiao-AI/LaDe:pickup/pickup_jl.csv,49677,96026:pickup,06-09 18:23:00,,,,,,,,,,,,,,left-only,shipment_scans_cleaned,"shipment_scans_cleaned,delay_reports_cleaned",96026
96224,2022-06-14 13:04:00+00:00,accept,on_time,0.0,2022-06-14 15:00:00+00:00,13877,region_91,91,21989,1,Jilin,126.52602,43.81606,614,Cainiao-AI/LaDe:pickup/pickup_jl.csv,106290,96224:accept,06-14 13:04:00,,,,,,,,,,,,,,left-only,shipment_scans_cleaned,"shipment_scans_cleaned,delay_reports_cleaned",96224
96224,2022-06-14 15:20:00+00:00,pickup,on_time,0.0,2022-06-14 17:00:00+00:00,13877,region_91,91,21989,1,Jilin,126.52602,43.81606,614,Cainiao-AI/LaDe:pickup/pickup_jl.csv,106290,96224:pickup,06-14 15:20:00,,,,,,,,,,,,,,left-only,shipment_scans_cleaned,"shipment_scans_cleaned,delay_reports_cleaned",96224
96585,2022-06-16 08:02:00+00:00,accept,on_time,0.0,2022-06-16 09:00:00+00:00,6550,region_74,74,13637,1,Jilin,126.51963,43.87117,616,Cainiao-AI/LaDe:pickup/pickup_jl.csv,43825,96585:accept,06-16 08:02:00,,,,,,,,,,,,,,left-only,shipment_scans_cleaned,"shipment_scans_cleaned,delay_reports_cleaned",96585
96585,2022-06-16 09:05:00+00:00,pickup,on_time,0.0,2022-06-16 11:00:00+00:00,6550,region_74,74,13637,1,Jilin,126.51963,43.87117,616,Cainiao-AI/LaDe:pickup/pickup_jl.csv,43825,96585:pickup,06-16 09:05:00,,,,,,,,,,,,,,left-only,shipment_scans_cleaned,"shipment_scans_cleaned,delay_reports_cleaned",96585
97538,2022-06-05 12:47:00+00:00,accept,on_time,0.0,2022-06-05 15:00:00+00:00,10781,region_13,13,5721,1,Jilin,126.54792,43.86996,605,Cainiao-AI/LaDe:pickup/pickup_jl.csv,22788,97538:accept,06-05 12:47:00,,,,,,,,,,,,,,left-only,shipment_scans_cleaned,"shipment_scans_cleaned,delay_reports_cleaned",97538
97538,2022-06-05 16:09:00+00:00,pickup,on_time,0.0,2022-06-05 17:00:00+00:00,10781,region_13,13,5721,1,Jilin,126.54792,43.86996,605,Cainiao-AI/LaDe:pickup/pickup_jl.csv,22788,97538:pickup,06-05 16:09:00,,,,,,,,,,,,,,left-only,shipment_scans_cleaned,"shipment_scans_cleaned,delay_reports_cleaned",97538
97794,2022-06-10 08:06:00+00:00,accept,on_time,0.0,2022-06-10 09:00:00+00:00,4842,region_122,122,2126,1,Jilin,126.57794,43.84265,610,Cainiao-AI/LaDe:pickup/pickup_jl.csv,187376,97794:accept,06-10 08:06:00,,,,,,,,,,,,,,left-only,shipment_scans_cleaned,"shipment_scans_cleaned,delay_reports_cleaned",97794
97794,2022-06-10 08:38:00+00:00,pickup,on_time,0.0,2022-06-10 11:00:00+00:00,4842,region_122,122,2126,1,Jilin,126.57794,43.84265,610,Cainiao-AI/LaDe:pickup/pickup_jl.csv,187376,97794:pickup,06-10 08:38:00,,,,,,,,,,,,,,left-only,shipment_scans_cleaned,"shipment_scans_cleaned,delay_reports_cleaned",97794
97927,2022-06-16 07:36:00+00:00,accept,on_time,0.0,2022-06-16 09:00:00+00:00,13838,region_128,128,5580,1,Jilin,126.58753,43.8621,616,Cainiao-AI/LaDe:pickup/pickup_jl.csv,207329,97927:accept,06-16 07:36:00,,,,,,,,,,,,,,left-only,shipment_scans_cleaned,"shipment_scans_cleaned,delay_reports_cleaned",97927
97927,2022-06-16 10:28:00+00:00,pickup,on_time,0.0,2022-06-16 11:00:00+00:00,13838,region_128,128,5580,1,Jilin,126.58753,43.8621,616,Cainiao-AI/LaDe:pickup/pickup_jl.csv,207329,97927:pickup,06-16 10:28:00,,,,,,,,,,,,,,left-only,shipment_scans_cleaned,"shipment_scans_cleaned,delay_reports_cleaned",97927
98181,2022-06-15 08:45:00+00:00,accept,on_time,0.0,2022-06-15 17:00:00+00:00,6403,region_110,110,4122,1,Jilin,126.60924,43.78526,615,Cainiao-AI/LaDe:pickup/pickup_jl.csv,161328,98181:accept,06-15 08:45:00,,,,,,,,,,,,,,left-only,shipment_scans_cleaned,"shipment_scans_cleaned,delay_reports_cleaned",98181
98181,2022-06-15 17:38:00+00:00,pickup,on_time,0.0,2022-06-15 19:00:00+00:00,6403,region_110,110,4122,1,Jilin,126.60924,43.78526,615,Cainiao-AI/LaDe:pickup/pickup_jl.csv,161328,98181:pickup,06-15 17:38:00,,,,,,,,,,,,,,left-only,shipment_scans_cleaned,"shipment_scans_cleaned,delay_reports_cleaned",98181
98502,2022-06-09 08:18:00+00:00,accept,on_time,0.0,2022-06-09 17:00:00+00:00,7063,region_85,85,9918,1,Jilin,126.55617,43.87692,609,Cainiao-AI/LaDe:pickup/pickup_jl.csv,60947,98502:accept,06-09 08:18:00,,,,,,,,,,,,,,left-only,shipment_scans_cleaned,"shipment_scans_cleaned,delay_reports_cleaned",98502
98502,2022-06-09 17:31:00+00:00,pickup,on_time,0.0,2022-06-09 19:00:00+00:00,7063,region_85,85,9918,1,Jilin,126.55617,43.87692,609,Cainiao-AI/LaDe:pickup/pickup_jl.csv,60947,98502:pickup,06-09 17:31:00,,,,,,,,,,,,,,left-only,shipment_scans_cleaned,"shipment_scans_cleaned,delay_reports_cleaned",98502
98603,2022-06-08 08:48:00+00:00,accept,on_time,0.0,2022-06-08 11:00:00+00:00,1729,region_11,11,5650,1,Jilin,127.33917,43.71214,608,Cainiao-AI/LaDe:pickup/pickup_jl.csv,14099,98603:accept,06-08 08:48:00,,,,,,,,,,,,,,left-only,shipment_scans_cleaned,"shipment_scans_cleaned,delay_reports_cleaned",98603
98603,2022-06-08 10:43:00+00:00,pickup,on_time,0.0,2022-06-08 13:00:00+00:00,1729,region_11,11,5650,1,Jilin,127.33917,43.71214,608,Cainiao-AI/LaDe:pickup/pickup_jl.csv,14099,98603:pickup,06-08 10:43:00,,,,,,,,,,,,,,left-only,shipment_scans_cleaned,"shipment_scans_cleaned,delay_reports_cleaned",98603
98785,2022-06-13 07:39:00+00:00,accept,on_time,0.0,2022-06-13 09:00:00+00:00,4842,region_122,122,20815,0,Jilin,126.57478,43.83764,613,Cainiao-AI/LaDe:pickup/pickup_jl.csv,199801,98785:accept,06-13 07:39:00,,,,,,,,,,,,,,left-only,shipment_scans_cleaned,"shipment_scans_cleaned,delay_reports_cleaned",98785
98785,2022-06-13 08:59:00+00:00,pickup,on_time,0.0,2022-06-13 11:00:00+00:00,4842,region_122,122,20815,0,Jilin,126.57478,43.83764,613,Cainiao-AI/LaDe:pickup/pickup_jl.csv,199801,98785:pickup,06-13 08:59:00,,,,,,,,,,,,,,left-only,shipment_scans_cleaned,"shipment_scans_cleaned,delay_reports_cleaned",98785
98905,2022-06-13 14:26:00+00:00,accept,on_time,0.0,2022-06-13 15:00:00+00:00,4251,region_132,132,22741,1,Jilin,126.05726,42.9536,613,Cainiao-AI/LaDe:pickup/pickup_jl.csv,260697,98905:accept,06-13 14:26:00,,,,,,,,,,,,,,left-only,shipment_scans_cleaned,"shipment_scans_cleaned,delay_reports_cleaned",98905
98905,2022-06-13 15:36:00+00:00,pickup,on_time,0.0,2022-06-13 17:00:00+00:00,4251,region_132,132,22741,1,Jilin,126.05726,42.9536,613,Cainiao-AI/LaDe:pickup/pickup_jl.csv,260697,98905:pickup,06-13 15:36:00,,,,,,,,,,,,,,left-only,shipment_scans_cleaned,"shipment_scans_cleaned,delay_reports_cleaned",98905
99477,2022-06-06 08:03:00+00:00,accept,on_time,0.0,2022-06-06 09:00:00+00:00,7635,region_131,131,2360,4,Jilin,126.56793,43.82247,606,Cainiao-AI/LaDe:pickup/pickup_jl.csv,221032,99477:accept,06-06 08:03:00,,,,,,,,,,,,,,left-only,shipment_scans_cleaned,"shipment_scans_cleaned,delay_reports_cleaned",99477
99477,2022-06-06 15:55:00+00:00,pickup,on_time,0.0,2022-06-06 23:59:00+00:00,7635,region_131,131,2360,4,Jilin,126.56793,43.82247,606,Cainiao-AI/LaDe:pickup/pickup_jl.csv,221032,99477:pickup,06-06 15:55:00,,,,,,,,,,,,,,left-only,shipment_scans_cleaned,"shipment_scans_cleaned,delay_reports_cleaned",99477
100155,2022-06-05 09:41:00+00:00,accept,on_time,0.0,2022-06-05 09:41:00+00:00,788,region_109,109,20113,1,Jilin,126.55886,43.80263,605,Cainiao-AI/LaDe:pickup/pickup_jl.csv,150706,100155:accept,06-05 09:41:00,,,,,,,,,,,,,,left-only,shipment_scans_cleaned,"shipment_scans_cleaned,delay_reports_cleaned",100155
100155,2022-06-05 10:08:00+00:00,pickup,on_time,0.0,2022-06-05 11:41:00+00:00,788,region_109,109,20113,1,Jilin,126.55886,43.80263,605,Cainiao-AI/LaDe:pickup/pickup_jl.csv,150706,100155:pickup,06-05 10:08:00,,,,,,,,,,,,,,left-only,shipment_scans_cleaned,"shipment_scans_cleaned,delay_reports_cleaned",100155
100200,2022-06-14 07:38:00+00:00,accept,on_time,0.0,2022-06-14 11:00:00+00:00,2738,region_13,13,14709,1,Jilin,126.53762,43.86424,614,Cainiao-AI/LaDe:pickup/pickup_jl.csv,25496,100200:accept,06-14 07:38:00,,,,,,,,,,,,,,left-only,shipment_scans_cleaned,"shipment_scans_cleaned,delay_reports_cleaned",100200
100200,2022-06-14 11:03:00+00:00,pickup,on_time,0.0,2022-06-14 13:00:00+00:00,2738,region_13,13,14709,1,Jilin,126.53762,43.86424,614,Cainiao-AI/LaDe:pickup/pickup_jl.csv,25496,100200:pickup,06-14 11:03:00,,,,,,,,,,,,,,left-only,shipment_scans_cleaned,"shipment_scans_cleaned,delay_reports_cleaned",100200
100279,2022-06-05 08:02:00+00:00,accept,on_time,0.0,2022-06-05 09:00:00+00:00,1700,region_110,110,2764,1,Jilin,126.5901,43.82314,605,Cainiao-AI/LaDe:pickup/pickup_jl.csv,158027,100279:accept,06-05 08:02:00,,,,,,,,,,,,,,left-only,shipment_scans_cleaned,"shipment_scans_cleaned,delay_reports_cleaned",100279
100279,2022-06-05 10:38:00+00:00,pickup,on_time,0.0,2022-06-05 11:00:00+00:00,1700,region_110,110,2764,1,Jilin,126.5901,43.82314,605,Cainiao-AI/LaDe:pickup/pickup_jl.csv,158027,100279:pickup,06-05 10:38:00,,,,,,,,,,,,,,left-only,shipment_scans_cleaned,"shipment_scans_cleaned,delay_reports_cleaned",100279
100370,2022-06-17 07:49:00+00:00,accept,on_time,0.0,2022-06-17 09:00:00+00:00,1090,region_109,109,15739,1,Jilin,126.54979,43.81533,617,Cainiao-AI/LaDe:pickup/pickup_jl.csv,140981,100370:accept,06-17 07:49:00,,,,,,,,,,,,,,left-only,shipment_scans_cleaned,"shipment_scans_cleaned,delay_reports_cleaned",100370
100370,2022-06-17 15:56:00+00:00,pickup,on_time,0.0,2022-06-17 23:59:00+00:00,1090,region_109,109,15739,1,Jilin,126.54979,43.81533,617,Cainiao-AI/LaDe:pickup/pickup_jl.csv,140981,100370:pickup,06-17 15:56:00,,,,,,,,,,,,,,left-only,shipment_scans_cleaned,"shipment_scans_cleaned,delay_reports_cleaned",100370
100381,2022-06-07 07:41:00+00:00,accept,on_time,0.0,2022-06-07 09:00:00+00:00,2723,region_131,131,24022,1,Jilin,126.57586,43.82643,607,Cainiao-AI/LaDe:pickup/pickup_jl.csv,237064,100381:accept,06-07 07:41:00,,,,,,,,,,,,,,left-only,shipment_scans_cleaned,"shipment_scans_cleaned,delay_reports_cleaned",100381
100381,2022-06-07 10:23:00+00:00,pickup,on_time,0.0,2022-06-07 23:59:00+00:00,2723,region_131,131,24022,1,Jilin,126.57586,43.82643,607,Cainiao-AI/LaDe:pickup/pickup_jl.csv,237064,100381:pickup,06-07 10:23:00,,,,,,,,,,,,,,left-only,shipment_scans_cleaned,"shipment_scans_cleaned,delay_reports_cleaned",100381
100579,2022-06-10 12:07:00+00:00,accept,on_time,0.0,2022-06-10 15:00:00+00:00,13385,region_128,128,5824,1,Jilin,126.58573,43.85789,610,Cainiao-AI/LaDe:pickup/pickup_jl.csv,208180,100579:accept,06-10 12:07:00,,,,,,,,,,,,,,left-only,shipment_scans_cleaned,"shipment_scans_cleaned,delay_reports_cleaned",100579
100579,2022-06-10 14:42:00+00:00,pickup,on_time,0.0,2022-06-10 17:00:00+00:00,13385,region_128,128,5824,1,Jilin,126.58573,43.85789,610,Cainiao-AI/LaDe:pickup/pickup_jl.csv,208180,100579:pickup,06-10 14:42:00,,,,,,,,,,,,,,left-only,shipment_scans_cleaned,"shipment_scans_cleaned,delay_reports_cleaned",100579
100580,2022-06-11 07:38:00+00:00,accept,on_time,0.0,2022-06-11 09:00:00+00:00,13203,region_29,29,9271,1,Jilin,126.49748,43.65825,611,Cainiao-AI/LaDe:pickup/pickup_jl.csv,36791,100580:accept,06-11 07:38:00,,,,,,,,,,,,,,left-only,shipment_scans_cleaned,"shipment_scans_cleaned,delay_reports_cleaned",100580
100580,2022-06-11 08:53:00+00:00,pickup,on_time,0.0,2022-06-11 23:59:00+00:00,13203,region_29,29,9271,1,Jilin,126.49748,43.65825,611,Cainiao-AI/LaDe:pickup/pickup_jl.csv,36791,100580:pickup,06-11 08:53:00,,,,,,,,,,,,,,left-only,shipment_scans_cleaned,"shipment_scans_cleaned,delay_reports_cleaned",100580
100595,2022-06-18 16:33:00+00:00,accept,on_time,0.0,2022-06-18 17:00:00+00:00,3906,region_13,13,17581,1,Jilin,126.51713,43.88237,618,Cainiao-AI/LaDe:pickup/pickup_jl.csv,26685,100595:accept,06-18 16:33:00,,,,,,,,,,,,,,left-only,shipment_scans_cleaned,"shipment_scans_cleaned,delay_reports_cleaned",100595
100595,2022-06-18 16:42:00+00:00,pickup,on_time,0.0,2022-06-18 19:00:00+00:00,3906,region_13,13,17581,1,Jilin,126.51713,43.88237,618,Cainiao-AI/LaDe:pickup/pickup_jl.csv,26685,100595:pickup,06-18 16:42:00,,,,,,,,,,,,,,left-only,shipment_scans_cleaned,"shipment_scans_cleaned,delay_reports_cleaned",100595
101262,2022-06-06 07:45:00+00:00,accept,on_time,0.0,2022-06-06 09:00:00+00:00,7333,region_132,132,17550,1,Jilin,126.05376,42.9552,606,Cainiao-AI/LaDe:pickup/pickup_jl.csv,256745,101262:accept,06-06 07:45:00,,,,,,,,,,,,,,left-only,shipment_scans_cleaned,"shipment_scans_cleaned,delay_reports_cleaned",101262
101262,2022-06-06 10:10:00+00:00,pickup,on_time,0.0,2022-06-06 11:00:00+00:00,7333,region_132,132,17550,1,Jilin,126.05376,42.9552,606,Cainiao-AI/LaDe:pickup/pickup_jl.csv,256745,101262:pickup,06-06 10:10:00,,,,,,,,,,,,,,left-only,shipment_scans_cleaned,"shipment_scans_cleaned,delay_reports_cleaned",101262
101529,2022-06-05 08:19:00+00:00,accept,on_time,0.0,2022-06-05 09:00:00+00:00,3906,region_13,13,18980,1,Jilin,126.52516,43.87478,605,Cainiao-AI/LaDe:pickup/pickup_jl.csv,27154,101529:accept,06-05 08:19:00,,,,,,,,,,,,,,left-only,shipment_scans_cleaned,"shipment_scans_cleaned,delay_reports_cleaned",101529
101529,2022-06-05 08:58:00+00:00,pickup,on_time,0.0,2022-06-05 11:00:00+00:00,3906,region_13,13,18980,1,Jilin,126.52516,43.87478,605,Cainiao-AI/LaDe:pickup/pickup_jl.csv,27154,101529:pickup,06-05 08:58:00,,,,,,,,,,,,,,left-only,shipment_scans_cleaned,"shipment_scans_cleaned,delay_reports_cleaned",101529
101636,2022-06-16 07:57:00+00:00,accept,on_time,0.0,2022-06-16 09:00:00+00:00,15530,region_74,74,19893,14,Jilin,126.5114,43.8703,616,Cainiao-AI/LaDe:pickup/pickup_jl.csv,48137,101636:accept,06-16 07:57:00,,,,,,,,,,,,,,left-only,shipment_scans_cleaned,"shipment_scans_cleaned,delay_reports_cleaned",101636
101636,2022-06-16 10:16:00+00:00,pickup,on_time,0.0,2022-06-16 11:00:00+00:00,15530,region_74,74,19893,14,Jilin,126.5114,43.8703,616,Cainiao-AI/LaDe:pickup/pickup_jl.csv,48137,101636:pickup,06-16 10:16:00,,,,,,,,,,,,,,left-only,shipment_scans_cleaned,"shipment_scans_cleaned,delay_reports_cleaned",101636
101703,2022-06-15 16:06:00+00:00,accept,on_time,0.0,2022-06-15 16:06:00+00:00,10779,region_11,11,2465,14,Jilin,127.33864,43.7244,615,Cainiao-AI/LaDe:pickup/pickup_jl.csv,9425,101703:accept,06-15 16:06:00,,,,,,,,,,,,,,left-only,shipment_scans_cleaned,"shipment_scans_cleaned,delay_reports_cleaned",101703
101703,2022-06-15 17:01:00+00:00,pickup,on_time,0.0,2022-06-15 18:06:00+00:00,10779,region_11,11,2465,14,Jilin,127.33864,43.7244,615,Cainiao-AI/LaDe:pickup/pickup_jl.csv,9425,101703:pickup,06-15 17:01:00,,,,,,,,,,,,,,left-only,shipment_scans_cleaned,"shipment_scans_cleaned,delay_reports_cleaned",101703
102124,2022-06-18 15:56:00+00:00,accept,on_time,0.0,2022-06-19 17:00:00+00:00,11828,region_122,122,22630,1,Jilin,126.59227,43.84016,618,Cainiao-AI/LaDe:pickup/pickup_jl.csv,202048,102124:accept,06-18 15:56:00,,,,,,,,,,,,,,left-only,shipment_scans_cleaned,"shipment_scans_cleaned,delay_reports_cleaned",102124
102124,2022-06-18 17:12:00+00:00,pickup,on_time,0.0,2022-06-19 19:00:00+00:00,11828,region_122,122,22630,1,Jilin,126.59227,43.84016,618,Cainiao-AI/LaDe:pickup/pickup_jl.csv,202048,102124:pickup,06-18 17:12:00,,,,,,,,,,,,,,left-only,shipment_scans_cleaned,"shipment_scans_cleaned,delay_reports_cleaned",102124
102283,2022-06-12 09:49:00+00:00,accept,on_time,0.0,2022-06-12 11:00:00+00:00,5190,region_74,74,10656,1,Jilin,126.5323,43.86609,612,Cainiao-AI/LaDe:pickup/pickup_jl.csv,41273,102283:accept,06-12 09:49:00,,,,,,,,,,,,,,left-only,shipment_scans_cleaned,"shipment_scans_cleaned,delay_reports_cleaned",102283
102283,2022-06-12 11:16:00+00:00,pickup,on_time,0.0,2022-06-12 13:00:00+00:00,5190,region_74,74,10656,1,Jilin,126.5323,43.86609,612,Cainiao-AI/LaDe:pickup/pickup_jl.csv,41273,102283:pickup,06-12 11:16:00,,,,,,,,,,,,,,left-only,shipment_scans_cleaned,"shipment_scans_cleaned,delay_reports_cleaned",102283
102366,2022-06-17 08:05:00+00:00,accept,on_time,0.0,2022-06-17 09:00:00+00:00,729,region_90,90,3302,1,Jilin,126.54705,43.87708,617,Cainiao-AI/LaDe:pickup/pickup_jl.csv,74917,102366:accept,06-17 08:05:00,,,,,,,,,,,,,,left-only,shipment_scans_cleaned,"shipment_scans_cleaned,delay_reports_cleaned",102366
102366,2022-06-17 08:15:00+00:00,pickup,on_time,0.0,2022-06-17 11:00:00+00:00,729,region_90,90,3302,1,Jilin,126.54705,43.87708,617,Cainiao-AI/LaDe:pickup/pickup_jl.csv,74917,102366:pickup,06-17 08:15:00,,,,,,,,,,,,,,left-only,shipment_scans_cleaned,"shipment_scans_cleaned,delay_reports_cleaned",102366
103151,2022-06-06 07:58:00+00:00,accept,on_time,0.0,2022-06-06 11:00:00+00:00,4968,region_74,74,14285,14,Jilin,126.52571,43.86611,606,Cainiao-AI/LaDe:pickup/pickup_jl.csv,44254,103151:accept,06-06 07:58:00,,,,,,,,,,,,,,left-only,shipment_scans_cleaned,"shipment_scans_cleaned,delay_reports_cleaned",103151
103151,2022-06-06 10:35:00+00:00,pickup,on_time,0.0,2022-06-06 13:00:00+00:00,4968,region_74,74,14285,14,Jilin,126.52571,43.86611,606,Cainiao-AI/LaDe:pickup/pickup_jl.csv,44254,103151:pickup,06-06 10:35:00,,,,,,,,,,,,,,left-only,shipment_scans_cleaned,"shipment_scans_cleaned,delay_reports_cleaned",103151
103551,2022-06-09 07:41:00+00:00,accept,on_time,0.0,2022-06-11 09:00:00+00:00,87,region_109,109,625,1,Jilin,126.57335,43.81191,611,Cainiao-AI/LaDe:pickup/pickup_jl.csv,109887,103551:accept,06-09 07:41:00,,,,,,,,,,,,,,left-only,shipment_scans_cleaned,"shipment_scans_cleaned,delay_reports_cleaned",103551
103551,2022-06-11 10:31:00+00:00,pickup,on_time,0.0,2022-06-11 11:00:00+00:00,87,region_109,109,625,1,Jilin,126.57335,43.81191,611,Cainiao-AI/LaDe:pickup/pickup_jl.csv,109887,103551:pickup,06-11 10:31:00,,,,,,,,,,,,,,left-only,shipment_scans_cleaned,"shipment_scans_cleaned,delay_reports_cleaned",103551
103684,2022-06-18 07:52:00+00:00,accept,on_time,0.0,2022-06-18 11:00:00+00:00,1090,region_109,109,300,14,Jilin,126.54841,43.81921,618,Cainiao-AI/LaDe:pickup/pickup_jl.csv,108880,103684:accept,06-18 07:52:00,,,,,,,,,,,,,,left-only,shipment_scans_cleaned,"shipment_scans_cleaned,delay_reports_cleaned",103684
103684,2022-06-18 12:19:00+00:00,pickup,on_time,0.0,2022-06-18 13:00:00+00:00,1090,region_109,109,300,14,Jilin,126.54841,43.81921,618,Cainiao-AI/LaDe:pickup/pickup_jl.csv,108880,103684:pickup,06-18 12:19:00,,,,,,,,,,,,,,left-only,shipment_scans_cleaned,"shipment_scans_cleaned,delay_reports_cleaned",103684
103705,2022-06-07 07:37:00+00:00,accept,on_time,0.0,2022-06-07 09:00:00+00:00,2738,region_13,13,14709,1,Jilin,126.53897,43.86441,607,Cainiao-AI/LaDe:pickup/pickup_jl.csv,26196,103705:accept,06-07 07:37:00,,,,,,,,,,,,,,left-only,shipment_scans_cleaned,"shipment_scans_cleaned,delay_reports_cleaned",103705
103705,2022-06-07 10:40:00+00:00,pickup,on_time,0.0,2022-06-07 11:00:00+00:00,2738,region_13,13,14709,1,Jilin,126.53897,43.86441,607,Cainiao-AI/LaDe:pickup/pickup_jl.csv,26196,103705:pickup,06-07 10:40:00,,,,,,,,,,,,,,left-only,shipment_scans_cleaned,"shipment_scans_cleaned,delay_reports_cleaned",103705
103960,2022-06-08 08:07:00+00:00,accept,on_time,0.0,2022-06-08 09:00:00+00:00,12814,region_109,109,13438,1,Jilin,126.5484,43.82031,608,Cainiao-AI/LaDe:pickup/pickup_jl.csv,134328,103960:accept,06-08 08:07:00,,,,,,,,,,,,,,left-only,shipment_scans_cleaned,"shipment_scans_cleaned,delay_reports_cleaned",103960
103960,2022-06-08 09:38:00+00:00,pickup,on_time,0.0,2022-06-08 11:00:00+00:00,12814,region_109,109,13438,1,Jilin,126.5484,43.82031,608,Cainiao-AI/LaDe:pickup/pickup_jl.csv,134328,103960:pickup,06-08 09:38:00,,,,,,,,,,,,,,left-only,shipment_scans_cleaned,"shipment_scans_cleaned,delay_reports_cleaned",103960
104138,2022-06-09 07:50:00+00:00,accept,on_time,0.0,2022-06-09 09:00:00+00:00,5591,region_91,91,21897,1,Jilin,126.52133,43.81315,609,Cainiao-AI/LaDe:pickup/pickup_jl.csv,104142,104138:accept,06-09 07:50:00,,,,,,,,,,,,,,left-only,shipment_scans_cleaned,"shipment_scans_cleaned,delay_reports_cleaned",104138
104138,2022-06-09 09:17:00+00:00,pickup,on_time,0.0,2022-06-09 11:00:00+00:00,5591,region_91,91,21897,1,Jilin,126.52133,43.81315,609,Cainiao-AI/LaDe:pickup/pickup_jl.csv,104142,104138:pickup,06-09 09:17:00,,,,,,,,,,,,,,left-only,shipment_scans_cleaned,"shipment_scans_cleaned,delay_reports_cleaned",104138
104219,2022-06-07 09:22:00+00:00,accept,on_time,0.0,2022-06-07 13:00:00+00:00,8009,region_110,110,15363,1,Jilin,126.58183,43.82125,607,Cainiao-AI/LaDe:pickup/pickup_jl.csv,165418,104219:accept,06-07 09:22:00,,,,,,,,,,,,,,left-only,shipment_scans_cleaned,"shipment_scans_cleaned,delay_reports_cleaned",104219
104219,2022-06-07 14:32:00+00:00,pickup,on_time,0.0,2022-06-07 15:00:00+00:00,8009,region_110,110,15363,1,Jilin,126.58183,43.82125,607,Cainiao-AI/LaDe:pickup/pickup_jl.csv,165418,104219:pickup,06-07 14:32:00,,,,,,,,,,,,,,left-only,shipment_scans_cleaned,"shipment_scans_cleaned,delay_reports_cleaned",104219
104484,2022-06-12 08:50:00+00:00,accept,on_time,0.0,2022-06-12 09:00:00+00:00,4165,region_90,90,16046,1,Jilin,126.55847,43.87616,612,Cainiao-AI/LaDe:pickup/pickup_jl.csv,86767,104484:accept,06-12 08:50:00,,,,,,,,,,,,,,left-only,shipment_scans_cleaned,"shipment_scans_cleaned,delay_reports_cleaned",104484
104484,2022-06-12 09:47:00+00:00,pickup,on_time,0.0,2022-06-12 11:00:00+00:00,4165,region_90,90,16046,1,Jilin,126.55847,43.87616,612,Cainiao-AI/LaDe:pickup/pickup_jl.csv,86767,104484:pickup,06-12 09:47:00,,,,,,,,,,,,,,left-only,shipment_scans_cleaned,"shipment_scans_cleaned,delay_reports_cleaned",104484
104621,2022-06-18 07:46:00+00:00,accept,on_time,0.0,2022-06-18 09:00:00+00:00,729,region_90,90,12190,1,Jilin,126.55006,43.8802,618,Cainiao-AI/LaDe:pickup/pickup_jl.csv,82868,104621:accept,06-18 07:46:00,,,,,,,,,,,,,,left-only,shipment_scans_cleaned,"shipment_scans_cleaned,delay_reports_cleaned",104621
104621,2022-06-18 09:06:00+00:00,pickup,on_time,0.0,2022-06-18 11:00:00+00:00,729,region_90,90,12190,1,Jilin,126.55006,43.8802,618,Cainiao-AI/LaDe:pickup/pickup_jl.csv,82868,104621:pickup,06-18 09:06:00,,,,,,,,,,,,,,left-only,shipment_scans_cleaned,"shipment_scans_cleaned,delay_reports_cleaned",104621
104635,2022-06-05 10:16:00+00:00,accept,on_time,0.0,2022-06-05 11:00:00+00:00,11731,region_132,132,17390,1,Jilin,126.06544,42.95131,605,Cainiao-AI/LaDe:pickup/pickup_jl.csv,255991,104635:accept,06-05 10:16:00,,,,,,,,,,,,,,left-only,shipment_scans_cleaned,"shipment_scans_cleaned,delay_reports_cleaned",104635
104635,2022-06-05 11:58:00+00:00,pickup,on_time,0.0,2022-06-05 13:00:00+00:00,11731,region_132,132,17390,1,Jilin,126.06544,42.95131,605,Cainiao-AI/LaDe:pickup/pickup_jl.csv,255991,104635:pickup,06-05 11:58:00,,,,,,,,,,,,,,left-only,shipment_scans_cleaned,"shipment_scans_cleaned,delay_reports_cleaned",104635
104679,2022-06-06 08:22:00+00:00,accept,on_time,0.0,2022-06-06 09:00:00+00:00,13838,region_128,128,5580,1,Jilin,126.58778,43.85924,606,Cainiao-AI/LaDe:pickup/pickup_jl.csv,207237,104679:accept,06-06 08:22:00,,,,,,,,,,,,,,left-only,shipment_scans_cleaned,"shipment_scans_cleaned,delay_reports_cleaned",104679
104679,2022-06-06 10:30:00+00:00,pickup,on_time,0.0,2022-06-06 11:00:00+00:00,13838,region_128,128,5580,1,Jilin,126.58778,43.85924,606,Cainiao-AI/LaDe:pickup/pickup_jl.csv,207237,104679:pickup,06-06 10:30:00,,,,,,,,,,,,,,left-only,shipment_scans_cleaned,"shipment_scans_cleaned,delay_reports_cleaned",104679
105497,2022-06-15 07:53:00+00:00,accept,on_time,0.0,2022-06-15 09:00:00+00:00,11576,region_109,109,14181,1,Jilin,126.57461,43.79414,615,Cainiao-AI/LaDe:pickup/pickup_jl.csv,138043,105497:accept,06-15 07:53:00,,,,,,,,,,,,,,left-only,shipment_scans_cleaned,"shipment_scans_cleaned,delay_reports_cleaned",105497
105497,2022-06-15 09:43:00+00:00,pickup,on_time,0.0,2022-06-15 11:00:00+00:00,11576,region_109,109,14181,1,Jilin,126.57461,43.79414,615,Cainiao-AI/LaDe:pickup/pickup_jl.csv,138043,105497:pickup,06-15 09:43:00,,,,,,,,,,,,,,left-only,shipment_scans_cleaned,"shipment_scans_cleaned,delay_reports_cleaned",105497
105659,2022-06-07 13:06:00+00:00,accept,on_time,0.0,2022-06-07 15:00:00+00:00,7530,region_132,132,10757,14,Jilin,126.06655,42.94389,607,Cainiao-AI/LaDe:pickup/pickup_jl.csv,246945,105659:accept,06-07 13:06:00,,,,,,,,,,,,,,left-only,shipment_scans_cleaned,"shipment_scans_cleaned,delay_reports_cleaned",105659
105659,2022-06-07 13:51:00+00:00,pickup,on_time,0.0,2022-06-07 17:00:00+00:00,7530,region_132,132,10757,14,Jilin,126.06655,42.94389,607,Cainiao-AI/LaDe:pickup/pickup_jl.csv,246945,105659:pickup,06-07 13:51:00,,,,,,,,,,,,,,left-only,shipment_scans_cleaned,"shipment_scans_cleaned,delay_reports_cleaned",105659
105884,2022-06-10 07:33:00+00:00,accept,on_time,0.0,2022-06-10 09:00:00+00:00,8856,region_90,90,18834,14,Jilin,126.56679,43.88563,610,Cainiao-AI/LaDe:pickup/pickup_jl.csv,91882,105884:accept,06-10 07:33:00,,,,,,,,,,,,,,left-only,shipment_scans_cleaned,"shipment_scans_cleaned,delay_reports_cleaned",105884
105884,2022-06-10 07:51:00+00:00,pickup,on_time,0.0,2022-06-10 11:00:00+00:00,8856,region_90,90,18834,14,Jilin,126.56679,43.88563,610,Cainiao-AI/LaDe:pickup/pickup_jl.csv,91882,105884:pickup,06-10 07:51:00,,,,,,,,,,,,,,left-only,shipment_scans_cleaned,"shipment_scans_cleaned,delay_reports_cleaned",105884
105906,2022-06-06 13:44:00+00:00,accept,on_time,0.0,2022-06-06 15:00:00+00:00,9797,region_131,131,6970,14,Jilin,126.56845,43.82989,606,Cainiao-AI/LaDe:pickup/pickup_jl.csv,224255,105906:accept,06-06 13:44:00,,,,,,,,,,,,,,left-only,shipment_scans_cleaned,"shipment_scans_cleaned,delay_reports_cleaned",105906
105906,2022-06-06 13:48:00+00:00,pickup,on_time,0.0,2022-06-06 17:00:00+00:00,9797,region_131,131,6970,14,Jilin,126.56845,43.82989,606,Cainiao-AI/LaDe:pickup/pickup_jl.csv,224255,105906:pickup,06-06 13:48:00,,,,,,,,,,,,,,left-only,shipment_scans_cleaned,"shipment_scans_cleaned,delay_reports_cleaned",105906
106117,2022-06-14 08:58:00+00:00,accept,on_time,0.0,2022-06-15 13:00:00+00:00,11576,region_109,109,12403,1,Jilin,126.56967,43.79615,615,Cainiao-AI/LaDe:pickup/pickup_jl.csv,132240,106117:accept,06-14 08:58:00,,,,,,,,,,,,,,left-only,shipment_scans_cleaned,"shipment_scans_cleaned,delay_reports_cleaned",106117
106117,2022-06-15 11:16:00+00:00,pickup,on_time,0.0,2022-06-15 15:00:00+00:00,11576,region_109,109,12403,1,Jilin,126.56967,43.79615,615,Cainiao-AI/LaDe:pickup/pickup_jl.csv,132240,106117:pickup,06-15 11:16:00,,,,,,,,,,,,,,left-only,shipment_scans_cleaned,"shipment_scans_cleaned,delay_reports_cleaned",106117
106213,2022-06-09 13:26:00+00:00,accept,on_time,0.0,2022-06-10 13:00:00+00:00,2119,region_109,109,7300,1,Jilin,126.60395,43.78547,609,Cainiao-AI/LaDe:pickup/pickup_jl.csv,123662,106213:accept,06-09 13:26:00,,,,,,,,,,,,,,left-only,shipment_scans_cleaned,"shipment_scans_cleaned,delay_reports_cleaned",106213
106213,2022-06-09 20:06:00+00:00,pickup,on_time,0.0,2022-06-10 15:00:00+00:00,2119,region_109,109,7300,1,Jilin,126.60395,43.78547,609,Cainiao-AI/LaDe:pickup/pickup_jl.csv,123662,106213:pickup,06-09 20:06:00,,,,,,,,,,,,,,left-only,shipment_scans_cleaned,"shipment_scans_cleaned,delay_reports_cleaned",106213
106300,2022-06-08 12:44:00+00:00,accept,on_time,0.0,2022-06-08 12:44:00+00:00,641,region_90,90,2443,14,Jilin,126.56489,43.88065,608,Cainiao-AI/LaDe:pickup/pickup_jl.csv,73872,106300:accept,06-08 12:44:00,,,,,,,,,,,,,,left-only,shipment_scans_cleaned,"shipment_scans_cleaned,delay_reports_cleaned",106300
106300,2022-06-08 13:54:00+00:00,pickup,on_time,0.0,2022-06-08 14:44:00+00:00,641,region_90,90,2443,14,Jilin,126.56489,43.88065,608,Cainiao-AI/LaDe:pickup/pickup_jl.csv,73872,106300:pickup,06-08 13:54:00,,,,,,,,,,,,,,left-only,shipment_scans_cleaned,"shipment_scans_cleaned,delay_reports_cleaned",106300
107326,2022-06-14 16:12:00+00:00,accept,on_time,0.0,2022-06-14 17:00:00+00:00,5969,region_91,91,23628,14,Jilin,126.51662,43.82419,614,Cainiao-AI/LaDe:pickup/pickup_jl.csv,107201,107326:accept,06-14 16:12:00,,,,,,,,,,,,,,left-only,shipment_scans_cleaned,"shipment_scans_cleaned,delay_reports_cleaned",107326
107326,2022-06-14 18:21:00+00:00,pickup,on_time,0.0,2022-06-14 19:00:00+00:00,5969,region_91,91,23628,14,Jilin,126.51662,43.82419,614,Cainiao-AI/LaDe:pickup/pickup_jl.csv,107201,107326:pickup,06-14 18:21:00,,,,,,,,,,,,,,left-only,shipment_scans_cleaned,"shipment_scans_cleaned,delay_reports_cleaned",107326
107819,2022-06-05 07:59:00+00:00,accept,on_time,0.0,2022-06-05 09:00:00+00:00,11576,region_109,109,14181,1,Jilin,126.57589,43.79309,605,Cainiao-AI/LaDe:pickup/pickup_jl.csv,137988,107819:accept,06-05 07:59:00,,,,,,,,,,,,,,left-only,shipment_scans_cleaned,"shipment_scans_cleaned,delay_reports_cleaned",107819
107819,2022-06-05 10:18:00+00:00,pickup,on_time,0.0,2022-06-05 11:00:00+00:00,11576,region_109,109,14181,1,Jilin,126.57589,43.79309,605,Cainiao-AI/LaDe:pickup/pickup_jl.csv,137988,107819:pickup,06-05 10:18:00,,,,,,,,,,,,,,left-only,shipment_scans_cleaned,"shipment_scans_cleaned,delay_reports_cleaned",107819
107889,2022-06-12 08:03:00+00:00,accept,on_time,0.0,2022-06-12 09:00:00+00:00,10902,region_128,128,3260,1,Jilin,126.5808,43.84691,612,Cainiao-AI/LaDe:pickup/pickup_jl.csv,204089,107889:accept,06-12 08:03:00,,,,,,,,,,,,,,left-only,shipment_scans_cleaned,"shipment_scans_cleaned,delay_reports_cleaned",107889
107889,2022-06-12 08:34:00+00:00,pickup,on_time,0.0,2022-06-12 11:00:00+00:00,10902,region_128,128,3260,1,Jilin,126.5808,43.84691,612,Cainiao-AI/LaDe:pickup/pickup_jl.csv,204089,107889:pickup,06-12 08:34:00,,,,,,,,,,,,,,left-only,shipment_scans_cleaned,"shipment_scans_cleaned,delay_reports_cleaned",107889
108076,2022-06-10 09:18:00+00:00,accept,on_time,0.0,2022-06-10 11:00:00+00:00,10902,region_128,128,4509,1,Jilin,126.58263,43.85024,610,Cainiao-AI/LaDe:pickup/pickup_jl.csv,205267,108076:accept,06-10 09:18:00,,,,,,,,,,,,,,left-only,shipment_scans_cleaned,"shipment_scans_cleaned,delay_reports_cleaned",108076
108076,2022-06-10 11:47:00+00:00,pickup,on_time,0.0,2022-06-10 13:00:00+00:00,10902,region_128,128,4509,1,Jilin,126.58263,43.85024,610,Cainiao-AI/LaDe:pickup/pickup_jl.csv,205267,108076:pickup,06-10 11:47:00,,,,,,,,,,,,,,left-only,shipment_scans_cleaned,"shipment_scans_cleaned,delay_reports_cleaned",108076
108230,2022-06-13 07:37:00+00:00,accept,on_time,0.0,2022-06-13 09:00:00+00:00,13203,region_29,29,13336,14,Jilin,126.51507,43.67237,613,Cainiao-AI/LaDe:pickup/pickup_jl.csv,37543,108230:accept,06-13 07:37:00,,,,,,,,,,,,,,left-only,shipment_scans_cleaned,"shipment_scans_cleaned,delay_reports_cleaned",108230
108230,2022-06-13 10:08:00+00:00,pickup,on_time,0.0,2022-06-13 11:00:00+00:00,13203,region_29,29,13336,14,Jilin,126.51507,43.67237,613,Cainiao-AI/LaDe:pickup/pickup_jl.csv,37543,108230:pickup,06-13 10:08:00,,,,,,,,,,,,,,left-only,shipment_scans_cleaned,"shipment_scans_cleaned,delay_reports_cleaned",108230
108685,2022-06-15 07:56:00+00:00,accept,on_time,0.0,2022-06-15 09:00:00+00:00,8077,region_90,90,2443,14,Jilin,126.56596,43.87988,615,Cainiao-AI/LaDe:pickup/pickup_jl.csv,74447,108685:accept,06-15 07:56:00,,,,,,,,,,,,,,left-only,shipment_scans_cleaned,"shipment_scans_cleaned,delay_reports_cleaned",108685
108685,2022-06-15 09:53:00+00:00,pickup,on_time,0.0,2022-06-15 11:00:00+00:00,8077,region_90,90,2443,14,Jilin,126.56596,43.87988,615,Cainiao-AI/LaDe:pickup/pickup_jl.csv,74447,108685:pickup,06-15 09:53:00,,,,,,,,,,,,,,left-only,shipment_scans_cleaned,"shipment_scans_cleaned,delay_reports_cleaned",108685
109124,2022-06-07 08:16:00+00:00,accept,on_time,0.0,2022-06-07 09:00:00+00:00,4165,region_85,85,5407,1,Jilin,126.56101,43.87021,607,Cainiao-AI/LaDe:pickup/pickup_jl.csv,56338,109124:accept,06-07 08:16:00,,,,,,,,,,,,,,left-only,shipment_scans_cleaned,"shipment_scans_cleaned,delay_reports_cleaned",109124
109124,2022-06-07 08:23:00+00:00,pickup,on_time,0.0,2022-06-07 11:00:00+00:00,4165,region_85,85,5407,1,Jilin,126.56101,43.87021,607,Cainiao-AI/LaDe:pickup/pickup_jl.csv,56338,109124:pickup,06-07 08:23:00,,,,,,,,,,,,,,left-only,shipment_scans_cleaned,"shipment_scans_cleaned,delay_reports_cleaned",109124
109405,2022-06-07 12:44:00+00:00,accept,on_time,0.0,2022-06-07 17:00:00+00:00,2723,region_131,131,24022,1,Jilin,126.58017,43.82844,607,Cainiao-AI/LaDe:pickup/pickup_jl.csv,236895,109405:accept,06-07 12:44:00,,,,,,,,,,,,,,left-only,shipment_scans_cleaned,"shipment_scans_cleaned,delay_reports_cleaned",109405
109405,2022-06-07 16:14:00+00:00,pickup,on_time,0.0,2022-06-07 19:00:00+00:00,2723,region_131,131,24022,1,Jilin,126.58017,43.82844,607,Cainiao-AI/LaDe:pickup/pickup_jl.csv,236895,109405:pickup,06-07 16:14:00,,,,,,,,,,,,,,left-only,shipment_scans_cleaned,"shipment_scans_cleaned,delay_reports_cleaned",109405
109427,2022-06-12 08:12:00+00:00,accept,on_time,0.0,2022-06-12 09:00:00+00:00,2119,region_109,109,7300,1,Jilin,126.60403,43.78544,612,Cainiao-AI/LaDe:pickup/pickup_jl.csv,124144,109427:accept,06-12 08:12:00,,,,,,,,,,,,,,left-only,shipment_scans_cleaned,"shipment_scans_cleaned,delay_reports_cleaned",109427
109427,2022-06-12 10:02:00+00:00,pickup,on_time,0.0,2022-06-12 11:00:00+00:00,2119,region_109,109,7300,1,Jilin,126.60403,43.78544,612,Cainiao-AI/LaDe:pickup/pickup_jl.csv,124144,109427:pickup,06-12 10:02:00,,,,,,,,,,,,,,left-only,shipment_scans_cleaned,"shipment_scans_cleaned,delay_reports_cleaned",109427
109588,2022-06-12 12:52:00+00:00,accept,on_time,0.0,2022-06-12 15:00:00+00:00,10140,region_109,109,8575,1,Jilin,126.56655,43.79801,612,Cainiao-AI/LaDe:pickup/pickup_jl.csv,126648,109588:accept,06-12 12:52:00,,,,,,,,,,,,,,left-only,shipment_scans_cleaned,"shipment_scans_cleaned,delay_reports_cleaned",109588
109588,2022-06-12 16:22:00+00:00,pickup,on_time,0.0,2022-06-12 17:00:00+00:00,10140,region_109,109,8575,1,Jilin,126.56655,43.79801,612,Cainiao-AI/LaDe:pickup/pickup_jl.csv,126648,109588:pickup,06-12 16:22:00,,,,,,,,,,,,,,left-only,shipment_scans_cleaned,"shipment_scans_cleaned,delay_reports_cleaned",109588
109724,2022-06-11 07:41:00+00:00,accept,on_time,0.0,2022-06-11 09:00:00+00:00,729,region_90,90,15044,14,Jilin,126.55269,43.87905,611,Cainiao-AI/LaDe:pickup/pickup_jl.csv,85975,109724:accept,06-11 07:41:00,,,,,,,,,,,,,,left-only,shipment_scans_cleaned,"shipment_scans_cleaned,delay_reports_cleaned",109724
109724,2022-06-11 09:54:00+00:00,pickup,on_time,0.0,2022-06-11 11:00:00+00:00,729,region_90,90,15044,14,Jilin,126.55269,43.87905,611,Cainiao-AI/LaDe:pickup/pickup_jl.csv,85975,109724:pickup,06-11 09:54:00,,,,,,,,,,,,,,left-only,shipment_scans_cleaned,"shipment_scans_cleaned,delay_reports_cleaned",109724
109902,2022-06-10 08:06:00+00:00,accept,on_time,0.0,2022-06-10 09:00:00+00:00,5190,region_74,74,10656,1,Jilin,126.53289,43.86561,610,Cainiao-AI/LaDe:pickup/pickup_jl.csv,41159,109902:accept,06-10 08:06:00,DL-109902,pickup,394.0,0.0,2022-06-10 17:34:00+00:00,5190.0,region_74,74.0,Jilin,610.0,Cainiao-AI/LaDe:pickup/pickup_jl.csv,41159.0,06-10 17:34:00,both,shipment_scans_cleaned,"shipment_scans_cleaned,delay_reports_cleaned",109902
109902,2022-06-10 17:34:00+00:00,pickup,delayed,394.0,2022-06-10 11:00:00+00:00,5190,region_74,74,10656,1,Jilin,126.53289,43.86561,610,Cainiao-AI/LaDe:pickup/pickup_jl.csv,41159,109902:pickup,06-10 17:34:00,DL-109902,pickup,394.0,0.0,2022-06-10 17:34:00+00:00,5190.0,region_74,74.0,Jilin,610.0,Cainiao-AI/LaDe:pickup/pickup_jl.csv,41159.0,06-10 17:34:00,both,shipment_scans_cleaned,"shipment_scans_cleaned,delay_reports_cleaned",109902
109919,2022-06-13 12:08:00+00:00,accept,on_time,0.0,2022-06-13 12:08:00+00:00,11694,region_90,90,18834,14,Jilin,126.56711,43.88377,613,Cainiao-AI/LaDe:pickup/pickup_jl.csv,92078,109919:accept,06-13 12:08:00,,,,,,,,,,,,,,left-only,shipment_scans_cleaned,"shipment_scans_cleaned,delay_reports_cleaned",109919
109919,2022-06-13 12:37:00+00:00,pickup,on_time,0.0,2022-06-13 14:08:00+00:00,11694,region_90,90,18834,14,Jilin,126.56711,43.88377,613,Cainiao-AI/LaDe:pickup/pickup_jl.csv,92078,109919:pickup,06-13 12:37:00,,,,,,,,,,,,,,left-only,shipment_scans_cleaned,"shipment_scans_cleaned,delay_reports_cleaned",109919
110835,2022-06-10 09:31:00+00:00,accept,on_time,0.0,2022-06-10 11:00:00+00:00,4165,region_85,85,5407,1,Jilin,126.55951,43.87064,610,Cainiao-AI/LaDe:pickup/pickup_jl.csv,56985,110835:accept,06-10 09:31:00,,,,,,,,,,,,,,left-only,shipment_scans_cleaned,"shipment_scans_cleaned,delay_reports_cleaned",110835
110835,2022-06-10 11:39:00+00:00,pickup,on_time,0.0,2022-06-10 13:00:00+00:00,4165,region_85,85,5407,1,Jilin,126.55951,43.87064,610,Cainiao-AI/LaDe:pickup/pickup_jl.csv,56985,110835:pickup,06-10 11:39:00,,,,,,,,,,,,,,left-only,shipment_scans_cleaned,"shipment_scans_cleaned,delay_reports_cleaned",110835
110937,2022-06-11 16:24:00+00:00,accept,on_time,0.0,2022-06-11 16:24:00+00:00,9229,region_110,110,20274,14,Jilin,126.60021,43.81535,611,Cainiao-AI/LaDe:pickup/pickup_jl.csv,170793,110937:accept,06-11 16:24:00,,,,,,,,,,,,,,left-only,shipment_scans_cleaned,"shipment_scans_cleaned,delay_reports_cleaned",110937
110937,2022-06-11 17:42:00+00:00,pickup,on_time,0.0,2022-06-11 18:24:00+00:00,9229,region_110,110,20274,14,Jilin,126.60021,43.81535,611,Cainiao-AI/LaDe:pickup/pickup_jl.csv,170793,110937:pickup,06-11 17:42:00,,,,,,,,,,,,,,left-only,shipment_scans_cleaned,"shipment_scans_cleaned,delay_reports_cleaned",110937
111235,2022-06-11 08:11:00+00:00,accept,on_time,0.0,2022-06-11 09:00:00+00:00,5591,region_91,91,21897,1,Jilin,126.51678,43.81159,611,Cainiao-AI/LaDe:pickup/pickup_jl.csv,104128,111235:accept,06-11 08:11:00,,,,,,,,,,,,,,left-only,shipment_scans_cleaned,"shipment_scans_cleaned,delay_reports_cleaned",111235
111235,2022-06-11 09:36:00+00:00,pickup,on_time,0.0,2022-06-11 11:00:00+00:00,5591,region_91,91,21897,1,Jilin,126.51678,43.81159,611,Cainiao-AI/LaDe:pickup/pickup_jl.csv,104128,111235:pickup,06-11 09:36:00,,,,,,,,,,,,,,left-only,shipment_scans_cleaned,"shipment_scans_cleaned,delay_reports_cleaned",111235
112007,2022-06-07 09:29:00+00:00,accept,on_time,0.0,2022-06-07 09:29:00+00:00,6774,region_109,109,14181,1,Jilin,126.5787,43.79268,607,Cainiao-AI/LaDe:pickup/pickup_jl.csv,136102,112007:accept,06-07 09:29:00,,,,,,,,,,,,,,left-only,shipment_scans_cleaned,"shipment_scans_cleaned,delay_reports_cleaned",112007
112007,2022-06-07 10:10:00+00:00,pickup,on_time,0.0,2022-06-07 11:29:00+00:00,6774,region_109,109,14181,1,Jilin,126.5787,43.79268,607,Cainiao-AI/LaDe:pickup/pickup_jl.csv,136102,112007:pickup,06-07 10:10:00,,,,,,,,,,,,,,left-only,shipment_scans_cleaned,"shipment_scans_cleaned,delay_reports_cleaned",112007
112128,2022-06-13 09:18:00+00:00,accept,on_time,0.0,2022-06-13 11:00:00+00:00,1700,region_110,110,2764,1,Jilin,126.58622,43.82365,613,Cainiao-AI/LaDe:pickup/pickup_jl.csv,157311,112128:accept,06-13 09:18:00,,,,,,,,,,,,,,left-only,shipment_scans_cleaned,"shipment_scans_cleaned,delay_reports_cleaned",112128
112128,2022-06-13 10:58:00+00:00,pickup,on_time,0.0,2022-06-13 13:00:00+00:00,1700,region_110,110,2764,1,Jilin,126.58622,43.82365,613,Cainiao-AI/LaDe:pickup/pickup_jl.csv,157311,112128:pickup,06-13 10:58:00,,,,,,,,,,,,,,left-only,shipment_scans_cleaned,"shipment_scans_cleaned,delay_reports_cleaned",112128
112445,2022-06-08 08:03:00+00:00,accept,on_time,0.0,2022-06-08 09:00:00+00:00,10781,region_85,85,12273,1,Jilin,126.55287,43.87221,608,Cainiao-AI/LaDe:pickup/pickup_jl.csv,65765,112445:accept,06-08 08:03:00,,,,,,,,,,,,,,left-only,shipment_scans_cleaned,"shipment_scans_cleaned,delay_reports_cleaned",112445
112445,2022-06-08 15:46:00+00:00,pickup,on_time,0.0,2022-06-08 23:59:00+00:00,10781,region_85,85,12273,1,Jilin,126.55287,43.87221,608,Cainiao-AI/LaDe:pickup/pickup_jl.csv,65765,112445:pickup,06-08 15:46:00,,,,,,,,,,,,,,left-only,shipment_scans_cleaned,"shipment_scans_cleaned,delay_reports_cleaned",112445
113079,2022-06-06 09:37:00+00:00,accept,on_time,0.0,2022-06-06 11:00:00+00:00,2738,region_13,13,14709,1,Jilin,126.53889,43.86452,606,Cainiao-AI/LaDe:pickup/pickup_jl.csv,25751,113079:accept,06-06 09:37:00,,,,,,,,,,,,,,left-only,shipment_scans_cleaned,"shipment_scans_cleaned,delay_reports_cleaned",113079
113079,2022-06-06 12:02:00+00:00,pickup,on_time,0.0,2022-06-06 13:00:00+00:00,2738,region_13,13,14709,1,Jilin,126.53889,43.86452,606,Cainiao-AI/LaDe:pickup/pickup_jl.csv,25751,113079:pickup,06-06 12:02:00,,,,,,,,,,,,,,left-only,shipment_scans_cleaned,"shipment_scans_cleaned,delay_reports_cleaned",113079
113188,2022-06-05 07:37:00+00:00,accept,on_time,0.0,2022-06-05 09:00:00+00:00,5591,region_91,91,21897,1,Jilin,126.51791,43.81041,605,Cainiao-AI/LaDe:pickup/pickup_jl.csv,101342,113188:accept,06-05 07:37:00,,,,,,,,,,,,,,left-only,shipment_scans_cleaned,"shipment_scans_cleaned,delay_reports_cleaned",113188
113188,2022-06-05 09:04:00+00:00,pickup,on_time,0.0,2022-06-05 23:59:00+00:00,5591,region_91,91,21897,1,Jilin,126.51791,43.81041,605,Cainiao-AI/LaDe:pickup/pickup_jl.csv,101342,113188:pickup,06-05 09:04:00,,,,,,,,,,,,,,left-only,shipment_scans_cleaned,"shipment_scans_cleaned,delay_reports_cleaned",113188
113679,2022-06-06 07:49:00+00:00,accept,on_time,0.0,2022-06-06 09:00:00+00:00,15530,region_74,74,10769,14,Jilin,126.50231,43.85797,606,Cainiao-AI/LaDe:pickup/pickup_jl.csv,42874,113679:accept,06-06 07:49:00,,,,,,,,,,,,,,left-only,shipment_scans_cleaned,"shipment_scans_cleaned,delay_reports_cleaned",113679
113679,2022-06-06 09:11:00+00:00,pickup,on_time,0.0,2022-06-06 11:00:00+00:00,15530,region_74,74,10769,14,Jilin,126.50231,43.85797,606,Cainiao-AI/LaDe:pickup/pickup_jl.csv,42874,113679:pickup,06-06 09:11:00,,,,,,,,,,,,,,left-only,shipment_scans_cleaned,"shipment_scans_cleaned,delay_reports_cleaned",113679
113846,2022-06-05 11:30:00+00:00,accept,on_time,0.0,2022-06-05 11:30:00+00:00,15592,region_132,132,5366,14,Jilin,126.05513,42.94452,605,Cainiao-AI/LaDe:pickup/pickup_jl.csv,243380,113846:accept,06-05 11:30:00,,,,,,,,,,,,,,left-only,shipment_scans_cleaned,"shipment_scans_cleaned,delay_reports_cleaned",113846
113846,2022-06-05 12:33:00+00:00,pickup,on_time,0.0,2022-06-05 13:30:00+00:00,15592,region_132,132,5366,14,Jilin,126.05513,42.94452,605,Cainiao-AI/LaDe:pickup/pickup_jl.csv,243380,113846:pickup,06-05 12:33:00,,,,,,,,,,,,,,left-only,shipment_scans_cleaned,"shipment_scans_cleaned,delay_reports_cleaned",113846
113935,2022-06-08 10:09:00+00:00,accept,on_time,0.0,2022-06-08 11:00:00+00:00,2738,region_13,13,14709,1,Jilin,126.53891,43.86458,608,Cainiao-AI/LaDe:pickup/pickup_jl.csv,25582,113935:accept,06-08 10:09:00,,,,,,,,,,,,,,left-only,shipment_scans_cleaned,"shipment_scans_cleaned,delay_reports_cleaned",113935
113935,2022-06-08 11:16:00+00:00,pickup,on_time,0.0,2022-06-08 13:00:00+00:00,2738,region_13,13,14709,1,Jilin,126.53891,43.86458,608,Cainiao-AI/LaDe:pickup/pickup_jl.csv,25582,113935:pickup,06-08 11:16:00,,,,,,,,,,,,,,left-only,shipment_scans_cleaned,"shipment_scans_cleaned,delay_reports_cleaned",113935
114317,2022-06-12 10:15:00+00:00,accept,on_time,0.0,2022-06-12 11:00:00+00:00,2723,region_131,131,11959,1,Jilin,126.57415,43.82734,612,Cainiao-AI/LaDe:pickup/pickup_jl.csv,228899,114317:accept,06-12 10:15:00,,,,,,,,,,,,,,left-only,shipment_scans_cleaned,"shipment_scans_cleaned,delay_reports_cleaned",114317
114317,2022-06-12 11:34:00+00:00,pickup,on_time,0.0,2022-06-12 13:00:00+00:00,2723,region_131,131,11959,1,Jilin,126.57415,43.82734,612,Cainiao-AI/LaDe:pickup/pickup_jl.csv,228899,114317:pickup,06-12 11:34:00,,,,,,,,,,,,,,left-only,shipment_scans_cleaned,"shipment_scans_cleaned,delay_reports_cleaned",114317
114379,2022-06-07 07:51:00+00:00,accept,on_time,0.0,2022-06-07 11:00:00+00:00,9797,region_131,131,6970,14,Jilin,126.56932,43.83065,607,Cainiao-AI/LaDe:pickup/pickup_jl.csv,224143,114379:accept,06-07 07:51:00,,,,,,,,,,,,,,left-only,shipment_scans_cleaned,"shipment_scans_cleaned,delay_reports_cleaned",114379
114379,2022-06-07 11:28:00+00:00,pickup,on_time,0.0,2022-06-07 13:00:00+00:00,9797,region_131,131,6970,14,Jilin,126.56932,43.83065,607,Cainiao-AI/LaDe:pickup/pickup_jl.csv,224143,114379:pickup,06-07 11:28:00,,,,,,,,,,,,,,left-only,shipment_scans_cleaned,"shipment_scans_cleaned,delay_reports_cleaned",114379
114483,2022-06-13 08:17:00+00:00,accept,on_time,0.0,2022-06-13 13:00:00+00:00,1700,region_110,110,2764,1,Jilin,126.58472,43.82343,613,Cainiao-AI/LaDe:pickup/pickup_jl.csv,157720,114483:accept,06-13 08:17:00,,,,,,,,,,,,,,left-only,shipment_scans_cleaned,"shipment_scans_cleaned,delay_reports_cleaned",114483
114483,2022-06-13 11:29:00+00:00,pickup,on_time,0.0,2022-06-13 15:00:00+00:00,1700,region_110,110,2764,1,Jilin,126.58472,43.82343,613,Cainiao-AI/LaDe:pickup/pickup_jl.csv,157720,114483:pickup,06-13 11:29:00,,,,,,,,,,,,,,left-only,shipment_scans_cleaned,"shipment_scans_cleaned,delay_reports_cleaned",114483
114679,2022-06-09 08:54:00+00:00,accept,on_time,0.0,2022-06-09 13:00:00+00:00,641,region_90,90,17851,14,Jilin,126.5714,43.87977,609,Cainiao-AI/LaDe:pickup/pickup_jl.csv,88329,114679:accept,06-09 08:54:00,,,,,,,,,,,,,,left-only,shipment_scans_cleaned,"shipment_scans_cleaned,delay_reports_cleaned",114679
114679,2022-06-09 12:37:00+00:00,pickup,on_time,0.0,2022-06-09 15:00:00+00:00,641,region_90,90,17851,14,Jilin,126.5714,43.87977,609,Cainiao-AI/LaDe:pickup/pickup_jl.csv,88329,114679:pickup,06-09 12:37:00,,,,,,,,,,,,,,left-only,shipment_scans_cleaned,"shipment_scans_cleaned,delay_reports_cleaned",114679
114860,2022-06-12 09:07:00+00:00,accept,on_time,0.0,2022-06-12 15:00:00+00:00,5969,region_91,91,18807,1,Jilin,126.51857,43.8164,612,Cainiao-AI/LaDe:pickup/pickup_jl.csv,98649,114860:accept,06-12 09:07:00,,,,,,,,,,,,,,left-only,shipment_scans_cleaned,"shipment_scans_cleaned,delay_reports_cleaned",114860
114860,2022-06-12 15:26:00+00:00,pickup,on_time,0.0,2022-06-12 17:00:00+00:00,5969,region_91,91,18807,1,Jilin,126.51857,43.8164,612,Cainiao-AI/LaDe:pickup/pickup_jl.csv,98649,114860:pickup,06-12 15:26:00,,,,,,,,,,,,,,left-only,shipment_scans_cleaned,"shipment_scans_cleaned,delay_reports_cleaned",114860
115338,2022-06-16 09:10:00+00:00,accept,on_time,0.0,2022-06-16 09:10:00+00:00,11476,region_132,132,5366,14,Jilin,126.05598,42.94482,616,Cainiao-AI/LaDe:pickup/pickup_jl.csv,243258,115338:accept,06-16 09:10:00,,,,,,,,,,,,,,left-only,shipment_scans_cleaned,"shipment_scans_cleaned,delay_reports_cleaned",115338
115338,2022-06-16 09:58:00+00:00,pickup,on_time,0.0,2022-06-16 11:10:00+00:00,11476,region_132,132,5366,14,Jilin,126.05598,42.94482,616,Cainiao-AI/LaDe:pickup/pickup_jl.csv,243258,115338:pickup,06-16 09:58:00,,,,,,,,,,,,,,left-only,shipment_scans_cleaned,"shipment_scans_cleaned,delay_reports_cleaned",115338
115449,2022-06-11 14:55:00+00:00,accept,on_time,0.0,2022-06-11 14:55:00+00:00,2738,region_85,85,3713,1,Jilin,126.57427,43.87095,611,Cainiao-AI/LaDe:pickup/pickup_jl.csv,53571,115449:accept,06-11 14:55:00,,,,,,,,,,,,,,left-only,shipment_scans_cleaned,"shipment_scans_cleaned,delay_reports_cleaned",115449
115449,2022-06-11 14:55:00+00:00,pickup,on_time,0.0,2022-06-11 16:55:00+00:00,2738,region_85,85,3713,1,Jilin,126.57427,43.87095,611,Cainiao-AI/LaDe:pickup/pickup_jl.csv,53571,115449:pickup,06-11 14:55:00,,,,,,,,,,,,,,left-only,shipment_scans_cleaned,"shipment_scans_cleaned,delay_reports_cleaned",115449
116102,2022-06-08 08:18:00+00:00,accept,on_time,0.0,2022-06-08 09:00:00+00:00,1090,region_109,109,8459,1,Jilin,126.55753,43.81729,608,Cainiao-AI/LaDe:pickup/pickup_jl.csv,125999,116102:accept,06-08 08:18:00,,,,,,,,,,,,,,left-only,shipment_scans_cleaned,"shipment_scans_cleaned,delay_reports_cleaned",116102
116102,2022-06-08 08:35:00+00:00,pickup,on_time,0.0,2022-06-08 11:00:00+00:00,1090,region_109,109,8459,1,Jilin,126.55753,43.81729,608,Cainiao-AI/LaDe:pickup/pickup_jl.csv,125999,116102:pickup,06-08 08:35:00,,,,,,,,,,,,,,left-only,shipment_scans_cleaned,"shipment_scans_cleaned,delay_reports_cleaned",116102
116310,2022-06-09 14:13:00+00:00,accept,on_time,0.0,2022-06-09 15:00:00+00:00,2738,region_13,13,22605,1,Jilin,126.53994,43.86852,609,Cainiao-AI/LaDe:pickup/pickup_jl.csv,34707,116310:accept,06-09 14:13:00,,,,,,,,,,,,,,left-only,shipment_scans_cleaned,"shipment_scans_cleaned,delay_reports_cleaned",116310
116310,2022-06-09 14:41:00+00:00,pickup,on_time,0.0,2022-06-09 17:00:00+00:00,2738,region_13,13,22605,1,Jilin,126.53994,43.86852,609,Cainiao-AI/LaDe:pickup/pickup_jl.csv,34707,116310:pickup,06-09 14:41:00,,,,,,,,,,,,,,left-only,shipment_scans_cleaned,"shipment_scans_cleaned,delay_reports_cleaned",116310
116449,2022-06-08 09:04:00+00:00,accept,on_time,0.0,2022-06-08 11:00:00+00:00,4165,region_85,85,5407,1,Jilin,126.55752,43.87169,608,Cainiao-AI/LaDe:pickup/pickup_jl.csv,56838,116449:accept,06-08 09:04:00,,,,,,,,,,,,,,left-only,shipment_scans_cleaned,"shipment_scans_cleaned,delay_reports_cleaned",116449
116449,2022-06-08 11:24:00+00:00,pickup,on_time,0.0,2022-06-08 13:00:00+00:00,4165,region_85,85,5407,1,Jilin,126.55752,43.87169,608,Cainiao-AI/LaDe:pickup/pickup_jl.csv,56838,116449:pickup,06-08 11:24:00,,,,,,,,,,,,,,left-only,shipment_scans_cleaned,"shipment_scans_cleaned,delay_reports_cleaned",116449
116519,2022-06-06 14:31:00+00:00,accept,on_time,0.0,2022-06-06 14:31:00+00:00,4281,region_114,114,1932,14,Jilin,126.73319,42.98125,606,Cainiao-AI/LaDe:pickup/pickup_jl.csv,179702,116519:accept,06-06 14:31:00,,,,,,,,,,,,,,left-only,shipment_scans_cleaned,"shipment_scans_cleaned,delay_reports_cleaned",116519
116519,2022-06-06 16:25:00+00:00,pickup,on_time,0.0,2022-06-06 16:31:00+00:00,4281,region_114,114,1932,14,Jilin,126.73319,42.98125,606,Cainiao-AI/LaDe:pickup/pickup_jl.csv,179702,116519:pickup,06-06 16:25:00,,,,,,,,,,,,,,left-only,shipment_scans_cleaned,"shipment_scans_cleaned,delay_reports_cleaned",116519
116639,2022-06-07 07:54:00+00:00,accept,on_time,0.0,2022-06-07 09:00:00+00:00,3461,region_132,132,16808,14,Jilin,126.06906,42.95048,607,Cainiao-AI/LaDe:pickup/pickup_jl.csv,253484,116639:accept,06-07 07:54:00,,,,,,,,,,,,,,left-only,shipment_scans_cleaned,"shipment_scans_cleaned,delay_reports_cleaned",116639
116639,2022-06-07 08:44:00+00:00,pickup,on_time,0.0,2022-06-07 11:00:00+00:00,3461,region_132,132,16808,14,Jilin,126.06906,42.95048,607,Cainiao-AI/LaDe:pickup/pickup_jl.csv,253484,116639:pickup,06-07 08:44:00,,,,,,,,,,,,,,left-only,shipment_scans_cleaned,"shipment_scans_cleaned,delay_reports_cleaned",116639
116772,2022-06-06 11:11:00+00:00,accept,on_time,0.0,2022-06-06 13:00:00+00:00,9229,region_110,110,20274,14,Jilin,126.60474,43.81434,606,Cainiao-AI/LaDe:pickup/pickup_jl.csv,170637,116772:accept,06-06 11:11:00,,,,,,,,,,,,,,left-only,shipment_scans_cleaned,"shipment_scans_cleaned,delay_reports_cleaned",116772
116772,2022-06-06 12:39:00+00:00,pickup,on_time,0.0,2022-06-06 15:00:00+00:00,9229,region_110,110,20274,14,Jilin,126.60474,43.81434,606,Cainiao-AI/LaDe:pickup/pickup_jl.csv,170637,116772:pickup,06-06 12:39:00,,,,,,,,,,,,,,left-only,shipment_scans_cleaned,"shipment_scans_cleaned,delay_reports_cleaned",116772
117045,2022-06-06 09:08:00+00:00,accept,on_time,0.0,2022-06-06 11:00:00+00:00,3906,region_13,13,19341,14,Jilin,126.52473,43.87763,606,Cainiao-AI/LaDe:pickup/pickup_jl.csv,29160,117045:accept,06-06 09:08:00,,,,,,,,,,,,,,left-only,shipment_scans_cleaned,"shipment_scans_cleaned,delay_reports_cleaned",117045
117045,2022-06-06 10:19:00+00:00,pickup,on_time,0.0,2022-06-06 13:00:00+00:00,3906,region_13,13,19341,14,Jilin,126.52473,43.87763,606,Cainiao-AI/LaDe:pickup/pickup_jl.csv,29160,117045:pickup,06-06 10:19:00,,,,,,,,,,,,,,left-only,shipment_scans_cleaned,"shipment_scans_cleaned,delay_reports_cleaned",117045
117236,2022-06-16 07:47:00+00:00,accept,on_time,0.0,2022-06-16 09:00:00+00:00,13203,region_29,29,3559,14,Jilin,126.51752,43.67366,616,Cainiao-AI/LaDe:pickup/pickup_jl.csv,36280,117236:accept,06-16 07:47:00,,,,,,,,,,,,,,left-only,shipment_scans_cleaned,"shipment_scans_cleaned,delay_reports_cleaned",117236
117236,2022-06-16 11:23:00+00:00,pickup,on_time,0.0,2022-06-16 23:59:00+00:00,13203,region_29,29,3559,14,Jilin,126.51752,43.67366,616,Cainiao-AI/LaDe:pickup/pickup_jl.csv,36280,117236:pickup,06-16 11:23:00,,,,,,,,,,,,,,left-only,shipment_scans_cleaned,"shipment_scans_cleaned,delay_reports_cleaned",117236
117445,2022-06-12 11:09:00+00:00,accept,on_time,0.0,2022-06-12 11:09:00+00:00,788,region_109,109,7397,1,Jilin,126.55864,43.80818,612,Cainiao-AI/LaDe:pickup/pickup_jl.csv,125044,117445:accept,06-12 11:09:00,,,,,,,,,,,,,,left-only,shipment_scans_cleaned,"shipment_scans_cleaned,delay_reports_cleaned",117445
117445,2022-06-12 12:55:00+00:00,pickup,on_time,0.0,2022-06-12 13:09:00+00:00,788,region_109,109,7397,1,Jilin,126.55864,43.80818,612,Cainiao-AI/LaDe:pickup/pickup_jl.csv,125044,117445:pickup,06-12 12:55:00,,,,,,,,,,,,,,left-only,shipment_scans_cleaned,"shipment_scans_cleaned,delay_reports_cleaned",117445
117945,2022-06-09 08:18:00+00:00,accept,on_time,0.0,2022-06-09 09:00:00+00:00,5301,region_9,9,15589,1,Jilin,126.95968,44.4043,609,Cainiao-AI/LaDe:pickup/pickup_jl.csv,4560,117945:accept,06-09 08:18:00,,,,,,,,,,,,,,left-only,shipment_scans_cleaned,"shipment_scans_cleaned,delay_reports_cleaned",117945
117945,2022-06-09 16:56:00+00:00,pickup,on_time,0.0,2022-06-09 23:59:00+00:00,5301,region_9,9,15589,1,Jilin,126.95968,44.4043,609,Cainiao-AI/LaDe:pickup/pickup_jl.csv,4560,117945:pickup,06-09 16:56:00,,,,,,,,,,,,,,left-only,shipment_scans_cleaned,"shipment_scans_cleaned,delay_reports_cleaned",117945
118098,2022-06-14 08:06:00+00:00,accept,on_time,0.0,2022-06-14 09:00:00+00:00,10140,region_109,109,18288,1,Jilin,126.56994,43.80456,614,Cainiao-AI/LaDe:pickup/pickup_jl.csv,147557,118098:accept,06-14 08:06:00,,,,,,,,,,,,,,left-only,shipment_scans_cleaned,"shipment_scans_cleaned,delay_reports_cleaned",118098
118098,2022-06-14 09:02:00+00:00,pickup,on_time,0.0,2022-06-14 11:00:00+00:00,10140,region_109,109,18288,1,Jilin,126.56994,43.80456,614,Cainiao-AI/LaDe:pickup/pickup_jl.csv,147557,118098:pickup,06-14 09:02:00,,,,,,,,,,,,,,left-only,shipment_scans_cleaned,"shipment_scans_cleaned,delay_reports_cleaned",118098
118103,2022-06-09 11:20:00+00:00,accept,on_time,0.0,2022-06-09 11:20:00+00:00,11576,region_109,109,13390,1,Jilin,126.5846,43.79336,609,Cainiao-AI/LaDe:pickup/pickup_jl.csv,134121,118103:accept,06-09 11:20:00,,,,,,,,,,,,,,left-only,shipment_scans_cleaned,"shipment_scans_cleaned,delay_reports_cleaned",118103
118103,2022-06-09 11:21:00+00:00,pickup,on_time,0.0,2022-06-09 13:20:00+00:00,11576,region_109,109,13390,1,Jilin,126.5846,43.79336,609,Cainiao-AI/LaDe:pickup/pickup_jl.csv,134121,118103:pickup,06-09 11:21:00,,,,,,,,,,,,,,left-only,shipment_scans_cleaned,"shipment_scans_cleaned,delay_reports_cleaned",118103
118150,2022-06-06 07:41:00+00:00,accept,on_time,0.0,2022-06-06 09:00:00+00:00,10781,region_85,85,12273,1,Jilin,126.55271,43.87211,606,Cainiao-AI/LaDe:pickup/pickup_jl.csv,63847,118150:accept,06-06 07:41:00,,,,,,,,,,,,,,left-only,shipment_scans_cleaned,"shipment_scans_cleaned,delay_reports_cleaned",118150
118150,2022-06-06 08:48:00+00:00,pickup,on_time,0.0,2022-06-06 11:00:00+00:00,10781,region_85,85,12273,1,Jilin,126.55271,43.87211,606,Cainiao-AI/LaDe:pickup/pickup_jl.csv,63847,118150:pickup,06-06 08:48:00,,,,,,,,,,,,,,left-only,shipment_scans_cleaned,"shipment_scans_cleaned,delay_reports_cleaned",118150
118455,2022-06-06 07:36:00+00:00,accept,on_time,0.0,2022-06-06 09:00:00+00:00,10101,region_90,90,703,1,Jilin,126.56953,43.88159,606,Cainiao-AI/LaDe:pickup/pickup_jl.csv,71894,118455:accept,06-06 07:36:00,,,,,,,,,,,,,,left-only,shipment_scans_cleaned,"shipment_scans_cleaned,delay_reports_cleaned",118455
118455,2022-06-06 09:39:00+00:00,pickup,on_time,0.0,2022-06-06 11:00:00+00:00,10101,region_90,90,703,1,Jilin,126.56953,43.88159,606,Cainiao-AI/LaDe:pickup/pickup_jl.csv,71894,118455:pickup,06-06 09:39:00,,,,,,,,,,,,,,left-only,shipment_scans_cleaned,"shipment_scans_cleaned,delay_reports_cleaned",118455
118826,2022-06-05 11:05:00+00:00,accept,on_time,0.0,2022-06-05 17:00:00+00:00,3363,region_128,128,14098,1,Jilin,126.5868,43.85849,605,Cainiao-AI/LaDe:pickup/pickup_jl.csv,214713,118826:accept,06-05 11:05:00,,,,,,,,,,,,,,left-only,shipment_scans_cleaned,"shipment_scans_cleaned,delay_reports_cleaned",118826
118826,2022-06-05 17:44:00+00:00,pickup,on_time,0.0,2022-06-05 19:00:00+00:00,3363,region_128,128,14098,1,Jilin,126.5868,43.85849,605,Cainiao-AI/LaDe:pickup/pickup_jl.csv,214713,118826:pickup,06-05 17:44:00,,,,,,,,,,,,,,left-only,shipment_scans_cleaned,"shipment_scans_cleaned,delay_reports_cleaned",118826
118990,2022-06-07 08:07:00+00:00,accept,on_time,0.0,2022-06-07 09:00:00+00:00,1635,region_109,109,17458,14,Jilin,126.59164,43.79007,607,Cainiao-AI/LaDe:pickup/pickup_jl.csv,145708,118990:accept,06-07 08:07:00,,,,,,,,,,,,,,left-only,shipment_scans_cleaned,"shipment_scans_cleaned,delay_reports_cleaned",118990
118990,2022-06-07 08:21:00+00:00,pickup,on_time,0.0,2022-06-07 11:00:00+00:00,1635,region_109,109,17458,14,Jilin,126.59164,43.79007,607,Cainiao-AI/LaDe:pickup/pickup_jl.csv,145708,118990:pickup,06-07 08:21:00,,,,,,,,,,,,,,left-only,shipment_scans_cleaned,"shipment_scans_cleaned,delay_reports_cleaned",118990
119118,2022-06-14 10:35:00+00:00,accept,on_time,0.0,2022-06-14 17:00:00+00:00,5969,region_91,91,24513,1,Jilin,126.51566,43.81495,614,Cainiao-AI/LaDe:pickup/pickup_jl.csv,108396,119118:accept,06-14 10:35:00,,,,,,,,,,,,,,left-only,shipment_scans_cleaned,"shipment_scans_cleaned,delay_reports_cleaned",119118
119118,2022-06-14 17:53:00+00:00,pickup,on_time,0.0,2022-06-14 19:00:00+00:00,5969,region_91,91,24513,1,Jilin,126.51566,43.81495,614,Cainiao-AI/LaDe:pickup/pickup_jl.csv,108396,119118:pickup,06-14 17:53:00,,,,,,,,,,,,,,left-only,shipment_scans_cleaned,"shipment_scans_cleaned,delay_reports_cleaned",119118
119178,2022-06-06 16:15:00+00:00,accept,on_time,0.0,2022-06-06 16:15:00+00:00,11077,region_110,110,3251,14,Jilin,126.5936,43.82178,606,Cainiao-AI/LaDe:pickup/pickup_jl.csv,160599,119178:accept,06-06 16:15:00,,,,,,,,,,,,,,left-only,shipment_scans_cleaned,"shipment_scans_cleaned,delay_reports_cleaned",119178
119178,2022-06-06 16:53:00+00:00,pickup,on_time,0.0,2022-06-06 18:15:00+00:00,11077,region_110,110,3251,14,Jilin,126.5936,43.82178,606,Cainiao-AI/LaDe:pickup/pickup_jl.csv,160599,119178:pickup,06-06 16:53:00,,,,,,,,,,,,,,left-only,shipment_scans_cleaned,"shipment_scans_cleaned,delay_reports_cleaned",119178
119350,2022-06-13 09:42:00+00:00,accept,on_time,0.0,2022-06-13 13:00:00+00:00,7635,region_131,131,18370,1,Jilin,126.57308,43.82057,613,Cainiao-AI/LaDe:pickup/pickup_jl.csv,232538,119350:accept,06-13 09:42:00,,,,,,,,,,,,,,left-only,shipment_scans_cleaned,"shipment_scans_cleaned,delay_reports_cleaned",119350
119350,2022-06-13 13:40:00+00:00,pickup,on_time,0.0,2022-06-13 15:00:00+00:00,7635,region_131,131,18370,1,Jilin,126.57308,43.82057,613,Cainiao-AI/LaDe:pickup/pickup_jl.csv,232538,119350:pickup,06-13 13:40:00,,,,,,,,,,,,,,left-only,shipment_scans_cleaned,"shipment_scans_cleaned,delay_reports_cleaned",119350
119913,2022-06-14 08:47:00+00:00,accept,on_time,0.0,2022-06-14 17:00:00+00:00,3363,region_122,122,15230,14,Jilin,126.59339,43.85474,614,Cainiao-AI/LaDe:pickup/pickup_jl.csv,195357,119913:accept,06-14 08:47:00,,,,,,,,,,,,,,left-only,shipment_scans_cleaned,"shipment_scans_cleaned,delay_reports_cleaned",119913
119913,2022-06-14 17:15:00+00:00,pickup,on_time,0.0,2022-06-14 19:00:00+00:00,3363,region_122,122,15230,14,Jilin,126.59339,43.85474,614,Cainiao-AI/LaDe:pickup/pickup_jl.csv,195357,119913:pickup,06-14 17:15:00,,,,,,,,,,,,,,left-only,shipment_scans_cleaned,"shipment_scans_cleaned,delay_reports_cleaned",119913
120004,2022-06-18 08:46:00+00:00,accept,on_time,0.0,2022-06-18 13:00:00+00:00,4251,region_132,132,14707,14,Jilin,126.05458,42.94154,618,Cainiao-AI/LaDe:pickup/pickup_jl.csv,251544,120004:accept,06-18 08:46:00,,,,,,,,,,,,,,left-only,shipment_scans_cleaned,"shipment_scans_cleaned,delay_reports_cleaned",120004
120004,2022-06-18 14:13:00+00:00,pickup,on_time,0.0,2022-06-18 15:00:00+00:00,4251,region_132,132,14707,14,Jilin,126.05458,42.94154,618,Cainiao-AI/LaDe:pickup/pickup_jl.csv,251544,120004:pickup,06-18 14:13:00,,,,,,,,,,,,,,left-only,shipment_scans_cleaned,"shipment_scans_cleaned,delay_reports_cleaned",120004
120119,2022-06-16 11:18:00+00:00,accept,on_time,0.0,2022-06-16 11:18:00+00:00,10140,region_109,109,14499,1,Jilin,126.56766,43.80172,616,Cainiao-AI/LaDe:pickup/pickup_jl.csv,139421,120119:accept,06-16 11:18:00,,,,,,,,,,,,,,left-only,shipment_scans_cleaned,"shipment_scans_cleaned,delay_reports_cleaned",120119
120119,2022-06-16 11:42:00+00:00,pickup,on_time,0.0,2022-06-16 13:18:00+00:00,10140,region_109,109,14499,1,Jilin,126.56766,43.80172,616,Cainiao-AI/LaDe:pickup/pickup_jl.csv,139421,120119:pickup,06-16 11:42:00,,,,,,,,,,,,,,left-only,shipment_scans_cleaned,"shipment_scans_cleaned,delay_reports_cleaned",120119
120214,2022-06-16 16:57:00+00:00,accept,on_time,0.0,2022-06-16 17:00:00+00:00,10101,region_90,90,703,1,Jilin,126.57079,43.88193,616,Cainiao-AI/LaDe:pickup/pickup_jl.csv,71867,120214:accept,06-16 16:57:00,,,,,,,,,,,,,,left-only,shipment_scans_cleaned,"shipment_scans_cleaned,delay_reports_cleaned",120214
120214,2022-06-16 17:58:00+00:00,pickup,on_time,0.0,2022-06-16 19:00:00+00:00,10101,region_90,90,703,1,Jilin,126.57079,43.88193,616,Cainiao-AI/LaDe:pickup/pickup_jl.csv,71867,120214:pickup,06-16 17:58:00,,,,,,,,,,,,,,left-only,shipment_scans_cleaned,"shipment_scans_cleaned,delay_reports_cleaned",120214
120438,2022-06-09 12:21:00+00:00,accept,on_time,0.0,2022-06-09 13:00:00+00:00,11476,region_132,132,21248,4,Jilin,126.05696,42.94279,609,Cainiao-AI/LaDe:pickup/pickup_jl.csv,259121,120438:accept,06-09 12:21:00,,,,,,,,,,,,,,left-only,shipment_scans_cleaned,"shipment_scans_cleaned,delay_reports_cleaned",120438
120438,2022-06-09 14:11:00+00:00,pickup,on_time,0.0,2022-06-09 15:00:00+00:00,11476,region_132,132,21248,4,Jilin,126.05696,42.94279,609,Cainiao-AI/LaDe:pickup/pickup_jl.csv,259121,120438:pickup,06-09 14:11:00,,,,,,,,,,,,,,left-only,shipment_scans_cleaned,"shipment_scans_cleaned,delay_reports_cleaned",120438
120512,2022-06-05 13:04:00+00:00,accept,on_time,0.0,2022-06-05 13:04:00+00:00,11077,region_110,110,20274,14,Jilin,126.59462,43.82059,605,Cainiao-AI/LaDe:pickup/pickup_jl.csv,171370,120512:accept,06-05 13:04:00,,,,,,,,,,,,,,left-only,shipment_scans_cleaned,"shipment_scans_cleaned,delay_reports_cleaned",120512
120512,2022-06-05 14:57:00+00:00,pickup,on_time,0.0,2022-06-05 15:04:00+00:00,11077,region_110,110,20274,14,Jilin,126.59462,43.82059,605,Cainiao-AI/LaDe:pickup/pickup_jl.csv,171370,120512:pickup,06-05 14:57:00,,,,,,,,,,,,,,left-only,shipment_scans_cleaned,"shipment_scans_cleaned,delay_reports_cleaned",120512
120639,2022-06-10 07:48:00+00:00,accept,on_time,0.0,2022-06-10 09:00:00+00:00,641,region_90,90,17851,14,Jilin,126.57255,43.87909,610,Cainiao-AI/LaDe:pickup/pickup_jl.csv,88401,120639:accept,06-10 07:48:00,,,,,,,,,,,,,,left-only,shipment_scans_cleaned,"shipment_scans_cleaned,delay_reports_cleaned",120639
120639,2022-06-10 08:10:00+00:00,pickup,on_time,0.0,2022-06-10 11:00:00+00:00,641,region_90,90,17851,14,Jilin,126.57255,43.87909,610,Cainiao-AI/LaDe:pickup/pickup_jl.csv,88401,120639:pickup,06-10 08:10:00,,,,,,,,,,,,,,left-only,shipment_scans_cleaned,"shipment_scans_cleaned,delay_reports_cleaned",120639
121294,2022-06-16 07:39:00+00:00,accept,on_time,0.0,2022-06-16 09:00:00+00:00,1090,region_109,109,19409,14,Jilin,126.55532,43.82005,616,Cainiao-AI/LaDe:pickup/pickup_jl.csv,149577,121294:accept,06-16 07:39:00,,,,,,,,,,,,,,left-only,shipment_scans_cleaned,"shipment_scans_cleaned,delay_reports_cleaned",121294
121294,2022-06-16 10:54:00+00:00,pickup,on_time,0.0,2022-06-16 23:59:00+00:00,1090,region_109,109,19409,14,Jilin,126.55532,43.82005,616,Cainiao-AI/LaDe:pickup/pickup_jl.csv,149577,121294:pickup,06-16 10:54:00,,,,,,,,,,,,,,left-only,shipment_scans_cleaned,"shipment_scans_cleaned,delay_reports_cleaned",121294
121549,2022-06-13 07:01:00+00:00,accept,on_time,0.0,2022-06-13 09:00:00+00:00,9797,region_131,131,15471,0,Jilin,126.56533,43.83205,613,Cainiao-AI/LaDe:pickup/pickup_jl.csv,230080,121549:accept,06-13 07:01:00,,,,,,,,,,,,,,left-only,shipment_scans_cleaned,"shipment_scans_cleaned,delay_reports_cleaned",121549
121549,2022-06-13 10:48:00+00:00,pickup,on_time,0.0,2022-06-13 11:00:00+00:00,9797,region_131,131,15471,0,Jilin,126.56533,43.83205,613,Cainiao-AI/LaDe:pickup/pickup_jl.csv,230080,121549:pickup,06-13 10:48:00,,,,,,,,,,,,,,left-only,shipment_scans_cleaned,"shipment_scans_cleaned,delay_reports_cleaned",121549
121761,2022-06-14 12:49:00+00:00,accept,on_time,0.0,2022-06-14 13:00:00+00:00,11077,region_110,110,20274,14,Jilin,126.59461,43.82046,614,Cainiao-AI/LaDe:pickup/pickup_jl.csv,171433,121761:accept,06-14 12:49:00,,,,,,,,,,,,,,left-only,shipment_scans_cleaned,"shipment_scans_cleaned,delay_reports_cleaned",121761
121761,2022-06-14 14:01:00+00:00,pickup,on_time,0.0,2022-06-14 15:00:00+00:00,11077,region_110,110,20274,14,Jilin,126.59461,43.82046,614,Cainiao-AI/LaDe:pickup/pickup_jl.csv,171433,121761:pickup,06-14 14:01:00,,,,,,,,,,,,,,left-only,shipment_scans_cleaned,"shipment_scans_cleaned,delay_reports_cleaned",121761
121820,2022-06-07 14:17:00+00:00,accept,on_time,0.0,2022-06-07 14:17:00+00:00,788,region_109,109,4871,1,Jilin,126.55703,43.80775,607,Cainiao-AI/LaDe:pickup/pickup_jl.csv,118520,121820:accept,06-07 14:17:00,,,,,,,,,,,,,,left-only,shipment_scans_cleaned,"shipment_scans_cleaned,delay_reports_cleaned",121820
121820,2022-06-07 15:07:00+00:00,pickup,on_time,0.0,2022-06-07 16:17:00+00:00,788,region_109,109,4871,1,Jilin,126.55703,43.80775,607,Cainiao-AI/LaDe:pickup/pickup_jl.csv,118520,121820:pickup,06-07 15:07:00,,,,,,,,,,,,,,left-only,shipment_scans_cleaned,"shipment_scans_cleaned,delay_reports_cleaned",121820
121945,2022-06-06 07:37:00+00:00,accept,on_time,0.0,2022-06-06 09:00:00+00:00,4165,region_90,90,165,1,Jilin,126.55758,43.87864,606,Cainiao-AI/LaDe:pickup/pickup_jl.csv,70078,121945:accept,06-06 07:37:00,,,,,,,,,,,,,,left-only,shipment_scans_cleaned,"shipment_scans_cleaned,delay_reports_cleaned",121945
121945,2022-06-06 07:50:00+00:00,pickup,on_time,0.0,2022-06-06 11:00:00+00:00,4165,region_90,90,165,1,Jilin,126.55758,43.87864,606,Cainiao-AI/LaDe:pickup/pickup_jl.csv,70078,121945:pickup,06-06 07:50:00,,,,,,,,,,,,,,left-only,shipment_scans_cleaned,"shipment_scans_cleaned,delay_reports_cleaned",121945
122948,2022-06-06 09:50:00+00:00,accept,on_time,0.0,2022-06-06 09:50:00+00:00,682,region_109,109,1188,4,Jilin,126.56419,43.80935,606,Cainiao-AI/LaDe:pickup/pickup_jl.csv,110700,122948:accept,06-06 09:50:00,,,,,,,,,,,,,,left-only,shipment_scans_cleaned,"shipment_scans_cleaned,delay_reports_cleaned",122948
122948,2022-06-06 11:04:00+00:00,pickup,on_time,0.0,2022-06-06 11:50:00+00:00,682,region_109,109,1188,4,Jilin,126.56419,43.80935,606,Cainiao-AI/LaDe:pickup/pickup_jl.csv,110700,122948:pickup,06-06 11:04:00,,,,,,,,,,,,,,left-only,shipment_scans_cleaned,"shipment_scans_cleaned,delay_reports_cleaned",122948
