shipment_id,timestamp,scan_type,status,delay_duration,route_id,warehouse_id,source_file,source_row_id,delay_id,delay_reason,delay_duration_showcase-delay-reports,initial_delay_duration,reported_at,route_id_showcase-delay-reports,warehouse_id_showcase-delay-reports,source_file_showcase-delay-reports,source_row_id_showcase-delay-reports,_delay_match,transfer_id,source_warehouse,destination_warehouse,transfer_time,expected_transfer_time,actual_transfer_time,transfer_status,source_file_showcase-warehouse-transfers,source_row_id_showcase-warehouse-transfers,_transfer_match,_record_source,_source_datasets,_integration_key
S00001,2024-03-01 09:32:00+00:00,pickup,on_time,0.0,R2,W2,synthetic_showcase,0,DL-S00001,traffic,62.6,0.0,2024-03-02 13:32:00+00:00,R2,W5,synthetic_showcase,0.0,both,T-S00001,W2,W5,2024-03-01 19:32:00+00:00,2024-03-01 18:32:00+00:00,2024-03-01 19:32:00+00:00,on_time,synthetic_showcase,0.0,both,showcase_shipment_scans_cleaned,"showcase_shipment_scans_cleaned,showcase_delay_reports_cleaned,showcase_warehouse_transfers_cleaned",S00001
S00001,2024-03-01 19:32:00+00:00,hub_arrival,on_time,0.0,R2,W5,synthetic_showcase,1,DL-S00001,traffic,62.6,0.0,2024-03-02 13:32:00+00:00,R2,W5,synthetic_showcase,0.0,both,T-S00001,W2,W5,2024-03-01 19:32:00+00:00,2024-03-01 18:32:00+00:00,2024-03-01 19:32:00+00:00,on_time,synthetic_showcase,0.0,both,showcase_shipment_scans_cleaned,"showcase_shipment_scans_cleaned,showcase_delay_reports_cleaned,showcase_warehouse_transfers_cleaned",S00001
S00001,2024-03-01 22:32:00+00:00,hub_departure,delayed,17.7,R2,W5,synthetic_showcase,2,DL-S00001,traffic,62.6,0.0,2024-03-02 13:32:00+00:00,R2,W5,synthetic_showcase,0.0,both,T-S00001,W2,W5,2024-03-01 19:32:00+00:00,2024-03-01 18:32:00+00:00,2024-03-01 19:32:00+00:00,on_time,synthetic_showcase,0.0,both,showcase_shipment_scans_cleaned,"showcase_shipment_scans_cleaned,showcase_delay_reports_cleaned,showcase_warehouse_transfers_cleaned",S00001
S00001,2024-03-02 11:32:00+00:00,delivery,delivered,62.6,R2,,synthetic_showcase,3,DL-S00001,traffic,62.6,0.0,2024-03-02 13:32:00+00:00,R2,W5,synthetic_showcase,0.0,both,T-S00001,W2,W5,2024-03-01 19:32:00+00:00,2024-03-01 18:32:00+00:00,2024-03-01 19:32:00+00:00,on_time,synthetic_showcase,0.0,both,showcase_shipment_scans_cleaned,"showcase_shipment_scans_cleaned,showcase_delay_reports_cleaned,showcase_warehouse_transfers_cleaned",S00001
S00002,2024-03-02 08:01:00+00:00,pickup,on_time,0.0,R6,W5,synthetic_showcase,4,DL-S00002,customs,17.5,0.0,2024-03-03 11:01:00+00:00,R6,W1,synthetic_showcase,1.0,both,T-S00002,W5,W1,2024-03-02 13:01:00+00:00,2024-03-02 12:01:00+00:00,2024-03-02 13:01:00+00:00,on_time,synthetic_showcase,1.0,both,showcase_shipment_scans_cleaned,"showcase_shipment_scans_cleaned,showcase_delay_reports_cleaned,showcase_warehouse_transfers_cleaned",S00002
S00002,2024-03-02 13:01:00+00:00,hub_arrival,on_time,0.0,R6,W1,synthetic_showcase,5,DL-S00002,customs,17.5,0.0,2024-03-03 11:01:00+00:00,R6,W1,synthetic_showcase,1.0,both,T-S00002,W5,W1,2024-03-02 13:01:00+00:00,2024-03-02 12:01:00+00:00,2024-03-02 13:01:00+00:00,on_time,synthetic_showcase,1.0,both,showcase_shipment_scans_cleaned,"showcase_shipment_scans_cleaned,showcase_delay_reports_cleaned,showcase_warehouse_transfers_cleaned",S00002
S00002,2024-03-02 17:01:00+00:00,hub_departure,delayed,17.5,R6,W1,synthetic_showcase,6,DL-S00002,customs,17.5,0.0,2024-03-03 11:01:00+00:00,R6,W1,synthetic_showcase,1.0,both,T-S00002,W5,W1,2024-03-02 13:01:00+00:00,2024-03-02 12:01:00+00:00,2024-03-02 13:01:00+00:00,on_time,synthetic_showcase,1.0,both,showcase_shipment_scans_cleaned,"showcase_shipment_scans_cleaned,showcase_delay_reports_cleaned,showcase_warehouse_transfers_cleaned",S00002
S00002,2024-03-03 09:01:00+00:00,delivery,delivered,0.0,R6,,synthetic_showcase,7,DL-S00002,customs,17.5,0.0,2024-03-03 11:01:00+00:00,R6,W1,synthetic_showcase,1.0,both,T-S00002,W5,W1,2024-03-02 13:01:00+00:00,2024-03-02 12:01:00+00:00,2024-03-02 13:01:00+00:00,on_time,synthetic_showcase,1.0,both,showcase_shipment_scans_cleaned,"showcase_shipment_scans_cleaned,showcase_delay_reports_cleaned,showcase_warehouse_transfers_cleaned",S00002
S00003,2024-03-03 08:46:00+00:00,pickup,on_time,0.0,R3,W3,synthetic_showcase,8,,,,,,,,,,left-only,,,,,,,,,,left-only,showcase_shipment_scans_cleaned,"showcase_shipment_scans_cleaned,showcase_delay_reports_cleaned,showcase_warehouse_transfers_cleaned",S00003
S00003,2024-03-03 17:46:00+00:00,delivery,delivered,0.0,R3,,synthetic_showcase,9,,,,,,,,,,left-only,,,,,,,,,,left-only,showcase_shipment_scans_cleaned,"showcase_shipment_scans_cleaned,showcase_delay_reports_cleaned,showcase_warehouse_transfers_cleaned",S00003
S00004,2024-03-04 08:50:00+00:00,pickup,on_time,0.0,R1,W1,synthetic_showcase,10,,,,,,,,,,left-only,,,,,,,,,,left-only,showcase_shipment_scans_cleaned,"showcase_shipment_scans_cleaned,showcase_delay_reports_cleaned,showcase_warehouse_transfers_cleaned",S00004
S00004,2024-03-04 15:50:00+00:00,delivery,delivered,0.0,R1,,synthetic_showcase,11,,,,,,,,,,left-only,,,,,,,,,,left-only,showcase_shipment_scans_cleaned,"showcase_shipment_scans_cleaned,showcase_delay_reports_cleaned,showcase_warehouse_transfers_cleaned",S00004
S00005,2024-03-05 09:53:00+00:00,pickup,delayed,19.5,R6,W5,synthetic_showcase,12,DL-S00005,congestion,34.8,19.5,2024-03-06 16:53:00+00:00,R6,W2,synthetic_showcase,2.0,both,T-S00005,W5,W2,2024-03-05 16:53:00+00:00,2024-03-05 15:53:00+00:00,2024-03-05 16:53:00+00:00,delayed,synthetic_showcase,2.0,both,showcase_shipment_scans_cleaned,"showcase_shipment_scans_cleaned,showcase_delay_reports_cleaned,showcase_warehouse_transfers_cleaned",S00005
S00005,2024-03-05 16:53:00+00:00,hub_arrival,delayed,34.8,R6,W2,synthetic_showcase,13,DL-S00005,congestion,34.8,19.5,2024-03-06 16:53:00+00:00,R6,W2,synthetic_showcase,2.0,both,T-S00005,W5,W2,2024-03-05 16:53:00+00:00,2024-03-05 15:53:00+00:00,2024-03-05 16:53:00+00:00,delayed,synthetic_showcase,2.0,both,showcase_shipment_scans_cleaned,"showcase_shipment_scans_cleaned,showcase_delay_reports_cleaned,showcase_warehouse_transfers_cleaned",S00005
S00005,2024-03-05 20:53:00+00:00,hub_departure,delayed,20.1,R6,W2,synthetic_showcase,14,DL-S00005,congestion,34.8,19.5,2024-03-06 16:53:00+00:00,R6,W2,synthetic_showcase,2.0,both,T-S00005,W5,W2,2024-03-05 16:53:00+00:00,2024-03-05 15:53:00+00:00,2024-03-05 16:53:00+00:00,delayed,synthetic_showcase,2.0,both,showcase_shipment_scans_cleaned,"showcase_shipment_scans_cleaned,showcase_delay_reports_cleaned,showcase_warehouse_transfers_cleaned",S00005
S00005,2024-03-06 14:53:00+00:00,delivery,delivered,0.0,R6,,synthetic_showcase,15,DL-S00005,congestion,34.8,19.5,2024-03-06 16:53:00+00:00,R6,W2,synthetic_showcase,2.0,both,T-S00005,W5,W2,2024-03-05 16:53:00+00:00,2024-03-05 15:53:00+00:00,2024-03-05 16:53:00+00:00,delayed,synthetic_showcase,2.0,both,showcase_shipment_scans_cleaned,"showcase_shipment_scans_cleaned,showcase_delay_reports_cleaned,showcase_warehouse_transfers_cleaned",S00005
S00006,2024-03-06 08:03:00+00:00,pickup,on_time,0.0,R2,W2,synthetic_showcase,16,,,,,,,,,,left-only,T-S00006,W2,W4,2024-03-06 15:03:00+00:00,2024-03-06 14:03:00+00:00,2024-03-06 15:03:00+00:00,on_time,synthetic_showcase,3.0,both,showcase_shipment_scans_cleaned,"showcase_shipment_scans_cleaned,showcase_delay_reports_cleaned,showcase_warehouse_transfers_cleaned",S00006
S00006,2024-03-06 15:03:00+00:00,hub_arrival,on_time,0.0,R2,W4,synthetic_showcase,17,,,,,,,,,,left-only,T-S00006,W2,W4,2024-03-06 15:03:00+00:00,2024-03-06 14:03:00+00:00,2024-03-06 15:03:00+00:00,on_time,synthetic_showcase,3.0,both,showcase_shipment_scans_cleaned,"showcase_shipment_scans_cleaned,showcase_delay_reports_cleaned,showcase_warehouse_transfers_cleaned",S00006
S00006,2024-03-06 17:03:00+00:00,hub_departure,on_time,0.0,R2,W4,synthetic_showcase,18,,,,,,,,,,left-only,T-S00006,W2,W4,2024-03-06 15:03:00+00:00,2024-03-06 14:03:00+00:00,2024-03-06 15:03:00+00:00,on_time,synthetic_showcase,3.0,both,showcase_shipment_scans_cleaned,"showcase_shipment_scans_cleaned,showcase_delay_reports_cleaned,showcase_warehouse_transfers_cleaned",S00006
S00006,2024-03-07 06:03:00+00:00,delivery,delivered,0.0,R2,,synthetic_showcase,19,,,,,,,,,,left-only,T-S00006,W2,W4,2024-03-06 15:03:00+00:00,2024-03-06 14:03:00+00:00,2024-03-06 15:03:00+00:00,on_time,synthetic_showcase,3.0,both,showcase_shipment_scans_cleaned,"showcase_shipment_scans_cleaned,showcase_delay_reports_cleaned,showcase_warehouse_transfers_cleaned",S00006
S00007,2024-03-07 09:24:00+00:00,pickup,on_time,0.0,R6,W5,synthetic_showcase,20,,,,,,,,,,left-only,T-S00007,W5,W2,2024-03-07 14:24:00+00:00,2024-03-07 13:24:00+00:00,2024-03-07 14:24:00+00:00,on_time,synthetic_showcase,4.0,both,showcase_shipment_scans_cleaned,"showcase_shipment_scans_cleaned,showcase_delay_reports_cleaned,showcase_warehouse_transfers_cleaned",S00007
S00007,2024-03-07 14:24:00+00:00,hub_arrival,on_time,0.0,R6,W2,synthetic_showcase,21,,,,,,,,,,left-only,T-S00007,W5,W2,2024-03-07 14:24:00+00:00,2024-03-07 13:24:00+00:00,2024-03-07 14:24:00+00:00,on_time,synthetic_showcase,4.0,both,showcase_shipment_scans_cleaned,"showcase_shipment_scans_cleaned,showcase_delay_reports_cleaned,showcase_warehouse_transfers_cleaned",S00007
S00007,2024-03-07 18:24:00+00:00,hub_departure,on_time,0.0,R6,W2,synthetic_showcase,22,,,,,,,,,,left-only,T-S00007,W5,W2,2024-03-07 14:24:00+00:00,2024-03-07 13:24:00+00:00,2024-03-07 14:24:00+00:00,on_time,synthetic_showcase,4.0,both,showcase_shipment_scans_cleaned,"showcase_shipment_scans_cleaned,showcase_delay_reports_cleaned,showcase_warehouse_transfers_cleaned",S00007
S00007,2024-03-08 08:24:00+00:00,delivery,delivered,0.0,R6,,synthetic_showcase,23,,,,,,,,,,left-only,T-S00007,W5,W2,2024-03-07 14:24:00+00:00,2024-03-07 13:24:00+00:00,2024-03-07 14:24:00+00:00,on_time,synthetic_showcase,4.0,both,showcase_shipment_scans_cleaned,"showcase_shipment_scans_cleaned,showcase_delay_reports_cleaned,showcase_warehouse_transfers_cleaned",S00007
S00008,2024-03-08 08:08:00+00:00,pickup,on_time,0.0,R1,W1,synthetic_showcase,24,DL-S00008,traffic,83.8,0.0,2024-03-09 15:08:00+00:00,R1,W1,synthetic_showcase,3.0,both,,,,,,,,,,left-only,showcase_shipment_scans_cleaned,"showcase_shipment_scans_cleaned,showcase_delay_reports_cleaned,showcase_warehouse_transfers_cleaned",S00008
S00008,2024-03-08 21:08:00+00:00,delivery_attempt,delayed,83.8,R1,,synthetic_showcase,25,DL-S00008,traffic,83.8,0.0,2024-03-09 15:08:00+00:00,R1,W1,synthetic_showcase,3.0,both,,,,,,,,,,left-only,showcase_shipment_scans_cleaned,"showcase_shipment_scans_cleaned,showcase_delay_reports_cleaned,showcase_warehouse_transfers_cleaned",S00008
S00008,2024-03-09 13:08:00+00:00,delivery,delivered,0.0,R1,,synthetic_showcase,26,DL-S00008,traffic,83.8,0.0,2024-03-09 15:08:00+00:00,R1,W1,synthetic_showcase,3.0,both,,,,,,,,,,left-only,showcase_shipment_scans_cleaned,"showcase_shipment_scans_cleaned,showcase_delay_reports_cleaned,showcase_warehouse_transfers_cleaned",S00008
S00009,2024-03-09 08:40:00+00:00,pickup,on_time,0.0,R2,W2,synthetic_showcase,27,,,,,,,,,,left-only,,,,,,,,,,left-only,showcase_shipment_scans_cleaned,"showcase_shipment_scans_cleaned,showcase_delay_reports_cleaned,showcase_warehouse_transfers_cleaned",S00009
S00009,2024-03-10 01:40:00+00:00,delivery,delivered,0.0,R2,,synthetic_showcase,28,,,,,,,,,,left-only,,,,,,,,,,left-only,showcase_shipment_scans_cleaned,"showcase_shipment_scans_cleaned,showcase_delay_reports_cleaned,showcase_warehouse_transfers_cleaned",S00009
S00010,2024-03-10 08:22:00+00:00,pickup,on_time,0.0,R1,W1,synthetic_showcase,29,,,,,,,,,,left-only,,,,,,,,,,left-only,showcase_shipment_scans_cleaned,"showcase_shipment_scans_cleaned,showcase_delay_reports_cleaned,showcase_warehouse_transfers_cleaned",S00010
S00010,2024-03-11 01:22:00+00:00,delivery,delivered,0.0,R1,,synthetic_showcase,30,,,,,,,,,,left-only,,,,,,,,,,left-only,showcase_shipment_scans_cleaned,"showcase_shipment_scans_cleaned,showcase_delay_reports_cleaned,showcase_warehouse_transfers_cleaned",S00010
S00011,2024-03-11 09:04:00+00:00,pickup,on_time,0.0,R6,W5,synthetic_showcase,31,DL-S00011,traffic,72.0,0.0,2024-03-12 06:04:00+00:00,R6,W3,synthetic_showcase,4.0,both,T-S00011,W5,W3,2024-03-11 13:04:00+00:00,2024-03-11 12:04:00+00:00,2024-03-11 13:04:00+00:00,on_time,synthetic_showcase,5.0,both,showcase_shipment_scans_cleaned,"showcase_shipment_scans_cleaned,showcase_delay_reports_cleaned,showcase_warehouse_transfers_cleaned",S00011
S00011,2024-03-11 13:04:00+00:00,hub_arrival,on_time,0.0,R6,W3,synthetic_showcase,32,DL-S00011,traffic,72.0,0.0,2024-03-12 06:04:00+00:00,R6,W3,synthetic_showcase,4.0,both,T-S00011,W5,W3,2024-03-11 13:04:00+00:00,2024-03-11 12:04:00+00:00,2024-03-11 13:04:00+00:00,on_time,synthetic_showcase,5.0,both,showcase_shipment_scans_cleaned,"showcase_shipment_scans_cleaned,showcase_delay_reports_cleaned,showcase_warehouse_transfers_cleaned",S00011
S00011,2024-03-11 16:04:00+00:00,hub_departure,on_time,0.0,R6,W3,synthetic_showcase,33,DL-S00011,traffic,72.0,0.0,2024-03-12 06:04:00+00:00,R6,W3,synthetic_showcase,4.0,both,T-S00011,W5,W3,2024-03-11 13:04:00+00:00,2024-03-11 12:04:00+00:00,2024-03-11 13:04:00+00:00,on_time,synthetic_showcase,5.0,both,showcase_shipment_scans_cleaned,"showcase_shipment_scans_cleaned,showcase_delay_reports_cleaned,showcase_warehouse_transfers_cleaned",S00011
S00011,2024-03-12 04:04:00+00:00,delivery,delivered,72.0,R6,,synthetic_showcase,34,DL-S00011,traffic,72.0,0.0,2024-03-12 06:04:00+00:00,R6,W3,synthetic_showcase,4.0,both,T-S00011,W5,W3,2024-03-11 13:04:00+00:00,2024-03-11 12:04:00+00:00,2024-03-11 13:04:00+00:00,on_time,synthetic_showcase,5.0,both,showcase_shipment_scans_cleaned,"showcase_shipment_scans_cleaned,showcase_delay_reports_cleaned,showcase_warehouse_transfers_cleaned",S00011
S00012,2024-03-12 09:35:00+00:00,pickup,delayed,24.3,R2,W2,synthetic_showcase,35,DL-S00012,weather,24.3,24.3,2024-03-12 20:35:00+00:00,R2,W2,synthetic_showcase,5.0,both,,,,,,,,,,left-only,showcase_shipment_scans_cleaned,"showcase_shipment_scans_cleaned,showcase_delay_reports_cleaned,showcase_warehouse_transfers_cleaned",S00012
S00012,2024-03-12 18:35:00+00:00,delivery,delivered,0.0,R2,,synthetic_showcase,36,DL-S00012,weather,24.3,24.3,2024-03-12 20:35:00+00:00,R2,W2,synthetic_showcase,5.0,both,,,,,,,,,,left-only,showcase_shipment_scans_cleaned,"showcase_shipment_scans_cleaned,showcase_delay_reports_cleaned,showcase_warehouse_transfers_cleaned",S00012
S00013,2024-03-13 08:35:00+00:00,pickup,on_time,0.0,R5,W4,synthetic_showcase,37,,,,,,,,,,left-only,,,,,,,,,,left-only,showcase_shipment_scans_cleaned,"showcase_shipment_scans_cleaned,showcase_delay_reports_cleaned,showcase_warehouse_transfers_cleaned",S00013
S00013,2024-03-13 16:35:00+00:00,delivery,delivered,0.0,R5,,synthetic_showcase,38,,,,,,,,,,left-only,,,,,,,,,,left-only,showcase_shipment_scans_cleaned,"showcase_shipment_scans_cleaned,showcase_delay_reports_cleaned,showcase_warehouse_transfers_cleaned",S00013
S00014,2024-03-14 08:44:00+00:00,pickup,on_time,0.0,R6,W5,synthetic_showcase,39,,,,,,,,,,left-only,T-S00014,W5,W1,2024-03-14 15:44:00+00:00,2024-03-14 14:44:00+00:00,2024-03-14 15:44:00+00:00,on_time,synthetic_showcase,6.0,both,showcase_shipment_scans_cleaned,"showcase_shipment_scans_cleaned,showcase_delay_reports_cleaned,showcase_warehouse_transfers_cleaned",S00014
S00014,2024-03-14 15:44:00+00:00,hub_arrival,on_time,0.0,R6,W1,synthetic_showcase,40,,,,,,,,,,left-only,T-S00014,W5,W1,2024-03-14 15:44:00+00:00,2024-03-14 14:44:00+00:00,2024-03-14 15:44:00+00:00,on_time,synthetic_showcase,6.0,both,showcase_shipment_scans_cleaned,"showcase_shipment_scans_cleaned,showcase_delay_reports_cleaned,showcase_warehouse_transfers_cleaned",S00014
S00014,2024-03-14 19:44:00+00:00,hub_departure,on_time,0.0,R6,W1,synthetic_showcase,41,,,,,,,,,,left-only,T-S00014,W5,W1,2024-03-14 15:44:00+00:00,2024-03-14 14:44:00+00:00,2024-03-14 15:44:00+00:00,on_time,synthetic_showcase,6.0,both,showcase_shipment_scans_cleaned,"showcase_shipment_scans_cleaned,showcase_delay_reports_cleaned,showcase_warehouse_transfers_cleaned",S00014
S00014,2024-03-15 11:44:00+00:00,delivery,delivered,0.0,R6,,synthetic_showcase,42,,,,,,,,,,left-only,T-S00014,W5,W1,2024-03-14 15:44:00+00:00,2024-03-14 14:44:00+00:00,2024-03-14 15:44:00+00:00,on_time,synthetic_showcase,6.0,both,showcase_shipment_scans_cleaned,"showcase_shipment_scans_cleaned,showcase_delay_reports_cleaned,showcase_warehouse_transfers_cleaned",S00014
S00015,2024-03-15 09:01:00+00:00,pickup,on_time,0.0,R2,W2,synthetic_showcase,43,,,,,,,,,,left-only,T-S00015,W2,W1,2024-03-15 13:01:00+00:00,2024-03-15 12:01:00+00:00,2024-03-15 13:01:00+00:00,on_time,synthetic_showcase,7.0,both,showcase_shipment_scans_cleaned,"showcase_shipment_scans_cleaned,showcase_delay_reports_cleaned,showcase_warehouse_transfers_cleaned",S00015
S00015,2024-03-15 13:01:00+00:00,hub_arrival,on_time,0.0,R2,W1,synthetic_showcase,44,,,,,,,,,,left-only,T-S00015,W2,W1,2024-03-15 13:01:00+00:00,2024-03-15 12:01:00+00:00,2024-03-15 13:01:00+00:00,on_time,synthetic_showcase,7.0,both,showcase_shipment_scans_cleaned,"showcase_shipment_scans_cleaned,showcase_delay_reports_cleaned,showcase_warehouse_transfers_cleaned",S00015
S00015,2024-03-15 14:01:00+00:00,hub_departure,on_time,0.0,R2,W1,synthetic_showcase,45,,,,,,,,,,left-only,T-S00015,W2,W1,2024-03-15 13:01:00+00:00,2024-03-15 12:01:00+00:00,2024-03-15 13:01:00+00:00,on_time,synthetic_showcase,7.0,both,showcase_shipment_scans_cleaned,"showcase_shipment_scans_cleaned,showcase_delay_reports_cleaned,showcase_warehouse_transfers_cleaned",S00015
S00015,2024-03-16 01:01:00+00:00,delivery,delivered,0.0,R2,,synthetic_showcase,46,,,,,,,,,,left-only,T-S00015,W2,W1,2024-03-15 13:01:00+00:00,2024-03-15 12:01:00+00:00,2024-03-15 13:01:00+00:00,on_time,synthetic_showcase,7.0,both,showcase_shipment_scans_cleaned,"showcase_shipment_scans_cleaned,showcase_delay_reports_cleaned,showcase_warehouse_transfers_cleaned",S00015
S00016,2024-03-16 08:50:00+00:00,pickup,on_time,0.0,R2,W2,synthetic_showcase,47,DL-S00016,traffic,24.6,0.0,2024-03-17 05:50:00+00:00,R2,W5,synthetic_showcase,6.0,both,T-S00016,W2,W5,2024-03-16 17:50:00+00:00,2024-03-16 16:50:00+00:00,2024-03-16 17:50:00+00:00,on_time,synthetic_showcase,8.0,both,showcase_shipment_scans_cleaned,"showcase_shipment_scans_cleaned,showcase_delay_reports_cleaned,showcase_warehouse_transfers_cleaned",S00016
S00016,2024-03-16 17:50:00+00:00,hub_arrival,on_time,0.0,R2,W5,synthetic_showcase,48,DL-S00016,traffic,24.6,0.0,2024-03-17 05:50:00+00:00,R2,W5,synthetic_showcase,6.0,both,T-S00016,W2,W5,2024-03-16 17:50:00+00:00,2024-03-16 16:50:00+00:00,2024-03-16 17:50:00+00:00,on_time,synthetic_showcase,8.0,both,showcase_shipment_scans_cleaned,"showcase_shipment_scans_cleaned,showcase_delay_reports_cleaned,showcase_warehouse_transfers_cleaned",S00016
S00016,2024-03-16 21:50:00+00:00,hub_departure,on_time,0.0,R2,W5,synthetic_showcase,49,DL-S00016,traffic,24.6,0.0,2024-03-17 05:50:00+00:00,R2,W5,synthetic_showcase,6.0,both,T-S00016,W2,W5,2024-03-16 17:50:00+00:00,2024-03-16 16:50:00+00:00,2024-03-16 17:50:00+00:00,on_time,synthetic_showcase,8.0,both,showcase_shipment_scans_cleaned,"showcase_shipment_scans_cleaned,showcase_delay_reports_cleaned,showcase_warehouse_transfers_cleaned",S00016
S00016,2024-03-17 03:50:00+00:00,delivery,delivered,24.6,R2,,synthetic_showcase,50,DL-S00016,traffic,24.6,0.0,2024-03-17 05:50:00+00:00,R2,W5,synthetic_showcase,6.0,both,T-S00016,W2,W5,2024-03-16 17:50:00+00:00,2024-03-16 16:50:00+00:00,2024-03-16 17:50:00+00:00,on_time,synthetic_showcase,8.0,both,showcase_shipment_scans_cleaned,"showcase_shipment_scans_cleaned,showcase_delay_reports_cleaned,showcase_warehouse_transfers_cleaned",S00016
S00017,2024-03-17 09:40:00+00:00,pickup,on_time,0.0,R4,W1,synthetic_showcase,51,DL-S00017,congestion,67.1,0.0,2024-03-18 00:40:00+00:00,R4,W2,synthetic_showcase,7.0,both,T-S00017,W1,W2,2024-03-17 14:40:00+00:00,2024-03-17 13:40:00+00:00,2024-03-17 14:40:00+00:00,on_time,synthetic_showcase,9.0,both,showcase_shipment_scans_cleaned,"showcase_shipment_scans_cleaned,showcase_delay_reports_cleaned,showcase_warehouse_transfers_cleaned",S00017
S00017,2024-03-17 14:40:00+00:00,hub_arrival,on_time,0.0,R4,W2,synthetic_showcase,52,DL-S00017,congestion,67.1,0.0,2024-03-18 00:40:00+00:00,R4,W2,synthetic_showcase,7.0,both,T-S00017,W1,W2,2024-03-17 14:40:00+00:00,2024-03-17 13:40:00+00:00,2024-03-17 14:40:00+00:00,on_time,synthetic_showcase,9.0,both,showcase_shipment_scans_cleaned,"showcase_shipment_scans_cleaned,showcase_delay_reports_cleaned,showcase_warehouse_transfers_cleaned",S00017
S00017,2024-03-17 16:40:00+00:00,hub_departure,delayed,67.1,R4,W2,synthetic_showcase,53,DL-S00017,congestion,67.1,0.0,2024-03-18 00:40:00+00:00,R4,W2,synthetic_showcase,7.0,both,T-S00017,W1,W2,2024-03-17 14:40:00+00:00,2024-03-17 13:40:00+00:00,2024-03-17 14:40:00+00:00,on_time,synthetic_showcase,9.0,both,showcase_shipment_scans_cleaned,"showcase_shipment_scans_cleaned,showcase_delay_reports_cleaned,showcase_warehouse_transfers_cleaned",S00017
S00017,2024-03-17 22:40:00+00:00,delivery,delivered,0.0,R4,,synthetic_showcase,54,DL-S00017,congestion,67.1,0.0,2024-03-18 00:40:00+00:00,R4,W2,synthetic_showcase,7.0,both,T-S00017,W1,W2,2024-03-17 14:40:00+00:00,2024-03-17 13:40:00+00:00,2024-03-17 14:40:00+00:00,on_time,synthetic_showcase,9.0,both,showcase_shipment_scans_cleaned,"showcase_shipment_scans_cleaned,showcase_delay_reports_cleaned,showcase_warehouse_transfers_cleaned",S00017
S00018,2024-03-18 09:58:00+00:00,pickup,on_time,0.0,R3,W3,synthetic_showcase,55,,,,,,,,,,left-only,,,,,,,,,,left-only,showcase_shipment_scans_cleaned,"showcase_shipment_scans_cleaned,showcase_delay_reports_cleaned,showcase_warehouse_transfers_cleaned",S00018
S00018,2024-03-19 01:58:00+00:00,delivery,delivered,0.0,R3,,synthetic_showcase,56,,,,,,,,,,left-only,,,,,,,,,,left-only,showcase_shipment_scans_cleaned,"showcase_shipment_scans_cleaned,showcase_delay_reports_cleaned,showcase_warehouse_transfers_cleaned",S00018
S00019,2024-03-19 09:08:00+00:00,pickup,on_time,0.0,R5,W4,synthetic_showcase,57,,,,,,,,,,left-only,,,,,,,,,,left-only,showcase_shipment_scans_cleaned,"showcase_shipment_scans_cleaned,showcase_delay_reports_cleaned,showcase_warehouse_transfers_cleaned",S00019
S00019,2024-03-20 01:08:00+00:00,delivery,delivered,0.0,R5,,synthetic_showcase,58,,,,,,,,,,left-only,,,,,,,,,,left-only,showcase_shipment_scans_cleaned,"showcase_shipment_scans_cleaned,showcase_delay_reports_cleaned,showcase_warehouse_transfers_cleaned",S00019
S00020,2024-03-20 09:12:00+00:00,pickup,on_time,0.0,R5,W4,synthetic_showcase,59,DL-S00020,traffic,61.8,0.0,2024-03-21 11:12:00+00:00,R5,W2,synthetic_showcase,8.0,both,T-S00020,W4,W2,2024-03-20 15:12:00+00:00,2024-03-20 14:12:00+00:00,2024-03-20 15:12:00+00:00,on_time,synthetic_showcase,10.0,both,showcase_shipment_scans_cleaned,"showcase_shipment_scans_cleaned,showcase_delay_reports_cleaned,showcase_warehouse_transfers_cleaned",S00020
S00020,2024-03-20 15:12:00+00:00,hub_arrival,on_time,0.0,R5,W2,synthetic_showcase,60,DL-S00020,traffic,61.8,0.0,2024-03-21 11:12:00+00:00,R5,W2,synthetic_showcase,8.0,both,T-S00020,W4,W2,2024-03-20 15:12:00+00:00,2024-03-20 14:12:00+00:00,2024-03-20 15:12:00+00:00,on_time,synthetic_showcase,10.0,both,showcase_shipment_scans_cleaned,"showcase_shipment_scans_cleaned,showcase_delay_reports_cleaned,showcase_warehouse_transfers_cleaned",S00020
S00020,2024-03-20 18:12:00+00:00,hub_departure,delayed,22.8,R5,W2,synthetic_showcase,61,DL-S00020,traffic,61.8,0.0,2024-03-21 11:12:00+00:00,R5,W2,synthetic_showcase,8.0,both,T-S00020,W4,W2,2024-03-20 15:12:00+00:00,2024-03-20 14:12:00+00:00,2024-03-20 15:12:00+00:00,on_time,synthetic_showcase,10.0,both,showcase_shipment_scans_cleaned,"showcase_shipment_scans_cleaned,showcase_delay_reports_cleaned,showcase_warehouse_transfers_cleaned",S00020
S00020,2024-03-21 09:12:00+00:00,delivery,delivered,61.8,R5,,synthetic_showcase,62,DL-S00020,traffic,61.8,0.0,2024-03-21 11:12:00+00:00,R5,W2,synthetic_showcase,8.0,both,T-S00020,W4,W2,2024-03-20 15:12:00+00:00,2024-03-20 14:12:00+00:00,2024-03-20 15:12:00+00:00,on_time,synthetic_showcase,10.0,both,showcase_shipment_scans_cleaned,"showcase_shipment_scans_cleaned,showcase_delay_reports_cleaned,showcase_warehouse_transfers_cleaned",S00020
S00021,2024-03-21 09:21:00+00:00,pickup,on_time,0.0,R2,W2,synthetic_showcase,63,,,,,,,,,,left-only,,,,,,,,,,left-only,showcase_shipment_scans_cleaned,"showcase_shipment_scans_cleaned,showcase_delay_reports_cleaned,showcase_warehouse_transfers_cleaned",S00021
S00021,2024-03-21 23:21:00+00:00,delivery,delivered,0.0,R2,,synthetic_showcase,64,,,,,,,,,,left-only,,,,,,,,,,left-only,showcase_shipment_scans_cleaned,"showcase_shipment_scans_cleaned,showcase_delay_reports_cleaned,showcase_warehouse_transfers_cleaned",S00021
S00022,2024-03-01 09:33:00+00:00,pickup,on_time,0.0,R6,W5,synthetic_showcase,65,,,,,,,,,,left-only,,,,,,,,,,left-only,showcase_shipment_scans_cleaned,"showcase_shipment_scans_cleaned,showcase_delay_reports_cleaned,showcase_warehouse_transfers_cleaned",S00022
S00022,2024-03-02 00:33:00+00:00,delivery,delivered,0.0,R6,,synthetic_showcase,66,,,,,,,,,,left-only,,,,,,,,,,left-only,showcase_shipment_scans_cleaned,"showcase_shipment_scans_cleaned,showcase_delay_reports_cleaned,showcase_warehouse_transfers_cleaned",S00022
S00023,2024-03-02 09:52:00+00:00,pickup,on_time,0.0,R3,W3,synthetic_showcase,67,,,,,,,,,,left-only,T-S00023,W3,W5,2024-03-02 17:52:00+00:00,2024-03-02 16:52:00+00:00,2024-03-02 17:52:00+00:00,on_time,synthetic_showcase,11.0,both,showcase_shipment_scans_cleaned,"showcase_shipment_scans_cleaned,showcase_delay_reports_cleaned,showcase_warehouse_transfers_cleaned",S00023
S00023,2024-03-02 17:52:00+00:00,hub_arrival,on_time,0.0,R3,W5,synthetic_showcase,68,,,,,,,,,,left-only,T-S00023,W3,W5,2024-03-02 17:52:00+00:00,2024-03-02 16:52:00+00:00,2024-03-02 17:52:00+00:00,on_time,synthetic_showcase,11.0,both,showcase_shipment_scans_cleaned,"showcase_shipment_scans_cleaned,showcase_delay_reports_cleaned,showcase_warehouse_transfers_cleaned",S00023
S00023,2024-03-02 20:52:00+00:00,hub_departure,on_time,0.0,R3,W5,synthetic_showcase,69,,,,,,,,,,left-only,T-S00023,W3,W5,2024-03-02 17:52:00+00:00,2024-03-02 16:52:00+00:00,2024-03-02 17:52:00+00:00,on_time,synthetic_showcase,11.0,both,showcase_shipment_scans_cleaned,"showcase_shipment_scans_cleaned,showcase_delay_reports_cleaned,showcase_warehouse_transfers_cleaned",S00023
S00023,2024-03-03 10:52:00+00:00,delivery,delivered,0.0,R3,,synthetic_showcase,70,,,,,,,,,,left-only,T-S00023,W3,W5,2024-03-02 17:52:00+00:00,2024-03-02 16:52:00+00:00,2024-03-02 17:52:00+00:00,on_time,synthetic_showcase,11.0,both,showcase_shipment_scans_cleaned,"showcase_shipment_scans_cleaned,showcase_delay_reports_cleaned,showcase_warehouse_transfers_cleaned",S00023
S00024,2024-03-03 08:23:00+00:00,pickup,on_time,0.0,R6,W5,synthetic_showcase,71,,,,,,,,,,left-only,T-S00024,W5,W1,2024-03-03 14:23:00+00:00,2024-03-03 13:23:00+00:00,2024-03-03 14:23:00+00:00,on_time,synthetic_showcase,12.0,both,showcase_shipment_scans_cleaned,"showcase_shipment_scans_cleaned,showcase_delay_reports_cleaned,showcase_warehouse_transfers_cleaned",S00024
S00024,2024-03-03 14:23:00+00:00,hub_arrival,on_time,0.0,R6,W1,synthetic_showcase,72,,,,,,,,,,left-only,T-S00024,W5,W1,2024-03-03 14:23:00+00:00,2024-03-03 13:23:00+00:00,2024-03-03 14:23:00+00:00,on_time,synthetic_showcase,12.0,both,showcase_shipment_scans_cleaned,"showcase_shipment_scans_cleaned,showcase_delay_reports_cleaned,showcase_warehouse_transfers_cleaned",S00024
S00024,2024-03-03 18:23:00+00:00,hub_departure,on_time,0.0,R6,W1,synthetic_showcase,73,,,,,,,,,,left-only,T-S00024,W5,W1,2024-03-03 14:23:00+00:00,2024-03-03 13:23:00+00:00,2024-03-03 14:23:00+00:00,on_time,synthetic_showcase,12.0,both,showcase_shipment_scans_cleaned,"showcase_shipment_scans_cleaned,showcase_delay_reports_cleaned,showcase_warehouse_transfers_cleaned",S00024
S00024,2024-03-04 03:23:00+00:00,delivery,delivered,0.0,R6,,synthetic_showcase,74,,,,,,,,,,left-only,T-S00024,W5,W1,2024-03-03 14:23:00+00:00,2024-03-03 13:23:00+00:00,2024-03-03 14:23:00+00:00,on_time,synthetic_showcase,12.0,both,showcase_shipment_scans_cleaned,"showcase_shipment_scans_cleaned,showcase_delay_reports_cleaned,showcase_warehouse_transfers_cleaned",S00024
S00025,2024-03-04 08:24:00+00:00,pickup,on_time,0.0,R6,W5,synthetic_showcase,75,,,,,,,,,,left-only,T-S00025,W5,W4,2024-03-04 13:24:00+00:00,2024-03-04 12:24:00+00:00,2024-03-04 13:24:00+00:00,on_time,synthetic_showcase,13.0,both,showcase_shipment_scans_cleaned,"showcase_shipment_scans_cleaned,showcase_delay_reports_cleaned,showcase_warehouse_transfers_cleaned",S00025
S00025,2024-03-04 13:24:00+00:00,hub_arrival,on_time,0.0,R6,W4,synthetic_showcase,76,,,,,,,,,,left-only,T-S00025,W5,W4,2024-03-04 13:24:00+00:00,2024-03-04 12:24:00+00:00,2024-03-04 13:24:00+00:00,on_time,synthetic_showcase,13.0,both,showcase_shipment_scans_cleaned,"showcase_shipment_scans_cleaned,showcase_delay_reports_cleaned,showcase_warehouse_transfers_cleaned",S00025
S00025,2024-03-04 17:24:00+00:00,hub_departure,on_time,0.0,R6,W4,synthetic_showcase,77,,,,,,,,,,left-only,T-S00025,W5,W4,2024-03-04 13:24:00+00:00,2024-03-04 12:24:00+00:00,2024-03-04 13:24:00+00:00,on_time,synthetic_showcase,13.0,both,showcase_shipment_scans_cleaned,"showcase_shipment_scans_cleaned,showcase_delay_reports_cleaned,showcase_warehouse_transfers_cleaned",S00025
S00025,2024-03-05 02:24:00+00:00,delivery,delivered,0.0,R6,,synthetic_showcase,78,,,,,,,,,,left-only,T-S00025,W5,W4,2024-03-04 13:24:00+00:00,2024-03-04 12:24:00+00:00,2024-03-04 13:24:00+00:00,on_time,synthetic_showcase,13.0,both,showcase_shipment_scans_cleaned,"showcase_shipment_scans_cleaned,showcase_delay_reports_cleaned,showcase_warehouse_transfers_cleaned",S00025
S00026,2024-03-05 08:19:00+00:00,pickup,on_time,0.0,R2,W2,synthetic_showcase,79,,,,,,,,,,left-only,T-S00026,W2,W5,2024-03-05 12:19:00+00:00,2024-03-05 11:19:00+00:00,2024-03-05 12:19:00+00:00,on_time,synthetic_showcase,14.0,both,showcase_shipment_scans_cleaned,"showcase_shipment_scans_cleaned,showcase_delay_reports_cleaned,showcase_warehouse_transfers_cleaned",S00026
S00026,2024-03-05 12:19:00+00:00,hub_arrival,on_time,0.0,R2,W5,synthetic_showcase,80,,,,,,,,,,left-only,T-S00026,W2,W5,2024-03-05 12:19:00+00:00,2024-03-05 11:19:00+00:00,2024-03-05 12:19:00+00:00,on_time,synthetic_showcase,14.0,both,showcase_shipment_scans_cleaned,"showcase_shipment_scans_cleaned,showcase_delay_reports_cleaned,showcase_warehouse_transfers_cleaned",S00026
S00026,2024-03-05 16:19:00+00:00,hub_departure,on_time,0.0,R2,W5,synthetic_showcase,81,,,,,,,,,,left-only,T-S00026,W2,W5,2024-03-05 12:19:00+00:00,2024-03-05 11:19:00+00:00,2024-03-05 12:19:00+00:00,on_time,synthetic_showcase,14.0,both,showcase_shipment_scans_cleaned,"showcase_shipment_scans_cleaned,showcase_delay_reports_cleaned,showcase_warehouse_transfers_cleaned",S00026
S00026,2024-03-06 00:19:00+00:00,delivery,delivered,0.0,R2,,synthetic_showcase,82,,,,,,,,,,left-only,T-S00026,W2,W5,2024-03-05 12:19:00+00:00,2024-03-05 11:19:00+00:00,2024-03-05 12:19:00+00:00,on_time,synthetic_showcase,14.0,both,showcase_shipment_scans_cleaned,"showcase_shipment_scans_cleaned,showcase_delay_reports_cleaned,showcase_warehouse_transfers_cleaned",S00026
S00027,2024-03-06 09:41:00+00:00,pickup,on_time,0.0,R4,W1,synthetic_showcase,83,,,,,,,,,,left-only,,,,,,,,,,left-only,showcase_shipment_scans_cleaned,"showcase_shipment_scans_cleaned,showcase_delay_reports_cleaned,showcase_warehouse_transfers_cleaned",S00027
S00027,2024-03-07 01:41:00+00:00,delivery,delivered,0.0,R4,,synthetic_showcase,84,,,,,,,,,,left-only,,,,,,,,,,left-only,showcase_shipment_scans_cleaned,"showcase_shipment_scans_cleaned,showcase_delay_reports_cleaned,showcase_warehouse_transfers_cleaned",S00027
S00028,2024-03-07 09:36:00+00:00,pickup,on_time,0.0,R2,W2,synthetic_showcase,85,DL-S00028,weather,270.6,0.0,2024-03-08 03:36:00+00:00,R2,W5,synthetic_showcase,9.0,both,T-S00028,W2,W5,2024-03-07 16:36:00+00:00,2024-03-07 15:36:00+00:00,2024-03-07 16:36:00+00:00,on_time,synthetic_showcase,15.0,both,showcase_shipment_scans_cleaned,"showcase_shipment_scans_cleaned,showcase_delay_reports_cleaned,showcase_warehouse_transfers_cleaned",S00028
S00028,2024-03-07 16:36:00+00:00,hub_arrival,on_time,0.0,R2,W5,synthetic_showcase,86,DL-S00028,weather,270.6,0.0,2024-03-08 03:36:00+00:00,R2,W5,synthetic_showcase,9.0,both,T-S00028,W2,W5,2024-03-07 16:36:00+00:00,2024-03-07 15:36:00+00:00,2024-03-07 16:36:00+00:00,on_time,synthetic_showcase,15.0,both,showcase_shipment_scans_cleaned,"showcase_shipment_scans_cleaned,showcase_delay_reports_cleaned,showcase_warehouse_transfers_cleaned",S00028
S00028,2024-03-07 19:36:00+00:00,hub_departure,on_time,0.0,R2,W5,synthetic_showcase,87,DL-S00028,weather,270.6,0.0,2024-03-08 03:36:00+00:00,R2,W5,synthetic_showcase,9.0,both,T-S00028,W2,W5,2024-03-07 16:36:00+00:00,2024-03-07 15:36:00+00:00,2024-03-07 16:36:00+00:00,on_time,synthetic_showcase,15.0,both,showcase_shipment_scans_cleaned,"showcase_shipment_scans_cleaned,showcase_delay_reports_cleaned,showcase_warehouse_transfers_cleaned",S00028
S00028,2024-03-08 01:36:00+00:00,delivery,delivered,270.6,R2,,synthetic_showcase,88,DL-S00028,weather,270.6,0.0,2024-03-08 03:36:00+00:00,R2,W5,synthetic_showcase,9.0,both,T-S00028,W2,W5,2024-03-07 16:36:00+00:00,2024-03-07 15:36:00+00:00,2024-03-07 16:36:00+00:00,on_time,synthetic_showcase,15.0,both,showcase_shipment_scans_cleaned,"showcase_shipment_scans_cleaned,showcase_delay_reports_cleaned,showcase_warehouse_transfers_cleaned",S00028
S00029,2024-03-08 09:44:00+00:00,pickup,on_time,0.0,R6,W5,synthetic_showcase,89,,,,,,,,,,left-only,,,,,,,,,,left-only,showcase_shipment_scans_cleaned,"showcase_shipment_scans_cleaned,showcase_delay_reports_cleaned,showcase_warehouse_transfers_cleaned",S00029
S00029,2024-03-08 19:44:00+00:00,delivery,delivered,0.0,R6,,synthetic_showcase,90,,,,,,,,,,left-only,,,,,,,,,,left-only,showcase_shipment_scans_cleaned,"showcase_shipment_scans_cleaned,showcase_delay_reports_cleaned,showcase_warehouse_transfers_cleaned",S00029
S00030,2024-03-09 09:55:00+00:00,pickup,on_time,0.0,R6,W5,synthetic_showcase,91,,,,,,,,,,left-only,T-S00030,W5,W1,2024-03-09 13:55:00+00:00,2024-03-09 12:55:00+00:00,2024-03-09 13:55:00+00:00,on_time,synthetic_showcase,16.0,both,showcase_shipment_scans_cleaned,"showcase_shipment_scans_cleaned,showcase_delay_reports_cleaned,showcase_warehouse_transfers_cleaned",S00030
S00030,2024-03-09 13:55:00+00:00,hub_arrival,on_time,0.0,R6,W1,synthetic_showcase,92,,,,,,,,,,left-only,T-S00030,W5,W1,2024-03-09 13:55:00+00:00,2024-03-09 12:55:00+00:00,2024-03-09 13:55:00+00:00,on_time,synthetic_showcase,16.0,both,showcase_shipment_scans_cleaned,"showcase_shipment_scans_cleaned,showcase_delay_reports_cleaned,showcase_warehouse_transfers_cleaned",S00030
S00030,2024-03-09 17:55:00+00:00,hub_departure,on_time,0.0,R6,W1,synthetic_showcase,93,,,,,,,,,,left-only,T-S00030,W5,W1,2024-03-09 13:55:00+00:00,2024-03-09 12:55:00+00:00,2024-03-09 13:55:00+00:00,on_time,synthetic_showcase,16.0,both,showcase_shipment_scans_cleaned,"showcase_shipment_scans_cleaned,showcase_delay_reports_cleaned,showcase_warehouse_transfers_cleaned",S00030
S00030,2024-03-10 08:55:00+00:00,delivery,delivered,0.0,R6,,synthetic_showcase,94,,,,,,,,,,left-only,T-S00030,W5,W1,2024-03-09 13:55:00+00:00,2024-03-09 12:55:00+00:00,2024-03-09 13:55:00+00:00,on_time,synthetic_showcase,16.0,both,showcase_shipment_scans_cleaned,"showcase_shipment_scans_cleaned,showcase_delay_reports_cleaned,showcase_warehouse_transfers_cleaned",S00030
S00031,2024-03-10 08:23:00+00:00,pickup,on_time,0.0,R3,W3,synthetic_showcase,95,,,,,,,,,,left-only,T-S00031,W3,W4,2024-03-10 13:23:00+00:00,2024-03-10 12:23:00+00:00,2024-03-10 13:23:00+00:00,on_time,synthetic_showcase,17.0,both,showcase_shipment_scans_cleaned,"showcase_shipment_scans_cleaned,showcase_delay_reports_cleaned,showcase_warehouse_transfers_cleaned",S00031
S00031,2024-03-10 13:23:00+00:00,hub_arrival,on_time,0.0,R3,W4,synthetic_showcase,96,,,,,,,,,,left-only,T-S00031,W3,W4,2024-03-10 13:23:00+00:00,2024-03-10 12:23:00+00:00,2024-03-10 13:23:00+00:00,on_time,synthetic_showcase,17.0,both,showcase_shipment_scans_cleaned,"showcase_shipment_scans_cleaned,showcase_delay_reports_cleaned,showcase_warehouse_transfers_cleaned",S00031
S00031,2024-03-10 15:23:00+00:00,hub_departure,on_time,0.0,R3,W4,synthetic_showcase,97,,,,,,,,,,left-only,T-S00031,W3,W4,2024-03-10 13:23:00+00:00,2024-03-10 12:23:00+00:00,2024-03-10 13:23:00+00:00,on_time,synthetic_showcase,17.0,both,showcase_shipment_scans_cleaned,"showcase_shipment_scans_cleaned,showcase_delay_reports_cleaned,showcase_warehouse_transfers_cleaned",S00031
S00031,2024-03-10 21:23:00+00:00,delivery,delivered,0.0,R3,,synthetic_showcase,98,,,,,,,,,,left-only,T-S00031,W3,W4,2024-03-10 13:23:00+00:00,2024-03-10 12:23:00+00:00,2024-03-10 13:23:00+00:00,on_time,synthetic_showcase,17.0,both,showcase_shipment_scans_cleaned,"showcase_shipment_scans_cleaned,showcase_delay_reports_cleaned,showcase_warehouse_transfers_cleaned",S00031
S00032,2024-03-11 08:38:00+00:00,pickup,on_time,0.0,R4,W1,synthetic_showcase,99,,,,,,,,,,left-only,T-S00032,W1,W4,2024-03-11 13:38:00+00:00,2024-03-11 12:38:00+00:00,2024-03-11 13:38:00+00:00,on_time,synthetic_showcase,18.0,both,showcase_shipment_scans_cleaned,"showcase_shipment_scans_cleaned,showcase_delay_reports_cleaned,showcase_warehouse_transfers_cleaned",S00032
S00032,2024-03-11 13:38:00+00:00,hub_arrival,on_time,0.0,R4,W4,synthetic_showcase,100,,,,,,,,,,left-only,T-S00032,W1,W4,2024-03-11 13:38:00+00:00,2024-03-11 12:38:00+00:00,2024-03-11 13:38:00+00:00,on_time,synthetic_showcase,18.0,both,showcase_shipment_scans_cleaned,"showcase_shipment_scans_cleaned,showcase_delay_reports_cleaned,showcase_warehouse_transfers_cleaned",S00032
S00032,2024-03-11 14:38:00+00:00,hub_departure,on_time,0.0,R4,W4,synthetic_showcase,101,,,,,,,,,,left-only,T-S00032,W1,W4,2024-03-11 13:38:00+00:00,2024-03-11 12:38:00+00:00,2024-03-11 13:38:00+00:00,on_time,synthetic_showcase,18.0,both,showcase_shipment_scans_cleaned,"showcase_shipment_scans_cleaned,showcase_delay_reports_cleaned,showcase_warehouse_transfers_cleaned",S00032
S00032,2024-03-12 02:38:00+00:00,delivery,delivered,0.0,R4,,synthetic_showcase,102,,,,,,,,,,left-only,T-S00032,W1,W4,2024-03-11 13:38:00+00:00,2024-03-11 12:38:00+00:00,2024-03-11 13:38:00+00:00,on_time,synthetic_showcase,18.0,both,showcase_shipment_scans_cleaned,"showcase_shipment_scans_cleaned,showcase_delay_reports_cleaned,showcase_warehouse_transfers_cleaned",S00032
S00033,2024-03-12 09:49:00+00:00,pickup,on_time,0.0,R4,W1,synthetic_showcase,103,DL-S00033,customs,38.9,0.0,2024-03-12 23:49:00+00:00,R4,W1,synthetic_showcase,10.0,both,,,,,,,,,,left-only,showcase_shipment_scans_cleaned,"showcase_shipment_scans_cleaned,showcase_delay_reports_cleaned,showcase_warehouse_transfers_cleaned",S00033
S00033,2024-03-12 21:49:00+00:00,delivery,delivered,38.9,R4,,synthetic_showcase,104,DL-S00033,customs,38.9,0.0,2024-03-12 23:49:00+00:00,R4,W1,synthetic_showcase,10.0,both,,,,,,,,,,left-only,showcase_shipment_scans_cleaned,"showcase_shipment_scans_cleaned,showcase_delay_reports_cleaned,showcase_warehouse_transfers_cleaned",S00033
S00034,2024-03-13 08:57:00+00:00,pickup,on_time,0.0,R2,W2,synthetic_showcase,105,DL-S00034,mechanical,98.0,0.0,2024-03-14 06:57:00+00:00,R2,W1,synthetic_showcase,11.0,both,T-S00034,W2,W1,2024-03-13 13:57:00+00:00,2024-03-13 12:57:00+00:00,2024-03-13 13:57:00+00:00,delayed,synthetic_showcase,19.0,both,showcase_shipment_scans_cleaned,"showcase_shipment_scans_cleaned,showcase_delay_reports_cleaned,showcase_warehouse_transfers_cleaned",S00034
S00034,2024-03-13 13:57:00+00:00,hub_arrival,delayed,29.8,R2,W1,synthetic_showcase,106,DL-S00034,mechanical,98.0,0.0,2024-03-14 06:57:00+00:00,R2,W1,synthetic_showcase,11.0,both,T-S00034,W2,W1,2024-03-13 13:57:00+00:00,2024-03-13 12:57:00+00:00,2024-03-13 13:57:00+00:00,delayed,synthetic_showcase,19.0,both,showcase_shipment_scans_cleaned,"showcase_shipment_scans_cleaned,showcase_delay_reports_cleaned,showcase_warehouse_transfers_cleaned",S00034
S00034,2024-03-13 17:57:00+00:00,hub_departure,delayed,98.0,R2,W1,synthetic_showcase,107,DL-S00034,mechanical,98.0,0.0,2024-03-14 06:57:00+00:00,R2,W1,synthetic_showcase,11.0,both,T-S00034,W2,W1,2024-03-13 13:57:00+00:00,2024-03-13 12:57:00+00:00,2024-03-13 13:57:00+00:00,delayed,synthetic_showcase,19.0,both,showcase_shipment_scans_cleaned,"showcase_shipment_scans_cleaned,showcase_delay_reports_cleaned,showcase_warehouse_transfers_cleaned",S00034
S00034,2024-03-14 04:57:00+00:00,delivery,delivered,25.8,R2,,synthetic_showcase,108,DL-S00034,mechanical,98.0,0.0,2024-03-14 06:57:00+00:00,R2,W1,synthetic_showcase,11.0,both,T-S00034,W2,W1,2024-03-13 13:57:00+00:00,2024-03-13 12:57:00+00:00,2024-03-13 13:57:00+00:00,delayed,synthetic_showcase,19.0,both,showcase_shipment_scans_cleaned,"showcase_shipment_scans_cleaned,showcase_delay_reports_cleaned,showcase_warehouse_transfers_cleaned",S00034
S00035,2024-03-14 09:35:00+00:00,pickup,on_time,0.0,R5,W4,synthetic_showcase,109,,,,,,,,,,left-only,,,,,,,,,,left-only,showcase_shipment_scans_cleaned,"showcase_shipment_scans_cleaned,showcase_delay_reports_cleaned,showcase_warehouse_transfers_cleaned",S00035
S00035,2024-03-14 21:35:00+00:00,delivery,delivered,0.0,R5,,synthetic_showcase,110,,,,,,,,,,left-only,,,,,,,,,,left-only,showcase_shipment_scans_cleaned,"showcase_shipment_scans_cleaned,showcase_delay_reports_cleaned,showcase_warehouse_transfers_cleaned",S00035
S00036,2024-03-15 09:53:00+00:00,pickup,on_time,0.0,R1,W1,synthetic_showcase,111,,,,,,,,,,left-only,,,,,,,,,,left-only,showcase_shipment_scans_cleaned,"showcase_shipment_scans_cleaned,showcase_delay_reports_cleaned,showcase_warehouse_transfers_cleaned",S00036
S00036,2024-03-15 15:53:00+00:00,delivery,delivered,0.0,R1,,synthetic_showcase,112,,,,,,,,,,left-only,,,,,,,,,,left-only,showcase_shipment_scans_cleaned,"showcase_shipment_scans_cleaned,showcase_delay_reports_cleaned,showcase_warehouse_transfers_cleaned",S00036
S00037,2024-03-16 08:57:00+00:00,pickup,on_time,0.0,R3,W3,synthetic_showcase,113,,,,,,,,,,left-only,T-S00037,W3,W1,2024-03-16 17:57:00+00:00,2024-03-16 16:57:00+00:00,2024-03-16 17:57:00+00:00,on_time,synthetic_showcase,20.0,both,showcase_shipment_scans_cleaned,"showcase_shipment_scans_cleaned,showcase_delay_reports_cleaned,showcase_warehouse_transfers_cleaned",S00037
S00037,2024-03-16 17:57:00+00:00,hub_arrival,on_time,0.0,R3,W1,synthetic_showcase,114,,,,,,,,,,left-only,T-S00037,W3,W1,2024-03-16 17:57:00+00:00,2024-03-16 16:57:00+00:00,2024-03-16 17:57:00+00:00,on_time,synthetic_showcase,20.0,both,showcase_shipment_scans_cleaned,"showcase_shipment_scans_cleaned,showcase_delay_reports_cleaned,showcase_warehouse_transfers_cleaned",S00037
S00037,2024-03-16 18:57:00+00:00,hub_departure,on_time,0.0,R3,W1,synthetic_showcase,115,,,,,,,,,,left-only,T-S00037,W3,W1,2024-03-16 17:57:00+00:00,2024-03-16 16:57:00+00:00,2024-03-16 17:57:00+00:00,on_time,synthetic_showcase,20.0,both,showcase_shipment_scans_cleaned,"showcase_shipment_scans_cleaned,showcase_delay_reports_cleaned,showcase_warehouse_transfers_cleaned",S00037
S00037,2024-03-17 00:57:00+00:00,delivery,delivered,0.0,R3,,synthetic_showcase,116,,,,,,,,,,left-only,T-S00037,W3,W1,2024-03-16 17:57:00+00:00,2024-03-16 16:57:00+00:00,2024-03-16 17:57:00+00:00,on_time,synthetic_showcase,20.0,both,showcase_shipment_scans_cleaned,"showcase_shipment_scans_cleaned,showcase_delay_reports_cleaned,showcase_warehouse_transfers_cleaned",S00037
S00038,2024-03-17 09:57:00+00:00,pickup,on_time,0.0,R2,W2,synthetic_showcase,117,,,,,,,,,,left-only,,,,,,,,,,left-only,showcase_shipment_scans_cleaned,"showcase_shipment_scans_cleaned,showcase_delay_reports_cleaned,showcase_warehouse_transfers_cleaned",S00038
S00038,2024-03-17 19:57:00+00:00,delivery,delivered,0.0,R2,,synthetic_showcase,118,,,,,,,,,,left-only,,,,,,,,,,left-only,showcase_shipment_scans_cleaned,"showcase_shipment_scans_cleaned,showcase_delay_reports_cleaned,showcase_warehouse_transfers_cleaned",S00038
S00039,2024-03-18 09:03:00+00:00,pickup,on_time,0.0,R3,W3,synthetic_showcase,119,DL-S00039,traffic,18.6,0.0,2024-03-18 23:03:00+00:00,R3,W3,synthetic_showcase,12.0,both,,,,,,,,,,left-only,showcase_shipment_scans_cleaned,"showcase_shipment_scans_cleaned,showcase_delay_reports_cleaned,showcase_warehouse_transfers_cleaned",S00039
S00039,2024-03-18 21:03:00+00:00,delivery,delivered,18.6,R3,,synthetic_showcase,120,DL-S00039,traffic,18.6,0.0,2024-03-18 23:03:00+00:00,R3,W3,synthetic_showcase,12.0,both,,,,,,,,,,left-only,showcase_shipment_scans_cleaned,"showcase_shipment_scans_cleaned,showcase_delay_reports_cleaned,showcase_warehouse_transfers_cleaned",S00039
S00040,2024-03-19 09:31:00+00:00,pickup,delayed,42.1,R2,W2,synthetic_showcase,121,DL-S00040,weather,42.1,42.1,2024-03-20 15:31:00+00:00,R2,W1,synthetic_showcase,13.0,both,T-S00040,W2,W1,2024-03-19 18:31:00+00:00,2024-03-19 17:31:00+00:00,2024-03-19 18:31:00+00:00,on_time,synthetic_showcase,21.0,both,showcase_shipment_scans_cleaned,"showcase_shipment_scans_cleaned,showcase_delay_reports_cleaned,showcase_warehouse_transfers_cleaned",S00040
S00040,2024-03-19 18:31:00+00:00,hub_arrival,on_time,0.0,R2,W1,synthetic_showcase,122,DL-S00040,weather,42.1,42.1,2024-03-20 15:31:00+00:00,R2,W1,synthetic_showcase,13.0,both,T-S00040,W2,W1,2024-03-19 18:31:00+00:00,2024-03-19 17:31:00+00:00,2024-03-19 18:31:00+00:00,on_time,synthetic_showcase,21.0,both,showcase_shipment_scans_cleaned,"showcase_shipment_scans_cleaned,showcase_delay_reports_cleaned,showcase_warehouse_transfers_cleaned",S00040
S00040,2024-03-19 22:31:00+00:00,hub_departure,delayed,19.5,R2,W1,synthetic_showcase,123,DL-S00040,weather,42.1,42.1,2024-03-20 15:31:00+00:00,R2,W1,synthetic_showcase,13.0,both,T-S00040,W2,W1,2024-03-19 18:31:00+00:00,2024-03-19 17:31:00+00:00,2024-03-19 18:31:00+00:00,on_time,synthetic_showcase,21.0,both,showcase_shipment_scans_cleaned,"showcase_shipment_scans_cleaned,showcase_delay_reports_cleaned,showcase_warehouse_transfers_cleaned",S00040
S00040,2024-03-20 13:31:00+00:00,delivery,delivered,38.4,R2,,synthetic_showcase,124,DL-S00040,weather,42.1,42.1,2024-03-20 15:31:00+00:00,R2,W1,synthetic_showcase,13.0,both,T-S00040,W2,W1,2024-03-19 18:31:00+00:00,2024-03-19 17:31:00+00:00,2024-03-19 18:31:00+00:00,on_time,synthetic_showcase,21.0,both,showcase_shipment_scans_cleaned,"showcase_shipment_scans_cleaned,showcase_delay_reports_cleaned,showcase_warehouse_transfers_cleaned",S00040
S00041,2024-03-20 08:33:00+00:00,pickup,on_time,0.0,R4,W1,synthetic_showcase,125,,,,,,,,,,left-only,,,,,,,,,,left-only,showcase_shipment_scans_cleaned,"showcase_shipment_scans_cleaned,showcase_delay_reports_cleaned,showcase_warehouse_transfers_cleaned",S00041
S00041,2024-03-20 13:33:00+00:00,hub_arrival,on_time,0.0,R4,W3,synthetic_showcase,126,,,,,,,,,,left-only,,,,,,,,,,left-only,showcase_shipment_scans_cleaned,"showcase_shipment_scans_cleaned,showcase_delay_reports_cleaned,showcase_warehouse_transfers_cleaned",S00041
S00041,2024-03-20 17:33:00+00:00,hub_departure,on_time,0.0,R4,W3,synthetic_showcase,127,,,,,,,,,,left-only,,,,,,,,,,left-only,showcase_shipment_scans_cleaned,"showcase_shipment_scans_cleaned,showcase_delay_reports_cleaned,showcase_warehouse_transfers_cleaned",S00041
S00041,2024-03-21 02:33:00+00:00,delivery,delivered,0.0,R4,,synthetic_showcase,128,,,,,,,,,,left-only,,,,,,,,,,left-only,showcase_shipment_scans_cleaned,"showcase_shipment_scans_cleaned,showcase_delay_reports_cleaned,showcase_warehouse_transfers_cleaned",S00041
S00042,2024-03-21 09:31:00+00:00,pickup,on_time,0.0,R6,W5,synthetic_showcase,129,,,,,,,,,,left-only,,,,,,,,,,left-only,showcase_shipment_scans_cleaned,"showcase_shipment_scans_cleaned,showcase_delay_reports_cleaned,showcase_warehouse_transfers_cleaned",S00042
S00042,2024-03-21 22:31:00+00:00,delivery,delivered,0.0,R6,,synthetic_showcase,130,,,,,,,,,,left-only,,,,,,,,,,left-only,showcase_shipment_scans_cleaned,"showcase_shipment_scans_cleaned,showcase_delay_reports_cleaned,showcase_warehouse_transfers_cleaned",S00042
S00043,2024-03-01 08:32:00+00:00,pickup,on_time,0.0,R3,W3,synthetic_showcase,131,,,,,,,,,,left-only,,,,,,,,,,left-only,showcase_shipment_scans_cleaned,"showcase_shipment_scans_cleaned,showcase_delay_reports_cleaned,showcase_warehouse_transfers_cleaned",S00043
S00043,2024-03-01 18:32:00+00:00,delivery,delivered,0.0,R3,,synthetic_showcase,132,,,,,,,,,,left-only,,,,,,,,,,left-only,showcase_shipment_scans_cleaned,"showcase_shipment_scans_cleaned,showcase_delay_reports_cleaned,showcase_warehouse_transfers_cleaned",S00043
S00044,2024-03-02 08:39:00+00:00,pickup,on_time,0.0,R5,W4,synthetic_showcase,133,,,,,,,,,,left-only,,,,,,,,,,left-only,showcase_shipment_scans_cleaned,"showcase_shipment_scans_cleaned,showcase_delay_reports_cleaned,showcase_warehouse_transfers_cleaned",S00044
S00044,2024-03-03 02:39:00+00:00,delivery,delivered,0.0,R5,,synthetic_showcase,134,,,,,,,,,,left-only,,,,,,,,,,left-only,showcase_shipment_scans_cleaned,"showcase_shipment_scans_cleaned,showcase_delay_reports_cleaned,showcase_warehouse_transfers_cleaned",S00044
S00045,2024-03-03 09:54:00+00:00,pickup,delayed,16.3,R2,W2,synthetic_showcase,135,DL-S00045,mechanical,69.7,16.3,2024-03-04 05:54:00+00:00,R2,W4,synthetic_showcase,14.0,both,T-S00045,W2,W4,2024-03-03 17:54:00+00:00,2024-03-03 16:54:00+00:00,2024-03-03 17:54:00+00:00,on_time,synthetic_showcase,22.0,both,showcase_shipment_scans_cleaned,"showcase_shipment_scans_cleaned,showcase_delay_reports_cleaned,showcase_warehouse_transfers_cleaned",S00045
S00045,2024-03-03 17:54:00+00:00,hub_arrival,on_time,0.0,R2,W4,synthetic_showcase,136,DL-S00045,mechanical,69.7,16.3,2024-03-04 05:54:00+00:00,R2,W4,synthetic_showcase,14.0,both,T-S00045,W2,W4,2024-03-03 17:54:00+00:00,2024-03-03 16:54:00+00:00,2024-03-03 17:54:00+00:00,on_time,synthetic_showcase,22.0,both,showcase_shipment_scans_cleaned,"showcase_shipment_scans_cleaned,showcase_delay_reports_cleaned,showcase_warehouse_transfers_cleaned",S00045
S00045,2024-03-03 19:54:00+00:00,hub_departure,delayed,69.7,R2,W4,synthetic_showcase,137,DL-S00045,mechanical,69.7,16.3,2024-03-04 05:54:00+00:00,R2,W4,synthetic_showcase,14.0,both,T-S00045,W2,W4,2024-03-03 17:54:00+00:00,2024-03-03 16:54:00+00:00,2024-03-03 17:54:00+00:00,on_time,synthetic_showcase,22.0,both,showcase_shipment_scans_cleaned,"showcase_shipment_scans_cleaned,showcase_delay_reports_cleaned,showcase_warehouse_transfers_cleaned",S00045
S00045,2024-03-04 03:54:00+00:00,delivery,delivered,59.6,R2,,synthetic_showcase,138,DL-S00045,mechanical,69.7,16.3,2024-03-04 05:54:00+00:00,R2,W4,synthetic_showcase,14.0,both,T-S00045,W2,W4,2024-03-03 17:54:00+00:00,2024-03-03 16:54:00+00:00,2024-03-03 17:54:00+00:00,on_time,synthetic_showcase,22.0,both,showcase_shipment_scans_cleaned,"showcase_shipment_scans_cleaned,showcase_delay_reports_cleaned,showcase_warehouse_transfers_cleaned",S00045
S00046,2024-03-04 08:35:00+00:00,pickup,on_time,0.0,R5,W4,synthetic_showcase,139,,,,,,,,,,left-only,T-S00046,W4,W1,2024-03-04 14:35:00+00:00,2024-03-04 13:35:00+00:00,2024-03-04 14:35:00+00:00,on_time,synthetic_showcase,23.0,both,showcase_shipment_scans_cleaned,"showcase_shipment_scans_cleaned,showcase_delay_reports_cleaned,showcase_warehouse_transfers_cleaned",S00046
S00046,2024-03-04 14:35:00+00:00,hub_arrival,on_time,0.0,R5,W1,synthetic_showcase,140,,,,,,,,,,left-only,T-S00046,W4,W1,2024-03-04 14:35:00+00:00,2024-03-04 13:35:00+00:00,2024-03-04 14:35:00+00:00,on_time,synthetic_showcase,23.0,both,showcase_shipment_scans_cleaned,"showcase_shipment_scans_cleaned,showcase_delay_reports_cleaned,showcase_warehouse_transfers_cleaned",S00046
S00046,2024-03-04 18:35:00+00:00,hub_departure,on_time,0.0,R5,W1,synthetic_showcase,141,,,,,,,,,,left-only,T-S00046,W4,W1,2024-03-04 14:35:00+00:00,2024-03-04 13:35:00+00:00,2024-03-04 14:35:00+00:00,on_time,synthetic_showcase,23.0,both,showcase_shipment_scans_cleaned,"showcase_shipment_scans_cleaned,showcase_delay_reports_cleaned,showcase_warehouse_transfers_cleaned",S00046
S00046,2024-03-05 00:35:00+00:00,delivery,delivered,0.0,R5,,synthetic_showcase,142,,,,,,,,,,left-only,T-S00046,W4,W1,2024-03-04 14:35:00+00:00,2024-03-04 13:35:00+00:00,2024-03-04 14:35:00+00:00,on_time,synthetic_showcase,23.0,both,showcase_shipment_scans_cleaned,"showcase_shipment_scans_cleaned,showcase_delay_reports_cleaned,showcase_warehouse_transfers_cleaned",S00046
S00047,2024-03-05 08:36:00+00:00,pickup,on_time,0.0,R6,W5,synthetic_showcase,143,,,,,,,,,,left-only,T-S00047,W5,W3,2024-03-05 12:36:00+00:00,2024-03-05 11:36:00+00:00,2024-03-05 12:36:00+00:00,on_time,synthetic_showcase,24.0,both,showcase_shipment_scans_cleaned,"showcase_shipment_scans_cleaned,showcase_delay_reports_cleaned,showcase_warehouse_transfers_cleaned",S00047
S00047,2024-03-05 12:36:00+00:00,hub_arrival,on_time,0.0,R6,W3,synthetic_showcase,144,,,,,,,,,,left-only,T-S00047,W5,W3,2024-03-05 12:36:00+00:00,2024-03-05 11:36:00+00:00,2024-03-05 12:36:00+00:00,on_time,synthetic_showcase,24.0,both,showcase_shipment_scans_cleaned,"showcase_shipment_scans_cleaned,showcase_delay_reports_cleaned,showcase_warehouse_transfers_cleaned",S00047
S00047,2024-03-05 14:36:00+00:00,hub_departure,on_time,0.0,R6,W3,synthetic_showcase,145,,,,,,,,,,left-only,T-S00047,W5,W3,2024-03-05 12:36:00+00:00,2024-03-05 11:36:00+00:00,2024-03-05 12:36:00+00:00,on_time,synthetic_showcase,24.0,both,showcase_shipment_scans_cleaned,"showcase_shipment_scans_cleaned,showcase_delay_reports_cleaned,showcase_warehouse_transfers_cleaned",S00047
S00047,2024-03-05 23:36:00+00:00,delivery,delivered,0.0,R6,,synthetic_showcase,146,,,,,,,,,,left-only,T-S00047,W5,W3,2024-03-05 12:36:00+00:00,2024-03-05 11:36:00+00:00,2024-03-05 12:36:00+00:00,on_time,synthetic_showcase,24.0,both,showcase_shipment_scans_cleaned,"showcase_shipment_scans_cleaned,showcase_delay_reports_cleaned,showcase_warehouse_transfers_cleaned",S00047
S00048,2024-03-06 08:48:00+00:00,pickup,on_time,0.0,R6,W5,synthetic_showcase,147,,,,,,,,,,left-only,T-S00048,W5,W1,2024-03-06 15:48:00+00:00,2024-03-06 14:48:00+00:00,2024-03-06 15:48:00+00:00,on_time,synthetic_showcase,25.0,both,showcase_shipment_scans_cleaned,"showcase_shipment_scans_cleaned,showcase_delay_reports_cleaned,showcase_warehouse_transfers_cleaned",S00048
S00048,2024-03-06 15:48:00+00:00,hub_arrival,on_time,0.0,R6,W1,synthetic_showcase,148,,,,,,,,,,left-only,T-S00048,W5,W1,2024-03-06 15:48:00+00:00,2024-03-06 14:48:00+00:00,2024-03-06 15:48:00+00:00,on_time,synthetic_showcase,25.0,both,showcase_shipment_scans_cleaned,"showcase_shipment_scans_cleaned,showcase_delay_reports_cleaned,showcase_warehouse_transfers_cleaned",S00048
S00048,2024-03-06 19:48:00+00:00,hub_departure,on_time,0.0,R6,W1,synthetic_showcase,149,,,,,,,,,,left-only,T-S00048,W5,W1,2024-03-06 15:48:00+00:00,2024-03-06 14:48:00+00:00,2024-03-06 15:48:00+00:00,on_time,synthetic_showcase,25.0,both,showcase_shipment_scans_cleaned,"showcase_shipment_scans_cleaned,showcase_delay_reports_cleaned,showcase_warehouse_transfers_cleaned",S00048
S00048,2024-03-07 04:48:00+00:00,delivery,delivered,0.0,R6,,synthetic_showcase,150,,,,,,,,,,left-only,T-S00048,W5,W1,2024-03-06 15:48:00+00:00,2024-03-06 14:48:00+00:00,2024-03-06 15:48:00+00:00,on_time,synthetic_showcase,25.0,both,showcase_shipment_scans_cleaned,"showcase_shipment_scans_cleaned,showcase_delay_reports_cleaned,showcase_warehouse_transfers_cleaned",S00048
S00049,2024-03-07 09:38:00+00:00,pickup,on_time,0.0,R3,W3,synthetic_showcase,151,,,,,,,,,,left-only,,,,,,,,,,left-only,showcase_shipment_scans_cleaned,"showcase_shipment_scans_cleaned,showcase_delay_reports_cleaned,showcase_warehouse_transfers_cleaned",S00049
S00049,2024-03-07 19:38:00+00:00,delivery,delivered,0.0,R3,,synthetic_showcase,152,,,,,,,,,,left-only,,,,,,,,,,left-only,showcase_shipment_scans_cleaned,"showcase_shipment_scans_cleaned,showcase_delay_reports_cleaned,showcase_warehouse_transfers_cleaned",S00049
S00050,2024-03-08 08:56:00+00:00,pickup,on_time,0.0,R5,W4,synthetic_showcase,153,,,,,,,,,,left-only,T-S00050,W4,W1,2024-03-08 18:56:00+00:00,2024-03-08 17:56:00+00:00,2024-03-08 18:56:00+00:00,on_time,synthetic_showcase,26.0,both,showcase_shipment_scans_cleaned,"showcase_shipment_scans_cleaned,showcase_delay_reports_cleaned,showcase_warehouse_transfers_cleaned",S00050
S00050,2024-03-08 18:56:00+00:00,hub_arrival,on_time,0.0,R5,W1,synthetic_showcase,154,,,,,,,,,,left-only,T-S00050,W4,W1,2024-03-08 18:56:00+00:00,2024-03-08 17:56:00+00:00,2024-03-08 18:56:00+00:00,on_time,synthetic_showcase,26.0,both,showcase_shipment_scans_cleaned,"showcase_shipment_scans_cleaned,showcase_delay_reports_cleaned,showcase_warehouse_transfers_cleaned",S00050
S00050,2024-03-08 20:56:00+00:00,hub_departure,on_time,0.0,R5,W1,synthetic_showcase,155,,,,,,,,,,left-only,T-S00050,W4,W1,2024-03-08 18:56:00+00:00,2024-03-08 17:56:00+00:00,2024-03-08 18:56:00+00:00,on_time,synthetic_showcase,26.0,both,showcase_shipment_scans_cleaned,"showcase_shipment_scans_cleaned,showcase_delay_reports_cleaned,showcase_warehouse_transfers_cleaned",S00050
S00050,2024-03-09 08:56:00+00:00,delivery,delivered,0.0,R5,,synthetic_showcase,156,,,,,,,,,,left-only,T-S00050,W4,W1,2024-03-08 18:56:00+00:00,2024-03-08 17:56:00+00:00,2024-03-08 18:56:00+00:00,on_time,synthetic_showcase,26.0,both,showcase_shipment_scans_cleaned,"showcase_shipment_scans_cleaned,showcase_delay_reports_cleaned,showcase_warehouse_transfers_cleaned",S00050
S00051,2024-03-09 08:08:00+00:00,pickup,on_time,0.0,R6,W5,synthetic_showcase,157,,,,,,,,,,left-only,,,,,,,,,,left-only,showcase_shipment_scans_cleaned,"showcase_shipment_scans_cleaned,showcase_delay_reports_cleaned,showcase_warehouse_transfers_cleaned",S00051
S00051,2024-03-10 02:08:00+00:00,delivery,delivered,0.0,R6,,synthetic_showcase,158,,,,,,,,,,left-only,,,,,,,,,,left-only,showcase_shipment_scans_cleaned,"showcase_shipment_scans_cleaned,showcase_delay_reports_cleaned,showcase_warehouse_transfers_cleaned",S00051
S00052,2024-03-10 08:39:00+00:00,pickup,on_time,0.0,R3,W3,synthetic_showcase,159,DL-S00052,mechanical,157.1,0.0,2024-03-11 05:39:00+00:00,R3,W2,synthetic_showcase,15.0,both,T-S00052,W3,W2,2024-03-10 13:39:00+00:00,2024-03-10 12:39:00+00:00,2024-03-10 13:39:00+00:00,delayed,synthetic_showcase,27.0,both,showcase_shipment_scans_cleaned,"showcase_shipment_scans_cleaned,showcase_delay_reports_cleaned,showcase_warehouse_transfers_cleaned",S00052
S00052,2024-03-10 13:39:00+00:00,hub_arrival,delayed,33.2,R3,W2,synthetic_showcase,160,DL-S00052,mechanical,157.1,0.0,2024-03-11 05:39:00+00:00,R3,W2,synthetic_showcase,15.0,both,T-S00052,W3,W2,2024-03-10 13:39:00+00:00,2024-03-10 12:39:00+00:00,2024-03-10 13:39:00+00:00,delayed,synthetic_showcase,27.0,both,showcase_shipment_scans_cleaned,"showcase_shipment_scans_cleaned,showcase_delay_reports_cleaned,showcase_warehouse_transfers_cleaned",S00052
S00052,2024-03-10 14:39:00+00:00,hub_departure,delayed,93.8,R3,W2,synthetic_showcase,161,DL-S00052,mechanical,157.1,0.0,2024-03-11 05:39:00+00:00,R3,W2,synthetic_showcase,15.0,both,T-S00052,W3,W2,2024-03-10 13:39:00+00:00,2024-03-10 12:39:00+00:00,2024-03-10 13:39:00+00:00,delayed,synthetic_showcase,27.0,both,showcase_shipment_scans_cleaned,"showcase_shipment_scans_cleaned,showcase_delay_reports_cleaned,showcase_warehouse_transfers_cleaned",S00052
S00052,2024-03-11 03:39:00+00:00,delivery,delivered,157.1,R3,,synthetic_showcase,162,DL-S00052,mechanical,157.1,0.0,2024-03-11 05:39:00+00:00,R3,W2,synthetic_showcase,15.0,both,T-S00052,W3,W2,2024-03-10 13:39:00+00:00,2024-03-10 12:39:00+00:00,2024-03-10 13:39:00+00:00,delayed,synthetic_showcase,27.0,both,showcase_shipment_scans_cleaned,"showcase_shipment_scans_cleaned,showcase_delay_reports_cleaned,showcase_warehouse_transfers_cleaned",S00052
S00053,2024-03-11 08:30:00+00:00,pickup,on_time,0.0,R2,W2,synthetic_showcase,163,,,,,,,,,,left-only,T-S00053,W2,W5,2024-03-11 14:30:00+00:00,2024-03-11 13:30:00+00:00,2024-03-11 14:30:00+00:00,on_time,synthetic_showcase,28.0,both,showcase_shipment_scans_cleaned,"showcase_shipment_scans_cleaned,showcase_delay_reports_cleaned,showcase_warehouse_transfers_cleaned",S00053
S00053,2024-03-11 14:30:00+00:00,hub_arrival,on_time,0.0,R2,W5,synthetic_showcase,164,,,,,,,,,,left-only,T-S00053,W2,W5,2024-03-11 14:30:00+00:00,2024-03-11 13:30:00+00:00,2024-03-11 14:30:00+00:00,on_time,synthetic_showcase,28.0,both,showcase_shipment_scans_cleaned,"showcase_shipment_scans_cleaned,showcase_delay_reports_cleaned,showcase_warehouse_transfers_cleaned",S00053
S00053,2024-03-11 17:30:00+00:00,hub_departure,on_time,0.0,R2,W5,synthetic_showcase,165,,,,,,,,,,left-only,T-S00053,W2,W5,2024-03-11 14:30:00+00:00,2024-03-11 13:30:00+00:00,2024-03-11 14:30:00+00:00,on_time,synthetic_showcase,28.0,both,showcase_shipment_scans_cleaned,"showcase_shipment_scans_cleaned,showcase_delay_reports_cleaned,showcase_warehouse_transfers_cleaned",S00053
S00053,2024-03-12 01:30:00+00:00,delivery,delivered,0.0,R2,,synthetic_showcase,166,,,,,,,,,,left-only,T-S00053,W2,W5,2024-03-11 14:30:00+00:00,2024-03-11 13:30:00+00:00,2024-03-11 14:30:00+00:00,on_time,synthetic_showcase,28.0,both,showcase_shipment_scans_cleaned,"showcase_shipment_scans_cleaned,showcase_delay_reports_cleaned,showcase_warehouse_transfers_cleaned",S00053
S00054,2024-03-12 08:19:00+00:00,pickup,on_time,0.0,R3,W3,synthetic_showcase,167,,,,,,,,,,left-only,T-S00054,W3,W1,2024-03-12 18:19:00+00:00,2024-03-12 17:19:00+00:00,2024-03-12 18:19:00+00:00,on_time,synthetic_showcase,29.0,both,showcase_shipment_scans_cleaned,"showcase_shipment_scans_cleaned,showcase_delay_reports_cleaned,showcase_warehouse_transfers_cleaned",S00054
S00054,2024-03-12 18:19:00+00:00,hub_arrival,on_time,0.0,R3,W1,synthetic_showcase,168,,,,,,,,,,left-only,T-S00054,W3,W1,2024-03-12 18:19:00+00:00,2024-03-12 17:19:00+00:00,2024-03-12 18:19:00+00:00,on_time,synthetic_showcase,29.0,both,showcase_shipment_scans_cleaned,"showcase_shipment_scans_cleaned,showcase_delay_reports_cleaned,showcase_warehouse_transfers_cleaned",S00054
S00054,2024-03-12 19:19:00+00:00,hub_departure,on_time,0.0,R3,W1,synthetic_showcase,169,,,,,,,,,,left-only,T-S00054,W3,W1,2024-03-12 18:19:00+00:00,2024-03-12 17:19:00+00:00,2024-03-12 18:19:00+00:00,on_time,synthetic_showcase,29.0,both,showcase_shipment_scans_cleaned,"showcase_shipment_scans_cleaned,showcase_delay_reports_cleaned,showcase_warehouse_transfers_cleaned",S00054
S00054,2024-03-13 09:19:00+00:00,delivery,delivered,0.0,R3,,synthetic_showcase,170,,,,,,,,,,left-only,T-S00054,W3,W1,2024-03-12 18:19:00+00:00,2024-03-12 17:19:00+00:00,2024-03-12 18:19:00+00:00,on_time,synthetic_showcase,29.0,both,showcase_shipment_scans_cleaned,"showcase_shipment_scans_cleaned,showcase_delay_reports_cleaned,showcase_warehouse_transfers_cleaned",S00054
S00055,2024-03-13 08:37:00+00:00,pickup,on_time,0.0,R6,W5,synthetic_showcase,171,,,,,,,,,,left-only,,,,,,,,,,left-only,showcase_shipment_scans_cleaned,"showcase_shipment_scans_cleaned,showcase_delay_reports_cleaned,showcase_warehouse_transfers_cleaned",S00055
S00055,2024-03-14 02:37:00+00:00,delivery,delivered,0.0,R6,,synthetic_showcase,172,,,,,,,,,,left-only,,,,,,,,,,left-only,showcase_shipment_scans_cleaned,"showcase_shipment_scans_cleaned,showcase_delay_reports_cleaned,showcase_warehouse_transfers_cleaned",S00055
S00056,2024-03-14 08:20:00+00:00,pickup,on_time,0.0,R1,W1,synthetic_showcase,173,DL-S00056,mechanical,27.4,0.0,2024-03-15 04:20:00+00:00,R1,W2,synthetic_showcase,16.0,both,T-S00056,W1,W2,2024-03-14 16:20:00+00:00,2024-03-14 15:20:00+00:00,2024-03-14 16:20:00+00:00,delayed,synthetic_showcase,30.0,both,showcase_shipment_scans_cleaned,"showcase_shipment_scans_cleaned,showcase_delay_reports_cleaned,showcase_warehouse_transfers_cleaned",S00056
S00056,2024-03-14 16:20:00+00:00,hub_arrival,delayed,22.2,R1,W2,synthetic_showcase,174,DL-S00056,mechanical,27.4,0.0,2024-03-15 04:20:00+00:00,R1,W2,synthetic_showcase,16.0,both,T-S00056,W1,W2,2024-03-14 16:20:00+00:00,2024-03-14 15:20:00+00:00,2024-03-14 16:20:00+00:00,delayed,synthetic_showcase,30.0,both,showcase_shipment_scans_cleaned,"showcase_shipment_scans_cleaned,showcase_delay_reports_cleaned,showcase_warehouse_transfers_cleaned",S00056
S00056,2024-03-14 19:20:00+00:00,hub_departure,on_time,0.0,R1,W2,synthetic_showcase,175,DL-S00056,mechanical,27.4,0.0,2024-03-15 04:20:00+00:00,R1,W2,synthetic_showcase,16.0,both,T-S00056,W1,W2,2024-03-14 16:20:00+00:00,2024-03-14 15:20:00+00:00,2024-03-14 16:20:00+00:00,delayed,synthetic_showcase,30.0,both,showcase_shipment_scans_cleaned,"showcase_shipment_scans_cleaned,showcase_delay_reports_cleaned,showcase_warehouse_transfers_cleaned",S00056
S00056,2024-03-15 02:20:00+00:00,delivery,delivered,27.4,R1,,synthetic_showcase,176,DL-S00056,mechanical,27.4,0.0,2024-03-15 04:20:00+00:00,R1,W2,synthetic_showcase,16.0,both,T-S00056,W1,W2,2024-03-14 16:20:00+00:00,2024-03-14 15:20:00+00:00,2024-03-14 16:20:00+00:00,delayed,synthetic_showcase,30.0,both,showcase_shipment_scans_cleaned,"showcase_shipment_scans_cleaned,showcase_delay_reports_cleaned,showcase_warehouse_transfers_cleaned",S00056
S00057,2024-03-15 09:26:00+00:00,pickup,on_time,0.0,R2,W2,synthetic_showcase,177,,,,,,,,,,left-only,T-S00057,W2,W5,2024-03-15 18:26:00+00:00,2024-03-15 17:26:00+00:00,2024-03-15 18:26:00+00:00,on_time,synthetic_showcase,31.0,both,showcase_shipment_scans_cleaned,"showcase_shipment_scans_cleaned,showcase_delay_reports_cleaned,showcase_warehouse_transfers_cleaned",S00057
S00057,2024-03-15 18:26:00+00:00,hub_arrival,on_time,0.0,R2,W5,synthetic_showcase,178,,,,,,,,,,left-only,T-S00057,W2,W5,2024-03-15 18:26:00+00:00,2024-03-15 17:26:00+00:00,2024-03-15 18:26:00+00:00,on_time,synthetic_showcase,31.0,both,showcase_shipment_scans_cleaned,"showcase_shipment_scans_cleaned,showcase_delay_reports_cleaned,showcase_warehouse_transfers_cleaned",S00057
S00057,2024-03-15 22:26:00+00:00,hub_departure,on_time,0.0,R2,W5,synthetic_showcase,179,,,,,,,,,,left-only,T-S00057,W2,W5,2024-03-15 18:26:00+00:00,2024-03-15 17:26:00+00:00,2024-03-15 18:26:00+00:00,on_time,synthetic_showcase,31.0,both,showcase_shipment_scans_cleaned,"showcase_shipment_scans_cleaned,showcase_delay_reports_cleaned,showcase_warehouse_transfers_cleaned",S00057
S00057,2024-03-16 13:26:00+00:00,delivery,delivered,0.0,R2,,synthetic_showcase,180,,,,,,,,,,left-only,T-S00057,W2,W5,2024-03-15 18:26:00+00:00,2024-03-15 17:26:00+00:00,2024-03-15 18:26:00+00:00,on_time,synthetic_showcase,31.0,both,showcase_shipment_scans_cleaned,"showcase_shipment_scans_cleaned,showcase_delay_reports_cleaned,showcase_warehouse_transfers_cleaned",S00057
S00058,2024-03-16 08:49:00+00:00,pickup,on_time,0.0,R2,W2,synthetic_showcase,181,,,,,,,,,,left-only,T-S00058,W2,W1,2024-03-16 14:49:00+00:00,2024-03-16 13:49:00+00:00,2024-03-16 14:49:00+00:00,on_time,synthetic_showcase,32.0,both,showcase_shipment_scans_cleaned,"showcase_shipment_scans_cleaned,showcase_delay_reports_cleaned,showcase_warehouse_transfers_cleaned",S00058
S00058,2024-03-16 14:49:00+00:00,hub_arrival,on_time,0.0,R2,W1,synthetic_showcase,182,,,,,,,,,,left-only,T-S00058,W2,W1,2024-03-16 14:49:00+00:00,2024-03-16 13:49:00+00:00,2024-03-16 14:49:00+00:00,on_time,synthetic_showcase,32.0,both,showcase_shipment_scans_cleaned,"showcase_shipment_scans_cleaned,showcase_delay_reports_cleaned,showcase_warehouse_transfers_cleaned",S00058
S00058,2024-03-16 15:49:00+00:00,hub_departure,on_time,0.0,R2,W1,synthetic_showcase,183,,,,,,,,,,left-only,T-S00058,W2,W1,2024-03-16 14:49:00+00:00,2024-03-16 13:49:00+00:00,2024-03-16 14:49:00+00:00,on_time,synthetic_showcase,32.0,both,showcase_shipment_scans_cleaned,"showcase_shipment_scans_cleaned,showcase_delay_reports_cleaned,showcase_warehouse_transfers_cleaned",S00058
S00058,2024-03-17 01:49:00+00:00,delivery,delivered,0.0,R2,,synthetic_showcase,184,,,,,,,,,,left-only,T-S00058,W2,W1,2024-03-16 14:49:00+00:00,2024-03-16 13:49:00+00:00,2024-03-16 14:49:00+00:00,on_time,synthetic_showcase,32.0,both,showcase_shipment_scans_cleaned,"showcase_shipment_scans_cleaned,showcase_delay_reports_cleaned,showcase_warehouse_transfers_cleaned",S00058
S00059,2024-03-17 08:45:00+00:00,pickup,on_time,0.0,R1,W1,synthetic_showcase,185,DL-S00059,congestion,19.0,0.0,2024-03-18 03:45:00+00:00,R1,W3,synthetic_showcase,17.0,both,T-S00059,W1,W3,2024-03-17 16:45:00+00:00,2024-03-17 15:45:00+00:00,2024-03-17 16:45:00+00:00,on_time,synthetic_showcase,33.0,both,showcase_shipment_scans_cleaned,"showcase_shipment_scans_cleaned,showcase_delay_reports_cleaned,showcase_warehouse_transfers_cleaned",S00059
S00059,2024-03-17 16:45:00+00:00,hub_arrival,on_time,0.0,R1,W3,synthetic_showcase,186,DL-S00059,congestion,19.0,0.0,2024-03-18 03:45:00+00:00,R1,W3,synthetic_showcase,17.0,both,T-S00059,W1,W3,2024-03-17 16:45:00+00:00,2024-03-17 15:45:00+00:00,2024-03-17 16:45:00+00:00,on_time,synthetic_showcase,33.0,both,showcase_shipment_scans_cleaned,"showcase_shipment_scans_cleaned,showcase_delay_reports_cleaned,showcase_warehouse_transfers_cleaned",S00059
S00059,2024-03-17 18:45:00+00:00,hub_departure,delayed,19.0,R1,W3,synthetic_showcase,187,DL-S00059,congestion,19.0,0.0,2024-03-18 03:45:00+00:00,R1,W3,synthetic_showcase,17.0,both,T-S00059,W1,W3,2024-03-17 16:45:00+00:00,2024-03-17 15:45:00+00:00,2024-03-17 16:45:00+00:00,on_time,synthetic_showcase,33.0,both,showcase_shipment_scans_cleaned,"showcase_shipment_scans_cleaned,showcase_delay_reports_cleaned,showcase_warehouse_transfers_cleaned",S00059
S00059,2024-03-18 01:45:00+00:00,delivery,delivered,0.0,R1,,synthetic_showcase,188,DL-S00059,congestion,19.0,0.0,2024-03-18 03:45:00+00:00,R1,W3,synthetic_showcase,17.0,both,T-S00059,W1,W3,2024-03-17 16:45:00+00:00,2024-03-17 15:45:00+00:00,2024-03-17 16:45:00+00:00,on_time,synthetic_showcase,33.0,both,showcase_shipment_scans_cleaned,"showcase_shipment_scans_cleaned,showcase_delay_reports_cleaned,showcase_warehouse_transfers_cleaned",S00059
S00060,2024-03-18 09:50:00+00:00,pickup,on_time,0.0,R3,W3,synthetic_showcase,189,,,,,,,,,,left-only,T-S00060,W3,W1,2024-03-18 13:50:00+00:00,2024-03-18 12:50:00+00:00,2024-03-18 13:50:00+00:00,on_time,synthetic_showcase,34.0,both,showcase_shipment_scans_cleaned,"showcase_shipment_scans_cleaned,showcase_delay_reports_cleaned,showcase_warehouse_transfers_cleaned",S00060
S00060,2024-03-18 13:50:00+00:00,hub_arrival,on_time,0.0,R3,W1,synthetic_showcase,190,,,,,,,,,,left-only,T-S00060,W3,W1,2024-03-18 13:50:00+00:00,2024-03-18 12:50:00+00:00,2024-03-18 13:50:00+00:00,on_time,synthetic_showcase,34.0,both,showcase_shipment_scans_cleaned,"showcase_shipment_scans_cleaned,showcase_delay_reports_cleaned,showcase_warehouse_transfers_cleaned",S00060
S00060,2024-03-18 16:50:00+00:00,hub_departure,on_time,0.0,R3,W1,synthetic_showcase,191,,,,,,,,,,left-only,T-S00060,W3,W1,2024-03-18 13:50:00+00:00,2024-03-18 12:50:00+00:00,2024-03-18 13:50:00+00:00,on_time,synthetic_showcase,34.0,both,showcase_shipment_scans_cleaned,"showcase_shipment_scans_cleaned,showcase_delay_reports_cleaned,showcase_warehouse_transfers_cleaned",S00060
S00060,2024-03-18 22:50:00+00:00,delivery,delivered,0.0,R3,,synthetic_showcase,192,,,,,,,,,,left-only,T-S00060,W3,W1,2024-03-18 13:50:00+00:00,2024-03-18 12:50:00+00:00,2024-03-18 13:50:00+00:00,on_time,synthetic_showcase,34.0,both,showcase_shipment_scans_cleaned,"showcase_shipment_scans_cleaned,showcase_delay_reports_cleaned,showcase_warehouse_transfers_cleaned",S00060
S00061,2024-03-19 09:51:00+00:00,pickup,on_time,0.0,R2,W2,synthetic_showcase,193,,,,,,,,,,left-only,T-S00061,W2,W5,2024-03-19 19:51:00+00:00,2024-03-19 18:51:00+00:00,2024-03-19 19:51:00+00:00,on_time,synthetic_showcase,35.0,both,showcase_shipment_scans_cleaned,"showcase_shipment_scans_cleaned,showcase_delay_reports_cleaned,showcase_warehouse_transfers_cleaned",S00061
S00061,2024-03-19 19:51:00+00:00,hub_arrival,on_time,0.0,R2,W5,synthetic_showcase,194,,,,,,,,,,left-only,T-S00061,W2,W5,2024-03-19 19:51:00+00:00,2024-03-19 18:51:00+00:00,2024-03-19 19:51:00+00:00,on_time,synthetic_showcase,35.0,both,showcase_shipment_scans_cleaned,"showcase_shipment_scans_cleaned,showcase_delay_reports_cleaned,showcase_warehouse_transfers_cleaned",S00061
S00061,2024-03-19 22:51:00+00:00,hub_departure,on_time,0.0,R2,W5,synthetic_showcase,195,,,,,,,,,,left-only,T-S00061,W2,W5,2024-03-19 19:51:00+00:00,2024-03-19 18:51:00+00:00,2024-03-19 19:51:00+00:00,on_time,synthetic_showcase,35.0,both,showcase_shipment_scans_cleaned,"showcase_shipment_scans_cleaned,showcase_delay_reports_cleaned,showcase_warehouse_transfers_cleaned",S00061
S00061,2024-03-20 08:51:00+00:00,delivery,delivered,0.0,R2,,synthetic_showcase,196,,,,,,,,,,left-only,T-S00061,W2,W5,2024-03-19 19:51:00+00:00,2024-03-19 18:51:00+00:00,2024-03-19 19:51:00+00:00,on_time,synthetic_showcase,35.0,both,showcase_shipment_scans_cleaned,"showcase_shipment_scans_cleaned,showcase_delay_reports_cleaned,showcase_warehouse_transfers_cleaned",S00061
S00062,2024-03-20 09:24:00+00:00,pickup,delayed,32.2,R2,W2,synthetic_showcase,197,DL-S00062,traffic,32.2,32.2,2024-03-21 10:24:00+00:00,R2,W3,synthetic_showcase,18.0,both,T-S00062,W2,W3,2024-03-20 17:24:00+00:00,2024-03-20 16:24:00+00:00,2024-03-20 17:24:00+00:00,on_time,synthetic_showcase,36.0,both,showcase_shipment_scans_cleaned,"showcase_shipment_scans_cleaned,showcase_delay_reports_cleaned,showcase_warehouse_transfers_cleaned",S00062
S00062,2024-03-20 17:24:00+00:00,hub_arrival,on_time,0.0,R2,W3,synthetic_showcase,198,DL-S00062,traffic,32.2,32.2,2024-03-21 10:24:00+00:00,R2,W3,synthetic_showcase,18.0,both,T-S00062,W2,W3,2024-03-20 17:24:00+00:00,2024-03-20 16:24:00+00:00,2024-03-20 17:24:00+00:00,on_time,synthetic_showcase,36.0,both,showcase_shipment_scans_cleaned,"showcase_shipment_scans_cleaned,showcase_delay_reports_cleaned,showcase_warehouse_transfers_cleaned",S00062
S00062,2024-03-20 19:24:00+00:00,hub_departure,on_time,0.0,R2,W3,synthetic_showcase,199,DL-S00062,traffic,32.2,32.2,2024-03-21 10:24:00+00:00,R2,W3,synthetic_showcase,18.0,both,T-S00062,W2,W3,2024-03-20 17:24:00+00:00,2024-03-20 16:24:00+00:00,2024-03-20 17:24:00+00:00,on_time,synthetic_showcase,36.0,both,showcase_shipment_scans_cleaned,"showcase_shipment_scans_cleaned,showcase_delay_reports_cleaned,showcase_warehouse_transfers_cleaned",S00062
S00062,2024-03-21 08:24:00+00:00,delivery,delivered,0.0,R2,,synthetic_showcase,200,DL-S00062,traffic,32.2,32.2,2024-03-21 10:24:00+00:00,R2,W3,synthetic_showcase,18.0,both,T-S00062,W2,W3,2024-03-20 17:24:00+00:00,2024-03-20 16:24:00+00:00,2024-03-20 17:24:00+00:00,on_time,synthetic_showcase,36.0,both,showcase_shipment_scans_cleaned,"showcase_shipment_scans_cleaned,showcase_delay_reports_cleaned,showcase_warehouse_transfers_cleaned",S00062
S00063,2024-03-21 09:57:00+00:00,pickup,on_time,0.0,R3,W3,synthetic_showcase,201,,,,,,,,,,left-only,,,,,,,,,,left-only,showcase_shipment_scans_cleaned,"showcase_shipment_scans_cleaned,showcase_delay_reports_cleaned,showcase_warehouse_transfers_cleaned",S00063
S00063,2024-03-21 15:57:00+00:00,delivery,delivered,0.0,R3,,synthetic_showcase,202,,,,,,,,,,left-only,,,,,,,,,,left-only,showcase_shipment_scans_cleaned,"showcase_shipment_scans_cleaned,showcase_delay_reports_cleaned,showcase_warehouse_transfers_cleaned",S00063
S00064,2024-03-01 09:33:00+00:00,pickup,on_time,0.0,R3,W3,synthetic_showcase,203,,,,,,,,,,left-only,,,,,,,,,,left-only,showcase_shipment_scans_cleaned,"showcase_shipment_scans_cleaned,showcase_delay_reports_cleaned,showcase_warehouse_transfers_cleaned",S00064
S00064,2024-03-01 21:33:00+00:00,delivery,delivered,0.0,R3,,synthetic_showcase,204,,,,,,,,,,left-only,,,,,,,,,,left-only,showcase_shipment_scans_cleaned,"showcase_shipment_scans_cleaned,showcase_delay_reports_cleaned,showcase_warehouse_transfers_cleaned",S00064
S00065,2024-03-02 09:05:00+00:00,pickup,on_time,0.0,R4,W1,synthetic_showcase,205,,,,,,,,,,left-only,,,,,,,,,,left-only,showcase_shipment_scans_cleaned,"showcase_shipment_scans_cleaned,showcase_delay_reports_cleaned,showcase_warehouse_transfers_cleaned",S00065
S00065,2024-03-03 02:05:00+00:00,delivery,delivered,0.0,R4,,synthetic_showcase,206,,,,,,,,,,left-only,,,,,,,,,,left-only,showcase_shipment_scans_cleaned,"showcase_shipment_scans_cleaned,showcase_delay_reports_cleaned,showcase_warehouse_transfers_cleaned",S00065
S00066,2024-03-03 09:21:00+00:00,pickup,on_time,0.0,R4,W1,synthetic_showcase,207,,,,,,,,,,left-only,,,,,,,,,,left-only,showcase_shipment_scans_cleaned,"showcase_shipment_scans_cleaned,showcase_delay_reports_cleaned,showcase_warehouse_transfers_cleaned",S00066
S00066,2024-03-03 16:21:00+00:00,delivery,delivered,0.0,R4,,synthetic_showcase,208,,,,,,,,,,left-only,,,,,,,,,,left-only,showcase_shipment_scans_cleaned,"showcase_shipment_scans_cleaned,showcase_delay_reports_cleaned,showcase_warehouse_transfers_cleaned",S00066
S00067,2024-03-04 09:27:00+00:00,pickup,on_time,0.0,R3,W3,synthetic_showcase,209,,,,,,,,,,left-only,,,,,,,,,,left-only,showcase_shipment_scans_cleaned,"showcase_shipment_scans_cleaned,showcase_delay_reports_cleaned,showcase_warehouse_transfers_cleaned",S00067
S00067,2024-03-05 00:27:00+00:00,delivery,delivered,0.0,R3,,synthetic_showcase,210,,,,,,,,,,left-only,,,,,,,,,,left-only,showcase_shipment_scans_cleaned,"showcase_shipment_scans_cleaned,showcase_delay_reports_cleaned,showcase_warehouse_transfers_cleaned",S00067
S00068,2024-03-05 08:03:00+00:00,pickup,on_time,0.0,R6,W5,synthetic_showcase,211,,,,,,,,,,left-only,,,,,,,,,,left-only,showcase_shipment_scans_cleaned,"showcase_shipment_scans_cleaned,showcase_delay_reports_cleaned,showcase_warehouse_transfers_cleaned",S00068
S00068,2024-03-05 14:03:00+00:00,delivery,delivered,0.0,R6,,synthetic_showcase,212,,,,,,,,,,left-only,,,,,,,,,,left-only,showcase_shipment_scans_cleaned,"showcase_shipment_scans_cleaned,showcase_delay_reports_cleaned,showcase_warehouse_transfers_cleaned",S00068
S00069,2024-03-06 08:33:00+00:00,pickup,on_time,0.0,R3,W3,synthetic_showcase,213,,,,,,,,,,left-only,,,,,,,,,,left-only,showcase_shipment_scans_cleaned,"showcase_shipment_scans_cleaned,showcase_delay_reports_cleaned,showcase_warehouse_transfers_cleaned",S00069
S00069,2024-03-07 00:33:00+00:00,delivery,delivered,0.0,R3,,synthetic_showcase,214,,,,,,,,,,left-only,,,,,,,,,,left-only,showcase_shipment_scans_cleaned,"showcase_shipment_scans_cleaned,showcase_delay_reports_cleaned,showcase_warehouse_transfers_cleaned",S00069
S00070,2024-03-07 09:50:00+00:00,pickup,on_time,0.0,R2,W2,synthetic_showcase,215,,,,,,,,,,left-only,T-S00070,W2,W4,2024-03-07 15:50:00+00:00,2024-03-07 14:50:00+00:00,2024-03-07 15:50:00+00:00,on_time,synthetic_showcase,37.0,both,showcase_shipment_scans_cleaned,"showcase_shipment_scans_cleaned,showcase_delay_reports_cleaned,showcase_warehouse_transfers_cleaned",S00070
S00070,2024-03-07 15:50:00+00:00,hub_arrival,on_time,0.0,R2,W4,synthetic_showcase,216,,,,,,,,,,left-only,T-S00070,W2,W4,2024-03-07 15:50:00+00:00,2024-03-07 14:50:00+00:00,2024-03-07 15:50:00+00:00,on_time,synthetic_showcase,37.0,both,showcase_shipment_scans_cleaned,"showcase_shipment_scans_cleaned,showcase_delay_reports_cleaned,showcase_warehouse_transfers_cleaned",S00070
S00070,2024-03-07 19:50:00+00:00,hub_departure,on_time,0.0,R2,W4,synthetic_showcase,217,,,,,,,,,,left-only,T-S00070,W2,W4,2024-03-07 15:50:00+00:00,2024-03-07 14:50:00+00:00,2024-03-07 15:50:00+00:00,on_time,synthetic_showcase,37.0,both,showcase_shipment_scans_cleaned,"showcase_shipment_scans_cleaned,showcase_delay_reports_cleaned,showcase_warehouse_transfers_cleaned",S00070
S00070,2024-03-08 04:50:00+00:00,delivery,delivered,0.0,R2,,synthetic_showcase,218,,,,,,,,,,left-only,T-S00070,W2,W4,2024-03-07 15:50:00+00:00,2024-03-07 14:50:00+00:00,2024-03-07 15:50:00+00:00,on_time,synthetic_showcase,37.0,both,showcase_shipment_scans_cleaned,"showcase_shipment_scans_cleaned,showcase_delay_reports_cleaned,showcase_warehouse_transfers_cleaned",S00070
S00071,2024-03-08 09:32:00+00:00,pickup,on_time,0.0,R3,W3,synthetic_showcase,219,DL-S00071,traffic,14.6,0.0,2024-03-09 14:32:00+00:00,R3,W3,synthetic_showcase,19.0,both,,,,,,,,,,left-only,showcase_shipment_scans_cleaned,"showcase_shipment_scans_cleaned,showcase_delay_reports_cleaned,showcase_warehouse_transfers_cleaned",S00071
S00071,2024-03-08 17:32:00+00:00,delivery_attempt,delayed,14.6,R3,,synthetic_showcase,220,DL-S00071,traffic,14.6,0.0,2024-03-09 14:32:00+00:00,R3,W3,synthetic_showcase,19.0,both,,,,,,,,,,left-only,showcase_shipment_scans_cleaned,"showcase_shipment_scans_cleaned,showcase_delay_reports_cleaned,showcase_warehouse_transfers_cleaned",S00071
S00071,2024-03-09 12:32:00+00:00,delivery,delivered,0.0,R3,,synthetic_showcase,221,DL-S00071,traffic,14.6,0.0,2024-03-09 14:32:00+00:00,R3,W3,synthetic_showcase,19.0,both,,,,,,,,,,left-only,showcase_shipment_scans_cleaned,"showcase_shipment_scans_cleaned,showcase_delay_reports_cleaned,showcase_warehouse_transfers_cleaned",S00071
S00072,2024-03-09 09:29:00+00:00,pickup,delayed,12.0,R3,W3,synthetic_showcase,222,DL-S00072,congestion,12.0,12.0,2024-03-10 02:29:00+00:00,R3,W3,synthetic_showcase,20.0,both,,,,,,,,,,left-only,showcase_shipment_scans_cleaned,"showcase_shipment_scans_cleaned,showcase_delay_reports_cleaned,showcase_warehouse_transfers_cleaned",S00072
S00072,2024-03-10 00:29:00+00:00,delivery,delivered,0.0,R3,,synthetic_showcase,223,DL-S00072,congestion,12.0,12.0,2024-03-10 02:29:00+00:00,R3,W3,synthetic_showcase,20.0,both,,,,,,,,,,left-only,showcase_shipment_scans_cleaned,"showcase_shipment_scans_cleaned,showcase_delay_reports_cleaned,showcase_warehouse_transfers_cleaned",S00072
S00073,2024-03-10 09:50:00+00:00,pickup,delayed,14.4,R4,W1,synthetic_showcase,224,DL-S00073,mechanical,55.5,14.4,2024-03-11 05:50:00+00:00,R4,W1,synthetic_showcase,21.0,both,,,,,,,,,,left-only,showcase_shipment_scans_cleaned,"showcase_shipment_scans_cleaned,showcase_delay_reports_cleaned,showcase_warehouse_transfers_cleaned",S00073
S00073,2024-03-11 03:50:00+00:00,delivery,delivered,55.5,R4,,synthetic_showcase,225,DL-S00073,mechanical,55.5,14.4,2024-03-11 05:50:00+00:00,R4,W1,synthetic_showcase,21.0,both,,,,,,,,,,left-only,showcase_shipment_scans_cleaned,"showcase_shipment_scans_cleaned,showcase_delay_reports_cleaned,showcase_warehouse_transfers_cleaned",S00073
S00074,2024-03-11 08:55:00+00:00,pickup,on_time,0.0,R3,W3,synthetic_showcase,226,,,,,,,,,,left-only,,,,,,,,,,left-only,showcase_shipment_scans_cleaned,"showcase_shipment_scans_cleaned,showcase_delay_reports_cleaned,showcase_warehouse_transfers_cleaned",S00074
S00074,2024-03-11 20:55:00+00:00,delivery,delivered,0.0,R3,,synthetic_showcase,227,,,,,,,,,,left-only,,,,,,,,,,left-only,showcase_shipment_scans_cleaned,"showcase_shipment_scans_cleaned,showcase_delay_reports_cleaned,showcase_warehouse_transfers_cleaned",S00074
S00075,2024-03-12 08:25:00+00:00,pickup,on_time,0.0,R5,W4,synthetic_showcase,228,,,,,,,,,,left-only,T-S00075,W4,W5,2024-03-12 14:25:00+00:00,2024-03-12 13:25:00+00:00,2024-03-12 14:25:00+00:00,on_time,synthetic_showcase,38.0,both,showcase_shipment_scans_cleaned,"showcase_shipment_scans_cleaned,showcase_delay_reports_cleaned,showcase_warehouse_transfers_cleaned",S00075
S00075,2024-03-12 14:25:00+00:00,hub_arrival,on_time,0.0,R5,W5,synthetic_showcase,229,,,,,,,,,,left-only,T-S00075,W4,W5,2024-03-12 14:25:00+00:00,2024-03-12 13:25:00+00:00,2024-03-12 14:25:00+00:00,on_time,synthetic_showcase,38.0,both,showcase_shipment_scans_cleaned,"showcase_shipment_scans_cleaned,showcase_delay_reports_cleaned,showcase_warehouse_transfers_cleaned",S00075
S00075,2024-03-12 16:25:00+00:00,hub_departure,on_time,0.0,R5,W5,synthetic_showcase,230,,,,,,,,,,left-only,T-S00075,W4,W5,2024-03-12 14:25:00+00:00,2024-03-12 13:25:00+00:00,2024-03-12 14:25:00+00:00,on_time,synthetic_showcase,38.0,both,showcase_shipment_scans_cleaned,"showcase_shipment_scans_cleaned,showcase_delay_reports_cleaned,showcase_warehouse_transfers_cleaned",S00075
S00075,2024-03-13 09:25:00+00:00,delivery,delivered,0.0,R5,,synthetic_showcase,231,,,,,,,,,,left-only,T-S00075,W4,W5,2024-03-12 14:25:00+00:00,2024-03-12 13:25:00+00:00,2024-03-12 14:25:00+00:00,on_time,synthetic_showcase,38.0,both,showcase_shipment_scans_cleaned,"showcase_shipment_scans_cleaned,showcase_delay_reports_cleaned,showcase_warehouse_transfers_cleaned",S00075
S00076,2024-03-13 08:14:00+00:00,pickup,on_time,0.0,R3,W3,synthetic_showcase,232,,,,,,,,,,left-only,T-S00076,W3,W4,2024-03-13 13:14:00+00:00,2024-03-13 12:14:00+00:00,2024-03-13 13:14:00+00:00,on_time,synthetic_showcase,39.0,both,showcase_shipment_scans_cleaned,"showcase_shipment_scans_cleaned,showcase_delay_reports_cleaned,showcase_warehouse_transfers_cleaned",S00076
S00076,2024-03-13 13:14:00+00:00,hub_arrival,on_time,0.0,R3,W4,synthetic_showcase,233,,,,,,,,,,left-only,T-S00076,W3,W4,2024-03-13 13:14:00+00:00,2024-03-13 12:14:00+00:00,2024-03-13 13:14:00+00:00,on_time,synthetic_showcase,39.0,both,showcase_shipment_scans_cleaned,"showcase_shipment_scans_cleaned,showcase_delay_reports_cleaned,showcase_warehouse_transfers_cleaned",S00076
S00076,2024-03-13 14:14:00+00:00,hub_departure,on_time,0.0,R3,W4,synthetic_showcase,234,,,,,,,,,,left-only,T-S00076,W3,W4,2024-03-13 13:14:00+00:00,2024-03-13 12:14:00+00:00,2024-03-13 13:14:00+00:00,on_time,synthetic_showcase,39.0,both,showcase_shipment_scans_cleaned,"showcase_shipment_scans_cleaned,showcase_delay_reports_cleaned,showcase_warehouse_transfers_cleaned",S00076
S00076,2024-03-14 05:14:00+00:00,delivery,delivered,0.0,R3,,synthetic_showcase,235,,,,,,,,,,left-only,T-S00076,W3,W4,2024-03-13 13:14:00+00:00,2024-03-13 12:14:00+00:00,2024-03-13 13:14:00+00:00,on_time,synthetic_showcase,39.0,both,showcase_shipment_scans_cleaned,"showcase_shipment_scans_cleaned,showcase_delay_reports_cleaned,showcase_warehouse_transfers_cleaned",S00076
S00077,2024-03-14 08:24:00+00:00,pickup,on_time,0.0,R2,W2,synthetic_showcase,236,,,,,,,,,,left-only,,,,,,,,,,left-only,showcase_shipment_scans_cleaned,"showcase_shipment_scans_cleaned,showcase_delay_reports_cleaned,showcase_warehouse_transfers_cleaned",S00077
S00077,2024-03-15 02:24:00+00:00,delivery,delivered,0.0,R2,,synthetic_showcase,237,,,,,,,,,,left-only,,,,,,,,,,left-only,showcase_shipment_scans_cleaned,"showcase_shipment_scans_cleaned,showcase_delay_reports_cleaned,showcase_warehouse_transfers_cleaned",S00077
S00078,2024-03-15 09:25:00+00:00,pickup,on_time,0.0,R4,W1,synthetic_showcase,238,,,,,,,,,,left-only,,,,,,,,,,left-only,showcase_shipment_scans_cleaned,"showcase_shipment_scans_cleaned,showcase_delay_reports_cleaned,showcase_warehouse_transfers_cleaned",S00078
S00078,2024-03-15 15:25:00+00:00,delivery,delivered,0.0,R4,,synthetic_showcase,239,,,,,,,,,,left-only,,,,,,,,,,left-only,showcase_shipment_scans_cleaned,"showcase_shipment_scans_cleaned,showcase_delay_reports_cleaned,showcase_warehouse_transfers_cleaned",S00078
S00079,2024-03-16 09:40:00+00:00,pickup,on_time,0.0,R2,W2,synthetic_showcase,240,,,,,,,,,,left-only,T-S00079,W2,W3,2024-03-16 15:40:00+00:00,2024-03-16 14:40:00+00:00,2024-03-16 15:40:00+00:00,on_time,synthetic_showcase,40.0,both,showcase_shipment_scans_cleaned,"showcase_shipment_scans_cleaned,showcase_delay_reports_cleaned,showcase_warehouse_transfers_cleaned",S00079
S00079,2024-03-16 15:40:00+00:00,hub_arrival,on_time,0.0,R2,W3,synthetic_showcase,241,,,,,,,,,,left-only,T-S00079,W2,W3,2024-03-16 15:40:00+00:00,2024-03-16 14:40:00+00:00,2024-03-16 15:40:00+00:00,on_time,synthetic_showcase,40.0,both,showcase_shipment_scans_cleaned,"showcase_shipment_scans_cleaned,showcase_delay_reports_cleaned,showcase_warehouse_transfers_cleaned",S00079
S00079,2024-03-16 16:40:00+00:00,hub_departure,on_time,0.0,R2,W3,synthetic_showcase,242,,,,,,,,,,left-only,T-S00079,W2,W3,2024-03-16 15:40:00+00:00,2024-03-16 14:40:00+00:00,2024-03-16 15:40:00+00:00,on_time,synthetic_showcase,40.0,both,showcase_shipment_scans_cleaned,"showcase_shipment_scans_cleaned,showcase_delay_reports_cleaned,showcase_warehouse_transfers_cleaned",S00079
S00079,2024-03-17 06:40:00+00:00,delivery,delivered,0.0,R2,,synthetic_showcase,243,,,,,,,,,,left-only,T-S00079,W2,W3,2024-03-16 15:40:00+00:00,2024-03-16 14:40:00+00:00,2024-03-16 15:40:00+00:00,on_time,synthetic_showcase,40.0,both,showcase_shipment_scans_cleaned,"showcase_shipment_scans_cleaned,showcase_delay_reports_cleaned,showcase_warehouse_transfers_cleaned",S00079
S00080,2024-03-17 09:58:00+00:00,pickup,on_time,0.0,R1,W1,synthetic_showcase,244,,,,,,,,,,left-only,,,,,,,,,,left-only,showcase_shipment_scans_cleaned,"showcase_shipment_scans_cleaned,showcase_delay_reports_cleaned,showcase_warehouse_transfers_cleaned",S00080
S00080,2024-03-17 22:58:00+00:00,delivery,delivered,0.0,R1,,synthetic_showcase,245,,,,,,,,,,left-only,,,,,,,,,,left-only,showcase_shipment_scans_cleaned,"showcase_shipment_scans_cleaned,showcase_delay_reports_cleaned,showcase_warehouse_transfers_cleaned",S00080
S00081,2024-03-18 09:54:00+00:00,pickup,on_time,0.0,R1,W1,synthetic_showcase,246,DL-S00081,weather,194.6,0.0,2024-03-19 10:54:00+00:00,R1,W2,synthetic_showcase,22.0,both,T-S00081,W1,W2,2024-03-18 19:54:00+00:00,2024-03-18 18:54:00+00:00,2024-03-18 19:54:00+00:00,on_time,synthetic_showcase,41.0,both,showcase_shipment_scans_cleaned,"showcase_shipment_scans_cleaned,showcase_delay_reports_cleaned,showcase_warehouse_transfers_cleaned",S00081
S00081,2024-03-18 19:54:00+00:00,hub_arrival,on_time,0.0,R1,W2,synthetic_showcase,247,DL-S00081,weather,194.6,0.0,2024-03-19 10:54:00+00:00,R1,W2,synthetic_showcase,22.0,both,T-S00081,W1,W2,2024-03-18 19:54:00+00:00,2024-03-18 18:54:00+00:00,2024-03-18 19:54:00+00:00,on_time,synthetic_showcase,41.0,both,showcase_shipment_scans_cleaned,"showcase_shipment_scans_cleaned,showcase_delay_reports_cleaned,showcase_warehouse_transfers_cleaned",S00081
S00081,2024-03-18 23:54:00+00:00,hub_departure,on_time,0.0,R1,W2,synthetic_showcase,248,DL-S00081,weather,194.6,0.0,2024-03-19 10:54:00+00:00,R1,W2,synthetic_showcase,22.0,both,T-S00081,W1,W2,2024-03-18 19:54:00+00:00,2024-03-18 18:54:00+00:00,2024-03-18 19:54:00+00:00,on_time,synthetic_showcase,41.0,both,showcase_shipment_scans_cleaned,"showcase_shipment_scans_cleaned,showcase_delay_reports_cleaned,showcase_warehouse_transfers_cleaned",S00081
S00081,2024-03-19 08:54:00+00:00,delivery,delivered,194.6,R1,,synthetic_showcase,249,DL-S00081,weather,194.6,0.0,2024-03-19 10:54:00+00:00,R1,W2,synthetic_showcase,22.0,both,T-S00081,W1,W2,2024-03-18 19:54:00+00:00,2024-03-18 18:54:00+00:00,2024-03-18 19:54:00+00:00,on_time,synthetic_showcase,41.0,both,showcase_shipment_scans_cleaned,"showcase_shipment_scans_cleaned,showcase_delay_reports_cleaned,showcase_warehouse_transfers_cleaned",S00081
S00082,2024-03-19 09:05:00+00:00,pickup,on_time,0.0,R5,W4,synthetic_showcase,250,,,,,,,,,,left-only,,,,,,,,,,left-only,showcase_shipment_scans_cleaned,"showcase_shipment_scans_cleaned,showcase_delay_reports_cleaned,showcase_warehouse_transfers_cleaned",S00082
S00082,2024-03-19 17:05:00+00:00,delivery,delivered,0.0,R5,,synthetic_showcase,251,,,,,,,,,,left-only,,,,,,,,,,left-only,showcase_shipment_scans_cleaned,"showcase_shipment_scans_cleaned,showcase_delay_reports_cleaned,showcase_warehouse_transfers_cleaned",S00082
S00083,2024-03-20 08:25:00+00:00,pickup,delayed,18.4,R2,W2,synthetic_showcase,252,DL-S00083,congestion,42.8,18.4,2024-03-21 07:25:00+00:00,R2,W4,synthetic_showcase,23.0,both,T-S00083,W2,W4,2024-03-20 15:25:00+00:00,2024-03-20 14:25:00+00:00,2024-03-20 15:25:00+00:00,delayed,synthetic_showcase,42.0,both,showcase_shipment_scans_cleaned,"showcase_shipment_scans_cleaned,showcase_delay_reports_cleaned,showcase_warehouse_transfers_cleaned",S00083
S00083,2024-03-20 15:25:00+00:00,hub_arrival,delayed,42.8,R2,W4,synthetic_showcase,253,DL-S00083,congestion,42.8,18.4,2024-03-21 07:25:00+00:00,R2,W4,synthetic_showcase,23.0,both,T-S00083,W2,W4,2024-03-20 15:25:00+00:00,2024-03-20 14:25:00+00:00,2024-03-20 15:25:00+00:00,delayed,synthetic_showcase,42.0,both,showcase_shipment_scans_cleaned,"showcase_shipment_scans_cleaned,showcase_delay_reports_cleaned,showcase_warehouse_transfers_cleaned",S00083
S00083,2024-03-20 18:25:00+00:00,hub_departure,on_time,0.0,R2,W4,synthetic_showcase,254,DL-S00083,congestion,42.8,18.4,2024-03-21 07:25:00+00:00,R2,W4,synthetic_showcase,23.0,both,T-S00083,W2,W4,2024-03-20 15:25:00+00:00,2024-03-20 14:25:00+00:00,2024-03-20 15:25:00+00:00,delayed,synthetic_showcase,42.0,both,showcase_shipment_scans_cleaned,"showcase_shipment_scans_cleaned,showcase_delay_reports_cleaned,showcase_warehouse_transfers_cleaned",S00083
S00083,2024-03-21 05:25:00+00:00,delivery,delivered,0.0,R2,,synthetic_showcase,255,DL-S00083,congestion,42.8,18.4,2024-03-21 07:25:00+00:00,R2,W4,synthetic_showcase,23.0,both,T-S00083,W2,W4,2024-03-20 15:25:00+00:00,2024-03-20 14:25:00+00:00,2024-03-20 15:25:00+00:00,delayed,synthetic_showcase,42.0,both,showcase_shipment_scans_cleaned,"showcase_shipment_scans_cleaned,showcase_delay_reports_cleaned,showcase_warehouse_transfers_cleaned",S00083
S00084,2024-03-21 08:09:00+00:00,pickup,on_time,0.0,R2,W2,synthetic_showcase,256,DL-S00084,weather,16.2,0.0,2024-03-22 08:09:00+00:00,R2,W3,synthetic_showcase,24.0,both,T-S00084,W2,W3,2024-03-21 16:09:00+00:00,2024-03-21 15:09:00+00:00,2024-03-21 16:09:00+00:00,on_time,synthetic_showcase,43.0,both,showcase_shipment_scans_cleaned,"showcase_shipment_scans_cleaned,showcase_delay_reports_cleaned,showcase_warehouse_transfers_cleaned",S00084
S00084,2024-03-21 16:09:00+00:00,hub_arrival,on_time,0.0,R2,W3,synthetic_showcase,257,DL-S00084,weather,16.2,0.0,2024-03-22 08:09:00+00:00,R2,W3,synthetic_showcase,24.0,both,T-S00084,W2,W3,2024-03-21 16:09:00+00:00,2024-03-21 15:09:00+00:00,2024-03-21 16:09:00+00:00,on_time,synthetic_showcase,43.0,both,showcase_shipment_scans_cleaned,"showcase_shipment_scans_cleaned,showcase_delay_reports_cleaned,showcase_warehouse_transfers_cleaned",S00084
S00084,2024-03-21 20:09:00+00:00,hub_departure,on_time,0.0,R2,W3,synthetic_showcase,258,DL-S00084,weather,16.2,0.0,2024-03-22 08:09:00+00:00,R2,W3,synthetic_showcase,24.0,both,T-S00084,W2,W3,2024-03-21 16:09:00+00:00,2024-03-21 15:09:00+00:00,2024-03-21 16:09:00+00:00,on_time,synthetic_showcase,43.0,both,showcase_shipment_scans_cleaned,"showcase_shipment_scans_cleaned,showcase_delay_reports_cleaned,showcase_warehouse_transfers_cleaned",S00084
S00084,2024-03-22 06:09:00+00:00,delivery,delivered,16.2,R2,,synthetic_showcase,259,DL-S00084,weather,16.2,0.0,2024-03-22 08:09:00+00:00,R2,W3,synthetic_showcase,24.0,both,T-S00084,W2,W3,2024-03-21 16:09:00+00:00,2024-03-21 15:09:00+00:00,2024-03-21 16:09:00+00:00,on_time,synthetic_showcase,43.0,both,showcase_shipment_scans_cleaned,"showcase_shipment_scans_cleaned,showcase_delay_reports_cleaned,showcase_warehouse_transfers_cleaned",S00084
S00085,2024-03-01 09:34:00+00:00,pickup,on_time,0.0,R5,W4,synthetic_showcase,260,,,,,,,,,,left-only,,,,,,,,,,left-only,showcase_shipment_scans_cleaned,"showcase_shipment_scans_cleaned,showcase_delay_reports_cleaned,showcase_warehouse_transfers_cleaned",S00085
S00085,2024-03-02 02:34:00+00:00,delivery,delivered,0.0,R5,,synthetic_showcase,261,,,,,,,,,,left-only,,,,,,,,,,left-only,showcase_shipment_scans_cleaned,"showcase_shipment_scans_cleaned,showcase_delay_reports_cleaned,showcase_warehouse_transfers_cleaned",S00085
S00086,2024-03-02 09:14:00+00:00,pickup,on_time,0.0,R6,W5,synthetic_showcase,262,,,,,,,,,,left-only,,,,,,,,,,left-only,showcase_shipment_scans_cleaned,"showcase_shipment_scans_cleaned,showcase_delay_reports_cleaned,showcase_warehouse_transfers_cleaned",S00086
S00086,2024-03-02 17:14:00+00:00,delivery,delivered,0.0,R6,,synthetic_showcase,263,,,,,,,,,,left-only,,,,,,,,,,left-only,showcase_shipment_scans_cleaned,"showcase_shipment_scans_cleaned,showcase_delay_reports_cleaned,showcase_warehouse_transfers_cleaned",S00086
S00087,2024-03-03 08:59:00+00:00,pickup,on_time,0.0,R5,W4,synthetic_showcase,264,,,,,,,,,,left-only,,,,,,,,,,left-only,showcase_shipment_scans_cleaned,"showcase_shipment_scans_cleaned,showcase_delay_reports_cleaned,showcase_warehouse_transfers_cleaned",S00087
S00087,2024-03-03 22:59:00+00:00,delivery,delivered,0.0,R5,,synthetic_showcase,265,,,,,,,,,,left-only,,,,,,,,,,left-only,showcase_shipment_scans_cleaned,"showcase_shipment_scans_cleaned,showcase_delay_reports_cleaned,showcase_warehouse_transfers_cleaned",S00087
S00088,2024-03-04 08:34:00+00:00,pickup,on_time,0.0,R5,W4,synthetic_showcase,266,,,,,,,,,,left-only,T-S00088,W4,W1,2024-03-04 17:34:00+00:00,2024-03-04 16:34:00+00:00,2024-03-04 17:34:00+00:00,on_time,synthetic_showcase,44.0,both,showcase_shipment_scans_cleaned,"showcase_shipment_scans_cleaned,showcase_delay_reports_cleaned,showcase_warehouse_transfers_cleaned",S00088
S00088,2024-03-04 17:34:00+00:00,hub_arrival,on_time,0.0,R5,W1,synthetic_showcase,267,,,,,,,,,,left-only,T-S00088,W4,W1,2024-03-04 17:34:00+00:00,2024-03-04 16:34:00+00:00,2024-03-04 17:34:00+00:00,on_time,synthetic_showcase,44.0,both,showcase_shipment_scans_cleaned,"showcase_shipment_scans_cleaned,showcase_delay_reports_cleaned,showcase_warehouse_transfers_cleaned",S00088
S00088,2024-03-04 21:34:00+00:00,hub_departure,on_time,0.0,R5,W1,synthetic_showcase,268,,,,,,,,,,left-only,T-S00088,W4,W1,2024-03-04 17:34:00+00:00,2024-03-04 16:34:00+00:00,2024-03-04 17:34:00+00:00,on_time,synthetic_showcase,44.0,both,showcase_shipment_scans_cleaned,"showcase_shipment_scans_cleaned,showcase_delay_reports_cleaned,showcase_warehouse_transfers_cleaned",S00088
S00088,2024-03-05 12:34:00+00:00,delivery,delivered,0.0,R5,,synthetic_showcase,269,,,,,,,,,,left-only,T-S00088,W4,W1,2024-03-04 17:34:00+00:00,2024-03-04 16:34:00+00:00,2024-03-04 17:34:00+00:00,on_time,synthetic_showcase,44.0,both,showcase_shipment_scans_cleaned,"showcase_shipment_scans_cleaned,showcase_delay_reports_cleaned,showcase_warehouse_transfers_cleaned",S00088
S00089,2024-03-05 08:13:00+00:00,pickup,on_time,0.0,R3,W3,synthetic_showcase,270,,,,,,,,,,left-only,,,,,,,,,,left-only,showcase_shipment_scans_cleaned,"showcase_shipment_scans_cleaned,showcase_delay_reports_cleaned,showcase_warehouse_transfers_cleaned",S00089
S00089,2024-03-05 14:13:00+00:00,delivery,delivered,0.0,R3,,synthetic_showcase,271,,,,,,,,,,left-only,,,,,,,,,,left-only,showcase_shipment_scans_cleaned,"showcase_shipment_scans_cleaned,showcase_delay_reports_cleaned,showcase_warehouse_transfers_cleaned",S00089
S00090,2024-03-06 08:24:00+00:00,pickup,on_time,0.0,R3,W3,synthetic_showcase,272,DL-S00090,congestion,75.6,0.0,2024-03-07 07:24:00+00:00,R3,W4,synthetic_showcase,25.0,both,T-S00090,W3,W4,2024-03-06 17:24:00+00:00,2024-03-06 16:24:00+00:00,2024-03-06 17:24:00+00:00,delayed,synthetic_showcase,45.0,both,showcase_shipment_scans_cleaned,"showcase_shipment_scans_cleaned,showcase_delay_reports_cleaned,showcase_warehouse_transfers_cleaned",S00090
S00090,2024-03-06 17:24:00+00:00,hub_arrival,delayed,30.2,R3,W4,synthetic_showcase,273,DL-S00090,congestion,75.6,0.0,2024-03-07 07:24:00+00:00,R3,W4,synthetic_showcase,25.0,both,T-S00090,W3,W4,2024-03-06 17:24:00+00:00,2024-03-06 16:24:00+00:00,2024-03-06 17:24:00+00:00,delayed,synthetic_showcase,45.0,both,showcase_shipment_scans_cleaned,"showcase_shipment_scans_cleaned,showcase_delay_reports_cleaned,showcase_warehouse_transfers_cleaned",S00090
S00090,2024-03-06 21:24:00+00:00,hub_departure,on_time,0.0,R3,W4,synthetic_showcase,274,DL-S00090,congestion,75.6,0.0,2024-03-07 07:24:00+00:00,R3,W4,synthetic_showcase,25.0,both,T-S00090,W3,W4,2024-03-06 17:24:00+00:00,2024-03-06 16:24:00+00:00,2024-03-06 17:24:00+00:00,delayed,synthetic_showcase,45.0,both,showcase_shipment_scans_cleaned,"showcase_shipment_scans_cleaned,showcase_delay_reports_cleaned,showcase_warehouse_transfers_cleaned",S00090
S00090,2024-03-07 05:24:00+00:00,delivery,delivered,75.6,R3,,synthetic_showcase,275,DL-S00090,congestion,75.6,0.0,2024-03-07 07:24:00+00:00,R3,W4,synthetic_showcase,25.0,both,T-S00090,W3,W4,2024-03-06 17:24:00+00:00,2024-03-06 16:24:00+00:00,2024-03-06 17:24:00+00:00,delayed,synthetic_showcase,45.0,both,showcase_shipment_scans_cleaned,"showcase_shipment_scans_cleaned,showcase_delay_reports_cleaned,showcase_warehouse_transfers_cleaned",S00090
S00091,2024-03-07 08:32:00+00:00,pickup,on_time,0.0,R6,W5,synthetic_showcase,276,,,,,,,,,,left-only,,,,,,,,,,left-only,showcase_shipment_scans_cleaned,"showcase_shipment_scans_cleaned,showcase_delay_reports_cleaned,showcase_warehouse_transfers_cleaned",S00091
S00091,2024-03-07 17:32:00+00:00,delivery,delivered,0.0,R6,,synthetic_showcase,277,,,,,,,,,,left-only,,,,,,,,,,left-only,showcase_shipment_scans_cleaned,"showcase_shipment_scans_cleaned,showcase_delay_reports_cleaned,showcase_warehouse_transfers_cleaned",S00091
S00092,2024-03-08 09:40:00+00:00,pickup,on_time,0.0,R5,W4,synthetic_showcase,278,,,,,,,,,,left-only,,,,,,,,,,left-only,showcase_shipment_scans_cleaned,"showcase_shipment_scans_cleaned,showcase_delay_reports_cleaned,showcase_warehouse_transfers_cleaned",S00092
S00092,2024-03-08 18:40:00+00:00,delivery,delivered,0.0,R5,,synthetic_showcase,279,,,,,,,,,,left-only,,,,,,,,,,left-only,showcase_shipment_scans_cleaned,"showcase_shipment_scans_cleaned,showcase_delay_reports_cleaned,showcase_warehouse_transfers_cleaned",S00092
S00093,2024-03-09 09:13:00+00:00,pickup,on_time,0.0,R5,W4,synthetic_showcase,280,,,,,,,,,,left-only,T-S00093,W4,W2,2024-03-09 19:13:00+00:00,2024-03-09 18:13:00+00:00,2024-03-09 19:13:00+00:00,on_time,synthetic_showcase,46.0,both,showcase_shipment_scans_cleaned,"showcase_shipment_scans_cleaned,showcase_delay_reports_cleaned,showcase_warehouse_transfers_cleaned",S00093
S00093,2024-03-09 19:13:00+00:00,hub_arrival,on_time,0.0,R5,W2,synthetic_showcase,281,,,,,,,,,,left-only,T-S00093,W4,W2,2024-03-09 19:13:00+00:00,2024-03-09 18:13:00+00:00,2024-03-09 19:13:00+00:00,on_time,synthetic_showcase,46.0,both,showcase_shipment_scans_cleaned,"showcase_shipment_scans_cleaned,showcase_delay_reports_cleaned,showcase_warehouse_transfers_cleaned",S00093
S00093,2024-03-09 23:13:00+00:00,hub_departure,on_time,0.0,R5,W2,synthetic_showcase,282,,,,,,,,,,left-only,T-S00093,W4,W2,2024-03-09 19:13:00+00:00,2024-03-09 18:13:00+00:00,2024-03-09 19:13:00+00:00,on_time,synthetic_showcase,46.0,both,showcase_shipment_scans_cleaned,"showcase_shipment_scans_cleaned,showcase_delay_reports_cleaned,showcase_warehouse_transfers_cleaned",S00093
S00093,2024-03-10 17:13:00+00:00,delivery,delivered,0.0,R5,,synthetic_showcase,283,,,,,,,,,,left-only,T-S00093,W4,W2,2024-03-09 19:13:00+00:00,2024-03-09 18:13:00+00:00,2024-03-09 19:13:00+00:00,on_time,synthetic_showcase,46.0,both,showcase_shipment_scans_cleaned,"showcase_shipment_scans_cleaned,showcase_delay_reports_cleaned,showcase_warehouse_transfers_cleaned",S00093
S00094,2024-03-10 08:44:00+00:00,pickup,on_time,0.0,R2,W2,synthetic_showcase,284,,,,,,,,,,left-only,,,,,,,,,,left-only,showcase_shipment_scans_cleaned,"showcase_shipment_scans_cleaned,showcase_delay_reports_cleaned,showcase_warehouse_transfers_cleaned",S00094
S00094,2024-03-10 16:44:00+00:00,delivery,delivered,0.0,R2,,synthetic_showcase,285,,,,,,,,,,left-only,,,,,,,,,,left-only,showcase_shipment_scans_cleaned,"showcase_shipment_scans_cleaned,showcase_delay_reports_cleaned,showcase_warehouse_transfers_cleaned",S00094
S00095,2024-03-11 08:26:00+00:00,pickup,on_time,0.0,R4,W1,synthetic_showcase,286,,,,,,,,,,left-only,T-S00095,W1,W4,2024-03-11 17:26:00+00:00,2024-03-11 16:26:00+00:00,2024-03-11 17:26:00+00:00,on_time,synthetic_showcase,47.0,both,showcase_shipment_scans_cleaned,"showcase_shipment_scans_cleaned,showcase_delay_reports_cleaned,showcase_warehouse_transfers_cleaned",S00095
S00095,2024-03-11 17:26:00+00:00,hub_arrival,on_time,0.0,R4,W4,synthetic_showcase,287,,,,,,,,,,left-only,T-S00095,W1,W4,2024-03-11 17:26:00+00:00,2024-03-11 16:26:00+00:00,2024-03-11 17:26:00+00:00,on_time,synthetic_showcase,47.0,both,showcase_shipment_scans_cleaned,"showcase_shipment_scans_cleaned,showcase_delay_reports_cleaned,showcase_warehouse_transfers_cleaned",S00095
S00095,2024-03-11 20:26:00+00:00,hub_departure,on_time,0.0,R4,W4,synthetic_showcase,288,,,,,,,,,,left-only,T-S00095,W1,W4,2024-03-11 17:26:00+00:00,2024-03-11 16:26:00+00:00,2024-03-11 17:26:00+00:00,on_time,synthetic_showcase,47.0,both,showcase_shipment_scans_cleaned,"showcase_shipment_scans_cleaned,showcase_delay_reports_cleaned,showcase_warehouse_transfers_cleaned",S00095
S00095,2024-03-12 12:26:00+00:00,delivery,delivered,0.0,R4,,synthetic_showcase,289,,,,,,,,,,left-only,T-S00095,W1,W4,2024-03-11 17:26:00+00:00,2024-03-11 16:26:00+00:00,2024-03-11 17:26:00+00:00,on_time,synthetic_showcase,47.0,both,showcase_shipment_scans_cleaned,"showcase_shipment_scans_cleaned,showcase_delay_reports_cleaned,showcase_warehouse_transfers_cleaned",S00095
S00096,2024-03-12 09:28:00+00:00,pickup,on_time,0.0,R3,W3,synthetic_showcase,290,DL-S00096,weather,83.8,0.0,2024-03-13 11:28:00+00:00,R3,W5,synthetic_showcase,26.0,both,T-S00096,W3,W5,2024-03-12 16:28:00+00:00,2024-03-12 15:28:00+00:00,2024-03-12 16:28:00+00:00,delayed,synthetic_showcase,48.0,both,showcase_shipment_scans_cleaned,"showcase_shipment_scans_cleaned,showcase_delay_reports_cleaned,showcase_warehouse_transfers_cleaned",S00096
S00096,2024-03-12 16:28:00+00:00,hub_arrival,delayed,62.7,R3,W5,synthetic_showcase,291,DL-S00096,weather,83.8,0.0,2024-03-13 11:28:00+00:00,R3,W5,synthetic_showcase,26.0,both,T-S00096,W3,W5,2024-03-12 16:28:00+00:00,2024-03-12 15:28:00+00:00,2024-03-12 16:28:00+00:00,delayed,synthetic_showcase,48.0,both,showcase_shipment_scans_cleaned,"showcase_shipment_scans_cleaned,showcase_delay_reports_cleaned,showcase_warehouse_transfers_cleaned",S00096
S00096,2024-03-12 20:28:00+00:00,hub_departure,on_time,0.0,R3,W5,synthetic_showcase,292,DL-S00096,weather,83.8,0.0,2024-03-13 11:28:00+00:00,R3,W5,synthetic_showcase,26.0,both,T-S00096,W3,W5,2024-03-12 16:28:00+00:00,2024-03-12 15:28:00+00:00,2024-03-12 16:28:00+00:00,delayed,synthetic_showcase,48.0,both,showcase_shipment_scans_cleaned,"showcase_shipment_scans_cleaned,showcase_delay_reports_cleaned,showcase_warehouse_transfers_cleaned",S00096
S00096,2024-03-13 09:28:00+00:00,delivery,delivered,83.8,R3,,synthetic_showcase,293,DL-S00096,weather,83.8,0.0,2024-03-13 11:28:00+00:00,R3,W5,synthetic_showcase,26.0,both,T-S00096,W3,W5,2024-03-12 16:28:00+00:00,2024-03-12 15:28:00+00:00,2024-03-12 16:28:00+00:00,delayed,synthetic_showcase,48.0,both,showcase_shipment_scans_cleaned,"showcase_shipment_scans_cleaned,showcase_delay_reports_cleaned,showcase_warehouse_transfers_cleaned",S00096
S00097,2024-03-13 09:17:00+00:00,pickup,on_time,0.0,R1,W1,synthetic_showcase,294,,,,,,,,,,left-only,,,,,,,,,,left-only,showcase_shipment_scans_cleaned,"showcase_shipment_scans_cleaned,showcase_delay_reports_cleaned,showcase_warehouse_transfers_cleaned",S00097
S00097,2024-03-13 21:17:00+00:00,delivery,delivered,0.0,R1,,synthetic_showcase,295,,,,,,,,,,left-only,,,,,,,,,,left-only,showcase_shipment_scans_cleaned,"showcase_shipment_scans_cleaned,showcase_delay_reports_cleaned,showcase_warehouse_transfers_cleaned",S00097
S00098,2024-03-14 09:29:00+00:00,pickup,delayed,33.8,R2,W2,synthetic_showcase,296,DL-S00098,traffic,78.2,33.8,2024-03-15 19:29:00+00:00,R2,W2,synthetic_showcase,27.0,both,,,,,,,,,,left-only,showcase_shipment_scans_cleaned,"showcase_shipment_scans_cleaned,showcase_delay_reports_cleaned,showcase_warehouse_transfers_cleaned",S00098
S00098,2024-03-14 23:29:00+00:00,delivery_attempt,delayed,78.2,R2,,synthetic_showcase,297,DL-S00098,traffic,78.2,33.8,2024-03-15 19:29:00+00:00,R2,W2,synthetic_showcase,27.0,both,,,,,,,,,,left-only,showcase_shipment_scans_cleaned,"showcase_shipment_scans_cleaned,showcase_delay_reports_cleaned,showcase_warehouse_transfers_cleaned",S00098
S00098,2024-03-15 17:29:00+00:00,delivery,delivered,0.0,R2,,synthetic_showcase,298,DL-S00098,traffic,78.2,33.8,2024-03-15 19:29:00+00:00,R2,W2,synthetic_showcase,27.0,both,,,,,,,,,,left-only,showcase_shipment_scans_cleaned,"showcase_shipment_scans_cleaned,showcase_delay_reports_cleaned,showcase_warehouse_transfers_cleaned",S00098
S00099,2024-03-15 08:25:00+00:00,pickup,on_time,0.0,R5,W4,synthetic_showcase,299,,,,,,,,,,left-only,T-S00099,W4,W3,2024-03-15 13:25:00+00:00,2024-03-15 12:25:00+00:00,2024-03-15 13:25:00+00:00,on_time,synthetic_showcase,49.0,both,showcase_shipment_scans_cleaned,"showcase_shipment_scans_cleaned,showcase_delay_reports_cleaned,showcase_warehouse_transfers_cleaned",S00099
S00099,2024-03-15 13:25:00+00:00,hub_arrival,on_time,0.0,R5,W3,synthetic_showcase,300,,,,,,,,,,left-only,T-S00099,W4,W3,2024-03-15 13:25:00+00:00,2024-03-15 12:25:00+00:00,2024-03-15 13:25:00+00:00,on_time,synthetic_showcase,49.0,both,showcase_shipment_scans_cleaned,"showcase_shipment_scans_cleaned,showcase_delay_reports_cleaned,showcase_warehouse_transfers_cleaned",S00099
S00099,2024-03-15 15:25:00+00:00,hub_departure,on_time,0.0,R5,W3,synthetic_showcase,301,,,,,,,,,,left-only,T-S00099,W4,W3,2024-03-15 13:25:00+00:00,2024-03-15 12:25:00+00:00,2024-03-15 13:25:00+00:00,on_time,synthetic_showcase,49.0,both,showcase_shipment_scans_cleaned,"showcase_shipment_scans_cleaned,showcase_delay_reports_cleaned,showcase_warehouse_transfers_cleaned",S00099
S00099,2024-03-16 07:25:00+00:00,delivery,delivered,0.0,R5,,synthetic_showcase,302,,,,,,,,,,left-only,T-S00099,W4,W3,2024-03-15 13:25:00+00:00,2024-03-15 12:25:00+00:00,2024-03-15 13:25:00+00:00,on_time,synthetic_showcase,49.0,both,showcase_shipment_scans_cleaned,"showcase_shipment_scans_cleaned,showcase_delay_reports_cleaned,showcase_warehouse_transfers_cleaned",S00099
S00100,2024-03-16 09:47:00+00:00,pickup,delayed,85.8,R2,W2,synthetic_showcase,303,DL-S00100,traffic,85.8,85.8,2024-03-17 15:47:00+00:00,R2,W2,synthetic_showcase,28.0,both,,,,,,,,,,left-only,showcase_shipment_scans_cleaned,"showcase_shipment_scans_cleaned,showcase_delay_reports_cleaned,showcase_warehouse_transfers_cleaned",S00100
S00100,2024-03-16 23:47:00+00:00,delivery_attempt,delayed,26.3,R2,,synthetic_showcase,304,DL-S00100,traffic,85.8,85.8,2024-03-17 15:47:00+00:00,R2,W2,synthetic_showcase,28.0,both,,,,,,,,,,left-only,showcase_shipment_scans_cleaned,"showcase_shipment_scans_cleaned,showcase_delay_reports_cleaned,showcase_warehouse_transfers_cleaned",S00100
S00100,2024-03-17 13:47:00+00:00,delivery,delivered,0.0,R2,,synthetic_showcase,305,DL-S00100,traffic,85.8,85.8,2024-03-17 15:47:00+00:00,R2,W2,synthetic_showcase,28.0,both,,,,,,,,,,left-only,showcase_shipment_scans_cleaned,"showcase_shipment_scans_cleaned,showcase_delay_reports_cleaned,showcase_warehouse_transfers_cleaned",S00100
S00101,2024-03-17 08:48:00+00:00,pickup,on_time,0.0,R2,W2,synthetic_showcase,306,,,,,,,,,,left-only,T-S00101,W2,W5,2024-03-17 15:48:00+00:00,2024-03-17 14:48:00+00:00,2024-03-17 15:48:00+00:00,on_time,synthetic_showcase,50.0,both,showcase_shipment_scans_cleaned,"showcase_shipment_scans_cleaned,showcase_delay_reports_cleaned,showcase_warehouse_transfers_cleaned",S00101
S00101,2024-03-17 15:48:00+00:00,hub_arrival,on_time,0.0,R2,W5,synthetic_showcase,307,,,,,,,,,,left-only,T-S00101,W2,W5,2024-03-17 15:48:00+00:00,2024-03-17 14:48:00+00:00,2024-03-17 15:48:00+00:00,on_time,synthetic_showcase,50.0,both,showcase_shipment_scans_cleaned,"showcase_shipment_scans_cleaned,showcase_delay_reports_cleaned,showcase_warehouse_transfers_cleaned",S00101
S00101,2024-03-17 19:48:00+00:00,hub_departure,on_time,0.0,R2,W5,synthetic_showcase,308,,,,,,,,,,left-only,T-S00101,W2,W5,2024-03-17 15:48:00+00:00,2024-03-17 14:48:00+00:00,2024-03-17 15:48:00+00:00,on_time,synthetic_showcase,50.0,both,showcase_shipment_scans_cleaned,"showcase_shipment_scans_cleaned,showcase_delay_reports_cleaned,showcase_warehouse_transfers_cleaned",S00101
S00101,2024-03-18 08:48:00+00:00,delivery,delivered,0.0,R2,,synthetic_showcase,309,,,,,,,,,,left-only,T-S00101,W2,W5,2024-03-17 15:48:00+00:00,2024-03-17 14:48:00+00:00,2024-03-17 15:48:00+00:00,on_time,synthetic_showcase,50.0,both,showcase_shipment_scans_cleaned,"showcase_shipment_scans_cleaned,showcase_delay_reports_cleaned,showcase_warehouse_transfers_cleaned",S00101
S00102,2024-03-18 09:26:00+00:00,pickup,on_time,0.0,R1,W1,synthetic_showcase,310,,,,,,,,,,left-only,,,,,,,,,,left-only,showcase_shipment_scans_cleaned,"showcase_shipment_scans_cleaned,showcase_delay_reports_cleaned,showcase_warehouse_transfers_cleaned",S00102
S00102,2024-03-19 03:26:00+00:00,delivery,delivered,0.0,R1,,synthetic_showcase,311,,,,,,,,,,left-only,,,,,,,,,,left-only,showcase_shipment_scans_cleaned,"showcase_shipment_scans_cleaned,showcase_delay_reports_cleaned,showcase_warehouse_transfers_cleaned",S00102
S00103,2024-03-19 08:15:00+00:00,pickup,delayed,51.0,R2,W2,synthetic_showcase,312,DL-S00103,mechanical,108.9,51.0,2024-03-20 00:15:00+00:00,R2,W3,synthetic_showcase,29.0,both,T-S00103,W2,W3,2024-03-19 14:15:00+00:00,2024-03-19 13:15:00+00:00,2024-03-19 14:15:00+00:00,delayed,synthetic_showcase,51.0,both,showcase_shipment_scans_cleaned,"showcase_shipment_scans_cleaned,showcase_delay_reports_cleaned,showcase_warehouse_transfers_cleaned",S00103
S00103,2024-03-19 14:15:00+00:00,hub_arrival,delayed,18.4,R2,W3,synthetic_showcase,313,DL-S00103,mechanical,108.9,51.0,2024-03-20 00:15:00+00:00,R2,W3,synthetic_showcase,29.0,both,T-S00103,W2,W3,2024-03-19 14:15:00+00:00,2024-03-19 13:15:00+00:00,2024-03-19 14:15:00+00:00,delayed,synthetic_showcase,51.0,both,showcase_shipment_scans_cleaned,"showcase_shipment_scans_cleaned,showcase_delay_reports_cleaned,showcase_warehouse_transfers_cleaned",S00103
S00103,2024-03-19 16:15:00+00:00,hub_departure,delayed,20.0,R2,W3,synthetic_showcase,314,DL-S00103,mechanical,108.9,51.0,2024-03-20 00:15:00+00:00,R2,W3,synthetic_showcase,29.0,both,T-S00103,W2,W3,2024-03-19 14:15:00+00:00,2024-03-19 13:15:00+00:00,2024-03-19 14:15:00+00:00,delayed,synthetic_showcase,51.0,both,showcase_shipment_scans_cleaned,"showcase_shipment_scans_cleaned,showcase_delay_reports_cleaned,showcase_warehouse_transfers_cleaned",S00103
S00103,2024-03-19 22:15:00+00:00,delivery,delivered,108.9,R2,,synthetic_showcase,315,DL-S00103,mechanical,108.9,51.0,2024-03-20 00:15:00+00:00,R2,W3,synthetic_showcase,29.0,both,T-S00103,W2,W3,2024-03-19 14:15:00+00:00,2024-03-19 13:15:00+00:00,2024-03-19 14:15:00+00:00,delayed,synthetic_showcase,51.0,both,showcase_shipment_scans_cleaned,"showcase_shipment_scans_cleaned,showcase_delay_reports_cleaned,showcase_warehouse_transfers_cleaned",S00103
S00104,2024-03-20 09:49:00+00:00,pickup,delayed,24.6,R2,W2,synthetic_showcase,316,DL-S00104,traffic,24.6,24.6,2024-03-21 03:49:00+00:00,R2,W1,synthetic_showcase,30.0,both,T-S00104,W2,W1,2024-03-20 16:49:00+00:00,2024-03-20 15:49:00+00:00,2024-03-20 16:49:00+00:00,on_time,synthetic_showcase,52.0,both,showcase_shipment_scans_cleaned,"showcase_shipment_scans_cleaned,showcase_delay_reports_cleaned,showcase_warehouse_transfers_cleaned",S00104
S00104,2024-03-20 16:49:00+00:00,hub_arrival,on_time,0.0,R2,W1,synthetic_showcase,317,DL-S00104,traffic,24.6,24.6,2024-03-21 03:49:00+00:00,R2,W1,synthetic_showcase,30.0,both,T-S00104,W2,W1,2024-03-20 16:49:00+00:00,2024-03-20 15:49:00+00:00,2024-03-20 16:49:00+00:00,on_time,synthetic_showcase,52.0,both,showcase_shipment_scans_cleaned,"showcase_shipment_scans_cleaned,showcase_delay_reports_cleaned,showcase_warehouse_transfers_cleaned",S00104
S00104,2024-03-20 19:49:00+00:00,hub_departure,on_time,0.0,R2,W1,synthetic_showcase,318,DL-S00104,traffic,24.6,24.6,2024-03-21 03:49:00+00:00,R2,W1,synthetic_showcase,30.0,both,T-S00104,W2,W1,2024-03-20 16:49:00+00:00,2024-03-20 15:49:00+00:00,2024-03-20 16:49:00+00:00,on_time,synthetic_showcase,52.0,both,showcase_shipment_scans_cleaned,"showcase_shipment_scans_cleaned,showcase_delay_reports_cleaned,showcase_warehouse_transfers_cleaned",S00104
S00104,2024-03-21 01:49:00+00:00,delivery,delivered,0.0,R2,,synthetic_showcase,319,DL-S00104,traffic,24.6,24.6,2024-03-21 03:49:00+00:00,R2,W1,synthetic_showcase,30.0,both,T-S00104,W2,W1,2024-03-20 16:49:00+00:00,2024-03-20 15:49:00+00:00,2024-03-20 16:49:00+00:00,on_time,synthetic_showcase,52.0,both,showcase_shipment_scans_cleaned,"showcase_shipment_scans_cleaned,showcase_delay_reports_cleaned,showcase_warehouse_transfers_cleaned",S00104
S00105,2024-03-21 09:50:00+00:00,pickup,on_time,0.0,R4,W1,synthetic_showcase,320,,,,,,,,,,left-only,,,,,,,,,,left-only,showcase_shipment_scans_cleaned,"showcase_shipment_scans_cleaned,showcase_delay_reports_cleaned,showcase_warehouse_transfers_cleaned",S00105
S00105,2024-03-22 02:50:00+00:00,delivery,delivered,0.0,R4,,synthetic_showcase,321,,,,,,,,,,left-only,,,,,,,,,,left-only,showcase_shipment_scans_cleaned,"showcase_shipment_scans_cleaned,showcase_delay_reports_cleaned,showcase_warehouse_transfers_cleaned",S00105
S00106,2024-03-01 09:35:00+00:00,pickup,on_time,0.0,R1,W1,synthetic_showcase,322,,,,,,,,,,left-only,,,,,,,,,,left-only,showcase_shipment_scans_cleaned,"showcase_shipment_scans_cleaned,showcase_delay_reports_cleaned,showcase_warehouse_transfers_cleaned",S00106
S00106,2024-03-02 01:35:00+00:00,delivery,delivered,0.0,R1,,synthetic_showcase,323,,,,,,,,,,left-only,,,,,,,,,,left-only,showcase_shipment_scans_cleaned,"showcase_shipment_scans_cleaned,showcase_delay_reports_cleaned,showcase_warehouse_transfers_cleaned",S00106
S00107,2024-03-02 08:53:00+00:00,pickup,on_time,0.0,R6,W5,synthetic_showcase,324,DL-S00107,weather,53.7,0.0,2024-03-03 04:53:00+00:00,R6,W3,synthetic_showcase,31.0,both,T-S00107,W5,W3,2024-03-02 13:53:00+00:00,2024-03-02 12:53:00+00:00,2024-03-02 13:53:00+00:00,delayed,synthetic_showcase,53.0,both,showcase_shipment_scans_cleaned,"showcase_shipment_scans_cleaned,showcase_delay_reports_cleaned,showcase_warehouse_transfers_cleaned",S00107
S00107,2024-03-02 13:53:00+00:00,hub_arrival,delayed,20.0,R6,W3,synthetic_showcase,325,DL-S00107,weather,53.7,0.0,2024-03-03 04:53:00+00:00,R6,W3,synthetic_showcase,31.0,both,T-S00107,W5,W3,2024-03-02 13:53:00+00:00,2024-03-02 12:53:00+00:00,2024-03-02 13:53:00+00:00,delayed,synthetic_showcase,53.0,both,showcase_shipment_scans_cleaned,"showcase_shipment_scans_cleaned,showcase_delay_reports_cleaned,showcase_warehouse_transfers_cleaned",S00107
S00107,2024-03-02 16:53:00+00:00,hub_departure,on_time,0.0,R6,W3,synthetic_showcase,326,DL-S00107,weather,53.7,0.0,2024-03-03 04:53:00+00:00,R6,W3,synthetic_showcase,31.0,both,T-S00107,W5,W3,2024-03-02 13:53:00+00:00,2024-03-02 12:53:00+00:00,2024-03-02 13:53:00+00:00,delayed,synthetic_showcase,53.0,both,showcase_shipment_scans_cleaned,"showcase_shipment_scans_cleaned,showcase_delay_reports_cleaned,showcase_warehouse_transfers_cleaned",S00107
S00107,2024-03-03 02:53:00+00:00,delivery,delivered,53.7,R6,,synthetic_showcase,327,DL-S00107,weather,53.7,0.0,2024-03-03 04:53:00+00:00,R6,W3,synthetic_showcase,31.0,both,T-S00107,W5,W3,2024-03-02 13:53:00+00:00,2024-03-02 12:53:00+00:00,2024-03-02 13:53:00+00:00,delayed,synthetic_showcase,53.0,both,showcase_shipment_scans_cleaned,"showcase_shipment_scans_cleaned,showcase_delay_reports_cleaned,showcase_warehouse_transfers_cleaned",S00107
S00108,2024-03-03 08:19:00+00:00,pickup,on_time,0.0,R5,W4,synthetic_showcase,328,DL-S00108,mechanical,32.5,0.0,2024-03-04 11:19:00+00:00,R5,W3,synthetic_showcase,32.0,both,T-S00108,W4,W3,2024-03-03 18:19:00+00:00,2024-03-03 17:19:00+00:00,2024-03-03 18:19:00+00:00,delayed,synthetic_showcase,54.0,both,showcase_shipment_scans_cleaned,"showcase_shipment_scans_cleaned,showcase_delay_reports_cleaned,showcase_warehouse_transfers_cleaned",S00108
S00108,2024-03-03 18:19:00+00:00,hub_arrival,delayed,32.5,R5,W3,synthetic_showcase,329,DL-S00108,mechanical,32.5,0.0,2024-03-04 11:19:00+00:00,R5,W3,synthetic_showcase,32.0,both,T-S00108,W4,W3,2024-03-03 18:19:00+00:00,2024-03-03 17:19:00+00:00,2024-03-03 18:19:00+00:00,delayed,synthetic_showcase,54.0,both,showcase_shipment_scans_cleaned,"showcase_shipment_scans_cleaned,showcase_delay_reports_cleaned,showcase_warehouse_transfers_cleaned",S00108
S00108,2024-03-03 22:19:00+00:00,hub_departure,on_time,0.0,R5,W3,synthetic_showcase,330,DL-S00108,mechanical,32.5,0.0,2024-03-04 11:19:00+00:00,R5,W3,synthetic_showcase,32.0,both,T-S00108,W4,W3,2024-03-03 18:19:00+00:00,2024-03-03 17:19:00+00:00,2024-03-03 18:19:00+00:00,delayed,synthetic_showcase,54.0,both,showcase_shipment_scans_cleaned,"showcase_shipment_scans_cleaned,showcase_delay_reports_cleaned,showcase_warehouse_transfers_cleaned",S00108
S00108,2024-03-04 09:19:00+00:00,delivery,delivered,0.0,R5,,synthetic_showcase,331,DL-S00108,mechanical,32.5,0.0,2024-03-04 11:19:00+00:00,R5,W3,synthetic_showcase,32.0,both,T-S00108,W4,W3,2024-03-03 18:19:00+00:00,2024-03-03 17:19:00+00:00,2024-03-03 18:19:00+00:00,delayed,synthetic_showcase,54.0,both,showcase_shipment_scans_cleaned,"showcase_shipment_scans_cleaned,showcase_delay_reports_cleaned,showcase_warehouse_transfers_cleaned",S00108
S00109,2024-03-04 09:47:00+00:00,pickup,on_time,0.0,R6,W5,synthetic_showcase,332,DL-S00109,customs,49.0,0.0,2024-03-05 04:47:00+00:00,R6,W2,synthetic_showcase,33.0,both,T-S00109,W5,W2,2024-03-04 15:47:00+00:00,2024-03-04 14:47:00+00:00,2024-03-04 15:47:00+00:00,on_time,synthetic_showcase,55.0,both,showcase_shipment_scans_cleaned,"showcase_shipment_scans_cleaned,showcase_delay_reports_cleaned,showcase_warehouse_transfers_cleaned",S00109
S00109,2024-03-04 15:47:00+00:00,hub_arrival,on_time,0.0,R6,W2,synthetic_showcase,333,DL-S00109,customs,49.0,0.0,2024-03-05 04:47:00+00:00,R6,W2,synthetic_showcase,33.0,both,T-S00109,W5,W2,2024-03-04 15:47:00+00:00,2024-03-04 14:47:00+00:00,2024-03-04 15:47:00+00:00,on_time,synthetic_showcase,55.0,both,showcase_shipment_scans_cleaned,"showcase_shipment_scans_cleaned,showcase_delay_reports_cleaned,showcase_warehouse_transfers_cleaned",S00109
S00109,2024-03-04 19:47:00+00:00,hub_departure,delayed,25.6,R6,W2,synthetic_showcase,334,DL-S00109,customs,49.0,0.0,2024-03-05 04:47:00+00:00,R6,W2,synthetic_showcase,33.0,both,T-S00109,W5,W2,2024-03-04 15:47:00+00:00,2024-03-04 14:47:00+00:00,2024-03-04 15:47:00+00:00,on_time,synthetic_showcase,55.0,both,showcase_shipment_scans_cleaned,"showcase_shipment_scans_cleaned,showcase_delay_reports_cleaned,showcase_warehouse_transfers_cleaned",S00109
S00109,2024-03-05 02:47:00+00:00,delivery,delivered,49.0,R6,,synthetic_showcase,335,DL-S00109,customs,49.0,0.0,2024-03-05 04:47:00+00:00,R6,W2,synthetic_showcase,33.0,both,T-S00109,W5,W2,2024-03-04 15:47:00+00:00,2024-03-04 14:47:00+00:00,2024-03-04 15:47:00+00:00,on_time,synthetic_showcase,55.0,both,showcase_shipment_scans_cleaned,"showcase_shipment_scans_cleaned,showcase_delay_reports_cleaned,showcase_warehouse_transfers_cleaned",S00109
S00110,2024-03-05 09:46:00+00:00,pickup,on_time,0.0,R1,W1,synthetic_showcase,336,,,,,,,,,,left-only,,,,,,,,,,left-only,showcase_shipment_scans_cleaned,"showcase_shipment_scans_cleaned,showcase_delay_reports_cleaned,showcase_warehouse_transfers_cleaned",S00110
S00110,2024-03-06 03:46:00+00:00,delivery,delivered,0.0,R1,,synthetic_showcase,337,,,,,,,,,,left-only,,,,,,,,,,left-only,showcase_shipment_scans_cleaned,"showcase_shipment_scans_cleaned,showcase_delay_reports_cleaned,showcase_warehouse_transfers_cleaned",S00110
S00111,2024-03-06 09:14:00+00:00,pickup,on_time,0.0,R2,W2,synthetic_showcase,338,,,,,,,,,,left-only,,,,,,,,,,left-only,showcase_shipment_scans_cleaned,"showcase_shipment_scans_cleaned,showcase_delay_reports_cleaned,showcase_warehouse_transfers_cleaned",S00111
S00111,2024-03-07 00:14:00+00:00,delivery,delivered,0.0,R2,,synthetic_showcase,339,,,,,,,,,,left-only,,,,,,,,,,left-only,showcase_shipment_scans_cleaned,"showcase_shipment_scans_cleaned,showcase_delay_reports_cleaned,showcase_warehouse_transfers_cleaned",S00111
S00112,2024-03-07 08:16:00+00:00,pickup,on_time,0.0,R2,W2,synthetic_showcase,340,DL-S00112,congestion,75.9,0.0,2024-03-08 12:16:00+00:00,R2,W3,synthetic_showcase,34.0,both,T-S00112,W2,W3,2024-03-07 18:16:00+00:00,2024-03-07 17:16:00+00:00,2024-03-07 18:16:00+00:00,delayed,synthetic_showcase,56.0,both,showcase_shipment_scans_cleaned,"showcase_shipment_scans_cleaned,showcase_delay_reports_cleaned,showcase_warehouse_transfers_cleaned",S00112
S00112,2024-03-07 18:16:00+00:00,hub_arrival,delayed,75.9,R2,W3,synthetic_showcase,341,DL-S00112,congestion,75.9,0.0,2024-03-08 12:16:00+00:00,R2,W3,synthetic_showcase,34.0,both,T-S00112,W2,W3,2024-03-07 18:16:00+00:00,2024-03-07 17:16:00+00:00,2024-03-07 18:16:00+00:00,delayed,synthetic_showcase,56.0,both,showcase_shipment_scans_cleaned,"showcase_shipment_scans_cleaned,showcase_delay_reports_cleaned,showcase_warehouse_transfers_cleaned",S00112
S00112,2024-03-07 20:16:00+00:00,hub_departure,delayed,24.4,R2,W3,synthetic_showcase,342,DL-S00112,congestion,75.9,0.0,2024-03-08 12:16:00+00:00,R2,W3,synthetic_showcase,34.0,both,T-S00112,W2,W3,2024-03-07 18:16:00+00:00,2024-03-07 17:16:00+00:00,2024-03-07 18:16:00+00:00,delayed,synthetic_showcase,56.0,both,showcase_shipment_scans_cleaned,"showcase_shipment_scans_cleaned,showcase_delay_reports_cleaned,showcase_warehouse_transfers_cleaned",S00112
S00112,2024-03-08 10:16:00+00:00,delivery,delivered,60.1,R2,,synthetic_showcase,343,DL-S00112,congestion,75.9,0.0,2024-03-08 12:16:00+00:00,R2,W3,synthetic_showcase,34.0,both,T-S00112,W2,W3,2024-03-07 18:16:00+00:00,2024-03-07 17:16:00+00:00,2024-03-07 18:16:00+00:00,delayed,synthetic_showcase,56.0,both,showcase_shipment_scans_cleaned,"showcase_shipment_scans_cleaned,showcase_delay_reports_cleaned,showcase_warehouse_transfers_cleaned",S00112
S00113,2024-03-08 09:24:00+00:00,pickup,on_time,0.0,R5,W4,synthetic_showcase,344,DL-S00113,customs,34.7,0.0,2024-03-09 05:24:00+00:00,R5,W2,synthetic_showcase,35.0,both,T-S00113,W4,W2,2024-03-08 14:24:00+00:00,2024-03-08 13:24:00+00:00,2024-03-08 14:24:00+00:00,delayed,synthetic_showcase,57.0,both,showcase_shipment_scans_cleaned,"showcase_shipment_scans_cleaned,showcase_delay_reports_cleaned,showcase_warehouse_transfers_cleaned",S00113
S00113,2024-03-08 14:24:00+00:00,hub_arrival,delayed,24.1,R5,W2,synthetic_showcase,345,DL-S00113,customs,34.7,0.0,2024-03-09 05:24:00+00:00,R5,W2,synthetic_showcase,35.0,both,T-S00113,W4,W2,2024-03-08 14:24:00+00:00,2024-03-08 13:24:00+00:00,2024-03-08 14:24:00+00:00,delayed,synthetic_showcase,57.0,both,showcase_shipment_scans_cleaned,"showcase_shipment_scans_cleaned,showcase_delay_reports_cleaned,showcase_warehouse_transfers_cleaned",S00113
S00113,2024-03-08 17:24:00+00:00,hub_departure,delayed,34.7,R5,W2,synthetic_showcase,346,DL-S00113,customs,34.7,0.0,2024-03-09 05:24:00+00:00,R5,W2,synthetic_showcase,35.0,both,T-S00113,W4,W2,2024-03-08 14:24:00+00:00,2024-03-08 13:24:00+00:00,2024-03-08 14:24:00+00:00,delayed,synthetic_showcase,57.0,both,showcase_shipment_scans_cleaned,"showcase_shipment_scans_cleaned,showcase_delay_reports_cleaned,showcase_warehouse_transfers_cleaned",S00113
S00113,2024-03-09 03:24:00+00:00,delivery,delivered,0.0,R5,,synthetic_showcase,347,DL-S00113,customs,34.7,0.0,2024-03-09 05:24:00+00:00,R5,W2,synthetic_showcase,35.0,both,T-S00113,W4,W2,2024-03-08 14:24:00+00:00,2024-03-08 13:24:00+00:00,2024-03-08 14:24:00+00:00,delayed,synthetic_showcase,57.0,both,showcase_shipment_scans_cleaned,"showcase_shipment_scans_cleaned,showcase_delay_reports_cleaned,showcase_warehouse_transfers_cleaned",S00113
S00114,2024-03-09 08:38:00+00:00,pickup,on_time,0.0,R4,W1,synthetic_showcase,348,,,,,,,,,,left-only,,,,,,,,,,left-only,showcase_shipment_scans_cleaned,"showcase_shipment_scans_cleaned,showcase_delay_reports_cleaned,showcase_warehouse_transfers_cleaned",S00114
S00114,2024-03-09 20:38:00+00:00,delivery,delivered,0.0,R4,,synthetic_showcase,349,,,,,,,,,,left-only,,,,,,,,,,left-only,showcase_shipment_scans_cleaned,"showcase_shipment_scans_cleaned,showcase_delay_reports_cleaned,showcase_warehouse_transfers_cleaned",S00114
S00115,2024-03-10 09:08:00+00:00,pickup,on_time,0.0,R6,W5,synthetic_showcase,350,,,,,,,,,,left-only,,,,,,,,,,left-only,showcase_shipment_scans_cleaned,"showcase_shipment_scans_cleaned,showcase_delay_reports_cleaned,showcase_warehouse_transfers_cleaned",S00115
S00115,2024-03-10 18:08:00+00:00,delivery,delivered,0.0,R6,,synthetic_showcase,351,,,,,,,,,,left-only,,,,,,,,,,left-only,showcase_shipment_scans_cleaned,"showcase_shipment_scans_cleaned,showcase_delay_reports_cleaned,showcase_warehouse_transfers_cleaned",S00115
S00116,2024-03-11 09:20:00+00:00,pickup,on_time,0.0,R5,W4,synthetic_showcase,352,,,,,,,,,,left-only,,,,,,,,,,left-only,showcase_shipment_scans_cleaned,"showcase_shipment_scans_cleaned,showcase_delay_reports_cleaned,showcase_warehouse_transfers_cleaned",S00116
S00116,2024-03-11 16:20:00+00:00,delivery,delivered,0.0,R5,,synthetic_showcase,353,,,,,,,,,,left-only,,,,,,,,,,left-only,showcase_shipment_scans_cleaned,"showcase_shipment_scans_cleaned,showcase_delay_reports_cleaned,showcase_warehouse_transfers_cleaned",S00116
S00117,2024-03-12 09:12:00+00:00,pickup,on_time,0.0,R3,W3,synthetic_showcase,354,,,,,,,,,,left-only,T-S00117,W3,W1,2024-03-12 17:12:00+00:00,2024-03-12 16:12:00+00:00,2024-03-12 17:12:00+00:00,on_time,synthetic_showcase,58.0,both,showcase_shipment_scans_cleaned,"showcase_shipment_scans_cleaned,showcase_delay_reports_cleaned,showcase_warehouse_transfers_cleaned",S00117
S00117,2024-03-12 17:12:00+00:00,hub_arrival,on_time,0.0,R3,W1,synthetic_showcase,355,,,,,,,,,,left-only,T-S00117,W3,W1,2024-03-12 17:12:00+00:00,2024-03-12 16:12:00+00:00,2024-03-12 17:12:00+00:00,on_time,synthetic_showcase,58.0,both,showcase_shipment_scans_cleaned,"showcase_shipment_scans_cleaned,showcase_delay_reports_cleaned,showcase_warehouse_transfers_cleaned",S00117
S00117,2024-03-12 19:12:00+00:00,hub_departure,on_time,0.0,R3,W1,synthetic_showcase,356,,,,,,,,,,left-only,T-S00117,W3,W1,2024-03-12 17:12:00+00:00,2024-03-12 16:12:00+00:00,2024-03-12 17:12:00+00:00,on_time,synthetic_showcase,58.0,both,showcase_shipment_scans_cleaned,"showcase_shipment_scans_cleaned,showcase_delay_reports_cleaned,showcase_warehouse_transfers_cleaned",S00117
S00117,2024-03-13 03:12:00+00:00,delivery,delivered,0.0,R3,,synthetic_showcase,357,,,,,,,,,,left-only,T-S00117,W3,W1,2024-03-12 17:12:00+00:00,2024-03-12 16:12:00+00:00,2024-03-12 17:12:00+00:00,on_time,synthetic_showcase,58.0,both,showcase_shipment_scans_cleaned,"showcase_shipment_scans_cleaned,showcase_delay_reports_cleaned,showcase_warehouse_transfers_cleaned",S00117
S00118,2024-03-13 09:33:00+00:00,pickup,on_time,0.0,R4,W1,synthetic_showcase,358,,,,,,,,,,left-only,T-S00118,W1,W5,2024-03-13 16:33:00+00:00,2024-03-13 15:33:00+00:00,2024-03-13 16:33:00+00:00,on_time,synthetic_showcase,59.0,both,showcase_shipment_scans_cleaned,"showcase_shipment_scans_cleaned,showcase_delay_reports_cleaned,showcase_warehouse_transfers_cleaned",S00118
S00118,2024-03-13 16:33:00+00:00,hub_arrival,on_time,0.0,R4,W5,synthetic_showcase,359,,,,,,,,,,left-only,T-S00118,W1,W5,2024-03-13 16:33:00+00:00,2024-03-13 15:33:00+00:00,2024-03-13 16:33:00+00:00,on_time,synthetic_showcase,59.0,both,showcase_shipment_scans_cleaned,"showcase_shipment_scans_cleaned,showcase_delay_reports_cleaned,showcase_warehouse_transfers_cleaned",S00118
S00118,2024-03-13 17:33:00+00:00,hub_departure,on_time,0.0,R4,W5,synthetic_showcase,360,,,,,,,,,,left-only,T-S00118,W1,W5,2024-03-13 16:33:00+00:00,2024-03-13 15:33:00+00:00,2024-03-13 16:33:00+00:00,on_time,synthetic_showcase,59.0,both,showcase_shipment_scans_cleaned,"showcase_shipment_scans_cleaned,showcase_delay_reports_cleaned,showcase_warehouse_transfers_cleaned",S00118
S00118,2024-03-14 08:33:00+00:00,delivery,delivered,0.0,R4,,synthetic_showcase,361,,,,,,,,,,left-only,T-S00118,W1,W5,2024-03-13 16:33:00+00:00,2024-03-13 15:33:00+00:00,2024-03-13 16:33:00+00:00,on_time,synthetic_showcase,59.0,both,showcase_shipment_scans_cleaned,"showcase_shipment_scans_cleaned,showcase_delay_reports_cleaned,showcase_warehouse_transfers_cleaned",S00118
S00119,2024-03-14 09:19:00+00:00,pickup,on_time,0.0,R1,W1,synthetic_showcase,362,,,,,,,,,,left-only,,,,,,,,,,left-only,showcase_shipment_scans_cleaned,"showcase_shipment_scans_cleaned,showcase_delay_reports_cleaned,showcase_warehouse_transfers_cleaned",S00119
S00119,2024-03-14 19:19:00+00:00,delivery,delivered,0.0,R1,,synthetic_showcase,363,,,,,,,,,,left-only,,,,,,,,,,left-only,showcase_shipment_scans_cleaned,"showcase_shipment_scans_cleaned,showcase_delay_reports_cleaned,showcase_warehouse_transfers_cleaned",S00119
S00120,2024-03-15 09:19:00+00:00,pickup,on_time,0.0,R5,W4,synthetic_showcase,364,,,,,,,,,,left-only,,,,,,,,,,left-only,showcase_shipment_scans_cleaned,"showcase_shipment_scans_cleaned,showcase_delay_reports_cleaned,showcase_warehouse_transfers_cleaned",S00120
S00120,2024-03-15 23:19:00+00:00,delivery,delivered,0.0,R5,,synthetic_showcase,365,,,,,,,,,,left-only,,,,,,,,,,left-only,showcase_shipment_scans_cleaned,"showcase_shipment_scans_cleaned,showcase_delay_reports_cleaned,showcase_warehouse_transfers_cleaned",S00120
S00121,2024-03-16 09:44:00+00:00,pickup,delayed,377.2,R4,W1,synthetic_showcase,366,DL-S00121,weather,377.2,377.2,2024-03-17 02:44:00+00:00,R4,W1,synthetic_showcase,36.0,both,,,,,,,,,,left-only,showcase_shipment_scans_cleaned,"showcase_shipment_scans_cleaned,showcase_delay_reports_cleaned,showcase_warehouse_transfers_cleaned",S00121
S00121,2024-03-17 00:44:00+00:00,delivery,delivered,0.0,R4,,synthetic_showcase,367,DL-S00121,weather,377.2,377.2,2024-03-17 02:44:00+00:00,R4,W1,synthetic_showcase,36.0,both,,,,,,,,,,left-only,showcase_shipment_scans_cleaned,"showcase_shipment_scans_cleaned,showcase_delay_reports_cleaned,showcase_warehouse_transfers_cleaned",S00121
S00122,2024-03-17 08:06:00+00:00,pickup,on_time,0.0,R3,W3,synthetic_showcase,368,,,,,,,,,,left-only,T-S00122,W3,W1,2024-03-17 14:06:00+00:00,2024-03-17 13:06:00+00:00,2024-03-17 14:06:00+00:00,on_time,synthetic_showcase,60.0,both,showcase_shipment_scans_cleaned,"showcase_shipment_scans_cleaned,showcase_delay_reports_cleaned,showcase_warehouse_transfers_cleaned",S00122
S00122,2024-03-17 14:06:00+00:00,hub_arrival,on_time,0.0,R3,W1,synthetic_showcase,369,,,,,,,,,,left-only,T-S00122,W3,W1,2024-03-17 14:06:00+00:00,2024-03-17 13:06:00+00:00,2024-03-17 14:06:00+00:00,on_time,synthetic_showcase,60.0,both,showcase_shipment_scans_cleaned,"showcase_shipment_scans_cleaned,showcase_delay_reports_cleaned,showcase_warehouse_transfers_cleaned",S00122
S00122,2024-03-17 16:06:00+00:00,hub_departure,on_time,0.0,R3,W1,synthetic_showcase,370,,,,,,,,,,left-only,T-S00122,W3,W1,2024-03-17 14:06:00+00:00,2024-03-17 13:06:00+00:00,2024-03-17 14:06:00+00:00,on_time,synthetic_showcase,60.0,both,showcase_shipment_scans_cleaned,"showcase_shipment_scans_cleaned,showcase_delay_reports_cleaned,showcase_warehouse_transfers_cleaned",S00122
S00122,2024-03-18 10:06:00+00:00,delivery,delivered,0.0,R3,,synthetic_showcase,371,,,,,,,,,,left-only,T-S00122,W3,W1,2024-03-17 14:06:00+00:00,2024-03-17 13:06:00+00:00,2024-03-17 14:06:00+00:00,on_time,synthetic_showcase,60.0,both,showcase_shipment_scans_cleaned,"showcase_shipment_scans_cleaned,showcase_delay_reports_cleaned,showcase_warehouse_transfers_cleaned",S00122
S00123,2024-03-18 08:17:00+00:00,pickup,on_time,0.0,R5,W4,synthetic_showcase,372,,,,,,,,,,left-only,,,,,,,,,,left-only,showcase_shipment_scans_cleaned,"showcase_shipment_scans_cleaned,showcase_delay_reports_cleaned,showcase_warehouse_transfers_cleaned",S00123
S00123,2024-03-18 21:17:00+00:00,delivery,delivered,0.0,R5,,synthetic_showcase,373,,,,,,,,,,left-only,,,,,,,,,,left-only,showcase_shipment_scans_cleaned,"showcase_shipment_scans_cleaned,showcase_delay_reports_cleaned,showcase_warehouse_transfers_cleaned",S00123
S00124,2024-03-19 09:37:00+00:00,pickup,on_time,0.0,R1,W1,synthetic_showcase,374,,,,,,,,,,left-only,,,,,,,,,,left-only,showcase_shipment_scans_cleaned,"showcase_shipment_scans_cleaned,showcase_delay_reports_cleaned,showcase_warehouse_transfers_cleaned",S00124
S00124,2024-03-20 00:37:00+00:00,delivery,delivered,0.0,R1,,synthetic_showcase,375,,,,,,,,,,left-only,,,,,,,,,,left-only,showcase_shipment_scans_cleaned,"showcase_shipment_scans_cleaned,showcase_delay_reports_cleaned,showcase_warehouse_transfers_cleaned",S00124
S00125,2024-03-20 08:14:00+00:00,pickup,on_time,0.0,R1,W1,synthetic_showcase,376,,,,,,,,,,left-only,,,,,,,,,,left-only,showcase_shipment_scans_cleaned,"showcase_shipment_scans_cleaned,showcase_delay_reports_cleaned,showcase_warehouse_transfers_cleaned",S00125
S00125,2024-03-20 19:14:00+00:00,delivery,delivered,0.0,R1,,synthetic_showcase,377,,,,,,,,,,left-only,,,,,,,,,,left-only,showcase_shipment_scans_cleaned,"showcase_shipment_scans_cleaned,showcase_delay_reports_cleaned,showcase_warehouse_transfers_cleaned",S00125
S00126,2024-03-21 08:15:00+00:00,pickup,on_time,0.0,R4,W1,synthetic_showcase,378,DL-S00126,congestion,11.1,0.0,2024-03-21 17:15:00+00:00,R4,W1,synthetic_showcase,37.0,both,,,,,,,,,,left-only,showcase_shipment_scans_cleaned,"showcase_shipment_scans_cleaned,showcase_delay_reports_cleaned,showcase_warehouse_transfers_cleaned",S00126
S00126,2024-03-21 15:15:00+00:00,delivery,delivered,11.1,R4,,synthetic_showcase,379,DL-S00126,congestion,11.1,0.0,2024-03-21 17:15:00+00:00,R4,W1,synthetic_showcase,37.0,both,,,,,,,,,,left-only,showcase_shipment_scans_cleaned,"showcase_shipment_scans_cleaned,showcase_delay_reports_cleaned,showcase_warehouse_transfers_cleaned",S00126
S00127,2024-03-01 08:31:00+00:00,pickup,delayed,59.4,R3,W3,synthetic_showcase,380,DL-S00127,congestion,217.0,59.4,2024-03-02 20:31:00+00:00,R3,W3,synthetic_showcase,38.0,both,,,,,,,,,,left-only,showcase_shipment_scans_cleaned,"showcase_shipment_scans_cleaned,showcase_delay_reports_cleaned,showcase_warehouse_transfers_cleaned",S00127
S00127,2024-03-01 17:31:00+00:00,delivery_attempt,delayed,113.4,R3,,synthetic_showcase,381,DL-S00127,congestion,217.0,59.4,2024-03-02 20:31:00+00:00,R3,W3,synthetic_showcase,38.0,both,,,,,,,,,,left-only,showcase_shipment_scans_cleaned,"showcase_shipment_scans_cleaned,showcase_delay_reports_cleaned,showcase_warehouse_transfers_cleaned",S00127
S00127,2024-03-02 18:31:00+00:00,delivery,delivered,217.0,R3,,synthetic_showcase,382,DL-S00127,congestion,217.0,59.4,2024-03-02 20:31:00+00:00,R3,W3,synthetic_showcase,38.0,both,,,,,,,,,,left-only,showcase_shipment_scans_cleaned,"showcase_shipment_scans_cleaned,showcase_delay_reports_cleaned,showcase_warehouse_transfers_cleaned",S00127
S00128,2024-03-02 09:42:00+00:00,pickup,delayed,54.5,R2,W2,synthetic_showcase,383,DL-S00128,traffic,130.6,54.5,2024-03-03 06:42:00+00:00,R2,W1,synthetic_showcase,39.0,both,T-S00128,W2,W1,2024-03-02 15:42:00+00:00,2024-03-02 14:42:00+00:00,2024-03-02 15:42:00+00:00,delayed,synthetic_showcase,61.0,both,showcase_shipment_scans_cleaned,"showcase_shipment_scans_cleaned,showcase_delay_reports_cleaned,showcase_warehouse_transfers_cleaned",S00128
S00128,2024-03-02 15:42:00+00:00,hub_arrival,delayed,26.2,R2,W1,synthetic_showcase,384,DL-S00128,traffic,130.6,54.5,2024-03-03 06:42:00+00:00,R2,W1,synthetic_showcase,39.0,both,T-S00128,W2,W1,2024-03-02 15:42:00+00:00,2024-03-02 14:42:00+00:00,2024-03-02 15:42:00+00:00,delayed,synthetic_showcase,61.0,both,showcase_shipment_scans_cleaned,"showcase_shipment_scans_cleaned,showcase_delay_reports_cleaned,showcase_warehouse_transfers_cleaned",S00128
S00128,2024-03-02 19:42:00+00:00,hub_departure,delayed,130.6,R2,W1,synthetic_showcase,385,DL-S00128,traffic,130.6,54.5,2024-03-03 06:42:00+00:00,R2,W1,synthetic_showcase,39.0,both,T-S00128,W2,W1,2024-03-02 15:42:00+00:00,2024-03-02 14:42:00+00:00,2024-03-02 15:42:00+00:00,delayed,synthetic_showcase,61.0,both,showcase_shipment_scans_cleaned,"showcase_shipment_scans_cleaned,showcase_delay_reports_cleaned,showcase_warehouse_transfers_cleaned",S00128
S00128,2024-03-03 04:42:00+00:00,delivery,delivered,0.0,R2,,synthetic_showcase,386,DL-S00128,traffic,130.6,54.5,2024-03-03 06:42:00+00:00,R2,W1,synthetic_showcase,39.0,both,T-S00128,W2,W1,2024-03-02 15:42:00+00:00,2024-03-02 14:42:00+00:00,2024-03-02 15:42:00+00:00,delayed,synthetic_showcase,61.0,both,showcase_shipment_scans_cleaned,"showcase_shipment_scans_cleaned,showcase_delay_reports_cleaned,showcase_warehouse_transfers_cleaned",S00128
S00129,2024-03-03 09:07:00+00:00,pickup,on_time,0.0,R2,W2,synthetic_showcase,387,DL-S00129,mechanical,57.5,0.0,2024-03-04 10:07:00+00:00,R2,W3,synthetic_showcase,40.0,both,T-S00129,W2,W3,2024-03-03 17:07:00+00:00,2024-03-03 16:07:00+00:00,2024-03-03 17:07:00+00:00,delayed,synthetic_showcase,62.0,both,showcase_shipment_scans_cleaned,"showcase_shipment_scans_cleaned,showcase_delay_reports_cleaned,showcase_warehouse_transfers_cleaned",S00129
S00129,2024-03-03 17:07:00+00:00,hub_arrival,delayed,57.5,R2,W3,synthetic_showcase,388,DL-S00129,mechanical,57.5,0.0,2024-03-04 10:07:00+00:00,R2,W3,synthetic_showcase,40.0,both,T-S00129,W2,W3,2024-03-03 17:07:00+00:00,2024-03-03 16:07:00+00:00,2024-03-03 17:07:00+00:00,delayed,synthetic_showcase,62.0,both,showcase_shipment_scans_cleaned,"showcase_shipment_scans_cleaned,showcase_delay_reports_cleaned,showcase_warehouse_transfers_cleaned",S00129
S00129,2024-03-03 19:07:00+00:00,hub_departure,on_time,0.0,R2,W3,synthetic_showcase,389,DL-S00129,mechanical,57.5,0.0,2024-03-04 10:07:00+00:00,R2,W3,synthetic_showcase,40.0,both,T-S00129,W2,W3,2024-03-03 17:07:00+00:00,2024-03-03 16:07:00+00:00,2024-03-03 17:07:00+00:00,delayed,synthetic_showcase,62.0,both,showcase_shipment_scans_cleaned,"showcase_shipment_scans_cleaned,showcase_delay_reports_cleaned,showcase_warehouse_transfers_cleaned",S00129
S00129,2024-03-04 08:07:00+00:00,delivery,delivered,19.1,R2,,synthetic_showcase,390,DL-S00129,mechanical,57.5,0.0,2024-03-04 10:07:00+00:00,R2,W3,synthetic_showcase,40.0,both,T-S00129,W2,W3,2024-03-03 17:07:00+00:00,2024-03-03 16:07:00+00:00,2024-03-03 17:07:00+00:00,delayed,synthetic_showcase,62.0,both,showcase_shipment_scans_cleaned,"showcase_shipment_scans_cleaned,showcase_delay_reports_cleaned,showcase_warehouse_transfers_cleaned",S00129
S00130,2024-03-04 09:02:00+00:00,pickup,on_time,0.0,R6,W5,synthetic_showcase,391,DL-S00130,congestion,97.5,0.0,2024-03-04 23:02:00+00:00,R6,W3,synthetic_showcase,41.0,both,T-S00130,W5,W3,2024-03-04 14:02:00+00:00,2024-03-04 13:02:00+00:00,2024-03-04 14:02:00+00:00,delayed,synthetic_showcase,63.0,both,showcase_shipment_scans_cleaned,"showcase_shipment_scans_cleaned,showcase_delay_reports_cleaned,showcase_warehouse_transfers_cleaned",S00130
S00130,2024-03-04 14:02:00+00:00,hub_arrival,delayed,97.5,R6,W3,synthetic_showcase,392,DL-S00130,congestion,97.5,0.0,2024-03-04 23:02:00+00:00,R6,W3,synthetic_showcase,41.0,both,T-S00130,W5,W3,2024-03-04 14:02:00+00:00,2024-03-04 13:02:00+00:00,2024-03-04 14:02:00+00:00,delayed,synthetic_showcase,63.0,both,showcase_shipment_scans_cleaned,"showcase_shipment_scans_cleaned,showcase_delay_reports_cleaned,showcase_warehouse_transfers_cleaned",S00130
S00130,2024-03-04 15:02:00+00:00,hub_departure,delayed,90.7,R6,W3,synthetic_showcase,393,DL-S00130,congestion,97.5,0.0,2024-03-04 23:02:00+00:00,R6,W3,synthetic_showcase,41.0,both,T-S00130,W5,W3,2024-03-04 14:02:00+00:00,2024-03-04 13:02:00+00:00,2024-03-04 14:02:00+00:00,delayed,synthetic_showcase,63.0,both,showcase_shipment_scans_cleaned,"showcase_shipment_scans_cleaned,showcase_delay_reports_cleaned,showcase_warehouse_transfers_cleaned",S00130
S00130,2024-03-04 21:02:00+00:00,delivery,delivered,0.0,R6,,synthetic_showcase,394,DL-S00130,congestion,97.5,0.0,2024-03-04 23:02:00+00:00,R6,W3,synthetic_showcase,41.0,both,T-S00130,W5,W3,2024-03-04 14:02:00+00:00,2024-03-04 13:02:00+00:00,2024-03-04 14:02:00+00:00,delayed,synthetic_showcase,63.0,both,showcase_shipment_scans_cleaned,"showcase_shipment_scans_cleaned,showcase_delay_reports_cleaned,showcase_warehouse_transfers_cleaned",S00130
S00131,2024-03-05 08:19:00+00:00,pickup,on_time,0.0,R3,W3,synthetic_showcase,395,,,,,,,,,,left-only,,,,,,,,,,left-only,showcase_shipment_scans_cleaned,"showcase_shipment_scans_cleaned,showcase_delay_reports_cleaned,showcase_warehouse_transfers_cleaned",S00131
S00131,2024-03-05 23:19:00+00:00,delivery,delivered,0.0,R3,,synthetic_showcase,396,,,,,,,,,,left-only,,,,,,,,,,left-only,showcase_shipment_scans_cleaned,"showcase_shipment_scans_cleaned,showcase_delay_reports_cleaned,showcase_warehouse_transfers_cleaned",S00131
S00132,2024-03-06 08:16:00+00:00,pickup,on_time,0.0,R3,W3,synthetic_showcase,397,DL-S00132,mechanical,14.8,0.0,2024-03-07 06:16:00+00:00,R3,W5,synthetic_showcase,42.0,both,T-S00132,W3,W5,2024-03-06 16:16:00+00:00,2024-03-06 15:16:00+00:00,2024-03-06 16:16:00+00:00,on_time,synthetic_showcase,64.0,both,showcase_shipment_scans_cleaned,"showcase_shipment_scans_cleaned,showcase_delay_reports_cleaned,showcase_warehouse_transfers_cleaned",S00132
S00132,2024-03-06 16:16:00+00:00,hub_arrival,on_time,0.0,R3,W5,synthetic_showcase,398,DL-S00132,mechanical,14.8,0.0,2024-03-07 06:16:00+00:00,R3,W5,synthetic_showcase,42.0,both,T-S00132,W3,W5,2024-03-06 16:16:00+00:00,2024-03-06 15:16:00+00:00,2024-03-06 16:16:00+00:00,on_time,synthetic_showcase,64.0,both,showcase_shipment_scans_cleaned,"showcase_shipment_scans_cleaned,showcase_delay_reports_cleaned,showcase_warehouse_transfers_cleaned",S00132
S00132,2024-03-06 19:16:00+00:00,hub_departure,delayed,14.8,R3,W5,synthetic_showcase,399,DL-S00132,mechanical,14.8,0.0,2024-03-07 06:16:00+00:00,R3,W5,synthetic_showcase,42.0,both,T-S00132,W3,W5,2024-03-06 16:16:00+00:00,2024-03-06 15:16:00+00:00,2024-03-06 16:16:00+00:00,on_time,synthetic_showcase,64.0,both,showcase_shipment_scans_cleaned,"showcase_shipment_scans_cleaned,showcase_delay_reports_cleaned,showcase_warehouse_transfers_cleaned",S00132
S00132,2024-03-07 04:16:00+00:00,delivery,delivered,0.0,R3,,synthetic_showcase,400,DL-S00132,mechanical,14.8,0.0,2024-03-07 06:16:00+00:00,R3,W5,synthetic_showcase,42.0,both,T-S00132,W3,W5,2024-03-06 16:16:00+00:00,2024-03-06 15:16:00+00:00,2024-03-06 16:16:00+00:00,on_time,synthetic_showcase,64.0,both,showcase_shipment_scans_cleaned,"showcase_shipment_scans_cleaned,showcase_delay_reports_cleaned,showcase_warehouse_transfers_cleaned",S00132
S00133,2024-03-07 08:08:00+00:00,pickup,on_time,0.0,R1,W1,synthetic_showcase,401,,,,,,,,,,left-only,T-S00133,W1,W3,2024-03-07 12:08:00+00:00,2024-03-07 11:08:00+00:00,2024-03-07 12:08:00+00:00,on_time,synthetic_showcase,65.0,both,showcase_shipment_scans_cleaned,"showcase_shipment_scans_cleaned,showcase_delay_reports_cleaned,showcase_warehouse_transfers_cleaned",S00133
S00133,2024-03-07 12:08:00+00:00,hub_arrival,on_time,0.0,R1,W3,synthetic_showcase,402,,,,,,,,,,left-only,T-S00133,W1,W3,2024-03-07 12:08:00+00:00,2024-03-07 11:08:00+00:00,2024-03-07 12:08:00+00:00,on_time,synthetic_showcase,65.0,both,showcase_shipment_scans_cleaned,"showcase_shipment_scans_cleaned,showcase_delay_reports_cleaned,showcase_warehouse_transfers_cleaned",S00133
S00133,2024-03-07 13:08:00+00:00,hub_departure,on_time,0.0,R1,W3,synthetic_showcase,403,,,,,,,,,,left-only,T-S00133,W1,W3,2024-03-07 12:08:00+00:00,2024-03-07 11:08:00+00:00,2024-03-07 12:08:00+00:00,on_time,synthetic_showcase,65.0,both,showcase_shipment_scans_cleaned,"showcase_shipment_scans_cleaned,showcase_delay_reports_cleaned,showcase_warehouse_transfers_cleaned",S00133
S00133,2024-03-08 05:08:00+00:00,delivery,delivered,0.0,R1,,synthetic_showcase,404,,,,,,,,,,left-only,T-S00133,W1,W3,2024-03-07 12:08:00+00:00,2024-03-07 11:08:00+00:00,2024-03-07 12:08:00+00:00,on_time,synthetic_showcase,65.0,both,showcase_shipment_scans_cleaned,"showcase_shipment_scans_cleaned,showcase_delay_reports_cleaned,showcase_warehouse_transfers_cleaned",S00133
S00134,2024-03-08 08:04:00+00:00,pickup,delayed,117.2,R1,W1,synthetic_showcase,405,DL-S00134,congestion,128.5,117.2,2024-03-09 03:04:00+00:00,R1,W3,synthetic_showcase,43.0,both,T-S00134,W1,W3,2024-03-08 15:04:00+00:00,2024-03-08 14:04:00+00:00,2024-03-08 15:04:00+00:00,delayed,synthetic_showcase,66.0,both,showcase_shipment_scans_cleaned,"showcase_shipment_scans_cleaned,showcase_delay_reports_cleaned,showcase_warehouse_transfers_cleaned",S00134
S00134,2024-03-08 15:04:00+00:00,hub_arrival,delayed,46.3,R1,W3,synthetic_showcase,406,DL-S00134,congestion,128.5,117.2,2024-03-09 03:04:00+00:00,R1,W3,synthetic_showcase,43.0,both,T-S00134,W1,W3,2024-03-08 15:04:00+00:00,2024-03-08 14:04:00+00:00,2024-03-08 15:04:00+00:00,delayed,synthetic_showcase,66.0,both,showcase_shipment_scans_cleaned,"showcase_shipment_scans_cleaned,showcase_delay_reports_cleaned,showcase_warehouse_transfers_cleaned",S00134
S00134,2024-03-08 19:04:00+00:00,hub_departure,delayed,128.5,R1,W3,synthetic_showcase,407,DL-S00134,congestion,128.5,117.2,2024-03-09 03:04:00+00:00,R1,W3,synthetic_showcase,43.0,both,T-S00134,W1,W3,2024-03-08 15:04:00+00:00,2024-03-08 14:04:00+00:00,2024-03-08 15:04:00+00:00,delayed,synthetic_showcase,66.0,both,showcase_shipment_scans_cleaned,"showcase_shipment_scans_cleaned,showcase_delay_reports_cleaned,showcase_warehouse_transfers_cleaned",S00134
S00134,2024-03-09 01:04:00+00:00,delivery,delivered,52.4,R1,,synthetic_showcase,408,DL-S00134,congestion,128.5,117.2,2024-03-09 03:04:00+00:00,R1,W3,synthetic_showcase,43.0,both,T-S00134,W1,W3,2024-03-08 15:04:00+00:00,2024-03-08 14:04:00+00:00,2024-03-08 15:04:00+00:00,delayed,synthetic_showcase,66.0,both,showcase_shipment_scans_cleaned,"showcase_shipment_scans_cleaned,showcase_delay_reports_cleaned,showcase_warehouse_transfers_cleaned",S00134
S00135,2024-03-09 08:32:00+00:00,pickup,on_time,0.0,R6,W5,synthetic_showcase,409,,,,,,,,,,left-only,,,,,,,,,,left-only,showcase_shipment_scans_cleaned,"showcase_shipment_scans_cleaned,showcase_delay_reports_cleaned,showcase_warehouse_transfers_cleaned",S00135
S00135,2024-03-09 21:32:00+00:00,delivery,delivered,0.0,R6,,synthetic_showcase,410,,,,,,,,,,left-only,,,,,,,,,,left-only,showcase_shipment_scans_cleaned,"showcase_shipment_scans_cleaned,showcase_delay_reports_cleaned,showcase_warehouse_transfers_cleaned",S00135
S00136,2024-03-10 08:47:00+00:00,pickup,on_time,0.0,R1,W1,synthetic_showcase,411,,,,,,,,,,left-only,,,,,,,,,,left-only,showcase_shipment_scans_cleaned,"showcase_shipment_scans_cleaned,showcase_delay_reports_cleaned,showcase_warehouse_transfers_cleaned",S00136
S00136,2024-03-10 22:47:00+00:00,delivery,delivered,0.0,R1,,synthetic_showcase,412,,,,,,,,,,left-only,,,,,,,,,,left-only,showcase_shipment_scans_cleaned,"showcase_shipment_scans_cleaned,showcase_delay_reports_cleaned,showcase_warehouse_transfers_cleaned",S00136
S00137,2024-03-11 08:26:00+00:00,pickup,on_time,0.0,R1,W1,synthetic_showcase,413,,,,,,,,,,left-only,,,,,,,,,,left-only,showcase_shipment_scans_cleaned,"showcase_shipment_scans_cleaned,showcase_delay_reports_cleaned,showcase_warehouse_transfers_cleaned",S00137
S00137,2024-03-12 00:26:00+00:00,delivery,delivered,0.0,R1,,synthetic_showcase,414,,,,,,,,,,left-only,,,,,,,,,,left-only,showcase_shipment_scans_cleaned,"showcase_shipment_scans_cleaned,showcase_delay_reports_cleaned,showcase_warehouse_transfers_cleaned",S00137
S00138,2024-03-12 08:30:00+00:00,pickup,delayed,10.1,R3,W3,synthetic_showcase,415,DL-S00138,congestion,50.6,10.1,2024-03-13 02:30:00+00:00,R3,W3,synthetic_showcase,44.0,both,,,,,,,,,,left-only,showcase_shipment_scans_cleaned,"showcase_shipment_scans_cleaned,showcase_delay_reports_cleaned,showcase_warehouse_transfers_cleaned",S00138
S00138,2024-03-13 00:30:00+00:00,delivery,delivered,50.6,R3,,synthetic_showcase,416,DL-S00138,congestion,50.6,10.1,2024-03-13 02:30:00+00:00,R3,W3,synthetic_showcase,44.0,both,,,,,,,,,,left-only,showcase_shipment_scans_cleaned,"showcase_shipment_scans_cleaned,showcase_delay_reports_cleaned,showcase_warehouse_transfers_cleaned",S00138
S00139,2024-03-13 09:05:00+00:00,pickup,delayed,16.9,R2,W2,synthetic_showcase,417,DL-S00139,traffic,26.7,16.9,2024-03-14 07:05:00+00:00,R2,W3,synthetic_showcase,45.0,both,T-S00139,W2,W3,2024-03-13 13:05:00+00:00,2024-03-13 12:05:00+00:00,2024-03-13 13:05:00+00:00,on_time,synthetic_showcase,67.0,both,showcase_shipment_scans_cleaned,"showcase_shipment_scans_cleaned,showcase_delay_reports_cleaned,showcase_warehouse_transfers_cleaned",S00139
S00139,2024-03-13 13:05:00+00:00,hub_arrival,on_time,0.0,R2,W3,synthetic_showcase,418,DL-S00139,traffic,26.7,16.9,2024-03-14 07:05:00+00:00,R2,W3,synthetic_showcase,45.0,both,T-S00139,W2,W3,2024-03-13 13:05:00+00:00,2024-03-13 12:05:00+00:00,2024-03-13 13:05:00+00:00,on_time,synthetic_showcase,67.0,both,showcase_shipment_scans_cleaned,"showcase_shipment_scans_cleaned,showcase_delay_reports_cleaned,showcase_warehouse_transfers_cleaned",S00139
S00139,2024-03-13 16:05:00+00:00,hub_departure,delayed,26.7,R2,W3,synthetic_showcase,419,DL-S00139,traffic,26.7,16.9,2024-03-14 07:05:00+00:00,R2,W3,synthetic_showcase,45.0,both,T-S00139,W2,W3,2024-03-13 13:05:00+00:00,2024-03-13 12:05:00+00:00,2024-03-13 13:05:00+00:00,on_time,synthetic_showcase,67.0,both,showcase_shipment_scans_cleaned,"showcase_shipment_scans_cleaned,showcase_delay_reports_cleaned,showcase_warehouse_transfers_cleaned",S00139
S00139,2024-03-14 05:05:00+00:00,delivery,delivered,0.0,R2,,synthetic_showcase,420,DL-S00139,traffic,26.7,16.9,2024-03-14 07:05:00+00:00,R2,W3,synthetic_showcase,45.0,both,T-S00139,W2,W3,2024-03-13 13:05:00+00:00,2024-03-13 12:05:00+00:00,2024-03-13 13:05:00+00:00,on_time,synthetic_showcase,67.0,both,showcase_shipment_scans_cleaned,"showcase_shipment_scans_cleaned,showcase_delay_reports_cleaned,showcase_warehouse_transfers_cleaned",S00139
S00140,2024-03-14 08:27:00+00:00,pickup,on_time,0.0,R5,W4,synthetic_showcase,421,,,,,,,,,,left-only,,,,,,,,,,left-only,showcase_shipment_scans_cleaned,"showcase_shipment_scans_cleaned,showcase_delay_reports_cleaned,showcase_warehouse_transfers_cleaned",S00140
S00140,2024-03-15 02:27:00+00:00,delivery,delivered,0.0,R5,,synthetic_showcase,422,,,,,,,,,,left-only,,,,,,,,,,left-only,showcase_shipment_scans_cleaned,"showcase_shipment_scans_cleaned,showcase_delay_reports_cleaned,showcase_warehouse_transfers_cleaned",S00140
S00141,2024-03-15 09:39:00+00:00,pickup,on_time,0.0,R1,W1,synthetic_showcase,423,DL-S00141,mechanical,112.6,0.0,2024-03-16 07:39:00+00:00,R1,W4,synthetic_showcase,46.0,both,,,,,,,,,,left-only,showcase_shipment_scans_cleaned,"showcase_shipment_scans_cleaned,showcase_delay_reports_cleaned,showcase_warehouse_transfers_cleaned",S00141
S00141,2024-03-15 16:39:00+00:00,hub_arrival,delayed,12.3,R1,W4,synthetic_showcase,424,DL-S00141,mechanical,112.6,0.0,2024-03-16 07:39:00+00:00,R1,W4,synthetic_showcase,46.0,both,,,,,,,,,,left-only,showcase_shipment_scans_cleaned,"showcase_shipment_scans_cleaned,showcase_delay_reports_cleaned,showcase_warehouse_transfers_cleaned",S00141
S00141,2024-03-15 18:39:00+00:00,hub_departure,delayed,112.6,R1,W4,synthetic_showcase,425,DL-S00141,mechanical,112.6,0.0,2024-03-16 07:39:00+00:00,R1,W4,synthetic_showcase,46.0,both,,,,,,,,,,left-only,showcase_shipment_scans_cleaned,"showcase_shipment_scans_cleaned,showcase_delay_reports_cleaned,showcase_warehouse_transfers_cleaned",S00141
S00141,2024-03-16 05:39:00+00:00,delivery,delivered,0.0,R1,,synthetic_showcase,426,DL-S00141,mechanical,112.6,0.0,2024-03-16 07:39:00+00:00,R1,W4,synthetic_showcase,46.0,both,,,,,,,,,,left-only,showcase_shipment_scans_cleaned,"showcase_shipment_scans_cleaned,showcase_delay_reports_cleaned,showcase_warehouse_transfers_cleaned",S00141
S00142,2024-03-16 09:38:00+00:00,pickup,on_time,0.0,R5,W4,synthetic_showcase,427,DL-S00142,traffic,24.6,0.0,2024-03-17 21:38:00+00:00,R5,W4,synthetic_showcase,47.0,both,,,,,,,,,,left-only,showcase_shipment_scans_cleaned,"showcase_shipment_scans_cleaned,showcase_delay_reports_cleaned,showcase_warehouse_transfers_cleaned",S00142
S00142,2024-03-17 03:38:00+00:00,delivery_attempt,delayed,24.6,R5,,synthetic_showcase,428,DL-S00142,traffic,24.6,0.0,2024-03-17 21:38:00+00:00,R5,W4,synthetic_showcase,47.0,both,,,,,,,,,,left-only,showcase_shipment_scans_cleaned,"showcase_shipment_scans_cleaned,showcase_delay_reports_cleaned,showcase_warehouse_transfers_cleaned",S00142
S00142,2024-03-17 19:38:00+00:00,delivery,delivered,0.0,R5,,synthetic_showcase,429,DL-S00142,traffic,24.6,0.0,2024-03-17 21:38:00+00:00,R5,W4,synthetic_showcase,47.0,both,,,,,,,,,,left-only,showcase_shipment_scans_cleaned,"showcase_shipment_scans_cleaned,showcase_delay_reports_cleaned,showcase_warehouse_transfers_cleaned",S00142
S00143,2024-03-17 09:37:00+00:00,pickup,on_time,0.0,R1,W1,synthetic_showcase,430,,,,,,,,,,left-only,,,,,,,,,,left-only,showcase_shipment_scans_cleaned,"showcase_shipment_scans_cleaned,showcase_delay_reports_cleaned,showcase_warehouse_transfers_cleaned",S00143
S00143,2024-03-18 03:37:00+00:00,delivery,delivered,0.0,R1,,synthetic_showcase,431,,,,,,,,,,left-only,,,,,,,,,,left-only,showcase_shipment_scans_cleaned,"showcase_shipment_scans_cleaned,showcase_delay_reports_cleaned,showcase_warehouse_transfers_cleaned",S00143
S00144,2024-03-18 08:28:00+00:00,pickup,on_time,0.0,R3,W3,synthetic_showcase,432,,,,,,,,,,left-only,,,,,,,,,,left-only,showcase_shipment_scans_cleaned,"showcase_shipment_scans_cleaned,showcase_delay_reports_cleaned,showcase_warehouse_transfers_cleaned",S00144
S00144,2024-03-18 15:28:00+00:00,delivery,delivered,0.0,R3,,synthetic_showcase,433,,,,,,,,,,left-only,,,,,,,,,,left-only,showcase_shipment_scans_cleaned,"showcase_shipment_scans_cleaned,showcase_delay_reports_cleaned,showcase_warehouse_transfers_cleaned",S00144
S00145,2024-03-19 09:14:00+00:00,pickup,on_time,0.0,R2,W2,synthetic_showcase,434,,,,,,,,,,left-only,T-S00145,W2,W1,2024-03-19 16:14:00+00:00,2024-03-19 15:14:00+00:00,2024-03-19 16:14:00+00:00,on_time,synthetic_showcase,68.0,both,showcase_shipment_scans_cleaned,"showcase_shipment_scans_cleaned,showcase_delay_reports_cleaned,showcase_warehouse_transfers_cleaned",S00145
S00145,2024-03-19 16:14:00+00:00,hub_arrival,on_time,0.0,R2,W1,synthetic_showcase,435,,,,,,,,,,left-only,T-S00145,W2,W1,2024-03-19 16:14:00+00:00,2024-03-19 15:14:00+00:00,2024-03-19 16:14:00+00:00,on_time,synthetic_showcase,68.0,both,showcase_shipment_scans_cleaned,"showcase_shipment_scans_cleaned,showcase_delay_reports_cleaned,showcase_warehouse_transfers_cleaned",S00145
S00145,2024-03-19 19:14:00+00:00,hub_departure,on_time,0.0,R2,W1,synthetic_showcase,436,,,,,,,,,,left-only,T-S00145,W2,W1,2024-03-19 16:14:00+00:00,2024-03-19 15:14:00+00:00,2024-03-19 16:14:00+00:00,on_time,synthetic_showcase,68.0,both,showcase_shipment_scans_cleaned,"showcase_shipment_scans_cleaned,showcase_delay_reports_cleaned,showcase_warehouse_transfers_cleaned",S00145
S00145,2024-03-20 11:14:00+00:00,delivery,delivered,0.0,R2,,synthetic_showcase,437,,,,,,,,,,left-only,T-S00145,W2,W1,2024-03-19 16:14:00+00:00,2024-03-19 15:14:00+00:00,2024-03-19 16:14:00+00:00,on_time,synthetic_showcase,68.0,both,showcase_shipment_scans_cleaned,"showcase_shipment_scans_cleaned,showcase_delay_reports_cleaned,showcase_warehouse_transfers_cleaned",S00145
S00146,2024-03-20 08:00:00+00:00,pickup,on_time,0.0,R3,W3,synthetic_showcase,438,DL-S00146,congestion,41.9,0.0,2024-03-21 12:00:00+00:00,R3,W2,synthetic_showcase,48.0,both,T-S00146,W3,W2,2024-03-20 16:00:00+00:00,2024-03-20 15:00:00+00:00,2024-03-20 16:00:00+00:00,delayed,synthetic_showcase,69.0,both,showcase_shipment_scans_cleaned,"showcase_shipment_scans_cleaned,showcase_delay_reports_cleaned,showcase_warehouse_transfers_cleaned",S00146
S00146,2024-03-20 16:00:00+00:00,hub_arrival,delayed,41.9,R3,W2,synthetic_showcase,439,DL-S00146,congestion,41.9,0.0,2024-03-21 12:00:00+00:00,R3,W2,synthetic_showcase,48.0,both,T-S00146,W3,W2,2024-03-20 16:00:00+00:00,2024-03-20 15:00:00+00:00,2024-03-20 16:00:00+00:00,delayed,synthetic_showcase,69.0,both,showcase_shipment_scans_cleaned,"showcase_shipment_scans_cleaned,showcase_delay_reports_cleaned,showcase_warehouse_transfers_cleaned",S00146
S00146,2024-03-20 17:00:00+00:00,hub_departure,on_time,0.0,R3,W2,synthetic_showcase,440,DL-S00146,congestion,41.9,0.0,2024-03-21 12:00:00+00:00,R3,W2,synthetic_showcase,48.0,both,T-S00146,W3,W2,2024-03-20 16:00:00+00:00,2024-03-20 15:00:00+00:00,2024-03-20 16:00:00+00:00,delayed,synthetic_showcase,69.0,both,showcase_shipment_scans_cleaned,"showcase_shipment_scans_cleaned,showcase_delay_reports_cleaned,showcase_warehouse_transfers_cleaned",S00146
S00146,2024-03-21 10:00:00+00:00,delivery,delivered,0.0,R3,,synthetic_showcase,441,DL-S00146,congestion,41.9,0.0,2024-03-21 12:00:00+00:00,R3,W2,synthetic_showcase,48.0,both,T-S00146,W3,W2,2024-03-20 16:00:00+00:00,2024-03-20 15:00:00+00:00,2024-03-20 16:00:00+00:00,delayed,synthetic_showcase,69.0,both,showcase_shipment_scans_cleaned,"showcase_shipment_scans_cleaned,showcase_delay_reports_cleaned,showcase_warehouse_transfers_cleaned",S00146
S00147,2024-03-21 09:32:00+00:00,pickup,on_time,0.0,R2,W2,synthetic_showcase,442,,,,,,,,,,left-only,,,,,,,,,,left-only,showcase_shipment_scans_cleaned,"showcase_shipment_scans_cleaned,showcase_delay_reports_cleaned,showcase_warehouse_transfers_cleaned",S00147
S00147,2024-03-21 16:32:00+00:00,delivery,delivered,0.0,R2,,synthetic_showcase,443,,,,,,,,,,left-only,,,,,,,,,,left-only,showcase_shipment_scans_cleaned,"showcase_shipment_scans_cleaned,showcase_delay_reports_cleaned,showcase_warehouse_transfers_cleaned",S00147
S00148,2024-03-01 09:03:00+00:00,pickup,on_time,0.0,R4,W1,synthetic_showcase,444,,,,,,,,,,left-only,T-S00148,W1,W5,2024-03-01 15:03:00+00:00,2024-03-01 14:03:00+00:00,2024-03-01 15:03:00+00:00,on_time,synthetic_showcase,70.0,both,showcase_shipment_scans_cleaned,"showcase_shipment_scans_cleaned,showcase_delay_reports_cleaned,showcase_warehouse_transfers_cleaned",S00148
S00148,2024-03-01 15:03:00+00:00,hub_arrival,on_time,0.0,R4,W5,synthetic_showcase,445,,,,,,,,,,left-only,T-S00148,W1,W5,2024-03-01 15:03:00+00:00,2024-03-01 14:03:00+00:00,2024-03-01 15:03:00+00:00,on_time,synthetic_showcase,70.0,both,showcase_shipment_scans_cleaned,"showcase_shipment_scans_cleaned,showcase_delay_reports_cleaned,showcase_warehouse_transfers_cleaned",S00148
S00148,2024-03-01 18:03:00+00:00,hub_departure,on_time,0.0,R4,W5,synthetic_showcase,446,,,,,,,,,,left-only,T-S00148,W1,W5,2024-03-01 15:03:00+00:00,2024-03-01 14:03:00+00:00,2024-03-01 15:03:00+00:00,on_time,synthetic_showcase,70.0,both,showcase_shipment_scans_cleaned,"showcase_shipment_scans_cleaned,showcase_delay_reports_cleaned,showcase_warehouse_transfers_cleaned",S00148
S00148,2024-03-02 06:03:00+00:00,delivery,delivered,0.0,R4,,synthetic_showcase,447,,,,,,,,,,left-only,T-S00148,W1,W5,2024-03-01 15:03:00+00:00,2024-03-01 14:03:00+00:00,2024-03-01 15:03:00+00:00,on_time,synthetic_showcase,70.0,both,showcase_shipment_scans_cleaned,"showcase_shipment_scans_cleaned,showcase_delay_reports_cleaned,showcase_warehouse_transfers_cleaned",S00148
S00149,2024-03-02 08:37:00+00:00,pickup,delayed,18.1,R3,W3,synthetic_showcase,448,DL-S00149,congestion,41.2,18.1,2024-03-03 13:37:00+00:00,R3,W5,synthetic_showcase,49.0,both,T-S00149,W3,W5,2024-03-02 17:37:00+00:00,2024-03-02 16:37:00+00:00,2024-03-02 17:37:00+00:00,delayed,synthetic_showcase,71.0,both,showcase_shipment_scans_cleaned,"showcase_shipment_scans_cleaned,showcase_delay_reports_cleaned,showcase_warehouse_transfers_cleaned",S00149
S00149,2024-03-02 17:37:00+00:00,hub_arrival,delayed,41.2,R3,W5,synthetic_showcase,449,DL-S00149,congestion,41.2,18.1,2024-03-03 13:37:00+00:00,R3,W5,synthetic_showcase,49.0,both,T-S00149,W3,W5,2024-03-02 17:37:00+00:00,2024-03-02 16:37:00+00:00,2024-03-02 17:37:00+00:00,delayed,synthetic_showcase,71.0,both,showcase_shipment_scans_cleaned,"showcase_shipment_scans_cleaned,showcase_delay_reports_cleaned,showcase_warehouse_transfers_cleaned",S00149
S00149,2024-03-02 19:37:00+00:00,hub_departure,on_time,0.0,R3,W5,synthetic_showcase,450,DL-S00149,congestion,41.2,18.1,2024-03-03 13:37:00+00:00,R3,W5,synthetic_showcase,49.0,both,T-S00149,W3,W5,2024-03-02 17:37:00+00:00,2024-03-02 16:37:00+00:00,2024-03-02 17:37:00+00:00,delayed,synthetic_showcase,71.0,both,showcase_shipment_scans_cleaned,"showcase_shipment_scans_cleaned,showcase_delay_reports_cleaned,showcase_warehouse_transfers_cleaned",S00149
S00149,2024-03-03 11:37:00+00:00,delivery,delivered,0.0,R3,,synthetic_showcase,451,DL-S00149,congestion,41.2,18.1,2024-03-03 13:37:00+00:00,R3,W5,synthetic_showcase,49.0,both,T-S00149,W3,W5,2024-03-02 17:37:00+00:00,2024-03-02 16:37:00+00:00,2024-03-02 17:37:00+00:00,delayed,synthetic_showcase,71.0,both,showcase_shipment_scans_cleaned,"showcase_shipment_scans_cleaned,showcase_delay_reports_cleaned,showcase_warehouse_transfers_cleaned",S00149
S00150,2024-03-03 08:37:00+00:00,pickup,on_time,0.0,R6,W5,synthetic_showcase,452,,,,,,,,,,left-only,T-S00150,W5,W1,2024-03-03 15:37:00+00:00,2024-03-03 14:37:00+00:00,2024-03-03 15:37:00+00:00,on_time,synthetic_showcase,72.0,both,showcase_shipment_scans_cleaned,"showcase_shipment_scans_cleaned,showcase_delay_reports_cleaned,showcase_warehouse_transfers_cleaned",S00150
S00150,2024-03-03 15:37:00+00:00,hub_arrival,on_time,0.0,R6,W1,synthetic_showcase,453,,,,,,,,,,left-only,T-S00150,W5,W1,2024-03-03 15:37:00+00:00,2024-03-03 14:37:00+00:00,2024-03-03 15:37:00+00:00,on_time,synthetic_showcase,72.0,both,showcase_shipment_scans_cleaned,"showcase_shipment_scans_cleaned,showcase_delay_reports_cleaned,showcase_warehouse_transfers_cleaned",S00150
S00150,2024-03-03 19:37:00+00:00,hub_departure,on_time,0.0,R6,W1,synthetic_showcase,454,,,,,,,,,,left-only,T-S00150,W5,W1,2024-03-03 15:37:00+00:00,2024-03-03 14:37:00+00:00,2024-03-03 15:37:00+00:00,on_time,synthetic_showcase,72.0,both,showcase_shipment_scans_cleaned,"showcase_shipment_scans_cleaned,showcase_delay_reports_cleaned,showcase_warehouse_transfers_cleaned",S00150
S00150,2024-03-04 03:37:00+00:00,delivery,delivered,0.0,R6,,synthetic_showcase,455,,,,,,,,,,left-only,T-S00150,W5,W1,2024-03-03 15:37:00+00:00,2024-03-03 14:37:00+00:00,2024-03-03 15:37:00+00:00,on_time,synthetic_showcase,72.0,both,showcase_shipment_scans_cleaned,"showcase_shipment_scans_cleaned,showcase_delay_reports_cleaned,showcase_warehouse_transfers_cleaned",S00150
S00151,2024-03-04 08:31:00+00:00,pickup,on_time,0.0,R6,W5,synthetic_showcase,456,DL-S00151,traffic,117.1,0.0,2024-03-05 14:31:00+00:00,R6,W2,synthetic_showcase,50.0,both,T-S00151,W5,W2,2024-03-04 15:31:00+00:00,2024-03-04 14:31:00+00:00,2024-03-04 15:31:00+00:00,on_time,synthetic_showcase,73.0,both,showcase_shipment_scans_cleaned,"showcase_shipment_scans_cleaned,showcase_delay_reports_cleaned,showcase_warehouse_transfers_cleaned",S00151
S00151,2024-03-04 15:31:00+00:00,hub_arrival,on_time,0.0,R6,W2,synthetic_showcase,457,DL-S00151,traffic,117.1,0.0,2024-03-05 14:31:00+00:00,R6,W2,synthetic_showcase,50.0,both,T-S00151,W5,W2,2024-03-04 15:31:00+00:00,2024-03-04 14:31:00+00:00,2024-03-04 15:31:00+00:00,on_time,synthetic_showcase,73.0,both,showcase_shipment_scans_cleaned,"showcase_shipment_scans_cleaned,showcase_delay_reports_cleaned,showcase_warehouse_transfers_cleaned",S00151
S00151,2024-03-04 19:31:00+00:00,hub_departure,delayed,48.2,R6,W2,synthetic_showcase,458,DL-S00151,traffic,117.1,0.0,2024-03-05 14:31:00+00:00,R6,W2,synthetic_showcase,50.0,both,T-S00151,W5,W2,2024-03-04 15:31:00+00:00,2024-03-04 14:31:00+00:00,2024-03-04 15:31:00+00:00,on_time,synthetic_showcase,73.0,both,showcase_shipment_scans_cleaned,"showcase_shipment_scans_cleaned,showcase_delay_reports_cleaned,showcase_warehouse_transfers_cleaned",S00151
S00151,2024-03-05 12:31:00+00:00,delivery,delivered,117.1,R6,,synthetic_showcase,459,DL-S00151,traffic,117.1,0.0,2024-03-05 14:31:00+00:00,R6,W2,synthetic_showcase,50.0,both,T-S00151,W5,W2,2024-03-04 15:31:00+00:00,2024-03-04 14:31:00+00:00,2024-03-04 15:31:00+00:00,on_time,synthetic_showcase,73.0,both,showcase_shipment_scans_cleaned,"showcase_shipment_scans_cleaned,showcase_delay_reports_cleaned,showcase_warehouse_transfers_cleaned",S00151
S00152,2024-03-05 09:42:00+00:00,pickup,delayed,60.6,R2,W2,synthetic_showcase,460,DL-S00152,mechanical,71.3,60.6,2024-03-06 11:42:00+00:00,R2,W4,synthetic_showcase,51.0,both,T-S00152,W2,W4,2024-03-05 14:42:00+00:00,2024-03-05 13:42:00+00:00,2024-03-05 14:42:00+00:00,on_time,synthetic_showcase,74.0,both,showcase_shipment_scans_cleaned,"showcase_shipment_scans_cleaned,showcase_delay_reports_cleaned,showcase_warehouse_transfers_cleaned",S00152
S00152,2024-03-05 14:42:00+00:00,hub_arrival,on_time,0.0,R2,W4,synthetic_showcase,461,DL-S00152,mechanical,71.3,60.6,2024-03-06 11:42:00+00:00,R2,W4,synthetic_showcase,51.0,both,T-S00152,W2,W4,2024-03-05 14:42:00+00:00,2024-03-05 13:42:00+00:00,2024-03-05 14:42:00+00:00,on_time,synthetic_showcase,74.0,both,showcase_shipment_scans_cleaned,"showcase_shipment_scans_cleaned,showcase_delay_reports_cleaned,showcase_warehouse_transfers_cleaned",S00152
S00152,2024-03-05 16:42:00+00:00,hub_departure,delayed,71.3,R2,W4,synthetic_showcase,462,DL-S00152,mechanical,71.3,60.6,2024-03-06 11:42:00+00:00,R2,W4,synthetic_showcase,51.0,both,T-S00152,W2,W4,2024-03-05 14:42:00+00:00,2024-03-05 13:42:00+00:00,2024-03-05 14:42:00+00:00,on_time,synthetic_showcase,74.0,both,showcase_shipment_scans_cleaned,"showcase_shipment_scans_cleaned,showcase_delay_reports_cleaned,showcase_warehouse_transfers_cleaned",S00152
S00152,2024-03-06 09:42:00+00:00,delivery,delivered,11.6,R2,,synthetic_showcase,463,DL-S00152,mechanical,71.3,60.6,2024-03-06 11:42:00+00:00,R2,W4,synthetic_showcase,51.0,both,T-S00152,W2,W4,2024-03-05 14:42:00+00:00,2024-03-05 13:42:00+00:00,2024-03-05 14:42:00+00:00,on_time,synthetic_showcase,74.0,both,showcase_shipment_scans_cleaned,"showcase_shipment_scans_cleaned,showcase_delay_reports_cleaned,showcase_warehouse_transfers_cleaned",S00152
S00153,2024-03-06 09:53:00+00:00,pickup,on_time,0.0,R3,W3,synthetic_showcase,464,,,,,,,,,,left-only,,,,,,,,,,left-only,showcase_shipment_scans_cleaned,"showcase_shipment_scans_cleaned,showcase_delay_reports_cleaned,showcase_warehouse_transfers_cleaned",S00153
S00153,2024-03-07 02:53:00+00:00,delivery,delivered,0.0,R3,,synthetic_showcase,465,,,,,,,,,,left-only,,,,,,,,,,left-only,showcase_shipment_scans_cleaned,"showcase_shipment_scans_cleaned,showcase_delay_reports_cleaned,showcase_warehouse_transfers_cleaned",S00153
S00154,2024-03-07 08:06:00+00:00,pickup,on_time,0.0,R2,W2,synthetic_showcase,466,,,,,,,,,,left-only,,,,,,,,,,left-only,showcase_shipment_scans_cleaned,"showcase_shipment_scans_cleaned,showcase_delay_reports_cleaned,showcase_warehouse_transfers_cleaned",S00154
S00154,2024-03-07 19:06:00+00:00,delivery,delivered,0.0,R2,,synthetic_showcase,467,,,,,,,,,,left-only,,,,,,,,,,left-only,showcase_shipment_scans_cleaned,"showcase_shipment_scans_cleaned,showcase_delay_reports_cleaned,showcase_warehouse_transfers_cleaned",S00154
S00155,2024-03-08 08:02:00+00:00,pickup,on_time,0.0,R3,W3,synthetic_showcase,468,,,,,,,,,,left-only,T-S00155,W3,W5,2024-03-08 14:02:00+00:00,2024-03-08 13:02:00+00:00,2024-03-08 14:02:00+00:00,on_time,synthetic_showcase,75.0,both,showcase_shipment_scans_cleaned,"showcase_shipment_scans_cleaned,showcase_delay_reports_cleaned,showcase_warehouse_transfers_cleaned",S00155
S00155,2024-03-08 14:02:00+00:00,hub_arrival,on_time,0.0,R3,W5,synthetic_showcase,469,,,,,,,,,,left-only,T-S00155,W3,W5,2024-03-08 14:02:00+00:00,2024-03-08 13:02:00+00:00,2024-03-08 14:02:00+00:00,on_time,synthetic_showcase,75.0,both,showcase_shipment_scans_cleaned,"showcase_shipment_scans_cleaned,showcase_delay_reports_cleaned,showcase_warehouse_transfers_cleaned",S00155
S00155,2024-03-08 18:02:00+00:00,hub_departure,on_time,0.0,R3,W5,synthetic_showcase,470,,,,,,,,,,left-only,T-S00155,W3,W5,2024-03-08 14:02:00+00:00,2024-03-08 13:02:00+00:00,2024-03-08 14:02:00+00:00,on_time,synthetic_showcase,75.0,both,showcase_shipment_scans_cleaned,"showcase_shipment_scans_cleaned,showcase_delay_reports_cleaned,showcase_warehouse_transfers_cleaned",S00155
S00155,2024-03-09 12:02:00+00:00,delivery,delivered,0.0,R3,,synthetic_showcase,471,,,,,,,,,,left-only,T-S00155,W3,W5,2024-03-08 14:02:00+00:00,2024-03-08 13:02:00+00:00,2024-03-08 14:02:00+00:00,on_time,synthetic_showcase,75.0,both,showcase_shipment_scans_cleaned,"showcase_shipment_scans_cleaned,showcase_delay_reports_cleaned,showcase_warehouse_transfers_cleaned",S00155
S00156,2024-03-09 09:49:00+00:00,pickup,on_time,0.0,R2,W2,synthetic_showcase,472,,,,,,,,,,left-only,T-S00156,W2,W5,2024-03-09 17:49:00+00:00,2024-03-09 16:49:00+00:00,2024-03-09 17:49:00+00:00,on_time,synthetic_showcase,76.0,both,showcase_shipment_scans_cleaned,"showcase_shipment_scans_cleaned,showcase_delay_reports_cleaned,showcase_warehouse_transfers_cleaned",S00156
S00156,2024-03-09 17:49:00+00:00,hub_arrival,on_time,0.0,R2,W5,synthetic_showcase,473,,,,,,,,,,left-only,T-S00156,W2,W5,2024-03-09 17:49:00+00:00,2024-03-09 16:49:00+00:00,2024-03-09 17:49:00+00:00,on_time,synthetic_showcase,76.0,both,showcase_shipment_scans_cleaned,"showcase_shipment_scans_cleaned,showcase_delay_reports_cleaned,showcase_warehouse_transfers_cleaned",S00156
S00156,2024-03-09 20:49:00+00:00,hub_departure,on_time,0.0,R2,W5,synthetic_showcase,474,,,,,,,,,,left-only,T-S00156,W2,W5,2024-03-09 17:49:00+00:00,2024-03-09 16:49:00+00:00,2024-03-09 17:49:00+00:00,on_time,synthetic_showcase,76.0,both,showcase_shipment_scans_cleaned,"showcase_shipment_scans_cleaned,showcase_delay_reports_cleaned,showcase_warehouse_transfers_cleaned",S00156
S00156,2024-03-10 07:49:00+00:00,delivery,delivered,0.0,R2,,synthetic_showcase,475,,,,,,,,,,left-only,T-S00156,W2,W5,2024-03-09 17:49:00+00:00,2024-03-09 16:49:00+00:00,2024-03-09 17:49:00+00:00,on_time,synthetic_showcase,76.0,both,showcase_shipment_scans_cleaned,"showcase_shipment_scans_cleaned,showcase_delay_reports_cleaned,showcase_warehouse_transfers_cleaned",S00156
S00157,2024-03-10 09:44:00+00:00,pickup,delayed,13.7,R6,W5,synthetic_showcase,476,DL-S00157,traffic,13.7,13.7,2024-03-10 19:44:00+00:00,R6,W5,synthetic_showcase,52.0,both,,,,,,,,,,left-only,showcase_shipment_scans_cleaned,"showcase_shipment_scans_cleaned,showcase_delay_reports_cleaned,showcase_warehouse_transfers_cleaned",S00157
S00157,2024-03-10 17:44:00+00:00,delivery,delivered,0.0,R6,,synthetic_showcase,477,DL-S00157,traffic,13.7,13.7,2024-03-10 19:44:00+00:00,R6,W5,synthetic_showcase,52.0,both,,,,,,,,,,left-only,showcase_shipment_scans_cleaned,"showcase_shipment_scans_cleaned,showcase_delay_reports_cleaned,showcase_warehouse_transfers_cleaned",S00157
S00158,2024-03-11 09:15:00+00:00,pickup,on_time,0.0,R2,W2,synthetic_showcase,478,,,,,,,,,,left-only,T-S00158,W2,W1,2024-03-11 17:15:00+00:00,2024-03-11 16:15:00+00:00,2024-03-11 17:15:00+00:00,on_time,synthetic_showcase,77.0,both,showcase_shipment_scans_cleaned,"showcase_shipment_scans_cleaned,showcase_delay_reports_cleaned,showcase_warehouse_transfers_cleaned",S00158
S00158,2024-03-11 17:15:00+00:00,hub_arrival,on_time,0.0,R2,W1,synthetic_showcase,479,,,,,,,,,,left-only,T-S00158,W2,W1,2024-03-11 17:15:00+00:00,2024-03-11 16:15:00+00:00,2024-03-11 17:15:00+00:00,on_time,synthetic_showcase,77.0,both,showcase_shipment_scans_cleaned,"showcase_shipment_scans_cleaned,showcase_delay_reports_cleaned,showcase_warehouse_transfers_cleaned",S00158
S00158,2024-03-11 18:15:00+00:00,hub_departure,on_time,0.0,R2,W1,synthetic_showcase,480,,,,,,,,,,left-only,T-S00158,W2,W1,2024-03-11 17:15:00+00:00,2024-03-11 16:15:00+00:00,2024-03-11 17:15:00+00:00,on_time,synthetic_showcase,77.0,both,showcase_shipment_scans_cleaned,"showcase_shipment_scans_cleaned,showcase_delay_reports_cleaned,showcase_warehouse_transfers_cleaned",S00158
S00158,2024-03-12 11:15:00+00:00,delivery,delivered,0.0,R2,,synthetic_showcase,481,,,,,,,,,,left-only,T-S00158,W2,W1,2024-03-11 17:15:00+00:00,2024-03-11 16:15:00+00:00,2024-03-11 17:15:00+00:00,on_time,synthetic_showcase,77.0,both,showcase_shipment_scans_cleaned,"showcase_shipment_scans_cleaned,showcase_delay_reports_cleaned,showcase_warehouse_transfers_cleaned",S00158
S00159,2024-03-12 08:50:00+00:00,pickup,on_time,0.0,R3,W3,synthetic_showcase,482,,,,,,,,,,left-only,,,,,,,,,,left-only,showcase_shipment_scans_cleaned,"showcase_shipment_scans_cleaned,showcase_delay_reports_cleaned,showcase_warehouse_transfers_cleaned",S00159
S00159,2024-03-12 18:50:00+00:00,delivery,delivered,0.0,R3,,synthetic_showcase,483,,,,,,,,,,left-only,,,,,,,,,,left-only,showcase_shipment_scans_cleaned,"showcase_shipment_scans_cleaned,showcase_delay_reports_cleaned,showcase_warehouse_transfers_cleaned",S00159
S00160,2024-03-13 09:18:00+00:00,pickup,on_time,0.0,R4,W1,synthetic_showcase,484,,,,,,,,,,left-only,,,,,,,,,,left-only,showcase_shipment_scans_cleaned,"showcase_shipment_scans_cleaned,showcase_delay_reports_cleaned,showcase_warehouse_transfers_cleaned",S00160
S00160,2024-03-14 00:18:00+00:00,delivery,delivered,0.0,R4,,synthetic_showcase,485,,,,,,,,,,left-only,,,,,,,,,,left-only,showcase_shipment_scans_cleaned,"showcase_shipment_scans_cleaned,showcase_delay_reports_cleaned,showcase_warehouse_transfers_cleaned",S00160
S00161,2024-03-14 08:11:00+00:00,pickup,on_time,0.0,R2,W2,synthetic_showcase,486,,,,,,,,,,left-only,T-S00161,W2,W3,2024-03-14 18:11:00+00:00,2024-03-14 17:11:00+00:00,2024-03-14 18:11:00+00:00,on_time,synthetic_showcase,78.0,both,showcase_shipment_scans_cleaned,"showcase_shipment_scans_cleaned,showcase_delay_reports_cleaned,showcase_warehouse_transfers_cleaned",S00161
S00161,2024-03-14 18:11:00+00:00,hub_arrival,on_time,0.0,R2,W3,synthetic_showcase,487,,,,,,,,,,left-only,T-S00161,W2,W3,2024-03-14 18:11:00+00:00,2024-03-14 17:11:00+00:00,2024-03-14 18:11:00+00:00,on_time,synthetic_showcase,78.0,both,showcase_shipment_scans_cleaned,"showcase_shipment_scans_cleaned,showcase_delay_reports_cleaned,showcase_warehouse_transfers_cleaned",S00161
S00161,2024-03-14 20:11:00+00:00,hub_departure,on_time,0.0,R2,W3,synthetic_showcase,488,,,,,,,,,,left-only,T-S00161,W2,W3,2024-03-14 18:11:00+00:00,2024-03-14 17:11:00+00:00,2024-03-14 18:11:00+00:00,on_time,synthetic_showcase,78.0,both,showcase_shipment_scans_cleaned,"showcase_shipment_scans_cleaned,showcase_delay_reports_cleaned,showcase_warehouse_transfers_cleaned",S00161
S00161,2024-03-15 08:11:00+00:00,delivery,delivered,0.0,R2,,synthetic_showcase,489,,,,,,,,,,left-only,T-S00161,W2,W3,2024-03-14 18:11:00+00:00,2024-03-14 17:11:00+00:00,2024-03-14 18:11:00+00:00,on_time,synthetic_showcase,78.0,both,showcase_shipment_scans_cleaned,"showcase_shipment_scans_cleaned,showcase_delay_reports_cleaned,showcase_warehouse_transfers_cleaned",S00161
S00162,2024-03-15 08:36:00+00:00,pickup,on_time,0.0,R3,W3,synthetic_showcase,490,,,,,,,,,,left-only,,,,,,,,,,left-only,showcase_shipment_scans_cleaned,"showcase_shipment_scans_cleaned,showcase_delay_reports_cleaned,showcase_warehouse_transfers_cleaned",S00162
S00162,2024-03-15 19:36:00+00:00,delivery,delivered,0.0,R3,,synthetic_showcase,491,,,,,,,,,,left-only,,,,,,,,,,left-only,showcase_shipment_scans_cleaned,"showcase_shipment_scans_cleaned,showcase_delay_reports_cleaned,showcase_warehouse_transfers_cleaned",S00162
S00163,2024-03-16 09:59:00+00:00,pickup,on_time,0.0,R3,W3,synthetic_showcase,492,,,,,,,,,,left-only,,,,,,,,,,left-only,showcase_shipment_scans_cleaned,"showcase_shipment_scans_cleaned,showcase_delay_reports_cleaned,showcase_warehouse_transfers_cleaned",S00163
S00163,2024-03-16 21:59:00+00:00,delivery,delivered,0.0,R3,,synthetic_showcase,493,,,,,,,,,,left-only,,,,,,,,,,left-only,showcase_shipment_scans_cleaned,"showcase_shipment_scans_cleaned,showcase_delay_reports_cleaned,showcase_warehouse_transfers_cleaned",S00163
S00164,2024-03-17 08:27:00+00:00,pickup,delayed,23.5,R2,W2,synthetic_showcase,494,DL-S00164,weather,23.5,23.5,2024-03-18 06:27:00+00:00,R2,W1,synthetic_showcase,53.0,both,T-S00164,W2,W1,2024-03-17 12:27:00+00:00,2024-03-17 11:27:00+00:00,2024-03-17 12:27:00+00:00,on_time,synthetic_showcase,79.0,both,showcase_shipment_scans_cleaned,"showcase_shipment_scans_cleaned,showcase_delay_reports_cleaned,showcase_warehouse_transfers_cleaned",S00164
S00164,2024-03-17 12:27:00+00:00,hub_arrival,on_time,0.0,R2,W1,synthetic_showcase,495,DL-S00164,weather,23.5,23.5,2024-03-18 06:27:00+00:00,R2,W1,synthetic_showcase,53.0,both,T-S00164,W2,W1,2024-03-17 12:27:00+00:00,2024-03-17 11:27:00+00:00,2024-03-17 12:27:00+00:00,on_time,synthetic_showcase,79.0,both,showcase_shipment_scans_cleaned,"showcase_shipment_scans_cleaned,showcase_delay_reports_cleaned,showcase_warehouse_transfers_cleaned",S00164
S00164,2024-03-17 16:27:00+00:00,hub_departure,delayed,13.8,R2,W1,synthetic_showcase,496,DL-S00164,weather,23.5,23.5,2024-03-18 06:27:00+00:00,R2,W1,synthetic_showcase,53.0,both,T-S00164,W2,W1,2024-03-17 12:27:00+00:00,2024-03-17 11:27:00+00:00,2024-03-17 12:27:00+00:00,on_time,synthetic_showcase,79.0,both,showcase_shipment_scans_cleaned,"showcase_shipment_scans_cleaned,showcase_delay_reports_cleaned,showcase_warehouse_transfers_cleaned",S00164
S00164,2024-03-18 04:27:00+00:00,delivery,delivered,19.3,R2,,synthetic_showcase,497,DL-S00164,weather,23.5,23.5,2024-03-18 06:27:00+00:00,R2,W1,synthetic_showcase,53.0,both,T-S00164,W2,W1,2024-03-17 12:27:00+00:00,2024-03-17 11:27:00+00:00,2024-03-17 12:27:00+00:00,on_time,synthetic_showcase,79.0,both,showcase_shipment_scans_cleaned,"showcase_shipment_scans_cleaned,showcase_delay_reports_cleaned,showcase_warehouse_transfers_cleaned",S00164
S00165,2024-03-18 08:00:00+00:00,pickup,on_time,0.0,R5,W4,synthetic_showcase,498,,,,,,,,,,left-only,,,,,,,,,,left-only,showcase_shipment_scans_cleaned,"showcase_shipment_scans_cleaned,showcase_delay_reports_cleaned,showcase_warehouse_transfers_cleaned",S00165
S00165,2024-03-19 01:00:00+00:00,delivery,delivered,0.0,R5,,synthetic_showcase,499,,,,,,,,,,left-only,,,,,,,,,,left-only,showcase_shipment_scans_cleaned,"showcase_shipment_scans_cleaned,showcase_delay_reports_cleaned,showcase_warehouse_transfers_cleaned",S00165
S00166,2024-03-19 09:23:00+00:00,pickup,on_time,0.0,R1,W1,synthetic_showcase,500,,,,,,,,,,left-only,T-S00166,W1,W4,2024-03-19 17:23:00+00:00,2024-03-19 16:23:00+00:00,2024-03-19 17:23:00+00:00,on_time,synthetic_showcase,80.0,both,showcase_shipment_scans_cleaned,"showcase_shipment_scans_cleaned,showcase_delay_reports_cleaned,showcase_warehouse_transfers_cleaned",S00166
S00166,2024-03-19 17:23:00+00:00,hub_arrival,on_time,0.0,R1,W4,synthetic_showcase,501,,,,,,,,,,left-only,T-S00166,W1,W4,2024-03-19 17:23:00+00:00,2024-03-19 16:23:00+00:00,2024-03-19 17:23:00+00:00,on_time,synthetic_showcase,80.0,both,showcase_shipment_scans_cleaned,"showcase_shipment_scans_cleaned,showcase_delay_reports_cleaned,showcase_warehouse_transfers_cleaned",S00166
S00166,2024-03-19 18:23:00+00:00,hub_departure,on_time,0.0,R1,W4,synthetic_showcase,502,,,,,,,,,,left-only,T-S00166,W1,W4,2024-03-19 17:23:00+00:00,2024-03-19 16:23:00+00:00,2024-03-19 17:23:00+00:00,on_time,synthetic_showcase,80.0,both,showcase_shipment_scans_cleaned,"showcase_shipment_scans_cleaned,showcase_delay_reports_cleaned,showcase_warehouse_transfers_cleaned",S00166
S00166,2024-03-20 11:23:00+00:00,delivery,delivered,0.0,R1,,synthetic_showcase,503,,,,,,,,,,left-only,T-S00166,W1,W4,2024-03-19 17:23:00+00:00,2024-03-19 16:23:00+00:00,2024-03-19 17:23:00+00:00,on_time,synthetic_showcase,80.0,both,showcase_shipment_scans_cleaned,"showcase_shipment_scans_cleaned,showcase_delay_reports_cleaned,showcase_warehouse_transfers_cleaned",S00166
S00167,2024-03-20 09:00:00+00:00,pickup,delayed,19.9,R3,W3,synthetic_showcase,504,DL-S00167,congestion,53.9,19.9,2024-03-21 11:00:00+00:00,R3,W2,synthetic_showcase,54.0,both,T-S00167,W3,W2,2024-03-20 19:00:00+00:00,2024-03-20 18:00:00+00:00,2024-03-20 19:00:00+00:00,delayed,synthetic_showcase,81.0,both,showcase_shipment_scans_cleaned,"showcase_shipment_scans_cleaned,showcase_delay_reports_cleaned,showcase_warehouse_transfers_cleaned",S00167
S00167,2024-03-20 19:00:00+00:00,hub_arrival,delayed,14.6,R3,W2,synthetic_showcase,505,DL-S00167,congestion,53.9,19.9,2024-03-21 11:00:00+00:00,R3,W2,synthetic_showcase,54.0,both,T-S00167,W3,W2,2024-03-20 19:00:00+00:00,2024-03-20 18:00:00+00:00,2024-03-20 19:00:00+00:00,delayed,synthetic_showcase,81.0,both,showcase_shipment_scans_cleaned,"showcase_shipment_scans_cleaned,showcase_delay_reports_cleaned,showcase_warehouse_transfers_cleaned",S00167
S00167,2024-03-20 21:00:00+00:00,hub_departure,delayed,15.5,R3,W2,synthetic_showcase,506,DL-S00167,congestion,53.9,19.9,2024-03-21 11:00:00+00:00,R3,W2,synthetic_showcase,54.0,both,T-S00167,W3,W2,2024-03-20 19:00:00+00:00,2024-03-20 18:00:00+00:00,2024-03-20 19:00:00+00:00,delayed,synthetic_showcase,81.0,both,showcase_shipment_scans_cleaned,"showcase_shipment_scans_cleaned,showcase_delay_reports_cleaned,showcase_warehouse_transfers_cleaned",S00167
S00167,2024-03-21 09:00:00+00:00,delivery,delivered,53.9,R3,,synthetic_showcase,507,DL-S00167,congestion,53.9,19.9,2024-03-21 11:00:00+00:00,R3,W2,synthetic_showcase,54.0,both,T-S00167,W3,W2,2024-03-20 19:00:00+00:00,2024-03-20 18:00:00+00:00,2024-03-20 19:00:00+00:00,delayed,synthetic_showcase,81.0,both,showcase_shipment_scans_cleaned,"showcase_shipment_scans_cleaned,showcase_delay_reports_cleaned,showcase_warehouse_transfers_cleaned",S00167
S00168,2024-03-21 08:42:00+00:00,pickup,on_time,0.0,R3,W3,synthetic_showcase,508,,,,,,,,,,left-only,T-S00168,W3,W1,2024-03-21 12:42:00+00:00,2024-03-21 11:42:00+00:00,2024-03-21 12:42:00+00:00,on_time,synthetic_showcase,82.0,both,showcase_shipment_scans_cleaned,"showcase_shipment_scans_cleaned,showcase_delay_reports_cleaned,showcase_warehouse_transfers_cleaned",S00168
S00168,2024-03-21 12:42:00+00:00,hub_arrival,on_time,0.0,R3,W1,synthetic_showcase,509,,,,,,,,,,left-only,T-S00168,W3,W1,2024-03-21 12:42:00+00:00,2024-03-21 11:42:00+00:00,2024-03-21 12:42:00+00:00,on_time,synthetic_showcase,82.0,both,showcase_shipment_scans_cleaned,"showcase_shipment_scans_cleaned,showcase_delay_reports_cleaned,showcase_warehouse_transfers_cleaned",S00168
S00168,2024-03-21 16:42:00+00:00,hub_departure,on_time,0.0,R3,W1,synthetic_showcase,510,,,,,,,,,,left-only,T-S00168,W3,W1,2024-03-21 12:42:00+00:00,2024-03-21 11:42:00+00:00,2024-03-21 12:42:00+00:00,on_time,synthetic_showcase,82.0,both,showcase_shipment_scans_cleaned,"showcase_shipment_scans_cleaned,showcase_delay_reports_cleaned,showcase_warehouse_transfers_cleaned",S00168
S00168,2024-03-21 23:42:00+00:00,delivery,delivered,0.0,R3,,synthetic_showcase,511,,,,,,,,,,left-only,T-S00168,W3,W1,2024-03-21 12:42:00+00:00,2024-03-21 11:42:00+00:00,2024-03-21 12:42:00+00:00,on_time,synthetic_showcase,82.0,both,showcase_shipment_scans_cleaned,"showcase_shipment_scans_cleaned,showcase_delay_reports_cleaned,showcase_warehouse_transfers_cleaned",S00168
S00169,2024-03-01 08:44:00+00:00,pickup,on_time,0.0,R1,W1,synthetic_showcase,512,DL-S00169,traffic,175.3,0.0,2024-03-02 10:44:00+00:00,R1,W3,synthetic_showcase,55.0,both,T-S00169,W1,W3,2024-03-01 18:44:00+00:00,2024-03-01 17:44:00+00:00,2024-03-01 18:44:00+00:00,on_time,synthetic_showcase,83.0,both,showcase_shipment_scans_cleaned,"showcase_shipment_scans_cleaned,showcase_delay_reports_cleaned,showcase_warehouse_transfers_cleaned",S00169
S00169,2024-03-01 18:44:00+00:00,hub_arrival,on_time,0.0,R1,W3,synthetic_showcase,513,DL-S00169,traffic,175.3,0.0,2024-03-02 10:44:00+00:00,R1,W3,synthetic_showcase,55.0,both,T-S00169,W1,W3,2024-03-01 18:44:00+00:00,2024-03-01 17:44:00+00:00,2024-03-01 18:44:00+00:00,on_time,synthetic_showcase,83.0,both,showcase_shipment_scans_cleaned,"showcase_shipment_scans_cleaned,showcase_delay_reports_cleaned,showcase_warehouse_transfers_cleaned",S00169
S00169,2024-03-01 19:44:00+00:00,hub_departure,delayed,23.4,R1,W3,synthetic_showcase,514,DL-S00169,traffic,175.3,0.0,2024-03-02 10:44:00+00:00,R1,W3,synthetic_showcase,55.0,both,T-S00169,W1,W3,2024-03-01 18:44:00+00:00,2024-03-01 17:44:00+00:00,2024-03-01 18:44:00+00:00,on_time,synthetic_showcase,83.0,both,showcase_shipment_scans_cleaned,"showcase_shipment_scans_cleaned,showcase_delay_reports_cleaned,showcase_warehouse_transfers_cleaned",S00169
S00169,2024-03-02 08:44:00+00:00,delivery,delivered,175.3,R1,,synthetic_showcase,515,DL-S00169,traffic,175.3,0.0,2024-03-02 10:44:00+00:00,R1,W3,synthetic_showcase,55.0,both,T-S00169,W1,W3,2024-03-01 18:44:00+00:00,2024-03-01 17:44:00+00:00,2024-03-01 18:44:00+00:00,on_time,synthetic_showcase,83.0,both,showcase_shipment_scans_cleaned,"showcase_shipment_scans_cleaned,showcase_delay_reports_cleaned,showcase_warehouse_transfers_cleaned",S00169
S00170,2024-03-02 08:42:00+00:00,pickup,on_time,0.0,R6,W5,synthetic_showcase,516,,,,,,,,,,left-only,,,,,,,,,,left-only,showcase_shipment_scans_cleaned,"showcase_shipment_scans_cleaned,showcase_delay_reports_cleaned,showcase_warehouse_transfers_cleaned",S00170
S00170,2024-03-02 14:42:00+00:00,delivery,delivered,0.0,R6,,synthetic_showcase,517,,,,,,,,,,left-only,,,,,,,,,,left-only,showcase_shipment_scans_cleaned,"showcase_shipment_scans_cleaned,showcase_delay_reports_cleaned,showcase_warehouse_transfers_cleaned",S00170
S00171,2024-03-03 09:52:00+00:00,pickup,on_time,0.0,R6,W5,synthetic_showcase,518,,,,,,,,,,left-only,T-S00171,W5,W4,2024-03-03 16:52:00+00:00,2024-03-03 15:52:00+00:00,2024-03-03 16:52:00+00:00,on_time,synthetic_showcase,84.0,both,showcase_shipment_scans_cleaned,"showcase_shipment_scans_cleaned,showcase_delay_reports_cleaned,showcase_warehouse_transfers_cleaned",S00171
S00171,2024-03-03 16:52:00+00:00,hub_arrival,on_time,0.0,R6,W4,synthetic_showcase,519,,,,,,,,,,left-only,T-S00171,W5,W4,2024-03-03 16:52:00+00:00,2024-03-03 15:52:00+00:00,2024-03-03 16:52:00+00:00,on_time,synthetic_showcase,84.0,both,showcase_shipment_scans_cleaned,"showcase_shipment_scans_cleaned,showcase_delay_reports_cleaned,showcase_warehouse_transfers_cleaned",S00171
S00171,2024-03-03 19:52:00+00:00,hub_departure,on_time,0.0,R6,W4,synthetic_showcase,520,,,,,,,,,,left-only,T-S00171,W5,W4,2024-03-03 16:52:00+00:00,2024-03-03 15:52:00+00:00,2024-03-03 16:52:00+00:00,on_time,synthetic_showcase,84.0,both,showcase_shipment_scans_cleaned,"showcase_shipment_scans_cleaned,showcase_delay_reports_cleaned,showcase_warehouse_transfers_cleaned",S00171
S00171,2024-03-04 05:52:00+00:00,delivery,delivered,0.0,R6,,synthetic_showcase,521,,,,,,,,,,left-only,T-S00171,W5,W4,2024-03-03 16:52:00+00:00,2024-03-03 15:52:00+00:00,2024-03-03 16:52:00+00:00,on_time,synthetic_showcase,84.0,both,showcase_shipment_scans_cleaned,"showcase_shipment_scans_cleaned,showcase_delay_reports_cleaned,showcase_warehouse_transfers_cleaned",S00171
S00172,2024-03-04 09:05:00+00:00,pickup,delayed,260.6,R2,W2,synthetic_showcase,522,DL-S00172,congestion,260.6,260.6,2024-03-05 01:05:00+00:00,R2,W2,synthetic_showcase,56.0,both,,,,,,,,,,left-only,showcase_shipment_scans_cleaned,"showcase_shipment_scans_cleaned,showcase_delay_reports_cleaned,showcase_warehouse_transfers_cleaned",S00172
S00172,2024-03-04 23:05:00+00:00,delivery,delivered,0.0,R2,,synthetic_showcase,523,DL-S00172,congestion,260.6,260.6,2024-03-05 01:05:00+00:00,R2,W2,synthetic_showcase,56.0,both,,,,,,,,,,left-only,showcase_shipment_scans_cleaned,"showcase_shipment_scans_cleaned,showcase_delay_reports_cleaned,showcase_warehouse_transfers_cleaned",S00172
S00173,2024-03-05 08:30:00+00:00,pickup,on_time,0.0,R1,W1,synthetic_showcase,524,,,,,,,,,,left-only,,,,,,,,,,left-only,showcase_shipment_scans_cleaned,"showcase_shipment_scans_cleaned,showcase_delay_reports_cleaned,showcase_warehouse_transfers_cleaned",S00173
S00173,2024-03-06 02:30:00+00:00,delivery,delivered,0.0,R1,,synthetic_showcase,525,,,,,,,,,,left-only,,,,,,,,,,left-only,showcase_shipment_scans_cleaned,"showcase_shipment_scans_cleaned,showcase_delay_reports_cleaned,showcase_warehouse_transfers_cleaned",S00173
S00174,2024-03-06 08:18:00+00:00,pickup,on_time,0.0,R6,W5,synthetic_showcase,526,,,,,,,,,,left-only,,,,,,,,,,left-only,showcase_shipment_scans_cleaned,"showcase_shipment_scans_cleaned,showcase_delay_reports_cleaned,showcase_warehouse_transfers_cleaned",S00174
S00174,2024-03-06 22:18:00+00:00,delivery,delivered,0.0,R6,,synthetic_showcase,527,,,,,,,,,,left-only,,,,,,,,,,left-only,showcase_shipment_scans_cleaned,"showcase_shipment_scans_cleaned,showcase_delay_reports_cleaned,showcase_warehouse_transfers_cleaned",S00174
S00175,2024-03-07 08:00:00+00:00,pickup,on_time,0.0,R6,W5,synthetic_showcase,528,DL-S00175,customs,55.4,0.0,2024-03-08 08:00:00+00:00,R6,W2,synthetic_showcase,57.0,both,T-S00175,W5,W2,2024-03-07 16:00:00+00:00,2024-03-07 15:00:00+00:00,2024-03-07 16:00:00+00:00,delayed,synthetic_showcase,85.0,both,showcase_shipment_scans_cleaned,"showcase_shipment_scans_cleaned,showcase_delay_reports_cleaned,showcase_warehouse_transfers_cleaned",S00175
S00175,2024-03-07 16:00:00+00:00,hub_arrival,delayed,49.8,R6,W2,synthetic_showcase,529,DL-S00175,customs,55.4,0.0,2024-03-08 08:00:00+00:00,R6,W2,synthetic_showcase,57.0,both,T-S00175,W5,W2,2024-03-07 16:00:00+00:00,2024-03-07 15:00:00+00:00,2024-03-07 16:00:00+00:00,delayed,synthetic_showcase,85.0,both,showcase_shipment_scans_cleaned,"showcase_shipment_scans_cleaned,showcase_delay_reports_cleaned,showcase_warehouse_transfers_cleaned",S00175
S00175,2024-03-07 20:00:00+00:00,hub_departure,on_time,0.0,R6,W2,synthetic_showcase,530,DL-S00175,customs,55.4,0.0,2024-03-08 08:00:00+00:00,R6,W2,synthetic_showcase,57.0,both,T-S00175,W5,W2,2024-03-07 16:00:00+00:00,2024-03-07 15:00:00+00:00,2024-03-07 16:00:00+00:00,delayed,synthetic_showcase,85.0,both,showcase_shipment_scans_cleaned,"showcase_shipment_scans_cleaned,showcase_delay_reports_cleaned,showcase_warehouse_transfers_cleaned",S00175
S00175,2024-03-08 06:00:00+00:00,delivery,delivered,55.4,R6,,synthetic_showcase,531,DL-S00175,customs,55.4,0.0,2024-03-08 08:00:00+00:00,R6,W2,synthetic_showcase,57.0,both,T-S00175,W5,W2,2024-03-07 16:00:00+00:00,2024-03-07 15:00:00+00:00,2024-03-07 16:00:00+00:00,delayed,synthetic_showcase,85.0,both,showcase_shipment_scans_cleaned,"showcase_shipment_scans_cleaned,showcase_delay_reports_cleaned,showcase_warehouse_transfers_cleaned",S00175
S00176,2024-03-08 08:10:00+00:00,pickup,on_time,0.0,R1,W1,synthetic_showcase,532,,,,,,,,,,left-only,,,,,,,,,,left-only,showcase_shipment_scans_cleaned,"showcase_shipment_scans_cleaned,showcase_delay_reports_cleaned,showcase_warehouse_transfers_cleaned",S00176
S00176,2024-03-08 23:10:00+00:00,delivery,delivered,0.0,R1,,synthetic_showcase,533,,,,,,,,,,left-only,,,,,,,,,,left-only,showcase_shipment_scans_cleaned,"showcase_shipment_scans_cleaned,showcase_delay_reports_cleaned,showcase_warehouse_transfers_cleaned",S00176
S00177,2024-03-09 09:24:00+00:00,pickup,on_time,0.0,R3,W3,synthetic_showcase,534,,,,,,,,,,left-only,,,,,,,,,,left-only,showcase_shipment_scans_cleaned,"showcase_shipment_scans_cleaned,showcase_delay_reports_cleaned,showcase_warehouse_transfers_cleaned",S00177
S00177,2024-03-09 20:24:00+00:00,delivery,delivered,0.0,R3,,synthetic_showcase,535,,,,,,,,,,left-only,,,,,,,,,,left-only,showcase_shipment_scans_cleaned,"showcase_shipment_scans_cleaned,showcase_delay_reports_cleaned,showcase_warehouse_transfers_cleaned",S00177
S00178,2024-03-10 08:24:00+00:00,pickup,on_time,0.0,R5,W4,synthetic_showcase,536,,,,,,,,,,left-only,T-S00178,W4,W2,2024-03-10 18:24:00+00:00,2024-03-10 17:24:00+00:00,2024-03-10 18:24:00+00:00,on_time,synthetic_showcase,86.0,both,showcase_shipment_scans_cleaned,"showcase_shipment_scans_cleaned,showcase_delay_reports_cleaned,showcase_warehouse_transfers_cleaned",S00178
S00178,2024-03-10 18:24:00+00:00,hub_arrival,on_time,0.0,R5,W2,synthetic_showcase,537,,,,,,,,,,left-only,T-S00178,W4,W2,2024-03-10 18:24:00+00:00,2024-03-10 17:24:00+00:00,2024-03-10 18:24:00+00:00,on_time,synthetic_showcase,86.0,both,showcase_shipment_scans_cleaned,"showcase_shipment_scans_cleaned,showcase_delay_reports_cleaned,showcase_warehouse_transfers_cleaned",S00178
S00178,2024-03-10 21:24:00+00:00,hub_departure,on_time,0.0,R5,W2,synthetic_showcase,538,,,,,,,,,,left-only,T-S00178,W4,W2,2024-03-10 18:24:00+00:00,2024-03-10 17:24:00+00:00,2024-03-10 18:24:00+00:00,on_time,synthetic_showcase,86.0,both,showcase_shipment_scans_cleaned,"showcase_shipment_scans_cleaned,showcase_delay_reports_cleaned,showcase_warehouse_transfers_cleaned",S00178
S00178,2024-03-11 09:24:00+00:00,delivery,delivered,0.0,R5,,synthetic_showcase,539,,,,,,,,,,left-only,T-S00178,W4,W2,2024-03-10 18:24:00+00:00,2024-03-10 17:24:00+00:00,2024-03-10 18:24:00+00:00,on_time,synthetic_showcase,86.0,both,showcase_shipment_scans_cleaned,"showcase_shipment_scans_cleaned,showcase_delay_reports_cleaned,showcase_warehouse_transfers_cleaned",S00178
S00179,2024-03-11 09:48:00+00:00,pickup,on_time,0.0,R6,W5,synthetic_showcase,540,,,,,,,,,,left-only,,,,,,,,,,left-only,showcase_shipment_scans_cleaned,"showcase_shipment_scans_cleaned,showcase_delay_reports_cleaned,showcase_warehouse_transfers_cleaned",S00179
S00179,2024-03-11 19:48:00+00:00,delivery,delivered,0.0,R6,,synthetic_showcase,541,,,,,,,,,,left-only,,,,,,,,,,left-only,showcase_shipment_scans_cleaned,"showcase_shipment_scans_cleaned,showcase_delay_reports_cleaned,showcase_warehouse_transfers_cleaned",S00179
S00180,2024-03-12 09:14:00+00:00,pickup,on_time,0.0,R2,W2,synthetic_showcase,542,,,,,,,,,,left-only,T-S00180,W2,W5,2024-03-12 18:14:00+00:00,2024-03-12 17:14:00+00:00,2024-03-12 18:14:00+00:00,on_time,synthetic_showcase,87.0,both,showcase_shipment_scans_cleaned,"showcase_shipment_scans_cleaned,showcase_delay_reports_cleaned,showcase_warehouse_transfers_cleaned",S00180
S00180,2024-03-12 18:14:00+00:00,hub_arrival,on_time,0.0,R2,W5,synthetic_showcase,543,,,,,,,,,,left-only,T-S00180,W2,W5,2024-03-12 18:14:00+00:00,2024-03-12 17:14:00+00:00,2024-03-12 18:14:00+00:00,on_time,synthetic_showcase,87.0,both,showcase_shipment_scans_cleaned,"showcase_shipment_scans_cleaned,showcase_delay_reports_cleaned,showcase_warehouse_transfers_cleaned",S00180
S00180,2024-03-12 20:14:00+00:00,hub_departure,on_time,0.0,R2,W5,synthetic_showcase,544,,,,,,,,,,left-only,T-S00180,W2,W5,2024-03-12 18:14:00+00:00,2024-03-12 17:14:00+00:00,2024-03-12 18:14:00+00:00,on_time,synthetic_showcase,87.0,both,showcase_shipment_scans_cleaned,"showcase_shipment_scans_cleaned,showcase_delay_reports_cleaned,showcase_warehouse_transfers_cleaned",S00180
S00180,2024-03-13 06:14:00+00:00,delivery,delivered,0.0,R2,,synthetic_showcase,545,,,,,,,,,,left-only,T-S00180,W2,W5,2024-03-12 18:14:00+00:00,2024-03-12 17:14:00+00:00,2024-03-12 18:14:00+00:00,on_time,synthetic_showcase,87.0,both,showcase_shipment_scans_cleaned,"showcase_shipment_scans_cleaned,showcase_delay_reports_cleaned,showcase_warehouse_transfers_cleaned",S00180
S00181,2024-03-13 08:34:00+00:00,pickup,delayed,96.6,R5,W4,synthetic_showcase,546,DL-S00181,traffic,96.6,96.6,2024-03-13 17:34:00+00:00,R5,W4,synthetic_showcase,58.0,both,,,,,,,,,,left-only,showcase_shipment_scans_cleaned,"showcase_shipment_scans_cleaned,showcase_delay_reports_cleaned,showcase_warehouse_transfers_cleaned",S00181
S00181,2024-03-13 15:34:00+00:00,delivery,delivered,47.0,R5,,synthetic_showcase,547,DL-S00181,traffic,96.6,96.6,2024-03-13 17:34:00+00:00,R5,W4,synthetic_showcase,58.0,both,,,,,,,,,,left-only,showcase_shipment_scans_cleaned,"showcase_shipment_scans_cleaned,showcase_delay_reports_cleaned,showcase_warehouse_transfers_cleaned",S00181
S00182,2024-03-14 08:38:00+00:00,pickup,on_time,0.0,R5,W4,synthetic_showcase,548,,,,,,,,,,left-only,,,,,,,,,,left-only,showcase_shipment_scans_cleaned,"showcase_shipment_scans_cleaned,showcase_delay_reports_cleaned,showcase_warehouse_transfers_cleaned",S00182
S00182,2024-03-14 21:38:00+00:00,delivery,delivered,0.0,R5,,synthetic_showcase,549,,,,,,,,,,left-only,,,,,,,,,,left-only,showcase_shipment_scans_cleaned,"showcase_shipment_scans_cleaned,showcase_delay_reports_cleaned,showcase_warehouse_transfers_cleaned",S00182
S00183,2024-03-15 08:55:00+00:00,pickup,on_time,0.0,R1,W1,synthetic_showcase,550,,,,,,,,,,left-only,,,,,,,,,,left-only,showcase_shipment_scans_cleaned,"showcase_shipment_scans_cleaned,showcase_delay_reports_cleaned,showcase_warehouse_transfers_cleaned",S00183
S00183,2024-03-15 20:55:00+00:00,delivery,delivered,0.0,R1,,synthetic_showcase,551,,,,,,,,,,left-only,,,,,,,,,,left-only,showcase_shipment_scans_cleaned,"showcase_shipment_scans_cleaned,showcase_delay_reports_cleaned,showcase_warehouse_transfers_cleaned",S00183
S00184,2024-03-16 08:44:00+00:00,pickup,on_time,0.0,R2,W2,synthetic_showcase,552,,,,,,,,,,left-only,,,,,,,,,,left-only,showcase_shipment_scans_cleaned,"showcase_shipment_scans_cleaned,showcase_delay_reports_cleaned,showcase_warehouse_transfers_cleaned",S00184
S00184,2024-03-16 20:44:00+00:00,delivery,delivered,0.0,R2,,synthetic_showcase,553,,,,,,,,,,left-only,,,,,,,,,,left-only,showcase_shipment_scans_cleaned,"showcase_shipment_scans_cleaned,showcase_delay_reports_cleaned,showcase_warehouse_transfers_cleaned",S00184
S00185,2024-03-17 09:31:00+00:00,pickup,on_time,0.0,R3,W3,synthetic_showcase,554,,,,,,,,,,left-only,T-S00185,W3,W1,2024-03-17 14:31:00+00:00,2024-03-17 13:31:00+00:00,2024-03-17 14:31:00+00:00,on_time,synthetic_showcase,88.0,both,showcase_shipment_scans_cleaned,"showcase_shipment_scans_cleaned,showcase_delay_reports_cleaned,showcase_warehouse_transfers_cleaned",S00185
S00185,2024-03-17 14:31:00+00:00,hub_arrival,on_time,0.0,R3,W1,synthetic_showcase,555,,,,,,,,,,left-only,T-S00185,W3,W1,2024-03-17 14:31:00+00:00,2024-03-17 13:31:00+00:00,2024-03-17 14:31:00+00:00,on_time,synthetic_showcase,88.0,both,showcase_shipment_scans_cleaned,"showcase_shipment_scans_cleaned,showcase_delay_reports_cleaned,showcase_warehouse_transfers_cleaned",S00185
S00185,2024-03-17 16:31:00+00:00,hub_departure,on_time,0.0,R3,W1,synthetic_showcase,556,,,,,,,,,,left-only,T-S00185,W3,W1,2024-03-17 14:31:00+00:00,2024-03-17 13:31:00+00:00,2024-03-17 14:31:00+00:00,on_time,synthetic_showcase,88.0,both,showcase_shipment_scans_cleaned,"showcase_shipment_scans_cleaned,showcase_delay_reports_cleaned,showcase_warehouse_transfers_cleaned",S00185
S00185,2024-03-17 22:31:00+00:00,delivery,delivered,0.0,R3,,synthetic_showcase,557,,,,,,,,,,left-only,T-S00185,W3,W1,2024-03-17 14:31:00+00:00,2024-03-17 13:31:00+00:00,2024-03-17 14:31:00+00:00,on_time,synthetic_showcase,88.0,both,showcase_shipment_scans_cleaned,"showcase_shipment_scans_cleaned,showcase_delay_reports_cleaned,showcase_warehouse_transfers_cleaned",S00185
S00186,2024-03-18 08:18:00+00:00,pickup,on_time,0.0,R2,W2,synthetic_showcase,558,,,,,,,,,,left-only,,,,,,,,,,left-only,showcase_shipment_scans_cleaned,"showcase_shipment_scans_cleaned,showcase_delay_reports_cleaned,showcase_warehouse_transfers_cleaned",S00186
S00186,2024-03-18 22:18:00+00:00,delivery,delivered,0.0,R2,,synthetic_showcase,559,,,,,,,,,,left-only,,,,,,,,,,left-only,showcase_shipment_scans_cleaned,"showcase_shipment_scans_cleaned,showcase_delay_reports_cleaned,showcase_warehouse_transfers_cleaned",S00186
S00187,2024-03-19 09:36:00+00:00,pickup,delayed,109.3,R4,W1,synthetic_showcase,560,DL-S00187,traffic,109.3,109.3,2024-03-19 17:36:00+00:00,R4,W1,synthetic_showcase,59.0,both,,,,,,,,,,left-only,showcase_shipment_scans_cleaned,"showcase_shipment_scans_cleaned,showcase_delay_reports_cleaned,showcase_warehouse_transfers_cleaned",S00187
S00187,2024-03-19 15:36:00+00:00,delivery,delivered,0.0,R4,,synthetic_showcase,561,DL-S00187,traffic,109.3,109.3,2024-03-19 17:36:00+00:00,R4,W1,synthetic_showcase,59.0,both,,,,,,,,,,left-only,showcase_shipment_scans_cleaned,"showcase_shipment_scans_cleaned,showcase_delay_reports_cleaned,showcase_warehouse_transfers_cleaned",S00187
S00188,2024-03-20 08:47:00+00:00,pickup,on_time,0.0,R1,W1,synthetic_showcase,562,,,,,,,,,,left-only,,,,,,,,,,left-only,showcase_shipment_scans_cleaned,"showcase_shipment_scans_cleaned,showcase_delay_reports_cleaned,showcase_warehouse_transfers_cleaned",S00188
S00188,2024-03-20 14:47:00+00:00,hub_arrival,on_time,0.0,R1,W4,synthetic_showcase,563,,,,,,,,,,left-only,,,,,,,,,,left-only,showcase_shipment_scans_cleaned,"showcase_shipment_scans_cleaned,showcase_delay_reports_cleaned,showcase_warehouse_transfers_cleaned",S00188
S00188,2024-03-20 16:47:00+00:00,hub_departure,on_time,0.0,R1,W4,synthetic_showcase,564,,,,,,,,,,left-only,,,,,,,,,,left-only,showcase_shipment_scans_cleaned,"showcase_shipment_scans_cleaned,showcase_delay_reports_cleaned,showcase_warehouse_transfers_cleaned",S00188
S00188,2024-03-21 06:47:00+00:00,delivery,delivered,0.0,R1,,synthetic_showcase,565,,,,,,,,,,left-only,,,,,,,,,,left-only,showcase_shipment_scans_cleaned,"showcase_shipment_scans_cleaned,showcase_delay_reports_cleaned,showcase_warehouse_transfers_cleaned",S00188
S00189,2024-03-21 09:24:00+00:00,pickup,on_time,0.0,R1,W1,synthetic_showcase,566,,,,,,,,,,left-only,,,,,,,,,,left-only,showcase_shipment_scans_cleaned,"showcase_shipment_scans_cleaned,showcase_delay_reports_cleaned,showcase_warehouse_transfers_cleaned",S00189
S00189,2024-03-22 03:24:00+00:00,delivery,delivered,0.0,R1,,synthetic_showcase,567,,,,,,,,,,left-only,,,,,,,,,,left-only,showcase_shipment_scans_cleaned,"showcase_shipment_scans_cleaned,showcase_delay_reports_cleaned,showcase_warehouse_transfers_cleaned",S00189
S00190,2024-03-01 09:42:00+00:00,pickup,delayed,122.3,R4,W1,synthetic_showcase,568,DL-S00190,weather,122.3,122.3,2024-03-02 05:42:00+00:00,R4,W3,synthetic_showcase,60.0,both,T-S00190,W1,W3,2024-03-01 14:42:00+00:00,2024-03-01 13:42:00+00:00,2024-03-01 14:42:00+00:00,delayed,synthetic_showcase,89.0,both,showcase_shipment_scans_cleaned,"showcase_shipment_scans_cleaned,showcase_delay_reports_cleaned,showcase_warehouse_transfers_cleaned",S00190
S00190,2024-03-01 14:42:00+00:00,hub_arrival,delayed,20.7,R4,W3,synthetic_showcase,569,DL-S00190,weather,122.3,122.3,2024-03-02 05:42:00+00:00,R4,W3,synthetic_showcase,60.0,both,T-S00190,W1,W3,2024-03-01 14:42:00+00:00,2024-03-01 13:42:00+00:00,2024-03-01 14:42:00+00:00,delayed,synthetic_showcase,89.0,both,showcase_shipment_scans_cleaned,"showcase_shipment_scans_cleaned,showcase_delay_reports_cleaned,showcase_warehouse_transfers_cleaned",S00190
S00190,2024-03-01 18:42:00+00:00,hub_departure,delayed,29.5,R4,W3,synthetic_showcase,570,DL-S00190,weather,122.3,122.3,2024-03-02 05:42:00+00:00,R4,W3,synthetic_showcase,60.0,both,T-S00190,W1,W3,2024-03-01 14:42:00+00:00,2024-03-01 13:42:00+00:00,2024-03-01 14:42:00+00:00,delayed,synthetic_showcase,89.0,both,showcase_shipment_scans_cleaned,"showcase_shipment_scans_cleaned,showcase_delay_reports_cleaned,showcase_warehouse_transfers_cleaned",S00190
S00190,2024-03-02 03:42:00+00:00,delivery,delivered,22.9,R4,,synthetic_showcase,571,DL-S00190,weather,122.3,122.3,2024-03-02 05:42:00+00:00,R4,W3,synthetic_showcase,60.0,both,T-S00190,W1,W3,2024-03-01 14:42:00+00:00,2024-03-01 13:42:00+00:00,2024-03-01 14:42:00+00:00,delayed,synthetic_showcase,89.0,both,showcase_shipment_scans_cleaned,"showcase_shipment_scans_cleaned,showcase_delay_reports_cleaned,showcase_warehouse_transfers_cleaned",S00190
S00191,2024-03-02 08:01:00+00:00,pickup,delayed,67.0,R3,W3,synthetic_showcase,572,DL-S00191,weather,67.0,67.0,2024-03-02 20:01:00+00:00,R3,W3,synthetic_showcase,61.0,both,,,,,,,,,,left-only,showcase_shipment_scans_cleaned,"showcase_shipment_scans_cleaned,showcase_delay_reports_cleaned,showcase_warehouse_transfers_cleaned",S00191
S00191,2024-03-02 18:01:00+00:00,delivery,delivered,23.1,R3,,synthetic_showcase,573,DL-S00191,weather,67.0,67.0,2024-03-02 20:01:00+00:00,R3,W3,synthetic_showcase,61.0,both,,,,,,,,,,left-only,showcase_shipment_scans_cleaned,"showcase_shipment_scans_cleaned,showcase_delay_reports_cleaned,showcase_warehouse_transfers_cleaned",S00191
S00192,2024-03-03 08:01:00+00:00,pickup,on_time,0.0,R1,W1,synthetic_showcase,574,,,,,,,,,,left-only,,,,,,,,,,left-only,showcase_shipment_scans_cleaned,"showcase_shipment_scans_cleaned,showcase_delay_reports_cleaned,showcase_warehouse_transfers_cleaned",S00192
S00192,2024-03-03 14:01:00+00:00,delivery,delivered,0.0,R1,,synthetic_showcase,575,,,,,,,,,,left-only,,,,,,,,,,left-only,showcase_shipment_scans_cleaned,"showcase_shipment_scans_cleaned,showcase_delay_reports_cleaned,showcase_warehouse_transfers_cleaned",S00192
S00193,2024-03-04 09:55:00+00:00,pickup,delayed,15.1,R3,W3,synthetic_showcase,576,DL-S00193,weather,80.6,15.1,2024-03-05 10:55:00+00:00,R3,W5,synthetic_showcase,62.0,both,T-S00193,W3,W5,2024-03-04 17:55:00+00:00,2024-03-04 16:55:00+00:00,2024-03-04 17:55:00+00:00,delayed,synthetic_showcase,90.0,both,showcase_shipment_scans_cleaned,"showcase_shipment_scans_cleaned,showcase_delay_reports_cleaned,showcase_warehouse_transfers_cleaned",S00193
S00193,2024-03-04 17:55:00+00:00,hub_arrival,delayed,39.9,R3,W5,synthetic_showcase,577,DL-S00193,weather,80.6,15.1,2024-03-05 10:55:00+00:00,R3,W5,synthetic_showcase,62.0,both,T-S00193,W3,W5,2024-03-04 17:55:00+00:00,2024-03-04 16:55:00+00:00,2024-03-04 17:55:00+00:00,delayed,synthetic_showcase,90.0,both,showcase_shipment_scans_cleaned,"showcase_shipment_scans_cleaned,showcase_delay_reports_cleaned,showcase_warehouse_transfers_cleaned",S00193
S00193,2024-03-04 20:55:00+00:00,hub_departure,on_time,0.0,R3,W5,synthetic_showcase,578,DL-S00193,weather,80.6,15.1,2024-03-05 10:55:00+00:00,R3,W5,synthetic_showcase,62.0,both,T-S00193,W3,W5,2024-03-04 17:55:00+00:00,2024-03-04 16:55:00+00:00,2024-03-04 17:55:00+00:00,delayed,synthetic_showcase,90.0,both,showcase_shipment_scans_cleaned,"showcase_shipment_scans_cleaned,showcase_delay_reports_cleaned,showcase_warehouse_transfers_cleaned",S00193
S00193,2024-03-05 08:55:00+00:00,delivery,delivered,80.6,R3,,synthetic_showcase,579,DL-S00193,weather,80.6,15.1,2024-03-05 10:55:00+00:00,R3,W5,synthetic_showcase,62.0,both,T-S00193,W3,W5,2024-03-04 17:55:00+00:00,2024-03-04 16:55:00+00:00,2024-03-04 17:55:00+00:00,delayed,synthetic_showcase,90.0,both,showcase_shipment_scans_cleaned,"showcase_shipment_scans_cleaned,showcase_delay_reports_cleaned,showcase_warehouse_transfers_cleaned",S00193
S00194,2024-03-05 08:15:00+00:00,pickup,on_time,0.0,R5,W4,synthetic_showcase,580,,,,,,,,,,left-only,T-S00194,W4,W3,2024-03-05 17:15:00+00:00,2024-03-05 16:15:00+00:00,2024-03-05 17:15:00+00:00,on_time,synthetic_showcase,91.0,both,showcase_shipment_scans_cleaned,"showcase_shipment_scans_cleaned,showcase_delay_reports_cleaned,showcase_warehouse_transfers_cleaned",S00194
S00194,2024-03-05 17:15:00+00:00,hub_arrival,on_time,0.0,R5,W3,synthetic_showcase,581,,,,,,,,,,left-only,T-S00194,W4,W3,2024-03-05 17:15:00+00:00,2024-03-05 16:15:00+00:00,2024-03-05 17:15:00+00:00,on_time,synthetic_showcase,91.0,both,showcase_shipment_scans_cleaned,"showcase_shipment_scans_cleaned,showcase_delay_reports_cleaned,showcase_warehouse_transfers_cleaned",S00194
S00194,2024-03-05 21:15:00+00:00,hub_departure,on_time,0.0,R5,W3,synthetic_showcase,582,,,,,,,,,,left-only,T-S00194,W4,W3,2024-03-05 17:15:00+00:00,2024-03-05 16:15:00+00:00,2024-03-05 17:15:00+00:00,on_time,synthetic_showcase,91.0,both,showcase_shipment_scans_cleaned,"showcase_shipment_scans_cleaned,showcase_delay_reports_cleaned,showcase_warehouse_transfers_cleaned",S00194
S00194,2024-03-06 03:15:00+00:00,delivery,delivered,0.0,R5,,synthetic_showcase,583,,,,,,,,,,left-only,T-S00194,W4,W3,2024-03-05 17:15:00+00:00,2024-03-05 16:15:00+00:00,2024-03-05 17:15:00+00:00,on_time,synthetic_showcase,91.0,both,showcase_shipment_scans_cleaned,"showcase_shipment_scans_cleaned,showcase_delay_reports_cleaned,showcase_warehouse_transfers_cleaned",S00194
S00195,2024-03-06 09:21:00+00:00,pickup,on_time,0.0,R4,W1,synthetic_showcase,584,,,,,,,,,,left-only,,,,,,,,,,left-only,showcase_shipment_scans_cleaned,"showcase_shipment_scans_cleaned,showcase_delay_reports_cleaned,showcase_warehouse_transfers_cleaned",S00195
S00195,2024-03-06 19:21:00+00:00,delivery,delivered,0.0,R4,,synthetic_showcase,585,,,,,,,,,,left-only,,,,,,,,,,left-only,showcase_shipment_scans_cleaned,"showcase_shipment_scans_cleaned,showcase_delay_reports_cleaned,showcase_warehouse_transfers_cleaned",S00195
S00196,2024-03-07 09:37:00+00:00,pickup,on_time,0.0,R5,W4,synthetic_showcase,586,DL-S00196,traffic,97.2,0.0,2024-03-08 09:37:00+00:00,R5,W5,synthetic_showcase,63.0,both,,,,,,,,,,left-only,showcase_shipment_scans_cleaned,"showcase_shipment_scans_cleaned,showcase_delay_reports_cleaned,showcase_warehouse_transfers_cleaned",S00196
S00196,2024-03-07 14:37:00+00:00,hub_arrival,on_time,0.0,R5,W5,synthetic_showcase,587,DL-S00196,traffic,97.2,0.0,2024-03-08 09:37:00+00:00,R5,W5,synthetic_showcase,63.0,both,,,,,,,,,,left-only,showcase_shipment_scans_cleaned,"showcase_shipment_scans_cleaned,showcase_delay_reports_cleaned,showcase_warehouse_transfers_cleaned",S00196
S00196,2024-03-07 15:37:00+00:00,hub_departure,delayed,45.6,R5,W5,synthetic_showcase,588,DL-S00196,traffic,97.2,0.0,2024-03-08 09:37:00+00:00,R5,W5,synthetic_showcase,63.0,both,,,,,,,,,,left-only,showcase_shipment_scans_cleaned,"showcase_shipment_scans_cleaned,showcase_delay_reports_cleaned,showcase_warehouse_transfers_cleaned",S00196
S00196,2024-03-08 07:37:00+00:00,delivery,delivered,97.2,R5,,synthetic_showcase,589,DL-S00196,traffic,97.2,0.0,2024-03-08 09:37:00+00:00,R5,W5,synthetic_showcase,63.0,both,,,,,,,,,,left-only,showcase_shipment_scans_cleaned,"showcase_shipment_scans_cleaned,showcase_delay_reports_cleaned,showcase_warehouse_transfers_cleaned",S00196
S00197,2024-03-08 08:05:00+00:00,pickup,on_time,0.0,R6,W5,synthetic_showcase,590,,,,,,,,,,left-only,,,,,,,,,,left-only,showcase_shipment_scans_cleaned,"showcase_shipment_scans_cleaned,showcase_delay_reports_cleaned,showcase_warehouse_transfers_cleaned",S00197
S00197,2024-03-08 19:05:00+00:00,delivery,delivered,0.0,R6,,synthetic_showcase,591,,,,,,,,,,left-only,,,,,,,,,,left-only,showcase_shipment_scans_cleaned,"showcase_shipment_scans_cleaned,showcase_delay_reports_cleaned,showcase_warehouse_transfers_cleaned",S00197
S00198,2024-03-09 08:11:00+00:00,pickup,delayed,66.1,R2,W2,synthetic_showcase,592,DL-S00198,customs,66.1,66.1,2024-03-09 17:11:00+00:00,R2,W2,synthetic_showcase,64.0,both,,,,,,,,,,left-only,showcase_shipment_scans_cleaned,"showcase_shipment_scans_cleaned,showcase_delay_reports_cleaned,showcase_warehouse_transfers_cleaned",S00198
S00198,2024-03-09 15:11:00+00:00,delivery,delivered,0.0,R2,,synthetic_showcase,593,DL-S00198,customs,66.1,66.1,2024-03-09 17:11:00+00:00,R2,W2,synthetic_showcase,64.0,both,,,,,,,,,,left-only,showcase_shipment_scans_cleaned,"showcase_shipment_scans_cleaned,showcase_delay_reports_cleaned,showcase_warehouse_transfers_cleaned",S00198
S00199,2024-03-10 09:06:00+00:00,pickup,on_time,0.0,R5,W4,synthetic_showcase,594,,,,,,,,,,left-only,,,,,,,,,,left-only,showcase_shipment_scans_cleaned,"showcase_shipment_scans_cleaned,showcase_delay_reports_cleaned,showcase_warehouse_transfers_cleaned",S00199
S00199,2024-03-10 23:06:00+00:00,delivery,delivered,0.0,R5,,synthetic_showcase,595,,,,,,,,,,left-only,,,,,,,,,,left-only,showcase_shipment_scans_cleaned,"showcase_shipment_scans_cleaned,showcase_delay_reports_cleaned,showcase_warehouse_transfers_cleaned",S00199
S00200,2024-03-11 09:30:00+00:00,pickup,on_time,0.0,R1,W1,synthetic_showcase,596,,,,,,,,,,left-only,,,,,,,,,,left-only,showcase_shipment_scans_cleaned,"showcase_shipment_scans_cleaned,showcase_delay_reports_cleaned,showcase_warehouse_transfers_cleaned",S00200
S00200,2024-03-11 18:30:00+00:00,delivery,delivered,0.0,R1,,synthetic_showcase,597,,,,,,,,,,left-only,,,,,,,,,,left-only,showcase_shipment_scans_cleaned,"showcase_shipment_scans_cleaned,showcase_delay_reports_cleaned,showcase_warehouse_transfers_cleaned",S00200
S00201,2024-03-12 09:05:00+00:00,pickup,on_time,0.0,R6,W5,synthetic_showcase,598,,,,,,,,,,left-only,,,,,,,,,,left-only,showcase_shipment_scans_cleaned,"showcase_shipment_scans_cleaned,showcase_delay_reports_cleaned,showcase_warehouse_transfers_cleaned",S00201
S00201,2024-03-12 19:05:00+00:00,hub_arrival,on_time,0.0,R6,W2,synthetic_showcase,599,,,,,,,,,,left-only,,,,,,,,,,left-only,showcase_shipment_scans_cleaned,"showcase_shipment_scans_cleaned,showcase_delay_reports_cleaned,showcase_warehouse_transfers_cleaned",S00201
S00201,2024-03-12 21:05:00+00:00,hub_departure,on_time,0.0,R6,W2,synthetic_showcase,600,,,,,,,,,,left-only,,,,,,,,,,left-only,showcase_shipment_scans_cleaned,"showcase_shipment_scans_cleaned,showcase_delay_reports_cleaned,showcase_warehouse_transfers_cleaned",S00201
S00201,2024-03-13 15:05:00+00:00,delivery,delivered,0.0,R6,,synthetic_showcase,601,,,,,,,,,,left-only,,,,,,,,,,left-only,showcase_shipment_scans_cleaned,"showcase_shipment_scans_cleaned,showcase_delay_reports_cleaned,showcase_warehouse_transfers_cleaned",S00201
S00202,2024-03-13 08:12:00+00:00,pickup,on_time,0.0,R5,W4,synthetic_showcase,602,DL-S00202,customs,38.3,0.0,2024-03-14 14:12:00+00:00,R5,W5,synthetic_showcase,65.0,both,T-S00202,W4,W5,2024-03-13 15:12:00+00:00,2024-03-13 14:12:00+00:00,2024-03-13 15:12:00+00:00,on_time,synthetic_showcase,92.0,both,showcase_shipment_scans_cleaned,"showcase_shipment_scans_cleaned,showcase_delay_reports_cleaned,showcase_warehouse_transfers_cleaned",S00202
S00202,2024-03-13 15:12:00+00:00,hub_arrival,on_time,0.0,R5,W5,synthetic_showcase,603,DL-S00202,customs,38.3,0.0,2024-03-14 14:12:00+00:00,R5,W5,synthetic_showcase,65.0,both,T-S00202,W4,W5,2024-03-13 15:12:00+00:00,2024-03-13 14:12:00+00:00,2024-03-13 15:12:00+00:00,on_time,synthetic_showcase,92.0,both,showcase_shipment_scans_cleaned,"showcase_shipment_scans_cleaned,showcase_delay_reports_cleaned,showcase_warehouse_transfers_cleaned",S00202
S00202,2024-03-13 19:12:00+00:00,hub_departure,delayed,38.3,R5,W5,synthetic_showcase,604,DL-S00202,customs,38.3,0.0,2024-03-14 14:12:00+00:00,R5,W5,synthetic_showcase,65.0,both,T-S00202,W4,W5,2024-03-13 15:12:00+00:00,2024-03-13 14:12:00+00:00,2024-03-13 15:12:00+00:00,on_time,synthetic_showcase,92.0,both,showcase_shipment_scans_cleaned,"showcase_shipment_scans_cleaned,showcase_delay_reports_cleaned,showcase_warehouse_transfers_cleaned",S00202
S00202,2024-03-14 12:12:00+00:00,delivery,delivered,0.0,R5,,synthetic_showcase,605,DL-S00202,customs,38.3,0.0,2024-03-14 14:12:00+00:00,R5,W5,synthetic_showcase,65.0,both,T-S00202,W4,W5,2024-03-13 15:12:00+00:00,2024-03-13 14:12:00+00:00,2024-03-13 15:12:00+00:00,on_time,synthetic_showcase,92.0,both,showcase_shipment_scans_cleaned,"showcase_shipment_scans_cleaned,showcase_delay_reports_cleaned,showcase_warehouse_transfers_cleaned",S00202
S00203,2024-03-14 08:59:00+00:00,pickup,delayed,62.5,R3,W3,synthetic_showcase,606,DL-S00203,traffic,62.5,62.5,2024-03-15 02:59:00+00:00,R3,W3,synthetic_showcase,66.0,both,,,,,,,,,,left-only,showcase_shipment_scans_cleaned,"showcase_shipment_scans_cleaned,showcase_delay_reports_cleaned,showcase_warehouse_transfers_cleaned",S00203
S00203,2024-03-15 00:59:00+00:00,delivery,delivered,0.0,R3,,synthetic_showcase,607,DL-S00203,traffic,62.5,62.5,2024-03-15 02:59:00+00:00,R3,W3,synthetic_showcase,66.0,both,,,,,,,,,,left-only,showcase_shipment_scans_cleaned,"showcase_shipment_scans_cleaned,showcase_delay_reports_cleaned,showcase_warehouse_transfers_cleaned",S00203
S00204,2024-03-15 09:22:00+00:00,pickup,delayed,19.4,R1,W1,synthetic_showcase,608,DL-S00204,congestion,19.4,19.4,2024-03-16 10:22:00+00:00,R1,W2,synthetic_showcase,67.0,both,T-S00204,W1,W2,2024-03-15 15:22:00+00:00,2024-03-15 14:22:00+00:00,2024-03-15 15:22:00+00:00,on_time,synthetic_showcase,93.0,both,showcase_shipment_scans_cleaned,"showcase_shipment_scans_cleaned,showcase_delay_reports_cleaned,showcase_warehouse_transfers_cleaned",S00204
S00204,2024-03-15 15:22:00+00:00,hub_arrival,on_time,0.0,R1,W2,synthetic_showcase,609,DL-S00204,congestion,19.4,19.4,2024-03-16 10:22:00+00:00,R1,W2,synthetic_showcase,67.0,both,T-S00204,W1,W2,2024-03-15 15:22:00+00:00,2024-03-15 14:22:00+00:00,2024-03-15 15:22:00+00:00,on_time,synthetic_showcase,93.0,both,showcase_shipment_scans_cleaned,"showcase_shipment_scans_cleaned,showcase_delay_reports_cleaned,showcase_warehouse_transfers_cleaned",S00204
S00204,2024-03-15 18:22:00+00:00,hub_departure,on_time,0.0,R1,W2,synthetic_showcase,610,DL-S00204,congestion,19.4,19.4,2024-03-16 10:22:00+00:00,R1,W2,synthetic_showcase,67.0,both,T-S00204,W1,W2,2024-03-15 15:22:00+00:00,2024-03-15 14:22:00+00:00,2024-03-15 15:22:00+00:00,on_time,synthetic_showcase,93.0,both,showcase_shipment_scans_cleaned,"showcase_shipment_scans_cleaned,showcase_delay_reports_cleaned,showcase_warehouse_transfers_cleaned",S00204
S00204,2024-03-16 08:22:00+00:00,delivery,delivered,13.9,R1,,synthetic_showcase,611,DL-S00204,congestion,19.4,19.4,2024-03-16 10:22:00+00:00,R1,W2,synthetic_showcase,67.0,both,T-S00204,W1,W2,2024-03-15 15:22:00+00:00,2024-03-15 14:22:00+00:00,2024-03-15 15:22:00+00:00,on_time,synthetic_showcase,93.0,both,showcase_shipment_scans_cleaned,"showcase_shipment_scans_cleaned,showcase_delay_reports_cleaned,showcase_warehouse_transfers_cleaned",S00204
S00205,2024-03-16 08:15:00+00:00,pickup,on_time,0.0,R1,W1,synthetic_showcase,612,,,,,,,,,,left-only,T-S00205,W1,W5,2024-03-16 12:15:00+00:00,2024-03-16 11:15:00+00:00,2024-03-16 12:15:00+00:00,on_time,synthetic_showcase,94.0,both,showcase_shipment_scans_cleaned,"showcase_shipment_scans_cleaned,showcase_delay_reports_cleaned,showcase_warehouse_transfers_cleaned",S00205
S00205,2024-03-16 12:15:00+00:00,hub_arrival,on_time,0.0,R1,W5,synthetic_showcase,613,,,,,,,,,,left-only,T-S00205,W1,W5,2024-03-16 12:15:00+00:00,2024-03-16 11:15:00+00:00,2024-03-16 12:15:00+00:00,on_time,synthetic_showcase,94.0,both,showcase_shipment_scans_cleaned,"showcase_shipment_scans_cleaned,showcase_delay_reports_cleaned,showcase_warehouse_transfers_cleaned",S00205
S00205,2024-03-16 16:15:00+00:00,hub_departure,on_time,0.0,R1,W5,synthetic_showcase,614,,,,,,,,,,left-only,T-S00205,W1,W5,2024-03-16 12:15:00+00:00,2024-03-16 11:15:00+00:00,2024-03-16 12:15:00+00:00,on_time,synthetic_showcase,94.0,both,showcase_shipment_scans_cleaned,"showcase_shipment_scans_cleaned,showcase_delay_reports_cleaned,showcase_warehouse_transfers_cleaned",S00205
S00205,2024-03-17 01:15:00+00:00,delivery,delivered,0.0,R1,,synthetic_showcase,615,,,,,,,,,,left-only,T-S00205,W1,W5,2024-03-16 12:15:00+00:00,2024-03-16 11:15:00+00:00,2024-03-16 12:15:00+00:00,on_time,synthetic_showcase,94.0,both,showcase_shipment_scans_cleaned,"showcase_shipment_scans_cleaned,showcase_delay_reports_cleaned,showcase_warehouse_transfers_cleaned",S00205
S00206,2024-03-17 09:40:00+00:00,pickup,on_time,0.0,R5,W4,synthetic_showcase,616,,,,,,,,,,left-only,,,,,,,,,,left-only,showcase_shipment_scans_cleaned,"showcase_shipment_scans_cleaned,showcase_delay_reports_cleaned,showcase_warehouse_transfers_cleaned",S00206
S00206,2024-03-18 03:40:00+00:00,delivery,delivered,0.0,R5,,synthetic_showcase,617,,,,,,,,,,left-only,,,,,,,,,,left-only,showcase_shipment_scans_cleaned,"showcase_shipment_scans_cleaned,showcase_delay_reports_cleaned,showcase_warehouse_transfers_cleaned",S00206
S00207,2024-03-18 09:25:00+00:00,pickup,on_time,0.0,R3,W3,synthetic_showcase,618,,,,,,,,,,left-only,,,,,,,,,,left-only,showcase_shipment_scans_cleaned,"showcase_shipment_scans_cleaned,showcase_delay_reports_cleaned,showcase_warehouse_transfers_cleaned",S00207
S00207,2024-03-18 20:25:00+00:00,delivery,delivered,0.0,R3,,synthetic_showcase,619,,,,,,,,,,left-only,,,,,,,,,,left-only,showcase_shipment_scans_cleaned,"showcase_shipment_scans_cleaned,showcase_delay_reports_cleaned,showcase_warehouse_transfers_cleaned",S00207
S00208,2024-03-19 09:01:00+00:00,pickup,on_time,0.0,R2,W2,synthetic_showcase,620,,,,,,,,,,left-only,T-S00208,W2,W3,2024-03-19 17:01:00+00:00,2024-03-19 16:01:00+00:00,2024-03-19 17:01:00+00:00,on_time,synthetic_showcase,95.0,both,showcase_shipment_scans_cleaned,"showcase_shipment_scans_cleaned,showcase_delay_reports_cleaned,showcase_warehouse_transfers_cleaned",S00208
S00208,2024-03-19 17:01:00+00:00,hub_arrival,on_time,0.0,R2,W3,synthetic_showcase,621,,,,,,,,,,left-only,T-S00208,W2,W3,2024-03-19 17:01:00+00:00,2024-03-19 16:01:00+00:00,2024-03-19 17:01:00+00:00,on_time,synthetic_showcase,95.0,both,showcase_shipment_scans_cleaned,"showcase_shipment_scans_cleaned,showcase_delay_reports_cleaned,showcase_warehouse_transfers_cleaned",S00208
S00208,2024-03-19 19:01:00+00:00,hub_departure,on_time,0.0,R2,W3,synthetic_showcase,622,,,,,,,,,,left-only,T-S00208,W2,W3,2024-03-19 17:01:00+00:00,2024-03-19 16:01:00+00:00,2024-03-19 17:01:00+00:00,on_time,synthetic_showcase,95.0,both,showcase_shipment_scans_cleaned,"showcase_shipment_scans_cleaned,showcase_delay_reports_cleaned,showcase_warehouse_transfers_cleaned",S00208
S00208,2024-03-20 05:01:00+00:00,delivery,delivered,0.0,R2,,synthetic_showcase,623,,,,,,,,,,left-only,T-S00208,W2,W3,2024-03-19 17:01:00+00:00,2024-03-19 16:01:00+00:00,2024-03-19 17:01:00+00:00,on_time,synthetic_showcase,95.0,both,showcase_shipment_scans_cleaned,"showcase_shipment_scans_cleaned,showcase_delay_reports_cleaned,showcase_warehouse_transfers_cleaned",S00208
S00209,2024-03-20 09:24:00+00:00,pickup,on_time,0.0,R2,W2,synthetic_showcase,624,,,,,,,,,,left-only,T-S00209,W2,W1,2024-03-20 16:24:00+00:00,2024-03-20 15:24:00+00:00,2024-03-20 16:24:00+00:00,on_time,synthetic_showcase,96.0,both,showcase_shipment_scans_cleaned,"showcase_shipment_scans_cleaned,showcase_delay_reports_cleaned,showcase_warehouse_transfers_cleaned",S00209
S00209,2024-03-20 16:24:00+00:00,hub_arrival,on_time,0.0,R2,W1,synthetic_showcase,625,,,,,,,,,,left-only,T-S00209,W2,W1,2024-03-20 16:24:00+00:00,2024-03-20 15:24:00+00:00,2024-03-20 16:24:00+00:00,on_time,synthetic_showcase,96.0,both,showcase_shipment_scans_cleaned,"showcase_shipment_scans_cleaned,showcase_delay_reports_cleaned,showcase_warehouse_transfers_cleaned",S00209
S00209,2024-03-20 17:24:00+00:00,hub_departure,on_time,0.0,R2,W1,synthetic_showcase,626,,,,,,,,,,left-only,T-S00209,W2,W1,2024-03-20 16:24:00+00:00,2024-03-20 15:24:00+00:00,2024-03-20 16:24:00+00:00,on_time,synthetic_showcase,96.0,both,showcase_shipment_scans_cleaned,"showcase_shipment_scans_cleaned,showcase_delay_reports_cleaned,showcase_warehouse_transfers_cleaned",S00209
S00209,2024-03-21 03:24:00+00:00,delivery,delivered,0.0,R2,,synthetic_showcase,627,,,,,,,,,,left-only,T-S00209,W2,W1,2024-03-20 16:24:00+00:00,2024-03-20 15:24:00+00:00,2024-03-20 16:24:00+00:00,on_time,synthetic_showcase,96.0,both,showcase_shipment_scans_cleaned,"showcase_shipment_scans_cleaned,showcase_delay_reports_cleaned,showcase_warehouse_transfers_cleaned",S00209
S00210,2024-03-21 09:07:00+00:00,pickup,on_time,0.0,R3,W3,synthetic_showcase,628,,,,,,,,,,left-only,,,,,,,,,,left-only,showcase_shipment_scans_cleaned,"showcase_shipment_scans_cleaned,showcase_delay_reports_cleaned,showcase_warehouse_transfers_cleaned",S00210
S00210,2024-03-21 16:07:00+00:00,delivery,delivered,0.0,R3,,synthetic_showcase,629,,,,,,,,,,left-only,,,,,,,,,,left-only,showcase_shipment_scans_cleaned,"showcase_shipment_scans_cleaned,showcase_delay_reports_cleaned,showcase_warehouse_transfers_cleaned",S00210
S00211,2024-03-01 08:51:00+00:00,pickup,on_time,0.0,R2,W2,synthetic_showcase,630,,,,,,,,,,left-only,,,,,,,,,,left-only,showcase_shipment_scans_cleaned,"showcase_shipment_scans_cleaned,showcase_delay_reports_cleaned,showcase_warehouse_transfers_cleaned",S00211
S00211,2024-03-01 23:51:00+00:00,delivery,delivered,0.0,R2,,synthetic_showcase,631,,,,,,,,,,left-only,,,,,,,,,,left-only,showcase_shipment_scans_cleaned,"showcase_shipment_scans_cleaned,showcase_delay_reports_cleaned,showcase_warehouse_transfers_cleaned",S00211
S00212,2024-03-02 08:16:00+00:00,pickup,on_time,0.0,R6,W5,synthetic_showcase,632,,,,,,,,,,left-only,,,,,,,,,,left-only,showcase_shipment_scans_cleaned,"showcase_shipment_scans_cleaned,showcase_delay_reports_cleaned,showcase_warehouse_transfers_cleaned",S00212
S00212,2024-03-02 15:16:00+00:00,delivery,delivered,0.0,R6,,synthetic_showcase,633,,,,,,,,,,left-only,,,,,,,,,,left-only,showcase_shipment_scans_cleaned,"showcase_shipment_scans_cleaned,showcase_delay_reports_cleaned,showcase_warehouse_transfers_cleaned",S00212
S00213,2024-03-03 08:09:00+00:00,pickup,delayed,63.8,R2,W2,synthetic_showcase,634,DL-S00213,customs,122.7,63.8,2024-03-03 23:09:00+00:00,R2,W2,synthetic_showcase,68.0,both,,,,,,,,,,left-only,showcase_shipment_scans_cleaned,"showcase_shipment_scans_cleaned,showcase_delay_reports_cleaned,showcase_warehouse_transfers_cleaned",S00213
S00213,2024-03-03 21:09:00+00:00,delivery,delivered,122.7,R2,,synthetic_showcase,635,DL-S00213,customs,122.7,63.8,2024-03-03 23:09:00+00:00,R2,W2,synthetic_showcase,68.0,both,,,,,,,,,,left-only,showcase_shipment_scans_cleaned,"showcase_shipment_scans_cleaned,showcase_delay_reports_cleaned,showcase_warehouse_transfers_cleaned",S00213
S00214,2024-03-04 08:59:00+00:00,pickup,on_time,0.0,R4,W1,synthetic_showcase,636,,,,,,,,,,left-only,,,,,,,,,,left-only,showcase_shipment_scans_cleaned,"showcase_shipment_scans_cleaned,showcase_delay_reports_cleaned,showcase_warehouse_transfers_cleaned",S00214
S00214,2024-03-04 18:59:00+00:00,delivery,delivered,0.0,R4,,synthetic_showcase,637,,,,,,,,,,left-only,,,,,,,,,,left-only,showcase_shipment_scans_cleaned,"showcase_shipment_scans_cleaned,showcase_delay_reports_cleaned,showcase_warehouse_transfers_cleaned",S00214
S00215,2024-03-05 09:40:00+00:00,pickup,delayed,45.5,R3,W3,synthetic_showcase,638,DL-S00215,mechanical,45.5,45.5,2024-03-06 09:40:00+00:00,R3,W5,synthetic_showcase,69.0,both,,,,,,,,,,left-only,showcase_shipment_scans_cleaned,"showcase_shipment_scans_cleaned,showcase_delay_reports_cleaned,showcase_warehouse_transfers_cleaned",S00215
S00215,2024-03-05 15:40:00+00:00,hub_arrival,on_time,0.0,R3,W5,synthetic_showcase,639,DL-S00215,mechanical,45.5,45.5,2024-03-06 09:40:00+00:00,R3,W5,synthetic_showcase,69.0,both,,,,,,,,,,left-only,showcase_shipment_scans_cleaned,"showcase_shipment_scans_cleaned,showcase_delay_reports_cleaned,showcase_warehouse_transfers_cleaned",S00215
S00215,2024-03-05 18:40:00+00:00,hub_departure,delayed,34.5,R3,W5,synthetic_showcase,640,DL-S00215,mechanical,45.5,45.5,2024-03-06 09:40:00+00:00,R3,W5,synthetic_showcase,69.0,both,,,,,,,,,,left-only,showcase_shipment_scans_cleaned,"showcase_shipment_scans_cleaned,showcase_delay_reports_cleaned,showcase_warehouse_transfers_cleaned",S00215
S00215,2024-03-06 07:40:00+00:00,delivery,delivered,41.0,R3,,synthetic_showcase,641,DL-S00215,mechanical,45.5,45.5,2024-03-06 09:40:00+00:00,R3,W5,synthetic_showcase,69.0,both,,,,,,,,,,left-only,showcase_shipment_scans_cleaned,"showcase_shipment_scans_cleaned,showcase_delay_reports_cleaned,showcase_warehouse_transfers_cleaned",S00215
S00216,2024-03-06 09:54:00+00:00,pickup,on_time,0.0,R6,W5,synthetic_showcase,642,DL-S00216,traffic,181.9,0.0,2024-03-07 14:54:00+00:00,R6,W3,synthetic_showcase,70.0,both,T-S00216,W5,W3,2024-03-06 17:54:00+00:00,2024-03-06 16:54:00+00:00,2024-03-06 17:54:00+00:00,on_time,synthetic_showcase,97.0,both,showcase_shipment_scans_cleaned,"showcase_shipment_scans_cleaned,showcase_delay_reports_cleaned,showcase_warehouse_transfers_cleaned",S00216
S00216,2024-03-06 17:54:00+00:00,hub_arrival,on_time,0.0,R6,W3,synthetic_showcase,643,DL-S00216,traffic,181.9,0.0,2024-03-07 14:54:00+00:00,R6,W3,synthetic_showcase,70.0,both,T-S00216,W5,W3,2024-03-06 17:54:00+00:00,2024-03-06 16:54:00+00:00,2024-03-06 17:54:00+00:00,on_time,synthetic_showcase,97.0,both,showcase_shipment_scans_cleaned,"showcase_shipment_scans_cleaned,showcase_delay_reports_cleaned,showcase_warehouse_transfers_cleaned",S00216
S00216,2024-03-06 21:54:00+00:00,hub_departure,delayed,14.3,R6,W3,synthetic_showcase,644,DL-S00216,traffic,181.9,0.0,2024-03-07 14:54:00+00:00,R6,W3,synthetic_showcase,70.0,both,T-S00216,W5,W3,2024-03-06 17:54:00+00:00,2024-03-06 16:54:00+00:00,2024-03-06 17:54:00+00:00,on_time,synthetic_showcase,97.0,both,showcase_shipment_scans_cleaned,"showcase_shipment_scans_cleaned,showcase_delay_reports_cleaned,showcase_warehouse_transfers_cleaned",S00216
S00216,2024-03-07 12:54:00+00:00,delivery,delivered,181.9,R6,,synthetic_showcase,645,DL-S00216,traffic,181.9,0.0,2024-03-07 14:54:00+00:00,R6,W3,synthetic_showcase,70.0,both,T-S00216,W5,W3,2024-03-06 17:54:00+00:00,2024-03-06 16:54:00+00:00,2024-03-06 17:54:00+00:00,on_time,synthetic_showcase,97.0,both,showcase_shipment_scans_cleaned,"showcase_shipment_scans_cleaned,showcase_delay_reports_cleaned,showcase_warehouse_transfers_cleaned",S00216
S00217,2024-03-07 09:05:00+00:00,pickup,delayed,84.5,R4,W1,synthetic_showcase,646,DL-S00217,weather,84.5,84.5,2024-03-07 20:05:00+00:00,R4,W1,synthetic_showcase,71.0,both,,,,,,,,,,left-only,showcase_shipment_scans_cleaned,"showcase_shipment_scans_cleaned,showcase_delay_reports_cleaned,showcase_warehouse_transfers_cleaned",S00217
S00217,2024-03-07 18:05:00+00:00,delivery,delivered,0.0,R4,,synthetic_showcase,647,DL-S00217,weather,84.5,84.5,2024-03-07 20:05:00+00:00,R4,W1,synthetic_showcase,71.0,both,,,,,,,,,,left-only,showcase_shipment_scans_cleaned,"showcase_shipment_scans_cleaned,showcase_delay_reports_cleaned,showcase_warehouse_transfers_cleaned",S00217
S00218,2024-03-08 09:01:00+00:00,pickup,on_time,0.0,R3,W3,synthetic_showcase,648,,,,,,,,,,left-only,,,,,,,,,,left-only,showcase_shipment_scans_cleaned,"showcase_shipment_scans_cleaned,showcase_delay_reports_cleaned,showcase_warehouse_transfers_cleaned",S00218
S00218,2024-03-08 18:01:00+00:00,delivery,delivered,0.0,R3,,synthetic_showcase,649,,,,,,,,,,left-only,,,,,,,,,,left-only,showcase_shipment_scans_cleaned,"showcase_shipment_scans_cleaned,showcase_delay_reports_cleaned,showcase_warehouse_transfers_cleaned",S00218
S00219,2024-03-09 09:57:00+00:00,pickup,on_time,0.0,R6,W5,synthetic_showcase,650,,,,,,,,,,left-only,,,,,,,,,,left-only,showcase_shipment_scans_cleaned,"showcase_shipment_scans_cleaned,showcase_delay_reports_cleaned,showcase_warehouse_transfers_cleaned",S00219
S00219,2024-03-10 02:57:00+00:00,delivery,delivered,0.0,R6,,synthetic_showcase,651,,,,,,,,,,left-only,,,,,,,,,,left-only,showcase_shipment_scans_cleaned,"showcase_shipment_scans_cleaned,showcase_delay_reports_cleaned,showcase_warehouse_transfers_cleaned",S00219
S00220,2024-03-10 08:16:00+00:00,pickup,on_time,0.0,R1,W1,synthetic_showcase,652,,,,,,,,,,left-only,,,,,,,,,,left-only,showcase_shipment_scans_cleaned,"showcase_shipment_scans_cleaned,showcase_delay_reports_cleaned,showcase_warehouse_transfers_cleaned",S00220
S00220,2024-03-10 22:16:00+00:00,delivery,delivered,0.0,R1,,synthetic_showcase,653,,,,,,,,,,left-only,,,,,,,,,,left-only,showcase_shipment_scans_cleaned,"showcase_shipment_scans_cleaned,showcase_delay_reports_cleaned,showcase_warehouse_transfers_cleaned",S00220
S00221,2024-03-11 09:28:00+00:00,pickup,on_time,0.0,R3,W3,synthetic_showcase,654,,,,,,,,,,left-only,T-S00221,W3,W5,2024-03-11 17:28:00+00:00,2024-03-11 16:28:00+00:00,2024-03-11 17:28:00+00:00,on_time,synthetic_showcase,98.0,both,showcase_shipment_scans_cleaned,"showcase_shipment_scans_cleaned,showcase_delay_reports_cleaned,showcase_warehouse_transfers_cleaned",S00221
S00221,2024-03-11 17:28:00+00:00,hub_arrival,on_time,0.0,R3,W5,synthetic_showcase,655,,,,,,,,,,left-only,T-S00221,W3,W5,2024-03-11 17:28:00+00:00,2024-03-11 16:28:00+00:00,2024-03-11 17:28:00+00:00,on_time,synthetic_showcase,98.0,both,showcase_shipment_scans_cleaned,"showcase_shipment_scans_cleaned,showcase_delay_reports_cleaned,showcase_warehouse_transfers_cleaned",S00221
S00221,2024-03-11 20:28:00+00:00,hub_departure,on_time,0.0,R3,W5,synthetic_showcase,656,,,,,,,,,,left-only,T-S00221,W3,W5,2024-03-11 17:28:00+00:00,2024-03-11 16:28:00+00:00,2024-03-11 17:28:00+00:00,on_time,synthetic_showcase,98.0,both,showcase_shipment_scans_cleaned,"showcase_shipment_scans_cleaned,showcase_delay_reports_cleaned,showcase_warehouse_transfers_cleaned",S00221
S00221,2024-03-12 09:28:00+00:00,delivery,delivered,0.0,R3,,synthetic_showcase,657,,,,,,,,,,left-only,T-S00221,W3,W5,2024-03-11 17:28:00+00:00,2024-03-11 16:28:00+00:00,2024-03-11 17:28:00+00:00,on_time,synthetic_showcase,98.0,both,showcase_shipment_scans_cleaned,"showcase_shipment_scans_cleaned,showcase_delay_reports_cleaned,showcase_warehouse_transfers_cleaned",S00221
S00222,2024-03-12 08:38:00+00:00,pickup,on_time,0.0,R2,W2,synthetic_showcase,658,,,,,,,,,,left-only,,,,,,,,,,left-only,showcase_shipment_scans_cleaned,"showcase_shipment_scans_cleaned,showcase_delay_reports_cleaned,showcase_warehouse_transfers_cleaned",S00222
S00222,2024-03-12 15:38:00+00:00,delivery,delivered,0.0,R2,,synthetic_showcase,659,,,,,,,,,,left-only,,,,,,,,,,left-only,showcase_shipment_scans_cleaned,"showcase_shipment_scans_cleaned,showcase_delay_reports_cleaned,showcase_warehouse_transfers_cleaned",S00222
S00223,2024-03-13 08:07:00+00:00,pickup,on_time,0.0,R2,W2,synthetic_showcase,660,,,,,,,,,,left-only,,,,,,,,,,left-only,showcase_shipment_scans_cleaned,"showcase_shipment_scans_cleaned,showcase_delay_reports_cleaned,showcase_warehouse_transfers_cleaned",S00223
S00223,2024-03-13 20:07:00+00:00,delivery,delivered,0.0,R2,,synthetic_showcase,661,,,,,,,,,,left-only,,,,,,,,,,left-only,showcase_shipment_scans_cleaned,"showcase_shipment_scans_cleaned,showcase_delay_reports_cleaned,showcase_warehouse_transfers_cleaned",S00223
S00224,2024-03-14 09:25:00+00:00,pickup,on_time,0.0,R1,W1,synthetic_showcase,662,DL-S00224,weather,95.1,0.0,2024-03-15 21:25:00+00:00,R1,W1,synthetic_showcase,72.0,both,,,,,,,,,,left-only,showcase_shipment_scans_cleaned,"showcase_shipment_scans_cleaned,showcase_delay_reports_cleaned,showcase_warehouse_transfers_cleaned",S00224
S00224,2024-03-15 02:25:00+00:00,delivery_attempt,delayed,95.1,R1,,synthetic_showcase,663,DL-S00224,weather,95.1,0.0,2024-03-15 21:25:00+00:00,R1,W1,synthetic_showcase,72.0,both,,,,,,,,,,left-only,showcase_shipment_scans_cleaned,"showcase_shipment_scans_cleaned,showcase_delay_reports_cleaned,showcase_warehouse_transfers_cleaned",S00224
S00224,2024-03-15 19:25:00+00:00,delivery,delivered,22.0,R1,,synthetic_showcase,664,DL-S00224,weather,95.1,0.0,2024-03-15 21:25:00+00:00,R1,W1,synthetic_showcase,72.0,both,,,,,,,,,,left-only,showcase_shipment_scans_cleaned,"showcase_shipment_scans_cleaned,showcase_delay_reports_cleaned,showcase_warehouse_transfers_cleaned",S00224
S00225,2024-03-15 09:16:00+00:00,pickup,on_time,0.0,R5,W4,synthetic_showcase,665,,,,,,,,,,left-only,,,,,,,,,,left-only,showcase_shipment_scans_cleaned,"showcase_shipment_scans_cleaned,showcase_delay_reports_cleaned,showcase_warehouse_transfers_cleaned",S00225
S00225,2024-03-15 15:16:00+00:00,delivery,delivered,0.0,R5,,synthetic_showcase,666,,,,,,,,,,left-only,,,,,,,,,,left-only,showcase_shipment_scans_cleaned,"showcase_shipment_scans_cleaned,showcase_delay_reports_cleaned,showcase_warehouse_transfers_cleaned",S00225
S00226,2024-03-16 08:18:00+00:00,pickup,on_time,0.0,R2,W2,synthetic_showcase,667,,,,,,,,,,left-only,T-S00226,W2,W3,2024-03-16 18:18:00+00:00,2024-03-16 17:18:00+00:00,2024-03-16 18:18:00+00:00,on_time,synthetic_showcase,99.0,both,showcase_shipment_scans_cleaned,"showcase_shipment_scans_cleaned,showcase_delay_reports_cleaned,showcase_warehouse_transfers_cleaned",S00226
S00226,2024-03-16 18:18:00+00:00,hub_arrival,on_time,0.0,R2,W3,synthetic_showcase,668,,,,,,,,,,left-only,T-S00226,W2,W3,2024-03-16 18:18:00+00:00,2024-03-16 17:18:00+00:00,2024-03-16 18:18:00+00:00,on_time,synthetic_showcase,99.0,both,showcase_shipment_scans_cleaned,"showcase_shipment_scans_cleaned,showcase_delay_reports_cleaned,showcase_warehouse_transfers_cleaned",S00226
S00226,2024-03-16 19:18:00+00:00,hub_departure,on_time,0.0,R2,W3,synthetic_showcase,669,,,,,,,,,,left-only,T-S00226,W2,W3,2024-03-16 18:18:00+00:00,2024-03-16 17:18:00+00:00,2024-03-16 18:18:00+00:00,on_time,synthetic_showcase,99.0,both,showcase_shipment_scans_cleaned,"showcase_shipment_scans_cleaned,showcase_delay_reports_cleaned,showcase_warehouse_transfers_cleaned",S00226
S00226,2024-03-17 10:18:00+00:00,delivery,delivered,0.0,R2,,synthetic_showcase,670,,,,,,,,,,left-only,T-S00226,W2,W3,2024-03-16 18:18:00+00:00,2024-03-16 17:18:00+00:00,2024-03-16 18:18:00+00:00,on_time,synthetic_showcase,99.0,both,showcase_shipment_scans_cleaned,"showcase_shipment_scans_cleaned,showcase_delay_reports_cleaned,showcase_warehouse_transfers_cleaned",S00226
S00227,2024-03-17 08:02:00+00:00,pickup,delayed,28.6,R5,W4,synthetic_showcase,671,DL-S00227,congestion,28.6,28.6,2024-03-18 01:02:00+00:00,R5,W4,synthetic_showcase,73.0,both,,,,,,,,,,left-only,showcase_shipment_scans_cleaned,"showcase_shipment_scans_cleaned,showcase_delay_reports_cleaned,showcase_warehouse_transfers_cleaned",S00227
S00227,2024-03-17 23:02:00+00:00,delivery,delivered,0.0,R5,,synthetic_showcase,672,DL-S00227,congestion,28.6,28.6,2024-03-18 01:02:00+00:00,R5,W4,synthetic_showcase,73.0,both,,,,,,,,,,left-only,showcase_shipment_scans_cleaned,"showcase_shipment_scans_cleaned,showcase_delay_reports_cleaned,showcase_warehouse_transfers_cleaned",S00227
S00228,2024-03-18 09:30:00+00:00,pickup,on_time,0.0,R5,W4,synthetic_showcase,673,DL-S00228,traffic,78.5,0.0,2024-03-19 08:30:00+00:00,R5,W1,synthetic_showcase,74.0,both,,,,,,,,,,left-only,showcase_shipment_scans_cleaned,"showcase_shipment_scans_cleaned,showcase_delay_reports_cleaned,showcase_warehouse_transfers_cleaned",S00228
S00228,2024-03-18 13:30:00+00:00,hub_arrival,on_time,0.0,R5,W1,synthetic_showcase,674,DL-S00228,traffic,78.5,0.0,2024-03-19 08:30:00+00:00,R5,W1,synthetic_showcase,74.0,both,,,,,,,,,,left-only,showcase_shipment_scans_cleaned,"showcase_shipment_scans_cleaned,showcase_delay_reports_cleaned,showcase_warehouse_transfers_cleaned",S00228
S00228,2024-03-18 15:30:00+00:00,hub_departure,on_time,0.0,R5,W1,synthetic_showcase,675,DL-S00228,traffic,78.5,0.0,2024-03-19 08:30:00+00:00,R5,W1,synthetic_showcase,74.0,both,,,,,,,,,,left-only,showcase_shipment_scans_cleaned,"showcase_shipment_scans_cleaned,showcase_delay_reports_cleaned,showcase_warehouse_transfers_cleaned",S00228
S00228,2024-03-19 06:30:00+00:00,delivery,delivered,78.5,R5,,synthetic_showcase,676,DL-S00228,traffic,78.5,0.0,2024-03-19 08:30:00+00:00,R5,W1,synthetic_showcase,74.0,both,,,,,,,,,,left-only,showcase_shipment_scans_cleaned,"showcase_shipment_scans_cleaned,showcase_delay_reports_cleaned,showcase_warehouse_transfers_cleaned",S00228
S00229,2024-03-19 09:14:00+00:00,pickup,on_time,0.0,R2,W2,synthetic_showcase,677,,,,,,,,,,left-only,,,,,,,,,,left-only,showcase_shipment_scans_cleaned,"showcase_shipment_scans_cleaned,showcase_delay_reports_cleaned,showcase_warehouse_transfers_cleaned",S00229
S00229,2024-03-19 20:14:00+00:00,delivery,delivered,0.0,R2,,synthetic_showcase,678,,,,,,,,,,left-only,,,,,,,,,,left-only,showcase_shipment_scans_cleaned,"showcase_shipment_scans_cleaned,showcase_delay_reports_cleaned,showcase_warehouse_transfers_cleaned",S00229
S00230,2024-03-20 08:03:00+00:00,pickup,on_time,0.0,R6,W5,synthetic_showcase,679,,,,,,,,,,left-only,T-S00230,W5,W4,2024-03-20 17:03:00+00:00,2024-03-20 16:03:00+00:00,2024-03-20 17:03:00+00:00,on_time,synthetic_showcase,100.0,both,showcase_shipment_scans_cleaned,"showcase_shipment_scans_cleaned,showcase_delay_reports_cleaned,showcase_warehouse_transfers_cleaned",S00230
S00230,2024-03-20 17:03:00+00:00,hub_arrival,on_time,0.0,R6,W4,synthetic_showcase,680,,,,,,,,,,left-only,T-S00230,W5,W4,2024-03-20 17:03:00+00:00,2024-03-20 16:03:00+00:00,2024-03-20 17:03:00+00:00,on_time,synthetic_showcase,100.0,both,showcase_shipment_scans_cleaned,"showcase_shipment_scans_cleaned,showcase_delay_reports_cleaned,showcase_warehouse_transfers_cleaned",S00230
S00230,2024-03-20 18:03:00+00:00,hub_departure,on_time,0.0,R6,W4,synthetic_showcase,681,,,,,,,,,,left-only,T-S00230,W5,W4,2024-03-20 17:03:00+00:00,2024-03-20 16:03:00+00:00,2024-03-20 17:03:00+00:00,on_time,synthetic_showcase,100.0,both,showcase_shipment_scans_cleaned,"showcase_shipment_scans_cleaned,showcase_delay_reports_cleaned,showcase_warehouse_transfers_cleaned",S00230
S00230,2024-03-21 05:03:00+00:00,delivery,delivered,0.0,R6,,synthetic_showcase,682,,,,,,,,,,left-only,T-S00230,W5,W4,2024-03-20 17:03:00+00:00,2024-03-20 16:03:00+00:00,2024-03-20 17:03:00+00:00,on_time,synthetic_showcase,100.0,both,showcase_shipment_scans_cleaned,"showcase_shipment_scans_cleaned,showcase_delay_reports_cleaned,showcase_warehouse_transfers_cleaned",S00230
S00231,2024-03-21 08:03:00+00:00,pickup,delayed,22.8,R4,W1,synthetic_showcase,683,DL-S00231,traffic,70.7,22.8,2024-03-22 10:03:00+00:00,R4,W2,synthetic_showcase,75.0,both,T-S00231,W1,W2,2024-03-21 18:03:00+00:00,2024-03-21 17:03:00+00:00,2024-03-21 18:03:00+00:00,on_time,synthetic_showcase,101.0,both,showcase_shipment_scans_cleaned,"showcase_shipment_scans_cleaned,showcase_delay_reports_cleaned,showcase_warehouse_transfers_cleaned",S00231
S00231,2024-03-21 18:03:00+00:00,hub_arrival,on_time,0.0,R4,W2,synthetic_showcase,684,DL-S00231,traffic,70.7,22.8,2024-03-22 10:03:00+00:00,R4,W2,synthetic_showcase,75.0,both,T-S00231,W1,W2,2024-03-21 18:03:00+00:00,2024-03-21 17:03:00+00:00,2024-03-21 18:03:00+00:00,on_time,synthetic_showcase,101.0,both,showcase_shipment_scans_cleaned,"showcase_shipment_scans_cleaned,showcase_delay_reports_cleaned,showcase_warehouse_transfers_cleaned",S00231
S00231,2024-03-21 19:03:00+00:00,hub_departure,on_time,0.0,R4,W2,synthetic_showcase,685,DL-S00231,traffic,70.7,22.8,2024-03-22 10:03:00+00:00,R4,W2,synthetic_showcase,75.0,both,T-S00231,W1,W2,2024-03-21 18:03:00+00:00,2024-03-21 17:03:00+00:00,2024-03-21 18:03:00+00:00,on_time,synthetic_showcase,101.0,both,showcase_shipment_scans_cleaned,"showcase_shipment_scans_cleaned,showcase_delay_reports_cleaned,showcase_warehouse_transfers_cleaned",S00231
S00231,2024-03-22 08:03:00+00:00,delivery,delivered,70.7,R4,,synthetic_showcase,686,DL-S00231,traffic,70.7,22.8,2024-03-22 10:03:00+00:00,R4,W2,synthetic_showcase,75.0,both,T-S00231,W1,W2,2024-03-21 18:03:00+00:00,2024-03-21 17:03:00+00:00,2024-03-21 18:03:00+00:00,on_time,synthetic_showcase,101.0,both,showcase_shipment_scans_cleaned,"showcase_shipment_scans_cleaned,showcase_delay_reports_cleaned,showcase_warehouse_transfers_cleaned",S00231
S00232,2024-03-01 08:18:00+00:00,pickup,on_time,0.0,R4,W1,synthetic_showcase,687,DL-S00232,congestion,71.5,0.0,2024-03-02 15:18:00+00:00,R4,W5,synthetic_showcase,76.0,both,T-S00232,W1,W5,2024-03-01 18:18:00+00:00,2024-03-01 17:18:00+00:00,2024-03-01 18:18:00+00:00,delayed,synthetic_showcase,102.0,both,showcase_shipment_scans_cleaned,"showcase_shipment_scans_cleaned,showcase_delay_reports_cleaned,showcase_warehouse_transfers_cleaned",S00232
S00232,2024-03-01 18:18:00+00:00,hub_arrival,delayed,71.5,R4,W5,synthetic_showcase,688,DL-S00232,congestion,71.5,0.0,2024-03-02 15:18:00+00:00,R4,W5,synthetic_showcase,76.0,both,T-S00232,W1,W5,2024-03-01 18:18:00+00:00,2024-03-01 17:18:00+00:00,2024-03-01 18:18:00+00:00,delayed,synthetic_showcase,102.0,both,showcase_shipment_scans_cleaned,"showcase_shipment_scans_cleaned,showcase_delay_reports_cleaned,showcase_warehouse_transfers_cleaned",S00232
S00232,2024-03-01 20:18:00+00:00,hub_departure,on_time,0.0,R4,W5,synthetic_showcase,689,DL-S00232,congestion,71.5,0.0,2024-03-02 15:18:00+00:00,R4,W5,synthetic_showcase,76.0,both,T-S00232,W1,W5,2024-03-01 18:18:00+00:00,2024-03-01 17:18:00+00:00,2024-03-01 18:18:00+00:00,delayed,synthetic_showcase,102.0,both,showcase_shipment_scans_cleaned,"showcase_shipment_scans_cleaned,showcase_delay_reports_cleaned,showcase_warehouse_transfers_cleaned",S00232
S00232,2024-03-02 13:18:00+00:00,delivery,delivered,0.0,R4,,synthetic_showcase,690,DL-S00232,congestion,71.5,0.0,2024-03-02 15:18:00+00:00,R4,W5,synthetic_showcase,76.0,both,T-S00232,W1,W5,2024-03-01 18:18:00+00:00,2024-03-01 17:18:00+00:00,2024-03-01 18:18:00+00:00,delayed,synthetic_showcase,102.0,both,showcase_shipment_scans_cleaned,"showcase_shipment_scans_cleaned,showcase_delay_reports_cleaned,showcase_warehouse_transfers_cleaned",S00232
S00233,2024-03-02 09:39:00+00:00,pickup,on_time,0.0,R3,W3,synthetic_showcase,691,,,,,,,,,,left-only,T-S00233,W3,W1,2024-03-02 14:39:00+00:00,2024-03-02 13:39:00+00:00,2024-03-02 14:39:00+00:00,on_time,synthetic_showcase,103.0,both,showcase_shipment_scans_cleaned,"showcase_shipment_scans_cleaned,showcase_delay_reports_cleaned,showcase_warehouse_transfers_cleaned",S00233
S00233,2024-03-02 14:39:00+00:00,hub_arrival,on_time,0.0,R3,W1,synthetic_showcase,692,,,,,,,,,,left-only,T-S00233,W3,W1,2024-03-02 14:39:00+00:00,2024-03-02 13:39:00+00:00,2024-03-02 14:39:00+00:00,on_time,synthetic_showcase,103.0,both,showcase_shipment_scans_cleaned,"showcase_shipment_scans_cleaned,showcase_delay_reports_cleaned,showcase_warehouse_transfers_cleaned",S00233
S00233,2024-03-02 15:39:00+00:00,hub_departure,on_time,0.0,R3,W1,synthetic_showcase,693,,,,,,,,,,left-only,T-S00233,W3,W1,2024-03-02 14:39:00+00:00,2024-03-02 13:39:00+00:00,2024-03-02 14:39:00+00:00,on_time,synthetic_showcase,103.0,both,showcase_shipment_scans_cleaned,"showcase_shipment_scans_cleaned,showcase_delay_reports_cleaned,showcase_warehouse_transfers_cleaned",S00233
S00233,2024-03-03 07:39:00+00:00,delivery,delivered,0.0,R3,,synthetic_showcase,694,,,,,,,,,,left-only,T-S00233,W3,W1,2024-03-02 14:39:00+00:00,2024-03-02 13:39:00+00:00,2024-03-02 14:39:00+00:00,on_time,synthetic_showcase,103.0,both,showcase_shipment_scans_cleaned,"showcase_shipment_scans_cleaned,showcase_delay_reports_cleaned,showcase_warehouse_transfers_cleaned",S00233
S00234,2024-03-03 08:32:00+00:00,pickup,on_time,0.0,R2,W2,synthetic_showcase,695,,,,,,,,,,left-only,T-S00234,W2,W5,2024-03-03 18:32:00+00:00,2024-03-03 17:32:00+00:00,2024-03-03 18:32:00+00:00,on_time,synthetic_showcase,104.0,both,showcase_shipment_scans_cleaned,"showcase_shipment_scans_cleaned,showcase_delay_reports_cleaned,showcase_warehouse_transfers_cleaned",S00234
S00234,2024-03-03 18:32:00+00:00,hub_arrival,on_time,0.0,R2,W5,synthetic_showcase,696,,,,,,,,,,left-only,T-S00234,W2,W5,2024-03-03 18:32:00+00:00,2024-03-03 17:32:00+00:00,2024-03-03 18:32:00+00:00,on_time,synthetic_showcase,104.0,both,showcase_shipment_scans_cleaned,"showcase_shipment_scans_cleaned,showcase_delay_reports_cleaned,showcase_warehouse_transfers_cleaned",S00234
S00234,2024-03-03 20:32:00+00:00,hub_departure,on_time,0.0,R2,W5,synthetic_showcase,697,,,,,,,,,,left-only,T-S00234,W2,W5,2024-03-03 18:32:00+00:00,2024-03-03 17:32:00+00:00,2024-03-03 18:32:00+00:00,on_time,synthetic_showcase,104.0,both,showcase_shipment_scans_cleaned,"showcase_shipment_scans_cleaned,showcase_delay_reports_cleaned,showcase_warehouse_transfers_cleaned",S00234
S00234,2024-03-04 13:32:00+00:00,delivery,delivered,0.0,R2,,synthetic_showcase,698,,,,,,,,,,left-only,T-S00234,W2,W5,2024-03-03 18:32:00+00:00,2024-03-03 17:32:00+00:00,2024-03-03 18:32:00+00:00,on_time,synthetic_showcase,104.0,both,showcase_shipment_scans_cleaned,"showcase_shipment_scans_cleaned,showcase_delay_reports_cleaned,showcase_warehouse_transfers_cleaned",S00234
S00235,2024-03-04 09:55:00+00:00,pickup,on_time,0.0,R4,W1,synthetic_showcase,699,DL-S00235,weather,151.2,0.0,2024-03-05 06:55:00+00:00,R4,W3,synthetic_showcase,77.0,both,T-S00235,W1,W3,2024-03-04 15:55:00+00:00,2024-03-04 14:55:00+00:00,2024-03-04 15:55:00+00:00,delayed,synthetic_showcase,105.0,both,showcase_shipment_scans_cleaned,"showcase_shipment_scans_cleaned,showcase_delay_reports_cleaned,showcase_warehouse_transfers_cleaned",S00235
S00235,2024-03-04 15:55:00+00:00,hub_arrival,delayed,27.7,R4,W3,synthetic_showcase,700,DL-S00235,weather,151.2,0.0,2024-03-05 06:55:00+00:00,R4,W3,synthetic_showcase,77.0,both,T-S00235,W1,W3,2024-03-04 15:55:00+00:00,2024-03-04 14:55:00+00:00,2024-03-04 15:55:00+00:00,delayed,synthetic_showcase,105.0,both,showcase_shipment_scans_cleaned,"showcase_shipment_scans_cleaned,showcase_delay_reports_cleaned,showcase_warehouse_transfers_cleaned",S00235
S00235,2024-03-04 17:55:00+00:00,hub_departure,on_time,0.0,R4,W3,synthetic_showcase,701,DL-S00235,weather,151.2,0.0,2024-03-05 06:55:00+00:00,R4,W3,synthetic_showcase,77.0,both,T-S00235,W1,W3,2024-03-04 15:55:00+00:00,2024-03-04 14:55:00+00:00,2024-03-04 15:55:00+00:00,delayed,synthetic_showcase,105.0,both,showcase_shipment_scans_cleaned,"showcase_shipment_scans_cleaned,showcase_delay_reports_cleaned,showcase_warehouse_transfers_cleaned",S00235
S00235,2024-03-05 04:55:00+00:00,delivery,delivered,151.2,R4,,synthetic_showcase,702,DL-S00235,weather,151.2,0.0,2024-03-05 06:55:00+00:00,R4,W3,synthetic_showcase,77.0,both,T-S00235,W1,W3,2024-03-04 15:55:00+00:00,2024-03-04 14:55:00+00:00,2024-03-04 15:55:00+00:00,delayed,synthetic_showcase,105.0,both,showcase_shipment_scans_cleaned,"showcase_shipment_scans_cleaned,showcase_delay_reports_cleaned,showcase_warehouse_transfers_cleaned",S00235
S00236,2024-03-05 09:32:00+00:00,pickup,on_time,0.0,R6,W5,synthetic_showcase,703,,,,,,,,,,left-only,,,,,,,,,,left-only,showcase_shipment_scans_cleaned,"showcase_shipment_scans_cleaned,showcase_delay_reports_cleaned,showcase_warehouse_transfers_cleaned",S00236
S00236,2024-03-05 19:32:00+00:00,delivery,delivered,0.0,R6,,synthetic_showcase,704,,,,,,,,,,left-only,,,,,,,,,,left-only,showcase_shipment_scans_cleaned,"showcase_shipment_scans_cleaned,showcase_delay_reports_cleaned,showcase_warehouse_transfers_cleaned",S00236
S00237,2024-03-06 09:09:00+00:00,pickup,delayed,12.9,R3,W3,synthetic_showcase,705,DL-S00237,traffic,22.8,12.9,2024-03-07 18:09:00+00:00,R3,W3,synthetic_showcase,78.0,both,,,,,,,,,,left-only,showcase_shipment_scans_cleaned,"showcase_shipment_scans_cleaned,showcase_delay_reports_cleaned,showcase_warehouse_transfers_cleaned",S00237
S00237,2024-03-06 21:09:00+00:00,delivery_attempt,delayed,22.8,R3,,synthetic_showcase,706,DL-S00237,traffic,22.8,12.9,2024-03-07 18:09:00+00:00,R3,W3,synthetic_showcase,78.0,both,,,,,,,,,,left-only,showcase_shipment_scans_cleaned,"showcase_shipment_scans_cleaned,showcase_delay_reports_cleaned,showcase_warehouse_transfers_cleaned",S00237
S00237,2024-03-07 16:09:00+00:00,delivery,delivered,0.0,R3,,synthetic_showcase,707,DL-S00237,traffic,22.8,12.9,2024-03-07 18:09:00+00:00,R3,W3,synthetic_showcase,78.0,both,,,,,,,,,,left-only,showcase_shipment_scans_cleaned,"showcase_shipment_scans_cleaned,showcase_delay_reports_cleaned,showcase_warehouse_transfers_cleaned",S00237
S00238,2024-03-07 09:23:00+00:00,pickup,on_time,0.0,R2,W2,synthetic_showcase,708,DL-S00238,congestion,26.1,0.0,2024-03-08 16:23:00+00:00,R2,W2,synthetic_showcase,79.0,both,,,,,,,,,,left-only,showcase_shipment_scans_cleaned,"showcase_shipment_scans_cleaned,showcase_delay_reports_cleaned,showcase_warehouse_transfers_cleaned",S00238
S00238,2024-03-07 22:23:00+00:00,delivery_attempt,delayed,26.1,R2,,synthetic_showcase,709,DL-S00238,congestion,26.1,0.0,2024-03-08 16:23:00+00:00,R2,W2,synthetic_showcase,79.0,both,,,,,,,,,,left-only,showcase_shipment_scans_cleaned,"showcase_shipment_scans_cleaned,showcase_delay_reports_cleaned,showcase_warehouse_transfers_cleaned",S00238
S00238,2024-03-08 14:23:00+00:00,delivery,delivered,0.0,R2,,synthetic_showcase,710,DL-S00238,congestion,26.1,0.0,2024-03-08 16:23:00+00:00,R2,W2,synthetic_showcase,79.0,both,,,,,,,,,,left-only,showcase_shipment_scans_cleaned,"showcase_shipment_scans_cleaned,showcase_delay_reports_cleaned,showcase_warehouse_transfers_cleaned",S00238
S00239,2024-03-08 08:15:00+00:00,pickup,on_time,0.0,R6,W5,synthetic_showcase,711,,,,,,,,,,left-only,,,,,,,,,,left-only,showcase_shipment_scans_cleaned,"showcase_shipment_scans_cleaned,showcase_delay_reports_cleaned,showcase_warehouse_transfers_cleaned",S00239
S00239,2024-03-09 02:15:00+00:00,delivery,delivered,0.0,R6,,synthetic_showcase,712,,,,,,,,,,left-only,,,,,,,,,,left-only,showcase_shipment_scans_cleaned,"showcase_shipment_scans_cleaned,showcase_delay_reports_cleaned,showcase_warehouse_transfers_cleaned",S00239
S00240,2024-03-09 09:39:00+00:00,pickup,on_time,0.0,R1,W1,synthetic_showcase,713,,,,,,,,,,left-only,T-S00240,W1,W5,2024-03-09 15:39:00+00:00,2024-03-09 14:39:00+00:00,2024-03-09 15:39:00+00:00,on_time,synthetic_showcase,106.0,both,showcase_shipment_scans_cleaned,"showcase_shipment_scans_cleaned,showcase_delay_reports_cleaned,showcase_warehouse_transfers_cleaned",S00240
S00240,2024-03-09 15:39:00+00:00,hub_arrival,on_time,0.0,R1,W5,synthetic_showcase,714,,,,,,,,,,left-only,T-S00240,W1,W5,2024-03-09 15:39:00+00:00,2024-03-09 14:39:00+00:00,2024-03-09 15:39:00+00:00,on_time,synthetic_showcase,106.0,both,showcase_shipment_scans_cleaned,"showcase_shipment_scans_cleaned,showcase_delay_reports_cleaned,showcase_warehouse_transfers_cleaned",S00240
S00240,2024-03-09 19:39:00+00:00,hub_departure,on_time,0.0,R1,W5,synthetic_showcase,715,,,,,,,,,,left-only,T-S00240,W1,W5,2024-03-09 15:39:00+00:00,2024-03-09 14:39:00+00:00,2024-03-09 15:39:00+00:00,on_time,synthetic_showcase,106.0,both,showcase_shipment_scans_cleaned,"showcase_shipment_scans_cleaned,showcase_delay_reports_cleaned,showcase_warehouse_transfers_cleaned",S00240
S00240,2024-03-10 11:39:00+00:00,delivery,delivered,0.0,R1,,synthetic_showcase,716,,,,,,,,,,left-only,T-S00240,W1,W5,2024-03-09 15:39:00+00:00,2024-03-09 14:39:00+00:00,2024-03-09 15:39:00+00:00,on_time,synthetic_showcase,106.0,both,showcase_shipment_scans_cleaned,"showcase_shipment_scans_cleaned,showcase_delay_reports_cleaned,showcase_warehouse_transfers_cleaned",S00240
S00241,2024-03-10 09:59:00+00:00,pickup,on_time,0.0,R1,W1,synthetic_showcase,717,,,,,,,,,,left-only,,,,,,,,,,left-only,showcase_shipment_scans_cleaned,"showcase_shipment_scans_cleaned,showcase_delay_reports_cleaned,showcase_warehouse_transfers_cleaned",S00241
S00241,2024-03-10 21:59:00+00:00,delivery,delivered,0.0,R1,,synthetic_showcase,718,,,,,,,,,,left-only,,,,,,,,,,left-only,showcase_shipment_scans_cleaned,"showcase_shipment_scans_cleaned,showcase_delay_reports_cleaned,showcase_warehouse_transfers_cleaned",S00241
S00242,2024-03-11 09:59:00+00:00,pickup,on_time,0.0,R5,W4,synthetic_showcase,719,,,,,,,,,,left-only,T-S00242,W4,W1,2024-03-11 17:59:00+00:00,2024-03-11 16:59:00+00:00,2024-03-11 17:59:00+00:00,on_time,synthetic_showcase,107.0,both,showcase_shipment_scans_cleaned,"showcase_shipment_scans_cleaned,showcase_delay_reports_cleaned,showcase_warehouse_transfers_cleaned",S00242
S00242,2024-03-11 17:59:00+00:00,hub_arrival,on_time,0.0,R5,W1,synthetic_showcase,720,,,,,,,,,,left-only,T-S00242,W4,W1,2024-03-11 17:59:00+00:00,2024-03-11 16:59:00+00:00,2024-03-11 17:59:00+00:00,on_time,synthetic_showcase,107.0,both,showcase_shipment_scans_cleaned,"showcase_shipment_scans_cleaned,showcase_delay_reports_cleaned,showcase_warehouse_transfers_cleaned",S00242
S00242,2024-03-11 20:59:00+00:00,hub_departure,on_time,0.0,R5,W1,synthetic_showcase,721,,,,,,,,,,left-only,T-S00242,W4,W1,2024-03-11 17:59:00+00:00,2024-03-11 16:59:00+00:00,2024-03-11 17:59:00+00:00,on_time,synthetic_showcase,107.0,both,showcase_shipment_scans_cleaned,"showcase_shipment_scans_cleaned,showcase_delay_reports_cleaned,showcase_warehouse_transfers_cleaned",S00242
S00242,2024-03-12 06:59:00+00:00,delivery,delivered,0.0,R5,,synthetic_showcase,722,,,,,,,,,,left-only,T-S00242,W4,W1,2024-03-11 17:59:00+00:00,2024-03-11 16:59:00+00:00,2024-03-11 17:59:00+00:00,on_time,synthetic_showcase,107.0,both,showcase_shipment_scans_cleaned,"showcase_shipment_scans_cleaned,showcase_delay_reports_cleaned,showcase_warehouse_transfers_cleaned",S00242
S00243,2024-03-12 08:11:00+00:00,pickup,delayed,47.1,R6,W5,synthetic_showcase,723,DL-S00243,congestion,108.4,47.1,2024-03-13 07:11:00+00:00,R6,W1,synthetic_showcase,80.0,both,T-S00243,W5,W1,2024-03-12 16:11:00+00:00,2024-03-12 15:11:00+00:00,2024-03-12 16:11:00+00:00,delayed,synthetic_showcase,108.0,both,showcase_shipment_scans_cleaned,"showcase_shipment_scans_cleaned,showcase_delay_reports_cleaned,showcase_warehouse_transfers_cleaned",S00243
S00243,2024-03-12 16:11:00+00:00,hub_arrival,delayed,16.1,R6,W1,synthetic_showcase,724,DL-S00243,congestion,108.4,47.1,2024-03-13 07:11:00+00:00,R6,W1,synthetic_showcase,80.0,both,T-S00243,W5,W1,2024-03-12 16:11:00+00:00,2024-03-12 15:11:00+00:00,2024-03-12 16:11:00+00:00,delayed,synthetic_showcase,108.0,both,showcase_shipment_scans_cleaned,"showcase_shipment_scans_cleaned,showcase_delay_reports_cleaned,showcase_warehouse_transfers_cleaned",S00243
S00243,2024-03-12 18:11:00+00:00,hub_departure,delayed,108.4,R6,W1,synthetic_showcase,725,DL-S00243,congestion,108.4,47.1,2024-03-13 07:11:00+00:00,R6,W1,synthetic_showcase,80.0,both,T-S00243,W5,W1,2024-03-12 16:11:00+00:00,2024-03-12 15:11:00+00:00,2024-03-12 16:11:00+00:00,delayed,synthetic_showcase,108.0,both,showcase_shipment_scans_cleaned,"showcase_shipment_scans_cleaned,showcase_delay_reports_cleaned,showcase_warehouse_transfers_cleaned",S00243
S00243,2024-03-13 05:11:00+00:00,delivery,delivered,0.0,R6,,synthetic_showcase,726,DL-S00243,congestion,108.4,47.1,2024-03-13 07:11:00+00:00,R6,W1,synthetic_showcase,80.0,both,T-S00243,W5,W1,2024-03-12 16:11:00+00:00,2024-03-12 15:11:00+00:00,2024-03-12 16:11:00+00:00,delayed,synthetic_showcase,108.0,both,showcase_shipment_scans_cleaned,"showcase_shipment_scans_cleaned,showcase_delay_reports_cleaned,showcase_warehouse_transfers_cleaned",S00243
S00244,2024-03-13 08:16:00+00:00,pickup,on_time,0.0,R4,W1,synthetic_showcase,727,,,,,,,,,,left-only,,,,,,,,,,left-only,showcase_shipment_scans_cleaned,"showcase_shipment_scans_cleaned,showcase_delay_reports_cleaned,showcase_warehouse_transfers_cleaned",S00244
S00244,2024-03-13 15:16:00+00:00,delivery,delivered,0.0,R4,,synthetic_showcase,728,,,,,,,,,,left-only,,,,,,,,,,left-only,showcase_shipment_scans_cleaned,"showcase_shipment_scans_cleaned,showcase_delay_reports_cleaned,showcase_warehouse_transfers_cleaned",S00244
S00245,2024-03-14 08:01:00+00:00,pickup,on_time,0.0,R1,W1,synthetic_showcase,729,,,,,,,,,,left-only,,,,,,,,,,left-only,showcase_shipment_scans_cleaned,"showcase_shipment_scans_cleaned,showcase_delay_reports_cleaned,showcase_warehouse_transfers_cleaned",S00245
S00245,2024-03-14 23:01:00+00:00,delivery,delivered,0.0,R1,,synthetic_showcase,730,,,,,,,,,,left-only,,,,,,,,,,left-only,showcase_shipment_scans_cleaned,"showcase_shipment_scans_cleaned,showcase_delay_reports_cleaned,showcase_warehouse_transfers_cleaned",S00245
S00246,2024-03-15 08:38:00+00:00,pickup,on_time,0.0,R2,W2,synthetic_showcase,731,,,,,,,,,,left-only,T-S00246,W2,W5,2024-03-15 17:38:00+00:00,2024-03-15 16:38:00+00:00,2024-03-15 17:38:00+00:00,on_time,synthetic_showcase,109.0,both,showcase_shipment_scans_cleaned,"showcase_shipment_scans_cleaned,showcase_delay_reports_cleaned,showcase_warehouse_transfers_cleaned",S00246
S00246,2024-03-15 17:38:00+00:00,hub_arrival,on_time,0.0,R2,W5,synthetic_showcase,732,,,,,,,,,,left-only,T-S00246,W2,W5,2024-03-15 17:38:00+00:00,2024-03-15 16:38:00+00:00,2024-03-15 17:38:00+00:00,on_time,synthetic_showcase,109.0,both,showcase_shipment_scans_cleaned,"showcase_shipment_scans_cleaned,showcase_delay_reports_cleaned,showcase_warehouse_transfers_cleaned",S00246
S00246,2024-03-15 19:38:00+00:00,hub_departure,on_time,0.0,R2,W5,synthetic_showcase,733,,,,,,,,,,left-only,T-S00246,W2,W5,2024-03-15 17:38:00+00:00,2024-03-15 16:38:00+00:00,2024-03-15 17:38:00+00:00,on_time,synthetic_showcase,109.0,both,showcase_shipment_scans_cleaned,"showcase_shipment_scans_cleaned,showcase_delay_reports_cleaned,showcase_warehouse_transfers_cleaned",S00246
S00246,2024-03-16 03:38:00+00:00,delivery,delivered,0.0,R2,,synthetic_showcase,734,,,,,,,,,,left-only,T-S00246,W2,W5,2024-03-15 17:38:00+00:00,2024-03-15 16:38:00+00:00,2024-03-15 17:38:00+00:00,on_time,synthetic_showcase,109.0,both,showcase_shipment_scans_cleaned,"showcase_shipment_scans_cleaned,showcase_delay_reports_cleaned,showcase_warehouse_transfers_cleaned",S00246
S00247,2024-03-16 08:19:00+00:00,pickup,on_time,0.0,R2,W2,synthetic_showcase,735,DL-S00247,customs,156.5,0.0,2024-03-17 10:19:00+00:00,R2,W5,synthetic_showcase,81.0,both,T-S00247,W2,W5,2024-03-16 17:19:00+00:00,2024-03-16 16:19:00+00:00,2024-03-16 17:19:00+00:00,delayed,synthetic_showcase,110.0,both,showcase_shipment_scans_cleaned,"showcase_shipment_scans_cleaned,showcase_delay_reports_cleaned,showcase_warehouse_transfers_cleaned",S00247
S00247,2024-03-16 17:19:00+00:00,hub_arrival,delayed,24.8,R2,W5,synthetic_showcase,736,DL-S00247,customs,156.5,0.0,2024-03-17 10:19:00+00:00,R2,W5,synthetic_showcase,81.0,both,T-S00247,W2,W5,2024-03-16 17:19:00+00:00,2024-03-16 16:19:00+00:00,2024-03-16 17:19:00+00:00,delayed,synthetic_showcase,110.0,both,showcase_shipment_scans_cleaned,"showcase_shipment_scans_cleaned,showcase_delay_reports_cleaned,showcase_warehouse_transfers_cleaned",S00247
S00247,2024-03-16 21:19:00+00:00,hub_departure,on_time,0.0,R2,W5,synthetic_showcase,737,DL-S00247,customs,156.5,0.0,2024-03-17 10:19:00+00:00,R2,W5,synthetic_showcase,81.0,both,T-S00247,W2,W5,2024-03-16 17:19:00+00:00,2024-03-16 16:19:00+00:00,2024-03-16 17:19:00+00:00,delayed,synthetic_showcase,110.0,both,showcase_shipment_scans_cleaned,"showcase_shipment_scans_cleaned,showcase_delay_reports_cleaned,showcase_warehouse_transfers_cleaned",S00247
S00247,2024-03-17 08:19:00+00:00,delivery,delivered,156.5,R2,,synthetic_showcase,738,DL-S00247,customs,156.5,0.0,2024-03-17 10:19:00+00:00,R2,W5,synthetic_showcase,81.0,both,T-S00247,W2,W5,2024-03-16 17:19:00+00:00,2024-03-16 16:19:00+00:00,2024-03-16 17:19:00+00:00,delayed,synthetic_showcase,110.0,both,showcase_shipment_scans_cleaned,"showcase_shipment_scans_cleaned,showcase_delay_reports_cleaned,showcase_warehouse_transfers_cleaned",S00247
S00248,2024-03-17 09:05:00+00:00,pickup,on_time,0.0,R3,W3,synthetic_showcase,739,,,,,,,,,,left-only,T-S00248,W3,W2,2024-03-17 16:05:00+00:00,2024-03-17 15:05:00+00:00,2024-03-17 16:05:00+00:00,on_time,synthetic_showcase,111.0,both,showcase_shipment_scans_cleaned,"showcase_shipment_scans_cleaned,showcase_delay_reports_cleaned,showcase_warehouse_transfers_cleaned",S00248
S00248,2024-03-17 16:05:00+00:00,hub_arrival,on_time,0.0,R3,W2,synthetic_showcase,740,,,,,,,,,,left-only,T-S00248,W3,W2,2024-03-17 16:05:00+00:00,2024-03-17 15:05:00+00:00,2024-03-17 16:05:00+00:00,on_time,synthetic_showcase,111.0,both,showcase_shipment_scans_cleaned,"showcase_shipment_scans_cleaned,showcase_delay_reports_cleaned,showcase_warehouse_transfers_cleaned",S00248
S00248,2024-03-17 20:05:00+00:00,hub_departure,on_time,0.0,R3,W2,synthetic_showcase,741,,,,,,,,,,left-only,T-S00248,W3,W2,2024-03-17 16:05:00+00:00,2024-03-17 15:05:00+00:00,2024-03-17 16:05:00+00:00,on_time,synthetic_showcase,111.0,both,showcase_shipment_scans_cleaned,"showcase_shipment_scans_cleaned,showcase_delay_reports_cleaned,showcase_warehouse_transfers_cleaned",S00248
S00248,2024-03-18 08:05:00+00:00,delivery,delivered,0.0,R3,,synthetic_showcase,742,,,,,,,,,,left-only,T-S00248,W3,W2,2024-03-17 16:05:00+00:00,2024-03-17 15:05:00+00:00,2024-03-17 16:05:00+00:00,on_time,synthetic_showcase,111.0,both,showcase_shipment_scans_cleaned,"showcase_shipment_scans_cleaned,showcase_delay_reports_cleaned,showcase_warehouse_transfers_cleaned",S00248
S00249,2024-03-18 08:18:00+00:00,pickup,delayed,28.7,R2,W2,synthetic_showcase,743,DL-S00249,mechanical,61.5,28.7,2024-03-19 04:18:00+00:00,R2,W4,synthetic_showcase,82.0,both,T-S00249,W2,W4,2024-03-18 13:18:00+00:00,2024-03-18 12:18:00+00:00,2024-03-18 13:18:00+00:00,delayed,synthetic_showcase,112.0,both,showcase_shipment_scans_cleaned,"showcase_shipment_scans_cleaned,showcase_delay_reports_cleaned,showcase_warehouse_transfers_cleaned",S00249
S00249,2024-03-18 13:18:00+00:00,hub_arrival,delayed,61.5,R2,W4,synthetic_showcase,744,DL-S00249,mechanical,61.5,28.7,2024-03-19 04:18:00+00:00,R2,W4,synthetic_showcase,82.0,both,T-S00249,W2,W4,2024-03-18 13:18:00+00:00,2024-03-18 12:18:00+00:00,2024-03-18 13:18:00+00:00,delayed,synthetic_showcase,112.0,both,showcase_shipment_scans_cleaned,"showcase_shipment_scans_cleaned,showcase_delay_reports_cleaned,showcase_warehouse_transfers_cleaned",S00249
S00249,2024-03-18 17:18:00+00:00,hub_departure,on_time,0.0,R2,W4,synthetic_showcase,745,DL-S00249,mechanical,61.5,28.7,2024-03-19 04:18:00+00:00,R2,W4,synthetic_showcase,82.0,both,T-S00249,W2,W4,2024-03-18 13:18:00+00:00,2024-03-18 12:18:00+00:00,2024-03-18 13:18:00+00:00,delayed,synthetic_showcase,112.0,both,showcase_shipment_scans_cleaned,"showcase_shipment_scans_cleaned,showcase_delay_reports_cleaned,showcase_warehouse_transfers_cleaned",S00249
S00249,2024-03-19 02:18:00+00:00,delivery,delivered,20.9,R2,,synthetic_showcase,746,DL-S00249,mechanical,61.5,28.7,2024-03-19 04:18:00+00:00,R2,W4,synthetic_showcase,82.0,both,T-S00249,W2,W4,2024-03-18 13:18:00+00:00,2024-03-18 12:18:00+00:00,2024-03-18 13:18:00+00:00,delayed,synthetic_showcase,112.0,both,showcase_shipment_scans_cleaned,"showcase_shipment_scans_cleaned,showcase_delay_reports_cleaned,showcase_warehouse_transfers_cleaned",S00249
S00250,2024-03-19 09:09:00+00:00,pickup,on_time,0.0,R3,W3,synthetic_showcase,747,,,,,,,,,,left-only,,,,,,,,,,left-only,showcase_shipment_scans_cleaned,"showcase_shipment_scans_cleaned,showcase_delay_reports_cleaned,showcase_warehouse_transfers_cleaned",S00250
S00250,2024-03-19 17:09:00+00:00,delivery,delivered,0.0,R3,,synthetic_showcase,748,,,,,,,,,,left-only,,,,,,,,,,left-only,showcase_shipment_scans_cleaned,"showcase_shipment_scans_cleaned,showcase_delay_reports_cleaned,showcase_warehouse_transfers_cleaned",S00250
S00251,2024-03-20 09:46:00+00:00,pickup,on_time,0.0,R6,W5,synthetic_showcase,749,DL-S00251,congestion,28.8,0.0,2024-03-21 17:46:00+00:00,R6,W5,synthetic_showcase,83.0,both,,,,,,,,,,left-only,showcase_shipment_scans_cleaned,"showcase_shipment_scans_cleaned,showcase_delay_reports_cleaned,showcase_warehouse_transfers_cleaned",S00251
S00251,2024-03-20 15:46:00+00:00,delivery_attempt,delayed,28.8,R6,,synthetic_showcase,750,DL-S00251,congestion,28.8,0.0,2024-03-21 17:46:00+00:00,R6,W5,synthetic_showcase,83.0,both,,,,,,,,,,left-only,showcase_shipment_scans_cleaned,"showcase_shipment_scans_cleaned,showcase_delay_reports_cleaned,showcase_warehouse_transfers_cleaned",S00251
S00251,2024-03-21 15:46:00+00:00,delivery,delivered,0.0,R6,,synthetic_showcase,751,DL-S00251,congestion,28.8,0.0,2024-03-21 17:46:00+00:00,R6,W5,synthetic_showcase,83.0,both,,,,,,,,,,left-only,showcase_shipment_scans_cleaned,"showcase_shipment_scans_cleaned,showcase_delay_reports_cleaned,showcase_warehouse_transfers_cleaned",S00251
S00252,2024-03-21 08:18:00+00:00,pickup,on_time,0.0,R6,W5,synthetic_showcase,752,,,,,,,,,,left-only,,,,,,,,,,left-only,showcase_shipment_scans_cleaned,"showcase_shipment_scans_cleaned,showcase_delay_reports_cleaned,showcase_warehouse_transfers_cleaned",S00252
S00252,2024-03-21 20:18:00+00:00,delivery,delivered,0.0,R6,,synthetic_showcase,753,,,,,,,,,,left-only,,,,,,,,,,left-only,showcase_shipment_scans_cleaned,"showcase_shipment_scans_cleaned,showcase_delay_reports_cleaned,showcase_warehouse_transfers_cleaned",S00252
S00253,2024-03-01 09:58:00+00:00,pickup,on_time,0.0,R2,W2,synthetic_showcase,754,,,,,,,,,,left-only,T-S00253,W2,W3,2024-03-01 16:58:00+00:00,2024-03-01 15:58:00+00:00,2024-03-01 16:58:00+00:00,on_time,synthetic_showcase,113.0,both,showcase_shipment_scans_cleaned,"showcase_shipment_scans_cleaned,showcase_delay_reports_cleaned,showcase_warehouse_transfers_cleaned",S00253
S00253,2024-03-01 16:58:00+00:00,hub_arrival,on_time,0.0,R2,W3,synthetic_showcase,755,,,,,,,,,,left-only,T-S00253,W2,W3,2024-03-01 16:58:00+00:00,2024-03-01 15:58:00+00:00,2024-03-01 16:58:00+00:00,on_time,synthetic_showcase,113.0,both,showcase_shipment_scans_cleaned,"showcase_shipment_scans_cleaned,showcase_delay_reports_cleaned,showcase_warehouse_transfers_cleaned",S00253
S00253,2024-03-01 18:58:00+00:00,hub_departure,on_time,0.0,R2,W3,synthetic_showcase,756,,,,,,,,,,left-only,T-S00253,W2,W3,2024-03-01 16:58:00+00:00,2024-03-01 15:58:00+00:00,2024-03-01 16:58:00+00:00,on_time,synthetic_showcase,113.0,both,showcase_shipment_scans_cleaned,"showcase_shipment_scans_cleaned,showcase_delay_reports_cleaned,showcase_warehouse_transfers_cleaned",S00253
S00253,2024-03-02 06:58:00+00:00,delivery,delivered,0.0,R2,,synthetic_showcase,757,,,,,,,,,,left-only,T-S00253,W2,W3,2024-03-01 16:58:00+00:00,2024-03-01 15:58:00+00:00,2024-03-01 16:58:00+00:00,on_time,synthetic_showcase,113.0,both,showcase_shipment_scans_cleaned,"showcase_shipment_scans_cleaned,showcase_delay_reports_cleaned,showcase_warehouse_transfers_cleaned",S00253
S00254,2024-03-02 09:07:00+00:00,pickup,on_time,0.0,R1,W1,synthetic_showcase,758,,,,,,,,,,left-only,,,,,,,,,,left-only,showcase_shipment_scans_cleaned,"showcase_shipment_scans_cleaned,showcase_delay_reports_cleaned,showcase_warehouse_transfers_cleaned",S00254
S00254,2024-03-02 19:07:00+00:00,delivery,delivered,0.0,R1,,synthetic_showcase,759,,,,,,,,,,left-only,,,,,,,,,,left-only,showcase_shipment_scans_cleaned,"showcase_shipment_scans_cleaned,showcase_delay_reports_cleaned,showcase_warehouse_transfers_cleaned",S00254
S00255,2024-03-03 08:08:00+00:00,pickup,on_time,0.0,R2,W2,synthetic_showcase,760,,,,,,,,,,left-only,,,,,,,,,,left-only,showcase_shipment_scans_cleaned,"showcase_shipment_scans_cleaned,showcase_delay_reports_cleaned,showcase_warehouse_transfers_cleaned",S00255
S00255,2024-03-03 16:08:00+00:00,delivery,delivered,0.0,R2,,synthetic_showcase,761,,,,,,,,,,left-only,,,,,,,,,,left-only,showcase_shipment_scans_cleaned,"showcase_shipment_scans_cleaned,showcase_delay_reports_cleaned,showcase_warehouse_transfers_cleaned",S00255
S00256,2024-03-04 09:05:00+00:00,pickup,on_time,0.0,R6,W5,synthetic_showcase,762,,,,,,,,,,left-only,,,,,,,,,,left-only,showcase_shipment_scans_cleaned,"showcase_shipment_scans_cleaned,showcase_delay_reports_cleaned,showcase_warehouse_transfers_cleaned",S00256
S00256,2024-03-04 19:05:00+00:00,delivery,delivered,0.0,R6,,synthetic_showcase,763,,,,,,,,,,left-only,,,,,,,,,,left-only,showcase_shipment_scans_cleaned,"showcase_shipment_scans_cleaned,showcase_delay_reports_cleaned,showcase_warehouse_transfers_cleaned",S00256
S00257,2024-03-05 09:15:00+00:00,pickup,on_time,0.0,R5,W4,synthetic_showcase,764,,,,,,,,,,left-only,T-S00257,W4,W2,2024-03-05 16:15:00+00:00,2024-03-05 15:15:00+00:00,2024-03-05 16:15:00+00:00,on_time,synthetic_showcase,114.0,both,showcase_shipment_scans_cleaned,"showcase_shipment_scans_cleaned,showcase_delay_reports_cleaned,showcase_warehouse_transfers_cleaned",S00257
S00257,2024-03-05 16:15:00+00:00,hub_arrival,on_time,0.0,R5,W2,synthetic_showcase,765,,,,,,,,,,left-only,T-S00257,W4,W2,2024-03-05 16:15:00+00:00,2024-03-05 15:15:00+00:00,2024-03-05 16:15:00+00:00,on_time,synthetic_showcase,114.0,both,showcase_shipment_scans_cleaned,"showcase_shipment_scans_cleaned,showcase_delay_reports_cleaned,showcase_warehouse_transfers_cleaned",S00257
S00257,2024-03-05 18:15:00+00:00,hub_departure,on_time,0.0,R5,W2,synthetic_showcase,766,,,,,,,,,,left-only,T-S00257,W4,W2,2024-03-05 16:15:00+00:00,2024-03-05 15:15:00+00:00,2024-03-05 16:15:00+00:00,on_time,synthetic_showcase,114.0,both,showcase_shipment_scans_cleaned,"showcase_shipment_scans_cleaned,showcase_delay_reports_cleaned,showcase_warehouse_transfers_cleaned",S00257
S00257,2024-03-06 02:15:00+00:00,delivery,delivered,0.0,R5,,synthetic_showcase,767,,,,,,,,,,left-only,T-S00257,W4,W2,2024-03-05 16:15:00+00:00,2024-03-05 15:15:00+00:00,2024-03-05 16:15:00+00:00,on_time,synthetic_showcase,114.0,both,showcase_shipment_scans_cleaned,"showcase_shipment_scans_cleaned,showcase_delay_reports_cleaned,showcase_warehouse_transfers_cleaned",S00257
S00258,2024-03-06 08:57:00+00:00,pickup,on_time,0.0,R3,W3,synthetic_showcase,768,,,,,,,,,,left-only,,,,,,,,,,left-only,showcase_shipment_scans_cleaned,"showcase_shipment_scans_cleaned,showcase_delay_reports_cleaned,showcase_warehouse_transfers_cleaned",S00258
S00258,2024-03-06 19:57:00+00:00,delivery,delivered,0.0,R3,,synthetic_showcase,769,,,,,,,,,,left-only,,,,,,,,,,left-only,showcase_shipment_scans_cleaned,"showcase_shipment_scans_cleaned,showcase_delay_reports_cleaned,showcase_warehouse_transfers_cleaned",S00258
S00259,2024-03-07 09:33:00+00:00,pickup,on_time,0.0,R5,W4,synthetic_showcase,770,,,,,,,,,,left-only,,,,,,,,,,left-only,showcase_shipment_scans_cleaned,"showcase_shipment_scans_cleaned,showcase_delay_reports_cleaned,showcase_warehouse_transfers_cleaned",S00259
S00259,2024-03-07 18:33:00+00:00,delivery,delivered,0.0,R5,,synthetic_showcase,771,,,,,,,,,,left-only,,,,,,,,,,left-only,showcase_shipment_scans_cleaned,"showcase_shipment_scans_cleaned,showcase_delay_reports_cleaned,showcase_warehouse_transfers_cleaned",S00259
S00260,2024-03-08 09:38:00+00:00,pickup,delayed,249.8,R1,W1,synthetic_showcase,772,DL-S00260,traffic,249.8,249.8,2024-03-08 23:38:00+00:00,R1,W1,synthetic_showcase,84.0,both,,,,,,,,,,left-only,showcase_shipment_scans_cleaned,"showcase_shipment_scans_cleaned,showcase_delay_reports_cleaned,showcase_warehouse_transfers_cleaned",S00260
S00260,2024-03-08 21:38:00+00:00,delivery,delivered,13.8,R1,,synthetic_showcase,773,DL-S00260,traffic,249.8,249.8,2024-03-08 23:38:00+00:00,R1,W1,synthetic_showcase,84.0,both,,,,,,,,,,left-only,showcase_shipment_scans_cleaned,"showcase_shipment_scans_cleaned,showcase_delay_reports_cleaned,showcase_warehouse_transfers_cleaned",S00260
S00261,2024-03-09 08:57:00+00:00,pickup,delayed,112.5,R2,W2,synthetic_showcase,774,DL-S00261,customs,112.5,112.5,2024-03-10 04:57:00+00:00,R2,W3,synthetic_showcase,85.0,both,T-S00261,W2,W3,2024-03-09 16:57:00+00:00,2024-03-09 15:57:00+00:00,2024-03-09 16:57:00+00:00,delayed,synthetic_showcase,115.0,both,showcase_shipment_scans_cleaned,"showcase_shipment_scans_cleaned,showcase_delay_reports_cleaned,showcase_warehouse_transfers_cleaned",S00261
S00261,2024-03-09 16:57:00+00:00,hub_arrival,delayed,82.6,R2,W3,synthetic_showcase,775,DL-S00261,customs,112.5,112.5,2024-03-10 04:57:00+00:00,R2,W3,synthetic_showcase,85.0,both,T-S00261,W2,W3,2024-03-09 16:57:00+00:00,2024-03-09 15:57:00+00:00,2024-03-09 16:57:00+00:00,delayed,synthetic_showcase,115.0,both,showcase_shipment_scans_cleaned,"showcase_shipment_scans_cleaned,showcase_delay_reports_cleaned,showcase_warehouse_transfers_cleaned",S00261
S00261,2024-03-09 17:57:00+00:00,hub_departure,delayed,87.7,R2,W3,synthetic_showcase,776,DL-S00261,customs,112.5,112.5,2024-03-10 04:57:00+00:00,R2,W3,synthetic_showcase,85.0,both,T-S00261,W2,W3,2024-03-09 16:57:00+00:00,2024-03-09 15:57:00+00:00,2024-03-09 16:57:00+00:00,delayed,synthetic_showcase,115.0,both,showcase_shipment_scans_cleaned,"showcase_shipment_scans_cleaned,showcase_delay_reports_cleaned,showcase_warehouse_transfers_cleaned",S00261
S00261,2024-03-10 02:57:00+00:00,delivery,delivered,0.0,R2,,synthetic_showcase,777,DL-S00261,customs,112.5,112.5,2024-03-10 04:57:00+00:00,R2,W3,synthetic_showcase,85.0,both,T-S00261,W2,W3,2024-03-09 16:57:00+00:00,2024-03-09 15:57:00+00:00,2024-03-09 16:57:00+00:00,delayed,synthetic_showcase,115.0,both,showcase_shipment_scans_cleaned,"showcase_shipment_scans_cleaned,showcase_delay_reports_cleaned,showcase_warehouse_transfers_cleaned",S00261
S00262,2024-03-10 09:30:00+00:00,pickup,delayed,36.6,R6,W5,synthetic_showcase,778,DL-S00262,weather,91.1,36.6,2024-03-11 16:30:00+00:00,R6,W5,synthetic_showcase,86.0,both,,,,,,,,,,left-only,showcase_shipment_scans_cleaned,"showcase_shipment_scans_cleaned,showcase_delay_reports_cleaned,showcase_warehouse_transfers_cleaned",S00262
S00262,2024-03-10 22:30:00+00:00,delivery_attempt,delayed,91.1,R6,,synthetic_showcase,779,DL-S00262,weather,91.1,36.6,2024-03-11 16:30:00+00:00,R6,W5,synthetic_showcase,86.0,both,,,,,,,,,,left-only,showcase_shipment_scans_cleaned,"showcase_shipment_scans_cleaned,showcase_delay_reports_cleaned,showcase_warehouse_transfers_cleaned",S00262
S00262,2024-03-11 14:30:00+00:00,delivery,delivered,0.0,R6,,synthetic_showcase,780,DL-S00262,weather,91.1,36.6,2024-03-11 16:30:00+00:00,R6,W5,synthetic_showcase,86.0,both,,,,,,,,,,left-only,showcase_shipment_scans_cleaned,"showcase_shipment_scans_cleaned,showcase_delay_reports_cleaned,showcase_warehouse_transfers_cleaned",S00262
S00263,2024-03-11 08:39:00+00:00,pickup,on_time,0.0,R1,W1,synthetic_showcase,781,,,,,,,,,,left-only,,,,,,,,,,left-only,showcase_shipment_scans_cleaned,"showcase_shipment_scans_cleaned,showcase_delay_reports_cleaned,showcase_warehouse_transfers_cleaned",S00263
S00263,2024-03-11 20:39:00+00:00,delivery,delivered,0.0,R1,,synthetic_showcase,782,,,,,,,,,,left-only,,,,,,,,,,left-only,showcase_shipment_scans_cleaned,"showcase_shipment_scans_cleaned,showcase_delay_reports_cleaned,showcase_warehouse_transfers_cleaned",S00263
S00264,2024-03-12 09:49:00+00:00,pickup,on_time,0.0,R4,W1,synthetic_showcase,783,,,,,,,,,,left-only,,,,,,,,,,left-only,showcase_shipment_scans_cleaned,"showcase_shipment_scans_cleaned,showcase_delay_reports_cleaned,showcase_warehouse_transfers_cleaned",S00264
S00264,2024-03-12 23:49:00+00:00,delivery,delivered,0.0,R4,,synthetic_showcase,784,,,,,,,,,,left-only,,,,,,,,,,left-only,showcase_shipment_scans_cleaned,"showcase_shipment_scans_cleaned,showcase_delay_reports_cleaned,showcase_warehouse_transfers_cleaned",S00264
S00265,2024-03-13 09:17:00+00:00,pickup,on_time,0.0,R6,W5,synthetic_showcase,785,,,,,,,,,,left-only,,,,,,,,,,left-only,showcase_shipment_scans_cleaned,"showcase_shipment_scans_cleaned,showcase_delay_reports_cleaned,showcase_warehouse_transfers_cleaned",S00265
S00265,2024-03-13 21:17:00+00:00,delivery,delivered,0.0,R6,,synthetic_showcase,786,,,,,,,,,,left-only,,,,,,,,,,left-only,showcase_shipment_scans_cleaned,"showcase_shipment_scans_cleaned,showcase_delay_reports_cleaned,showcase_warehouse_transfers_cleaned",S00265
S00266,2024-03-14 09:55:00+00:00,pickup,delayed,27.9,R4,W1,synthetic_showcase,787,DL-S00266,congestion,55.6,27.9,2024-03-15 02:55:00+00:00,R4,W3,synthetic_showcase,87.0,both,T-S00266,W1,W3,2024-03-14 16:55:00+00:00,2024-03-14 15:55:00+00:00,2024-03-14 16:55:00+00:00,delayed,synthetic_showcase,116.0,both,showcase_shipment_scans_cleaned,"showcase_shipment_scans_cleaned,showcase_delay_reports_cleaned,showcase_warehouse_transfers_cleaned",S00266
S00266,2024-03-14 16:55:00+00:00,hub_arrival,delayed,55.6,R4,W3,synthetic_showcase,788,DL-S00266,congestion,55.6,27.9,2024-03-15 02:55:00+00:00,R4,W3,synthetic_showcase,87.0,both,T-S00266,W1,W3,2024-03-14 16:55:00+00:00,2024-03-14 15:55:00+00:00,2024-03-14 16:55:00+00:00,delayed,synthetic_showcase,116.0,both,showcase_shipment_scans_cleaned,"showcase_shipment_scans_cleaned,showcase_delay_reports_cleaned,showcase_warehouse_transfers_cleaned",S00266
S00266,2024-03-14 18:55:00+00:00,hub_departure,delayed,27.6,R4,W3,synthetic_showcase,789,DL-S00266,congestion,55.6,27.9,2024-03-15 02:55:00+00:00,R4,W3,synthetic_showcase,87.0,both,T-S00266,W1,W3,2024-03-14 16:55:00+00:00,2024-03-14 15:55:00+00:00,2024-03-14 16:55:00+00:00,delayed,synthetic_showcase,116.0,both,showcase_shipment_scans_cleaned,"showcase_shipment_scans_cleaned,showcase_delay_reports_cleaned,showcase_warehouse_transfers_cleaned",S00266
S00266,2024-03-15 00:55:00+00:00,delivery,delivered,27.8,R4,,synthetic_showcase,790,DL-S00266,congestion,55.6,27.9,2024-03-15 02:55:00+00:00,R4,W3,synthetic_showcase,87.0,both,T-S00266,W1,W3,2024-03-14 16:55:00+00:00,2024-03-14 15:55:00+00:00,2024-03-14 16:55:00+00:00,delayed,synthetic_showcase,116.0,both,showcase_shipment_scans_cleaned,"showcase_shipment_scans_cleaned,showcase_delay_reports_cleaned,showcase_warehouse_transfers_cleaned",S00266
S00267,2024-03-15 08:07:00+00:00,pickup,on_time,0.0,R6,W5,synthetic_showcase,791,,,,,,,,,,left-only,,,,,,,,,,left-only,showcase_shipment_scans_cleaned,"showcase_shipment_scans_cleaned,showcase_delay_reports_cleaned,showcase_warehouse_transfers_cleaned",S00267
S00267,2024-03-15 19:07:00+00:00,delivery,delivered,0.0,R6,,synthetic_showcase,792,,,,,,,,,,left-only,,,,,,,,,,left-only,showcase_shipment_scans_cleaned,"showcase_shipment_scans_cleaned,showcase_delay_reports_cleaned,showcase_warehouse_transfers_cleaned",S00267
S00268,2024-03-16 08:54:00+00:00,pickup,on_time,0.0,R1,W1,synthetic_showcase,793,,,,,,,,,,left-only,,,,,,,,,,left-only,showcase_shipment_scans_cleaned,"showcase_shipment_scans_cleaned,showcase_delay_reports_cleaned,showcase_warehouse_transfers_cleaned",S00268
S00268,2024-03-17 01:54:00+00:00,delivery,delivered,0.0,R1,,synthetic_showcase,794,,,,,,,,,,left-only,,,,,,,,,,left-only,showcase_shipment_scans_cleaned,"showcase_shipment_scans_cleaned,showcase_delay_reports_cleaned,showcase_warehouse_transfers_cleaned",S00268
S00269,2024-03-17 08:49:00+00:00,pickup,on_time,0.0,R6,W5,synthetic_showcase,795,,,,,,,,,,left-only,,,,,,,,,,left-only,showcase_shipment_scans_cleaned,"showcase_shipment_scans_cleaned,showcase_delay_reports_cleaned,showcase_warehouse_transfers_cleaned",S00269
S00269,2024-03-17 17:49:00+00:00,delivery,delivered,0.0,R6,,synthetic_showcase,796,,,,,,,,,,left-only,,,,,,,,,,left-only,showcase_shipment_scans_cleaned,"showcase_shipment_scans_cleaned,showcase_delay_reports_cleaned,showcase_warehouse_transfers_cleaned",S00269
S00270,2024-03-18 09:56:00+00:00,pickup,delayed,38.1,R3,W3,synthetic_showcase,797,DL-S00270,weather,38.1,38.1,2024-03-19 10:56:00+00:00,R3,W1,synthetic_showcase,88.0,both,T-S00270,W3,W1,2024-03-18 15:56:00+00:00,2024-03-18 14:56:00+00:00,2024-03-18 15:56:00+00:00,on_time,synthetic_showcase,117.0,both,showcase_shipment_scans_cleaned,"showcase_shipment_scans_cleaned,showcase_delay_reports_cleaned,showcase_warehouse_transfers_cleaned",S00270
S00270,2024-03-18 15:56:00+00:00,hub_arrival,on_time,0.0,R3,W1,synthetic_showcase,798,DL-S00270,weather,38.1,38.1,2024-03-19 10:56:00+00:00,R3,W1,synthetic_showcase,88.0,both,T-S00270,W3,W1,2024-03-18 15:56:00+00:00,2024-03-18 14:56:00+00:00,2024-03-18 15:56:00+00:00,on_time,synthetic_showcase,117.0,both,showcase_shipment_scans_cleaned,"showcase_shipment_scans_cleaned,showcase_delay_reports_cleaned,showcase_warehouse_transfers_cleaned",S00270
S00270,2024-03-18 19:56:00+00:00,hub_departure,on_time,0.0,R3,W1,synthetic_showcase,799,DL-S00270,weather,38.1,38.1,2024-03-19 10:56:00+00:00,R3,W1,synthetic_showcase,88.0,both,T-S00270,W3,W1,2024-03-18 15:56:00+00:00,2024-03-18 14:56:00+00:00,2024-03-18 15:56:00+00:00,on_time,synthetic_showcase,117.0,both,showcase_shipment_scans_cleaned,"showcase_shipment_scans_cleaned,showcase_delay_reports_cleaned,showcase_warehouse_transfers_cleaned",S00270
S00270,2024-03-19 08:56:00+00:00,delivery,delivered,29.1,R3,,synthetic_showcase,800,DL-S00270,weather,38.1,38.1,2024-03-19 10:56:00+00:00,R3,W1,synthetic_showcase,88.0,both,T-S00270,W3,W1,2024-03-18 15:56:00+00:00,2024-03-18 14:56:00+00:00,2024-03-18 15:56:00+00:00,on_time,synthetic_showcase,117.0,both,showcase_shipment_scans_cleaned,"showcase_shipment_scans_cleaned,showcase_delay_reports_cleaned,showcase_warehouse_transfers_cleaned",S00270
S00271,2024-03-19 08:25:00+00:00,pickup,on_time,0.0,R4,W1,synthetic_showcase,801,,,,,,,,,,left-only,T-S00271,W1,W3,2024-03-19 14:25:00+00:00,2024-03-19 13:25:00+00:00,2024-03-19 14:25:00+00:00,on_time,synthetic_showcase,118.0,both,showcase_shipment_scans_cleaned,"showcase_shipment_scans_cleaned,showcase_delay_reports_cleaned,showcase_warehouse_transfers_cleaned",S00271
S00271,2024-03-19 14:25:00+00:00,hub_arrival,on_time,0.0,R4,W3,synthetic_showcase,802,,,,,,,,,,left-only,T-S00271,W1,W3,2024-03-19 14:25:00+00:00,2024-03-19 13:25:00+00:00,2024-03-19 14:25:00+00:00,on_time,synthetic_showcase,118.0,both,showcase_shipment_scans_cleaned,"showcase_shipment_scans_cleaned,showcase_delay_reports_cleaned,showcase_warehouse_transfers_cleaned",S00271
S00271,2024-03-19 15:25:00+00:00,hub_departure,on_time,0.0,R4,W3,synthetic_showcase,803,,,,,,,,,,left-only,T-S00271,W1,W3,2024-03-19 14:25:00+00:00,2024-03-19 13:25:00+00:00,2024-03-19 14:25:00+00:00,on_time,synthetic_showcase,118.0,both,showcase_shipment_scans_cleaned,"showcase_shipment_scans_cleaned,showcase_delay_reports_cleaned,showcase_warehouse_transfers_cleaned",S00271
S00271,2024-03-20 00:25:00+00:00,delivery,delivered,0.0,R4,,synthetic_showcase,804,,,,,,,,,,left-only,T-S00271,W1,W3,2024-03-19 14:25:00+00:00,2024-03-19 13:25:00+00:00,2024-03-19 14:25:00+00:00,on_time,synthetic_showcase,118.0,both,showcase_shipment_scans_cleaned,"showcase_shipment_scans_cleaned,showcase_delay_reports_cleaned,showcase_warehouse_transfers_cleaned",S00271
S00272,2024-03-20 09:15:00+00:00,pickup,delayed,121.0,R2,W2,synthetic_showcase,805,DL-S00272,mechanical,121.0,121.0,2024-03-21 05:15:00+00:00,R2,W3,synthetic_showcase,89.0,both,T-S00272,W2,W3,2024-03-20 14:15:00+00:00,2024-03-20 13:15:00+00:00,2024-03-20 14:15:00+00:00,delayed,synthetic_showcase,119.0,both,showcase_shipment_scans_cleaned,"showcase_shipment_scans_cleaned,showcase_delay_reports_cleaned,showcase_warehouse_transfers_cleaned",S00272
S00272,2024-03-20 14:15:00+00:00,hub_arrival,delayed,10.1,R2,W3,synthetic_showcase,806,DL-S00272,mechanical,121.0,121.0,2024-03-21 05:15:00+00:00,R2,W3,synthetic_showcase,89.0,both,T-S00272,W2,W3,2024-03-20 14:15:00+00:00,2024-03-20 13:15:00+00:00,2024-03-20 14:15:00+00:00,delayed,synthetic_showcase,119.0,both,showcase_shipment_scans_cleaned,"showcase_shipment_scans_cleaned,showcase_delay_reports_cleaned,showcase_warehouse_transfers_cleaned",S00272
S00272,2024-03-20 15:15:00+00:00,hub_departure,delayed,12.0,R2,W3,synthetic_showcase,807,DL-S00272,mechanical,121.0,121.0,2024-03-21 05:15:00+00:00,R2,W3,synthetic_showcase,89.0,both,T-S00272,W2,W3,2024-03-20 14:15:00+00:00,2024-03-20 13:15:00+00:00,2024-03-20 14:15:00+00:00,delayed,synthetic_showcase,119.0,both,showcase_shipment_scans_cleaned,"showcase_shipment_scans_cleaned,showcase_delay_reports_cleaned,showcase_warehouse_transfers_cleaned",S00272
S00272,2024-03-21 03:15:00+00:00,delivery,delivered,56.3,R2,,synthetic_showcase,808,DL-S00272,mechanical,121.0,121.0,2024-03-21 05:15:00+00:00,R2,W3,synthetic_showcase,89.0,both,T-S00272,W2,W3,2024-03-20 14:15:00+00:00,2024-03-20 13:15:00+00:00,2024-03-20 14:15:00+00:00,delayed,synthetic_showcase,119.0,both,showcase_shipment_scans_cleaned,"showcase_shipment_scans_cleaned,showcase_delay_reports_cleaned,showcase_warehouse_transfers_cleaned",S00272
S00273,2024-03-21 08:56:00+00:00,pickup,on_time,0.0,R3,W3,synthetic_showcase,809,,,,,,,,,,left-only,T-S00273,W3,W1,2024-03-21 17:56:00+00:00,2024-03-21 16:56:00+00:00,2024-03-21 17:56:00+00:00,on_time,synthetic_showcase,120.0,both,showcase_shipment_scans_cleaned,"showcase_shipment_scans_cleaned,showcase_delay_reports_cleaned,showcase_warehouse_transfers_cleaned",S00273
S00273,2024-03-21 17:56:00+00:00,hub_arrival,on_time,0.0,R3,W1,synthetic_showcase,810,,,,,,,,,,left-only,T-S00273,W3,W1,2024-03-21 17:56:00+00:00,2024-03-21 16:56:00+00:00,2024-03-21 17:56:00+00:00,on_time,synthetic_showcase,120.0,both,showcase_shipment_scans_cleaned,"showcase_shipment_scans_cleaned,showcase_delay_reports_cleaned,showcase_warehouse_transfers_cleaned",S00273
S00273,2024-03-21 18:56:00+00:00,hub_departure,on_time,0.0,R3,W1,synthetic_showcase,811,,,,,,,,,,left-only,T-S00273,W3,W1,2024-03-21 17:56:00+00:00,2024-03-21 16:56:00+00:00,2024-03-21 17:56:00+00:00,on_time,synthetic_showcase,120.0,both,showcase_shipment_scans_cleaned,"showcase_shipment_scans_cleaned,showcase_delay_reports_cleaned,showcase_warehouse_transfers_cleaned",S00273
S00273,2024-03-22 00:56:00+00:00,delivery,delivered,0.0,R3,,synthetic_showcase,812,,,,,,,,,,left-only,T-S00273,W3,W1,2024-03-21 17:56:00+00:00,2024-03-21 16:56:00+00:00,2024-03-21 17:56:00+00:00,on_time,synthetic_showcase,120.0,both,showcase_shipment_scans_cleaned,"showcase_shipment_scans_cleaned,showcase_delay_reports_cleaned,showcase_warehouse_transfers_cleaned",S00273
S00274,2024-03-01 09:01:00+00:00,pickup,on_time,0.0,R1,W1,synthetic_showcase,813,,,,,,,,,,left-only,,,,,,,,,,left-only,showcase_shipment_scans_cleaned,"showcase_shipment_scans_cleaned,showcase_delay_reports_cleaned,showcase_warehouse_transfers_cleaned",S00274
S00274,2024-03-01 15:01:00+00:00,delivery,delivered,0.0,R1,,synthetic_showcase,814,,,,,,,,,,left-only,,,,,,,,,,left-only,showcase_shipment_scans_cleaned,"showcase_shipment_scans_cleaned,showcase_delay_reports_cleaned,showcase_warehouse_transfers_cleaned",S00274
S00275,2024-03-02 08:48:00+00:00,pickup,on_time,0.0,R5,W4,synthetic_showcase,815,DL-S00275,congestion,116.0,0.0,2024-03-03 13:48:00+00:00,R5,W2,synthetic_showcase,90.0,both,T-S00275,W4,W2,2024-03-02 17:48:00+00:00,2024-03-02 16:48:00+00:00,2024-03-02 17:48:00+00:00,delayed,synthetic_showcase,121.0,both,showcase_shipment_scans_cleaned,"showcase_shipment_scans_cleaned,showcase_delay_reports_cleaned,showcase_warehouse_transfers_cleaned",S00275
S00275,2024-03-02 17:48:00+00:00,hub_arrival,delayed,47.9,R5,W2,synthetic_showcase,816,DL-S00275,congestion,116.0,0.0,2024-03-03 13:48:00+00:00,R5,W2,synthetic_showcase,90.0,both,T-S00275,W4,W2,2024-03-02 17:48:00+00:00,2024-03-02 16:48:00+00:00,2024-03-02 17:48:00+00:00,delayed,synthetic_showcase,121.0,both,showcase_shipment_scans_cleaned,"showcase_shipment_scans_cleaned,showcase_delay_reports_cleaned,showcase_warehouse_transfers_cleaned",S00275
S00275,2024-03-02 21:48:00+00:00,hub_departure,delayed,116.0,R5,W2,synthetic_showcase,817,DL-S00275,congestion,116.0,0.0,2024-03-03 13:48:00+00:00,R5,W2,synthetic_showcase,90.0,both,T-S00275,W4,W2,2024-03-02 17:48:00+00:00,2024-03-02 16:48:00+00:00,2024-03-02 17:48:00+00:00,delayed,synthetic_showcase,121.0,both,showcase_shipment_scans_cleaned,"showcase_shipment_scans_cleaned,showcase_delay_reports_cleaned,showcase_warehouse_transfers_cleaned",S00275
S00275,2024-03-03 11:48:00+00:00,delivery,delivered,0.0,R5,,synthetic_showcase,818,DL-S00275,congestion,116.0,0.0,2024-03-03 13:48:00+00:00,R5,W2,synthetic_showcase,90.0,both,T-S00275,W4,W2,2024-03-02 17:48:00+00:00,2024-03-02 16:48:00+00:00,2024-03-02 17:48:00+00:00,delayed,synthetic_showcase,121.0,both,showcase_shipment_scans_cleaned,"showcase_shipment_scans_cleaned,showcase_delay_reports_cleaned,showcase_warehouse_transfers_cleaned",S00275
S00276,2024-03-03 09:49:00+00:00,pickup,delayed,65.6,R4,W1,synthetic_showcase,819,DL-S00276,customs,65.6,65.6,2024-03-05 02:49:00+00:00,R4,W1,synthetic_showcase,91.0,both,,,,,,,,,,left-only,showcase_shipment_scans_cleaned,"showcase_shipment_scans_cleaned,showcase_delay_reports_cleaned,showcase_warehouse_transfers_cleaned",S00276
S00276,2024-03-04 03:49:00+00:00,delivery_attempt,delayed,24.9,R4,,synthetic_showcase,820,DL-S00276,customs,65.6,65.6,2024-03-05 02:49:00+00:00,R4,W1,synthetic_showcase,91.0,both,,,,,,,,,,left-only,showcase_shipment_scans_cleaned,"showcase_shipment_scans_cleaned,showcase_delay_reports_cleaned,showcase_warehouse_transfers_cleaned",S00276
S00276,2024-03-05 00:49:00+00:00,delivery,delivered,0.0,R4,,synthetic_showcase,821,DL-S00276,customs,65.6,65.6,2024-03-05 02:49:00+00:00,R4,W1,synthetic_showcase,91.0,both,,,,,,,,,,left-only,showcase_shipment_scans_cleaned,"showcase_shipment_scans_cleaned,showcase_delay_reports_cleaned,showcase_warehouse_transfers_cleaned",S00276
S00277,2024-03-04 09:29:00+00:00,pickup,on_time,0.0,R2,W2,synthetic_showcase,822,,,,,,,,,,left-only,,,,,,,,,,left-only,showcase_shipment_scans_cleaned,"showcase_shipment_scans_cleaned,showcase_delay_reports_cleaned,showcase_warehouse_transfers_cleaned",S00277
S00277,2024-03-04 22:29:00+00:00,delivery,delivered,0.0,R2,,synthetic_showcase,823,,,,,,,,,,left-only,,,,,,,,,,left-only,showcase_shipment_scans_cleaned,"showcase_shipment_scans_cleaned,showcase_delay_reports_cleaned,showcase_warehouse_transfers_cleaned",S00277
S00278,2024-03-05 08:29:00+00:00,pickup,delayed,33.0,R1,W1,synthetic_showcase,824,DL-S00278,weather,33.0,33.0,2024-03-06 01:29:00+00:00,R1,W4,synthetic_showcase,92.0,both,T-S00278,W1,W4,2024-03-05 15:29:00+00:00,2024-03-05 14:29:00+00:00,2024-03-05 15:29:00+00:00,on_time,synthetic_showcase,122.0,both,showcase_shipment_scans_cleaned,"showcase_shipment_scans_cleaned,showcase_delay_reports_cleaned,showcase_warehouse_transfers_cleaned",S00278
S00278,2024-03-05 15:29:00+00:00,hub_arrival,on_time,0.0,R1,W4,synthetic_showcase,825,DL-S00278,weather,33.0,33.0,2024-03-06 01:29:00+00:00,R1,W4,synthetic_showcase,92.0,both,T-S00278,W1,W4,2024-03-05 15:29:00+00:00,2024-03-05 14:29:00+00:00,2024-03-05 15:29:00+00:00,on_time,synthetic_showcase,122.0,both,showcase_shipment_scans_cleaned,"showcase_shipment_scans_cleaned,showcase_delay_reports_cleaned,showcase_warehouse_transfers_cleaned",S00278
S00278,2024-03-05 17:29:00+00:00,hub_departure,on_time,0.0,R1,W4,synthetic_showcase,826,DL-S00278,weather,33.0,33.0,2024-03-06 01:29:00+00:00,R1,W4,synthetic_showcase,92.0,both,T-S00278,W1,W4,2024-03-05 15:29:00+00:00,2024-03-05 14:29:00+00:00,2024-03-05 15:29:00+00:00,on_time,synthetic_showcase,122.0,both,showcase_shipment_scans_cleaned,"showcase_shipment_scans_cleaned,showcase_delay_reports_cleaned,showcase_warehouse_transfers_cleaned",S00278
S00278,2024-03-05 23:29:00+00:00,delivery,delivered,16.4,R1,,synthetic_showcase,827,DL-S00278,weather,33.0,33.0,2024-03-06 01:29:00+00:00,R1,W4,synthetic_showcase,92.0,both,T-S00278,W1,W4,2024-03-05 15:29:00+00:00,2024-03-05 14:29:00+00:00,2024-03-05 15:29:00+00:00,on_time,synthetic_showcase,122.0,both,showcase_shipment_scans_cleaned,"showcase_shipment_scans_cleaned,showcase_delay_reports_cleaned,showcase_warehouse_transfers_cleaned",S00278
S00279,2024-03-06 09:54:00+00:00,pickup,on_time,0.0,R1,W1,synthetic_showcase,828,DL-S00279,mechanical,60.5,0.0,2024-03-07 15:54:00+00:00,R1,W4,synthetic_showcase,93.0,both,T-S00279,W1,W4,2024-03-06 17:54:00+00:00,2024-03-06 16:54:00+00:00,2024-03-06 17:54:00+00:00,on_time,synthetic_showcase,123.0,both,showcase_shipment_scans_cleaned,"showcase_shipment_scans_cleaned,showcase_delay_reports_cleaned,showcase_warehouse_transfers_cleaned",S00279
S00279,2024-03-06 17:54:00+00:00,hub_arrival,on_time,0.0,R1,W4,synthetic_showcase,829,DL-S00279,mechanical,60.5,0.0,2024-03-07 15:54:00+00:00,R1,W4,synthetic_showcase,93.0,both,T-S00279,W1,W4,2024-03-06 17:54:00+00:00,2024-03-06 16:54:00+00:00,2024-03-06 17:54:00+00:00,on_time,synthetic_showcase,123.0,both,showcase_shipment_scans_cleaned,"showcase_shipment_scans_cleaned,showcase_delay_reports_cleaned,showcase_warehouse_transfers_cleaned",S00279
S00279,2024-03-06 19:54:00+00:00,hub_departure,on_time,0.0,R1,W4,synthetic_showcase,830,DL-S00279,mechanical,60.5,0.0,2024-03-07 15:54:00+00:00,R1,W4,synthetic_showcase,93.0,both,T-S00279,W1,W4,2024-03-06 17:54:00+00:00,2024-03-06 16:54:00+00:00,2024-03-06 17:54:00+00:00,on_time,synthetic_showcase,123.0,both,showcase_shipment_scans_cleaned,"showcase_shipment_scans_cleaned,showcase_delay_reports_cleaned,showcase_warehouse_transfers_cleaned",S00279
S00279,2024-03-07 13:54:00+00:00,delivery,delivered,60.5,R1,,synthetic_showcase,831,DL-S00279,mechanical,60.5,0.0,2024-03-07 15:54:00+00:00,R1,W4,synthetic_showcase,93.0,both,T-S00279,W1,W4,2024-03-06 17:54:00+00:00,2024-03-06 16:54:00+00:00,2024-03-06 17:54:00+00:00,on_time,synthetic_showcase,123.0,both,showcase_shipment_scans_cleaned,"showcase_shipment_scans_cleaned,showcase_delay_reports_cleaned,showcase_warehouse_transfers_cleaned",S00279
S00280,2024-03-07 09:23:00+00:00,pickup,on_time,0.0,R6,W5,synthetic_showcase,832,DL-S00280,weather,69.4,0.0,2024-03-08 19:23:00+00:00,R6,W5,synthetic_showcase,94.0,both,,,,,,,,,,left-only,showcase_shipment_scans_cleaned,"showcase_shipment_scans_cleaned,showcase_delay_reports_cleaned,showcase_warehouse_transfers_cleaned",S00280
S00280,2024-03-08 03:23:00+00:00,delivery_attempt,delayed,69.4,R6,,synthetic_showcase,833,DL-S00280,weather,69.4,0.0,2024-03-08 19:23:00+00:00,R6,W5,synthetic_showcase,94.0,both,,,,,,,,,,left-only,showcase_shipment_scans_cleaned,"showcase_shipment_scans_cleaned,showcase_delay_reports_cleaned,showcase_warehouse_transfers_cleaned",S00280
S00280,2024-03-08 17:23:00+00:00,delivery,delivered,48.0,R6,,synthetic_showcase,834,DL-S00280,weather,69.4,0.0,2024-03-08 19:23:00+00:00,R6,W5,synthetic_showcase,94.0,both,,,,,,,,,,left-only,showcase_shipment_scans_cleaned,"showcase_shipment_scans_cleaned,showcase_delay_reports_cleaned,showcase_warehouse_transfers_cleaned",S00280
S00281,2024-03-08 09:18:00+00:00,pickup,on_time,0.0,R1,W1,synthetic_showcase,835,,,,,,,,,,left-only,T-S00281,W1,W2,2024-03-08 19:18:00+00:00,2024-03-08 18:18:00+00:00,2024-03-08 19:18:00+00:00,on_time,synthetic_showcase,124.0,both,showcase_shipment_scans_cleaned,"showcase_shipment_scans_cleaned,showcase_delay_reports_cleaned,showcase_warehouse_transfers_cleaned",S00281
S00281,2024-03-08 19:18:00+00:00,hub_arrival,on_time,0.0,R1,W2,synthetic_showcase,836,,,,,,,,,,left-only,T-S00281,W1,W2,2024-03-08 19:18:00+00:00,2024-03-08 18:18:00+00:00,2024-03-08 19:18:00+00:00,on_time,synthetic_showcase,124.0,both,showcase_shipment_scans_cleaned,"showcase_shipment_scans_cleaned,showcase_delay_reports_cleaned,showcase_warehouse_transfers_cleaned",S00281
S00281,2024-03-08 22:18:00+00:00,hub_departure,on_time,0.0,R1,W2,synthetic_showcase,837,,,,,,,,,,left-only,T-S00281,W1,W2,2024-03-08 19:18:00+00:00,2024-03-08 18:18:00+00:00,2024-03-08 19:18:00+00:00,on_time,synthetic_showcase,124.0,both,showcase_shipment_scans_cleaned,"showcase_shipment_scans_cleaned,showcase_delay_reports_cleaned,showcase_warehouse_transfers_cleaned",S00281
S00281,2024-03-09 09:18:00+00:00,delivery,delivered,0.0,R1,,synthetic_showcase,838,,,,,,,,,,left-only,T-S00281,W1,W2,2024-03-08 19:18:00+00:00,2024-03-08 18:18:00+00:00,2024-03-08 19:18:00+00:00,on_time,synthetic_showcase,124.0,both,showcase_shipment_scans_cleaned,"showcase_shipment_scans_cleaned,showcase_delay_reports_cleaned,showcase_warehouse_transfers_cleaned",S00281
S00282,2024-03-09 09:38:00+00:00,pickup,on_time,0.0,R3,W3,synthetic_showcase,839,,,,,,,,,,left-only,T-S00282,W3,W1,2024-03-09 14:38:00+00:00,2024-03-09 13:38:00+00:00,2024-03-09 14:38:00+00:00,on_time,synthetic_showcase,125.0,both,showcase_shipment_scans_cleaned,"showcase_shipment_scans_cleaned,showcase_delay_reports_cleaned,showcase_warehouse_transfers_cleaned",S00282
S00282,2024-03-09 14:38:00+00:00,hub_arrival,on_time,0.0,R3,W1,synthetic_showcase,840,,,,,,,,,,left-only,T-S00282,W3,W1,2024-03-09 14:38:00+00:00,2024-03-09 13:38:00+00:00,2024-03-09 14:38:00+00:00,on_time,synthetic_showcase,125.0,both,showcase_shipment_scans_cleaned,"showcase_shipment_scans_cleaned,showcase_delay_reports_cleaned,showcase_warehouse_transfers_cleaned",S00282
S00282,2024-03-09 18:38:00+00:00,hub_departure,on_time,0.0,R3,W1,synthetic_showcase,841,,,,,,,,,,left-only,T-S00282,W3,W1,2024-03-09 14:38:00+00:00,2024-03-09 13:38:00+00:00,2024-03-09 14:38:00+00:00,on_time,synthetic_showcase,125.0,both,showcase_shipment_scans_cleaned,"showcase_shipment_scans_cleaned,showcase_delay_reports_cleaned,showcase_warehouse_transfers_cleaned",S00282
S00282,2024-03-10 02:38:00+00:00,delivery,delivered,0.0,R3,,synthetic_showcase,842,,,,,,,,,,left-only,T-S00282,W3,W1,2024-03-09 14:38:00+00:00,2024-03-09 13:38:00+00:00,2024-03-09 14:38:00+00:00,on_time,synthetic_showcase,125.0,both,showcase_shipment_scans_cleaned,"showcase_shipment_scans_cleaned,showcase_delay_reports_cleaned,showcase_warehouse_transfers_cleaned",S00282
S00283,2024-03-10 08:22:00+00:00,pickup,delayed,19.1,R5,W4,synthetic_showcase,843,DL-S00283,mechanical,38.2,19.1,2024-03-11 09:22:00+00:00,R5,W5,synthetic_showcase,95.0,both,T-S00283,W4,W5,2024-03-10 14:22:00+00:00,2024-03-10 13:22:00+00:00,2024-03-10 14:22:00+00:00,on_time,synthetic_showcase,126.0,both,showcase_shipment_scans_cleaned,"showcase_shipment_scans_cleaned,showcase_delay_reports_cleaned,showcase_warehouse_transfers_cleaned",S00283
S00283,2024-03-10 14:22:00+00:00,hub_arrival,on_time,0.0,R5,W5,synthetic_showcase,844,DL-S00283,mechanical,38.2,19.1,2024-03-11 09:22:00+00:00,R5,W5,synthetic_showcase,95.0,both,T-S00283,W4,W5,2024-03-10 14:22:00+00:00,2024-03-10 13:22:00+00:00,2024-03-10 14:22:00+00:00,on_time,synthetic_showcase,126.0,both,showcase_shipment_scans_cleaned,"showcase_shipment_scans_cleaned,showcase_delay_reports_cleaned,showcase_warehouse_transfers_cleaned",S00283
S00283,2024-03-10 18:22:00+00:00,hub_departure,delayed,38.2,R5,W5,synthetic_showcase,845,DL-S00283,mechanical,38.2,19.1,2024-03-11 09:22:00+00:00,R5,W5,synthetic_showcase,95.0,both,T-S00283,W4,W5,2024-03-10 14:22:00+00:00,2024-03-10 13:22:00+00:00,2024-03-10 14:22:00+00:00,on_time,synthetic_showcase,126.0,both,showcase_shipment_scans_cleaned,"showcase_shipment_scans_cleaned,showcase_delay_reports_cleaned,showcase_warehouse_transfers_cleaned",S00283
S00283,2024-03-11 07:22:00+00:00,delivery,delivered,17.7,R5,,synthetic_showcase,846,DL-S00283,mechanical,38.2,19.1,2024-03-11 09:22:00+00:00,R5,W5,synthetic_showcase,95.0,both,T-S00283,W4,W5,2024-03-10 14:22:00+00:00,2024-03-10 13:22:00+00:00,2024-03-10 14:22:00+00:00,on_time,synthetic_showcase,126.0,both,showcase_shipment_scans_cleaned,"showcase_shipment_scans_cleaned,showcase_delay_reports_cleaned,showcase_warehouse_transfers_cleaned",S00283
S00284,2024-03-11 08:28:00+00:00,pickup,on_time,0.0,R1,W1,synthetic_showcase,847,,,,,,,,,,left-only,,,,,,,,,,left-only,showcase_shipment_scans_cleaned,"showcase_shipment_scans_cleaned,showcase_delay_reports_cleaned,showcase_warehouse_transfers_cleaned",S00284
S00284,2024-03-11 16:28:00+00:00,delivery,delivered,0.0,R1,,synthetic_showcase,848,,,,,,,,,,left-only,,,,,,,,,,left-only,showcase_shipment_scans_cleaned,"showcase_shipment_scans_cleaned,showcase_delay_reports_cleaned,showcase_warehouse_transfers_cleaned",S00284
S00285,2024-03-12 08:10:00+00:00,pickup,on_time,0.0,R1,W1,synthetic_showcase,849,,,,,,,,,,left-only,T-S00285,W1,W3,2024-03-12 13:10:00+00:00,2024-03-12 12:10:00+00:00,2024-03-12 13:10:00+00:00,on_time,synthetic_showcase,127.0,both,showcase_shipment_scans_cleaned,"showcase_shipment_scans_cleaned,showcase_delay_reports_cleaned,showcase_warehouse_transfers_cleaned",S00285
S00285,2024-03-12 13:10:00+00:00,hub_arrival,on_time,0.0,R1,W3,synthetic_showcase,850,,,,,,,,,,left-only,T-S00285,W1,W3,2024-03-12 13:10:00+00:00,2024-03-12 12:10:00+00:00,2024-03-12 13:10:00+00:00,on_time,synthetic_showcase,127.0,both,showcase_shipment_scans_cleaned,"showcase_shipment_scans_cleaned,showcase_delay_reports_cleaned,showcase_warehouse_transfers_cleaned",S00285
S00285,2024-03-12 17:10:00+00:00,hub_departure,on_time,0.0,R1,W3,synthetic_showcase,851,,,,,,,,,,left-only,T-S00285,W1,W3,2024-03-12 13:10:00+00:00,2024-03-12 12:10:00+00:00,2024-03-12 13:10:00+00:00,on_time,synthetic_showcase,127.0,both,showcase_shipment_scans_cleaned,"showcase_shipment_scans_cleaned,showcase_delay_reports_cleaned,showcase_warehouse_transfers_cleaned",S00285
S00285,2024-03-12 23:10:00+00:00,delivery,delivered,0.0,R1,,synthetic_showcase,852,,,,,,,,,,left-only,T-S00285,W1,W3,2024-03-12 13:10:00+00:00,2024-03-12 12:10:00+00:00,2024-03-12 13:10:00+00:00,on_time,synthetic_showcase,127.0,both,showcase_shipment_scans_cleaned,"showcase_shipment_scans_cleaned,showcase_delay_reports_cleaned,showcase_warehouse_transfers_cleaned",S00285
S00286,2024-03-13 08:29:00+00:00,pickup,on_time,0.0,R6,W5,synthetic_showcase,853,,,,,,,,,,left-only,T-S00286,W5,W3,2024-03-13 16:29:00+00:00,2024-03-13 15:29:00+00:00,2024-03-13 16:29:00+00:00,on_time,synthetic_showcase,128.0,both,showcase_shipment_scans_cleaned,"showcase_shipment_scans_cleaned,showcase_delay_reports_cleaned,showcase_warehouse_transfers_cleaned",S00286
S00286,2024-03-13 16:29:00+00:00,hub_arrival,on_time,0.0,R6,W3,synthetic_showcase,854,,,,,,,,,,left-only,T-S00286,W5,W3,2024-03-13 16:29:00+00:00,2024-03-13 15:29:00+00:00,2024-03-13 16:29:00+00:00,on_time,synthetic_showcase,128.0,both,showcase_shipment_scans_cleaned,"showcase_shipment_scans_cleaned,showcase_delay_reports_cleaned,showcase_warehouse_transfers_cleaned",S00286
S00286,2024-03-13 19:29:00+00:00,hub_departure,on_time,0.0,R6,W3,synthetic_showcase,855,,,,,,,,,,left-only,T-S00286,W5,W3,2024-03-13 16:29:00+00:00,2024-03-13 15:29:00+00:00,2024-03-13 16:29:00+00:00,on_time,synthetic_showcase,128.0,both,showcase_shipment_scans_cleaned,"showcase_shipment_scans_cleaned,showcase_delay_reports_cleaned,showcase_warehouse_transfers_cleaned",S00286
S00286,2024-03-14 11:29:00+00:00,delivery,delivered,0.0,R6,,synthetic_showcase,856,,,,,,,,,,left-only,T-S00286,W5,W3,2024-03-13 16:29:00+00:00,2024-03-13 15:29:00+00:00,2024-03-13 16:29:00+00:00,on_time,synthetic_showcase,128.0,both,showcase_shipment_scans_cleaned,"showcase_shipment_scans_cleaned,showcase_delay_reports_cleaned,showcase_warehouse_transfers_cleaned",S00286
S00287,2024-03-14 08:58:00+00:00,pickup,on_time,0.0,R1,W1,synthetic_showcase,857,,,,,,,,,,left-only,T-S00287,W1,W2,2024-03-14 16:58:00+00:00,2024-03-14 15:58:00+00:00,2024-03-14 16:58:00+00:00,on_time,synthetic_showcase,129.0,both,showcase_shipment_scans_cleaned,"showcase_shipment_scans_cleaned,showcase_delay_reports_cleaned,showcase_warehouse_transfers_cleaned",S00287
S00287,2024-03-14 16:58:00+00:00,hub_arrival,on_time,0.0,R1,W2,synthetic_showcase,858,,,,,,,,,,left-only,T-S00287,W1,W2,2024-03-14 16:58:00+00:00,2024-03-14 15:58:00+00:00,2024-03-14 16:58:00+00:00,on_time,synthetic_showcase,129.0,both,showcase_shipment_scans_cleaned,"showcase_shipment_scans_cleaned,showcase_delay_reports_cleaned,showcase_warehouse_transfers_cleaned",S00287
S00287,2024-03-14 17:58:00+00:00,hub_departure,on_time,0.0,R1,W2,synthetic_showcase,859,,,,,,,,,,left-only,T-S00287,W1,W2,2024-03-14 16:58:00+00:00,2024-03-14 15:58:00+00:00,2024-03-14 16:58:00+00:00,on_time,synthetic_showcase,129.0,both,showcase_shipment_scans_cleaned,"showcase_shipment_scans_cleaned,showcase_delay_reports_cleaned,showcase_warehouse_transfers_cleaned",S00287
S00287,2024-03-15 03:58:00+00:00,delivery,delivered,0.0,R1,,synthetic_showcase,860,,,,,,,,,,left-only,T-S00287,W1,W2,2024-03-14 16:58:00+00:00,2024-03-14 15:58:00+00:00,2024-03-14 16:58:00+00:00,on_time,synthetic_showcase,129.0,both,showcase_shipment_scans_cleaned,"showcase_shipment_scans_cleaned,showcase_delay_reports_cleaned,showcase_warehouse_transfers_cleaned",S00287
S00288,2024-03-15 09:12:00+00:00,pickup,on_time,0.0,R6,W5,synthetic_showcase,861,DL-S00288,mechanical,84.3,0.0,2024-03-15 20:12:00+00:00,R6,W5,synthetic_showcase,96.0,both,,,,,,,,,,left-only,showcase_shipment_scans_cleaned,"showcase_shipment_scans_cleaned,showcase_delay_reports_cleaned,showcase_warehouse_transfers_cleaned",S00288
S00288,2024-03-15 18:12:00+00:00,delivery,delivered,84.3,R6,,synthetic_showcase,862,DL-S00288,mechanical,84.3,0.0,2024-03-15 20:12:00+00:00,R6,W5,synthetic_showcase,96.0,both,,,,,,,,,,left-only,showcase_shipment_scans_cleaned,"showcase_shipment_scans_cleaned,showcase_delay_reports_cleaned,showcase_warehouse_transfers_cleaned",S00288
S00289,2024-03-16 08:12:00+00:00,pickup,on_time,0.0,R3,W3,synthetic_showcase,863,,,,,,,,,,left-only,,,,,,,,,,left-only,showcase_shipment_scans_cleaned,"showcase_shipment_scans_cleaned,showcase_delay_reports_cleaned,showcase_warehouse_transfers_cleaned",S00289
S00289,2024-03-17 00:12:00+00:00,delivery,delivered,0.0,R3,,synthetic_showcase,864,,,,,,,,,,left-only,,,,,,,,,,left-only,showcase_shipment_scans_cleaned,"showcase_shipment_scans_cleaned,showcase_delay_reports_cleaned,showcase_warehouse_transfers_cleaned",S00289
S00290,2024-03-17 09:37:00+00:00,pickup,delayed,31.3,R2,W2,synthetic_showcase,865,DL-S00290,congestion,53.4,31.3,2024-03-18 15:37:00+00:00,R2,W4,synthetic_showcase,97.0,both,T-S00290,W2,W4,2024-03-17 17:37:00+00:00,2024-03-17 16:37:00+00:00,2024-03-17 17:37:00+00:00,delayed,synthetic_showcase,130.0,both,showcase_shipment_scans_cleaned,"showcase_shipment_scans_cleaned,showcase_delay_reports_cleaned,showcase_warehouse_transfers_cleaned",S00290
S00290,2024-03-17 17:37:00+00:00,hub_arrival,delayed,53.4,R2,W4,synthetic_showcase,866,DL-S00290,congestion,53.4,31.3,2024-03-18 15:37:00+00:00,R2,W4,synthetic_showcase,97.0,both,T-S00290,W2,W4,2024-03-17 17:37:00+00:00,2024-03-17 16:37:00+00:00,2024-03-17 17:37:00+00:00,delayed,synthetic_showcase,130.0,both,showcase_shipment_scans_cleaned,"showcase_shipment_scans_cleaned,showcase_delay_reports_cleaned,showcase_warehouse_transfers_cleaned",S00290
S00290,2024-03-17 21:37:00+00:00,hub_departure,delayed,17.5,R2,W4,synthetic_showcase,867,DL-S00290,congestion,53.4,31.3,2024-03-18 15:37:00+00:00,R2,W4,synthetic_showcase,97.0,both,T-S00290,W2,W4,2024-03-17 17:37:00+00:00,2024-03-17 16:37:00+00:00,2024-03-17 17:37:00+00:00,delayed,synthetic_showcase,130.0,both,showcase_shipment_scans_cleaned,"showcase_shipment_scans_cleaned,showcase_delay_reports_cleaned,showcase_warehouse_transfers_cleaned",S00290
S00290,2024-03-18 13:37:00+00:00,delivery,delivered,0.0,R2,,synthetic_showcase,868,DL-S00290,congestion,53.4,31.3,2024-03-18 15:37:00+00:00,R2,W4,synthetic_showcase,97.0,both,T-S00290,W2,W4,2024-03-17 17:37:00+00:00,2024-03-17 16:37:00+00:00,2024-03-17 17:37:00+00:00,delayed,synthetic_showcase,130.0,both,showcase_shipment_scans_cleaned,"showcase_shipment_scans_cleaned,showcase_delay_reports_cleaned,showcase_warehouse_transfers_cleaned",S00290
S00291,2024-03-18 08:50:00+00:00,pickup,on_time,0.0,R3,W3,synthetic_showcase,869,,,,,,,,,,left-only,,,,,,,,,,left-only,showcase_shipment_scans_cleaned,"showcase_shipment_scans_cleaned,showcase_delay_reports_cleaned,showcase_warehouse_transfers_cleaned",S00291
S00291,2024-03-18 15:50:00+00:00,delivery,delivered,0.0,R3,,synthetic_showcase,870,,,,,,,,,,left-only,,,,,,,,,,left-only,showcase_shipment_scans_cleaned,"showcase_shipment_scans_cleaned,showcase_delay_reports_cleaned,showcase_warehouse_transfers_cleaned",S00291
S00292,2024-03-19 08:18:00+00:00,pickup,on_time,0.0,R3,W3,synthetic_showcase,871,,,,,,,,,,left-only,T-S00292,W3,W1,2024-03-19 16:18:00+00:00,2024-03-19 15:18:00+00:00,2024-03-19 16:18:00+00:00,on_time,synthetic_showcase,131.0,both,showcase_shipment_scans_cleaned,"showcase_shipment_scans_cleaned,showcase_delay_reports_cleaned,showcase_warehouse_transfers_cleaned",S00292
S00292,2024-03-19 16:18:00+00:00,hub_arrival,on_time,0.0,R3,W1,synthetic_showcase,872,,,,,,,,,,left-only,T-S00292,W3,W1,2024-03-19 16:18:00+00:00,2024-03-19 15:18:00+00:00,2024-03-19 16:18:00+00:00,on_time,synthetic_showcase,131.0,both,showcase_shipment_scans_cleaned,"showcase_shipment_scans_cleaned,showcase_delay_reports_cleaned,showcase_warehouse_transfers_cleaned",S00292
S00292,2024-03-19 20:18:00+00:00,hub_departure,on_time,0.0,R3,W1,synthetic_showcase,873,,,,,,,,,,left-only,T-S00292,W3,W1,2024-03-19 16:18:00+00:00,2024-03-19 15:18:00+00:00,2024-03-19 16:18:00+00:00,on_time,synthetic_showcase,131.0,both,showcase_shipment_scans_cleaned,"showcase_shipment_scans_cleaned,showcase_delay_reports_cleaned,showcase_warehouse_transfers_cleaned",S00292
S00292,2024-03-20 12:18:00+00:00,delivery,delivered,0.0,R3,,synthetic_showcase,874,,,,,,,,,,left-only,T-S00292,W3,W1,2024-03-19 16:18:00+00:00,2024-03-19 15:18:00+00:00,2024-03-19 16:18:00+00:00,on_time,synthetic_showcase,131.0,both,showcase_shipment_scans_cleaned,"showcase_shipment_scans_cleaned,showcase_delay_reports_cleaned,showcase_warehouse_transfers_cleaned",S00292
S00293,2024-03-20 08:11:00+00:00,pickup,on_time,0.0,R3,W3,synthetic_showcase,875,DL-S00293,mechanical,41.1,0.0,2024-03-21 12:11:00+00:00,R3,W2,synthetic_showcase,98.0,both,T-S00293,W3,W2,2024-03-20 15:11:00+00:00,2024-03-20 14:11:00+00:00,2024-03-20 15:11:00+00:00,delayed,synthetic_showcase,132.0,both,showcase_shipment_scans_cleaned,"showcase_shipment_scans_cleaned,showcase_delay_reports_cleaned,showcase_warehouse_transfers_cleaned",S00293
S00293,2024-03-20 15:11:00+00:00,hub_arrival,delayed,18.1,R3,W2,synthetic_showcase,876,DL-S00293,mechanical,41.1,0.0,2024-03-21 12:11:00+00:00,R3,W2,synthetic_showcase,98.0,both,T-S00293,W3,W2,2024-03-20 15:11:00+00:00,2024-03-20 14:11:00+00:00,2024-03-20 15:11:00+00:00,delayed,synthetic_showcase,132.0,both,showcase_shipment_scans_cleaned,"showcase_shipment_scans_cleaned,showcase_delay_reports_cleaned,showcase_warehouse_transfers_cleaned",S00293
S00293,2024-03-20 19:11:00+00:00,hub_departure,delayed,41.1,R3,W2,synthetic_showcase,877,DL-S00293,mechanical,41.1,0.0,2024-03-21 12:11:00+00:00,R3,W2,synthetic_showcase,98.0,both,T-S00293,W3,W2,2024-03-20 15:11:00+00:00,2024-03-20 14:11:00+00:00,2024-03-20 15:11:00+00:00,delayed,synthetic_showcase,132.0,both,showcase_shipment_scans_cleaned,"showcase_shipment_scans_cleaned,showcase_delay_reports_cleaned,showcase_warehouse_transfers_cleaned",S00293
S00293,2024-03-21 10:11:00+00:00,delivery,delivered,0.0,R3,,synthetic_showcase,878,DL-S00293,mechanical,41.1,0.0,2024-03-21 12:11:00+00:00,R3,W2,synthetic_showcase,98.0,both,T-S00293,W3,W2,2024-03-20 15:11:00+00:00,2024-03-20 14:11:00+00:00,2024-03-20 15:11:00+00:00,delayed,synthetic_showcase,132.0,both,showcase_shipment_scans_cleaned,"showcase_shipment_scans_cleaned,showcase_delay_reports_cleaned,showcase_warehouse_transfers_cleaned",S00293
S00294,2024-03-21 08:54:00+00:00,pickup,on_time,0.0,R6,W5,synthetic_showcase,879,,,,,,,,,,left-only,T-S00294,W5,W2,2024-03-21 17:54:00+00:00,2024-03-21 16:54:00+00:00,2024-03-21 17:54:00+00:00,on_time,synthetic_showcase,133.0,both,showcase_shipment_scans_cleaned,"showcase_shipment_scans_cleaned,showcase_delay_reports_cleaned,showcase_warehouse_transfers_cleaned",S00294
S00294,2024-03-21 17:54:00+00:00,hub_arrival,on_time,0.0,R6,W2,synthetic_showcase,880,,,,,,,,,,left-only,T-S00294,W5,W2,2024-03-21 17:54:00+00:00,2024-03-21 16:54:00+00:00,2024-03-21 17:54:00+00:00,on_time,synthetic_showcase,133.0,both,showcase_shipment_scans_cleaned,"showcase_shipment_scans_cleaned,showcase_delay_reports_cleaned,showcase_warehouse_transfers_cleaned",S00294
S00294,2024-03-21 20:54:00+00:00,hub_departure,on_time,0.0,R6,W2,synthetic_showcase,881,,,,,,,,,,left-only,T-S00294,W5,W2,2024-03-21 17:54:00+00:00,2024-03-21 16:54:00+00:00,2024-03-21 17:54:00+00:00,on_time,synthetic_showcase,133.0,both,showcase_shipment_scans_cleaned,"showcase_shipment_scans_cleaned,showcase_delay_reports_cleaned,showcase_warehouse_transfers_cleaned",S00294
S00294,2024-03-22 10:54:00+00:00,delivery,delivered,0.0,R6,,synthetic_showcase,882,,,,,,,,,,left-only,T-S00294,W5,W2,2024-03-21 17:54:00+00:00,2024-03-21 16:54:00+00:00,2024-03-21 17:54:00+00:00,on_time,synthetic_showcase,133.0,both,showcase_shipment_scans_cleaned,"showcase_shipment_scans_cleaned,showcase_delay_reports_cleaned,showcase_warehouse_transfers_cleaned",S00294
S00295,2024-03-01 09:30:00+00:00,pickup,on_time,0.0,R6,W5,synthetic_showcase,883,DL-S00295,customs,10.2,0.0,2024-03-02 12:30:00+00:00,R6,W3,synthetic_showcase,99.0,both,T-S00295,W5,W3,2024-03-01 19:30:00+00:00,2024-03-01 18:30:00+00:00,2024-03-01 19:30:00+00:00,on_time,synthetic_showcase,134.0,both,showcase_shipment_scans_cleaned,"showcase_shipment_scans_cleaned,showcase_delay_reports_cleaned,showcase_warehouse_transfers_cleaned",S00295
S00295,2024-03-01 19:30:00+00:00,hub_arrival,on_time,0.0,R6,W3,synthetic_showcase,884,DL-S00295,customs,10.2,0.0,2024-03-02 12:30:00+00:00,R6,W3,synthetic_showcase,99.0,both,T-S00295,W5,W3,2024-03-01 19:30:00+00:00,2024-03-01 18:30:00+00:00,2024-03-01 19:30:00+00:00,on_time,synthetic_showcase,134.0,both,showcase_shipment_scans_cleaned,"showcase_shipment_scans_cleaned,showcase_delay_reports_cleaned,showcase_warehouse_transfers_cleaned",S00295
S00295,2024-03-01 20:30:00+00:00,hub_departure,on_time,0.0,R6,W3,synthetic_showcase,885,DL-S00295,customs,10.2,0.0,2024-03-02 12:30:00+00:00,R6,W3,synthetic_showcase,99.0,both,T-S00295,W5,W3,2024-03-01 19:30:00+00:00,2024-03-01 18:30:00+00:00,2024-03-01 19:30:00+00:00,on_time,synthetic_showcase,134.0,both,showcase_shipment_scans_cleaned,"showcase_shipment_scans_cleaned,showcase_delay_reports_cleaned,showcase_warehouse_transfers_cleaned",S00295
S00295,2024-03-02 10:30:00+00:00,delivery,delivered,10.2,R6,,synthetic_showcase,886,DL-S00295,customs,10.2,0.0,2024-03-02 12:30:00+00:00,R6,W3,synthetic_showcase,99.0,both,T-S00295,W5,W3,2024-03-01 19:30:00+00:00,2024-03-01 18:30:00+00:00,2024-03-01 19:30:00+00:00,on_time,synthetic_showcase,134.0,both,showcase_shipment_scans_cleaned,"showcase_shipment_scans_cleaned,showcase_delay_reports_cleaned,showcase_warehouse_transfers_cleaned",S00295
S00296,2024-03-02 09:02:00+00:00,pickup,on_time,0.0,R2,W2,synthetic_showcase,887,,,,,,,,,,left-only,,,,,,,,,,left-only,showcase_shipment_scans_cleaned,"showcase_shipment_scans_cleaned,showcase_delay_reports_cleaned,showcase_warehouse_transfers_cleaned",S00296
S00296,2024-03-03 03:02:00+00:00,delivery,delivered,0.0,R2,,synthetic_showcase,888,,,,,,,,,,left-only,,,,,,,,,,left-only,showcase_shipment_scans_cleaned,"showcase_shipment_scans_cleaned,showcase_delay_reports_cleaned,showcase_warehouse_transfers_cleaned",S00296
S00297,2024-03-03 09:58:00+00:00,pickup,on_time,0.0,R2,W2,synthetic_showcase,889,,,,,,,,,,left-only,T-S00297,W2,W5,2024-03-03 18:58:00+00:00,2024-03-03 17:58:00+00:00,2024-03-03 18:58:00+00:00,on_time,synthetic_showcase,135.0,both,showcase_shipment_scans_cleaned,"showcase_shipment_scans_cleaned,showcase_delay_reports_cleaned,showcase_warehouse_transfers_cleaned",S00297
S00297,2024-03-03 18:58:00+00:00,hub_arrival,on_time,0.0,R2,W5,synthetic_showcase,890,,,,,,,,,,left-only,T-S00297,W2,W5,2024-03-03 18:58:00+00:00,2024-03-03 17:58:00+00:00,2024-03-03 18:58:00+00:00,on_time,synthetic_showcase,135.0,both,showcase_shipment_scans_cleaned,"showcase_shipment_scans_cleaned,showcase_delay_reports_cleaned,showcase_warehouse_transfers_cleaned",S00297
S00297,2024-03-03 20:58:00+00:00,hub_departure,on_time,0.0,R2,W5,synthetic_showcase,891,,,,,,,,,,left-only,T-S00297,W2,W5,2024-03-03 18:58:00+00:00,2024-03-03 17:58:00+00:00,2024-03-03 18:58:00+00:00,on_time,synthetic_showcase,135.0,both,showcase_shipment_scans_cleaned,"showcase_shipment_scans_cleaned,showcase_delay_reports_cleaned,showcase_warehouse_transfers_cleaned",S00297
S00297,2024-03-04 06:58:00+00:00,delivery,delivered,0.0,R2,,synthetic_showcase,892,,,,,,,,,,left-only,T-S00297,W2,W5,2024-03-03 18:58:00+00:00,2024-03-03 17:58:00+00:00,2024-03-03 18:58:00+00:00,on_time,synthetic_showcase,135.0,both,showcase_shipment_scans_cleaned,"showcase_shipment_scans_cleaned,showcase_delay_reports_cleaned,showcase_warehouse_transfers_cleaned",S00297
S00298,2024-03-04 08:55:00+00:00,pickup,delayed,12.3,R2,W2,synthetic_showcase,893,DL-S00298,traffic,60.1,12.3,2024-03-05 06:55:00+00:00,R2,W3,synthetic_showcase,100.0,both,T-S00298,W2,W3,2024-03-04 14:55:00+00:00,2024-03-04 13:55:00+00:00,2024-03-04 14:55:00+00:00,delayed,synthetic_showcase,136.0,both,showcase_shipment_scans_cleaned,"showcase_shipment_scans_cleaned,showcase_delay_reports_cleaned,showcase_warehouse_transfers_cleaned",S00298
S00298,2024-03-04 14:55:00+00:00,hub_arrival,delayed,30.9,R2,W3,synthetic_showcase,894,DL-S00298,traffic,60.1,12.3,2024-03-05 06:55:00+00:00,R2,W3,synthetic_showcase,100.0,both,T-S00298,W2,W3,2024-03-04 14:55:00+00:00,2024-03-04 13:55:00+00:00,2024-03-04 14:55:00+00:00,delayed,synthetic_showcase,136.0,both,showcase_shipment_scans_cleaned,"showcase_shipment_scans_cleaned,showcase_delay_reports_cleaned,showcase_warehouse_transfers_cleaned",S00298
S00298,2024-03-04 16:55:00+00:00,hub_departure,on_time,0.0,R2,W3,synthetic_showcase,895,DL-S00298,traffic,60.1,12.3,2024-03-05 06:55:00+00:00,R2,W3,synthetic_showcase,100.0,both,T-S00298,W2,W3,2024-03-04 14:55:00+00:00,2024-03-04 13:55:00+00:00,2024-03-04 14:55:00+00:00,delayed,synthetic_showcase,136.0,both,showcase_shipment_scans_cleaned,"showcase_shipment_scans_cleaned,showcase_delay_reports_cleaned,showcase_warehouse_transfers_cleaned",S00298
S00298,2024-03-05 04:55:00+00:00,delivery,delivered,60.1,R2,,synthetic_showcase,896,DL-S00298,traffic,60.1,12.3,2024-03-05 06:55:00+00:00,R2,W3,synthetic_showcase,100.0,both,T-S00298,W2,W3,2024-03-04 14:55:00+00:00,2024-03-04 13:55:00+00:00,2024-03-04 14:55:00+00:00,delayed,synthetic_showcase,136.0,both,showcase_shipment_scans_cleaned,"showcase_shipment_scans_cleaned,showcase_delay_reports_cleaned,showcase_warehouse_transfers_cleaned",S00298
S00299,2024-03-05 08:59:00+00:00,pickup,on_time,0.0,R6,W5,synthetic_showcase,897,,,,,,,,,,left-only,,,,,,,,,,left-only,showcase_shipment_scans_cleaned,"showcase_shipment_scans_cleaned,showcase_delay_reports_cleaned,showcase_warehouse_transfers_cleaned",S00299
S00299,2024-03-05 17:59:00+00:00,delivery,delivered,0.0,R6,,synthetic_showcase,898,,,,,,,,,,left-only,,,,,,,,,,left-only,showcase_shipment_scans_cleaned,"showcase_shipment_scans_cleaned,showcase_delay_reports_cleaned,showcase_warehouse_transfers_cleaned",S00299
S00300,2024-03-06 08:22:00+00:00,pickup,delayed,60.0,R1,W1,synthetic_showcase,899,DL-S00300,congestion,60.0,60.0,2024-03-07 11:22:00+00:00,R1,W1,synthetic_showcase,101.0,both,,,,,,,,,,left-only,showcase_shipment_scans_cleaned,"showcase_shipment_scans_cleaned,showcase_delay_reports_cleaned,showcase_warehouse_transfers_cleaned",S00300
S00300,2024-03-06 17:22:00+00:00,delivery_attempt,delayed,53.0,R1,,synthetic_showcase,900,DL-S00300,congestion,60.0,60.0,2024-03-07 11:22:00+00:00,R1,W1,synthetic_showcase,101.0,both,,,,,,,,,,left-only,showcase_shipment_scans_cleaned,"showcase_shipment_scans_cleaned,showcase_delay_reports_cleaned,showcase_warehouse_transfers_cleaned",S00300
S00300,2024-03-07 09:22:00+00:00,delivery,delivered,0.0,R1,,synthetic_showcase,901,DL-S00300,congestion,60.0,60.0,2024-03-07 11:22:00+00:00,R1,W1,synthetic_showcase,101.0,both,,,,,,,,,,left-only,showcase_shipment_scans_cleaned,"showcase_shipment_scans_cleaned,showcase_delay_reports_cleaned,showcase_warehouse_transfers_cleaned",S00300
S00301,2024-03-07 09:22:00+00:00,pickup,on_time,0.0,R1,W1,synthetic_showcase,902,,,,,,,,,,left-only,,,,,,,,,,left-only,showcase_shipment_scans_cleaned,"showcase_shipment_scans_cleaned,showcase_delay_reports_cleaned,showcase_warehouse_transfers_cleaned",S00301
S00301,2024-03-07 22:22:00+00:00,delivery,delivered,0.0,R1,,synthetic_showcase,903,,,,,,,,,,left-only,,,,,,,,,,left-only,showcase_shipment_scans_cleaned,"showcase_shipment_scans_cleaned,showcase_delay_reports_cleaned,showcase_warehouse_transfers_cleaned",S00301
S00302,2024-03-08 08:15:00+00:00,pickup,on_time,0.0,R5,W4,synthetic_showcase,904,,,,,,,,,,left-only,,,,,,,,,,left-only,showcase_shipment_scans_cleaned,"showcase_shipment_scans_cleaned,showcase_delay_reports_cleaned,showcase_warehouse_transfers_cleaned",S00302
S00302,2024-03-08 23:15:00+00:00,delivery,delivered,0.0,R5,,synthetic_showcase,905,,,,,,,,,,left-only,,,,,,,,,,left-only,showcase_shipment_scans_cleaned,"showcase_shipment_scans_cleaned,showcase_delay_reports_cleaned,showcase_warehouse_transfers_cleaned",S00302
S00303,2024-03-09 08:33:00+00:00,pickup,delayed,49.8,R2,W2,synthetic_showcase,906,DL-S00303,traffic,49.8,49.8,2024-03-10 07:33:00+00:00,R2,W5,synthetic_showcase,102.0,both,T-S00303,W2,W5,2024-03-09 17:33:00+00:00,2024-03-09 16:33:00+00:00,2024-03-09 17:33:00+00:00,delayed,synthetic_showcase,137.0,both,showcase_shipment_scans_cleaned,"showcase_shipment_scans_cleaned,showcase_delay_reports_cleaned,showcase_warehouse_transfers_cleaned",S00303
S00303,2024-03-09 17:33:00+00:00,hub_arrival,delayed,22.4,R2,W5,synthetic_showcase,907,DL-S00303,traffic,49.8,49.8,2024-03-10 07:33:00+00:00,R2,W5,synthetic_showcase,102.0,both,T-S00303,W2,W5,2024-03-09 17:33:00+00:00,2024-03-09 16:33:00+00:00,2024-03-09 17:33:00+00:00,delayed,synthetic_showcase,137.0,both,showcase_shipment_scans_cleaned,"showcase_shipment_scans_cleaned,showcase_delay_reports_cleaned,showcase_warehouse_transfers_cleaned",S00303
S00303,2024-03-09 19:33:00+00:00,hub_departure,delayed,11.7,R2,W5,synthetic_showcase,908,DL-S00303,traffic,49.8,49.8,2024-03-10 07:33:00+00:00,R2,W5,synthetic_showcase,102.0,both,T-S00303,W2,W5,2024-03-09 17:33:00+00:00,2024-03-09 16:33:00+00:00,2024-03-09 17:33:00+00:00,delayed,synthetic_showcase,137.0,both,showcase_shipment_scans_cleaned,"showcase_shipment_scans_cleaned,showcase_delay_reports_cleaned,showcase_warehouse_transfers_cleaned",S00303
S00303,2024-03-10 05:33:00+00:00,delivery,delivered,0.0,R2,,synthetic_showcase,909,DL-S00303,traffic,49.8,49.8,2024-03-10 07:33:00+00:00,R2,W5,synthetic_showcase,102.0,both,T-S00303,W2,W5,2024-03-09 17:33:00+00:00,2024-03-09 16:33:00+00:00,2024-03-09 17:33:00+00:00,delayed,synthetic_showcase,137.0,both,showcase_shipment_scans_cleaned,"showcase_shipment_scans_cleaned,showcase_delay_reports_cleaned,showcase_warehouse_transfers_cleaned",S00303
S00304,2024-03-10 08:30:00+00:00,pickup,on_time,0.0,R5,W4,synthetic_showcase,910,,,,,,,,,,left-only,,,,,,,,,,left-only,showcase_shipment_scans_cleaned,"showcase_shipment_scans_cleaned,showcase_delay_reports_cleaned,showcase_warehouse_transfers_cleaned",S00304
S00304,2024-03-10 23:30:00+00:00,delivery,delivered,0.0,R5,,synthetic_showcase,911,,,,,,,,,,left-only,,,,,,,,,,left-only,showcase_shipment_scans_cleaned,"showcase_shipment_scans_cleaned,showcase_delay_reports_cleaned,showcase_warehouse_transfers_cleaned",S00304
S00305,2024-03-11 08:51:00+00:00,pickup,on_time,0.0,R4,W1,synthetic_showcase,912,,,,,,,,,,left-only,,,,,,,,,,left-only,showcase_shipment_scans_cleaned,"showcase_shipment_scans_cleaned,showcase_delay_reports_cleaned,showcase_warehouse_transfers_cleaned",S00305
S00305,2024-03-11 15:51:00+00:00,delivery,delivered,0.0,R4,,synthetic_showcase,913,,,,,,,,,,left-only,,,,,,,,,,left-only,showcase_shipment_scans_cleaned,"showcase_shipment_scans_cleaned,showcase_delay_reports_cleaned,showcase_warehouse_transfers_cleaned",S00305
S00306,2024-03-12 08:23:00+00:00,pickup,on_time,0.0,R5,W4,synthetic_showcase,914,DL-S00306,congestion,116.9,0.0,2024-03-13 10:23:00+00:00,R5,W2,synthetic_showcase,103.0,both,T-S00306,W4,W2,2024-03-12 16:23:00+00:00,2024-03-12 15:23:00+00:00,2024-03-12 16:23:00+00:00,on_time,synthetic_showcase,138.0,both,showcase_shipment_scans_cleaned,"showcase_shipment_scans_cleaned,showcase_delay_reports_cleaned,showcase_warehouse_transfers_cleaned",S00306
S00306,2024-03-12 16:23:00+00:00,hub_arrival,on_time,0.0,R5,W2,synthetic_showcase,915,DL-S00306,congestion,116.9,0.0,2024-03-13 10:23:00+00:00,R5,W2,synthetic_showcase,103.0,both,T-S00306,W4,W2,2024-03-12 16:23:00+00:00,2024-03-12 15:23:00+00:00,2024-03-12 16:23:00+00:00,on_time,synthetic_showcase,138.0,both,showcase_shipment_scans_cleaned,"showcase_shipment_scans_cleaned,showcase_delay_reports_cleaned,showcase_warehouse_transfers_cleaned",S00306
S00306,2024-03-12 20:23:00+00:00,hub_departure,delayed,116.9,R5,W2,synthetic_showcase,916,DL-S00306,congestion,116.9,0.0,2024-03-13 10:23:00+00:00,R5,W2,synthetic_showcase,103.0,both,T-S00306,W4,W2,2024-03-12 16:23:00+00:00,2024-03-12 15:23:00+00:00,2024-03-12 16:23:00+00:00,on_time,synthetic_showcase,138.0,both,showcase_shipment_scans_cleaned,"showcase_shipment_scans_cleaned,showcase_delay_reports_cleaned,showcase_warehouse_transfers_cleaned",S00306
S00306,2024-03-13 08:23:00+00:00,delivery,delivered,96.8,R5,,synthetic_showcase,917,DL-S00306,congestion,116.9,0.0,2024-03-13 10:23:00+00:00,R5,W2,synthetic_showcase,103.0,both,T-S00306,W4,W2,2024-03-12 16:23:00+00:00,2024-03-12 15:23:00+00:00,2024-03-12 16:23:00+00:00,on_time,synthetic_showcase,138.0,both,showcase_shipment_scans_cleaned,"showcase_shipment_scans_cleaned,showcase_delay_reports_cleaned,showcase_warehouse_transfers_cleaned",S00306
S00307,2024-03-13 08:56:00+00:00,pickup,on_time,0.0,R2,W2,synthetic_showcase,918,,,,,,,,,,left-only,T-S00307,W2,W3,2024-03-13 13:56:00+00:00,2024-03-13 12:56:00+00:00,2024-03-13 13:56:00+00:00,on_time,synthetic_showcase,139.0,both,showcase_shipment_scans_cleaned,"showcase_shipment_scans_cleaned,showcase_delay_reports_cleaned,showcase_warehouse_transfers_cleaned",S00307
S00307,2024-03-13 13:56:00+00:00,hub_arrival,on_time,0.0,R2,W3,synthetic_showcase,919,,,,,,,,,,left-only,T-S00307,W2,W3,2024-03-13 13:56:00+00:00,2024-03-13 12:56:00+00:00,2024-03-13 13:56:00+00:00,on_time,synthetic_showcase,139.0,both,showcase_shipment_scans_cleaned,"showcase_shipment_scans_cleaned,showcase_delay_reports_cleaned,showcase_warehouse_transfers_cleaned",S00307
S00307,2024-03-13 15:56:00+00:00,hub_departure,on_time,0.0,R2,W3,synthetic_showcase,920,,,,,,,,,,left-only,T-S00307,W2,W3,2024-03-13 13:56:00+00:00,2024-03-13 12:56:00+00:00,2024-03-13 13:56:00+00:00,on_time,synthetic_showcase,139.0,both,showcase_shipment_scans_cleaned,"showcase_shipment_scans_cleaned,showcase_delay_reports_cleaned,showcase_warehouse_transfers_cleaned",S00307
S00307,2024-03-14 04:56:00+00:00,delivery,delivered,0.0,R2,,synthetic_showcase,921,,,,,,,,,,left-only,T-S00307,W2,W3,2024-03-13 13:56:00+00:00,2024-03-13 12:56:00+00:00,2024-03-13 13:56:00+00:00,on_time,synthetic_showcase,139.0,both,showcase_shipment_scans_cleaned,"showcase_shipment_scans_cleaned,showcase_delay_reports_cleaned,showcase_warehouse_transfers_cleaned",S00307
S00308,2024-03-14 09:03:00+00:00,pickup,on_time,0.0,R2,W2,synthetic_showcase,922,,,,,,,,,,left-only,T-S00308,W2,W4,2024-03-14 15:03:00+00:00,2024-03-14 14:03:00+00:00,2024-03-14 15:03:00+00:00,on_time,synthetic_showcase,140.0,both,showcase_shipment_scans_cleaned,"showcase_shipment_scans_cleaned,showcase_delay_reports_cleaned,showcase_warehouse_transfers_cleaned",S00308
S00308,2024-03-14 15:03:00+00:00,hub_arrival,on_time,0.0,R2,W4,synthetic_showcase,923,,,,,,,,,,left-only,T-S00308,W2,W4,2024-03-14 15:03:00+00:00,2024-03-14 14:03:00+00:00,2024-03-14 15:03:00+00:00,on_time,synthetic_showcase,140.0,both,showcase_shipment_scans_cleaned,"showcase_shipment_scans_cleaned,showcase_delay_reports_cleaned,showcase_warehouse_transfers_cleaned",S00308
S00308,2024-03-14 18:03:00+00:00,hub_departure,on_time,0.0,R2,W4,synthetic_showcase,924,,,,,,,,,,left-only,T-S00308,W2,W4,2024-03-14 15:03:00+00:00,2024-03-14 14:03:00+00:00,2024-03-14 15:03:00+00:00,on_time,synthetic_showcase,140.0,both,showcase_shipment_scans_cleaned,"showcase_shipment_scans_cleaned,showcase_delay_reports_cleaned,showcase_warehouse_transfers_cleaned",S00308
S00308,2024-03-15 03:03:00+00:00,delivery,delivered,0.0,R2,,synthetic_showcase,925,,,,,,,,,,left-only,T-S00308,W2,W4,2024-03-14 15:03:00+00:00,2024-03-14 14:03:00+00:00,2024-03-14 15:03:00+00:00,on_time,synthetic_showcase,140.0,both,showcase_shipment_scans_cleaned,"showcase_shipment_scans_cleaned,showcase_delay_reports_cleaned,showcase_warehouse_transfers_cleaned",S00308
S00309,2024-03-15 08:48:00+00:00,pickup,on_time,0.0,R3,W3,synthetic_showcase,926,,,,,,,,,,left-only,T-S00309,W3,W5,2024-03-15 16:48:00+00:00,2024-03-15 15:48:00+00:00,2024-03-15 16:48:00+00:00,on_time,synthetic_showcase,141.0,both,showcase_shipment_scans_cleaned,"showcase_shipment_scans_cleaned,showcase_delay_reports_cleaned,showcase_warehouse_transfers_cleaned",S00309
S00309,2024-03-15 16:48:00+00:00,hub_arrival,on_time,0.0,R3,W5,synthetic_showcase,927,,,,,,,,,,left-only,T-S00309,W3,W5,2024-03-15 16:48:00+00:00,2024-03-15 15:48:00+00:00,2024-03-15 16:48:00+00:00,on_time,synthetic_showcase,141.0,both,showcase_shipment_scans_cleaned,"showcase_shipment_scans_cleaned,showcase_delay_reports_cleaned,showcase_warehouse_transfers_cleaned",S00309
S00309,2024-03-15 19:48:00+00:00,hub_departure,on_time,0.0,R3,W5,synthetic_showcase,928,,,,,,,,,,left-only,T-S00309,W3,W5,2024-03-15 16:48:00+00:00,2024-03-15 15:48:00+00:00,2024-03-15 16:48:00+00:00,on_time,synthetic_showcase,141.0,both,showcase_shipment_scans_cleaned,"showcase_shipment_scans_cleaned,showcase_delay_reports_cleaned,showcase_warehouse_transfers_cleaned",S00309
S00309,2024-03-16 01:48:00+00:00,delivery,delivered,0.0,R3,,synthetic_showcase,929,,,,,,,,,,left-only,T-S00309,W3,W5,2024-03-15 16:48:00+00:00,2024-03-15 15:48:00+00:00,2024-03-15 16:48:00+00:00,on_time,synthetic_showcase,141.0,both,showcase_shipment_scans_cleaned,"showcase_shipment_scans_cleaned,showcase_delay_reports_cleaned,showcase_warehouse_transfers_cleaned",S00309
S00310,2024-03-16 08:46:00+00:00,pickup,on_time,0.0,R4,W1,synthetic_showcase,930,DL-S00310,traffic,27.7,0.0,2024-03-17 07:46:00+00:00,R4,W2,synthetic_showcase,104.0,both,T-S00310,W1,W2,2024-03-16 16:46:00+00:00,2024-03-16 15:46:00+00:00,2024-03-16 16:46:00+00:00,on_time,synthetic_showcase,142.0,both,showcase_shipment_scans_cleaned,"showcase_shipment_scans_cleaned,showcase_delay_reports_cleaned,showcase_warehouse_transfers_cleaned",S00310
S00310,2024-03-16 16:46:00+00:00,hub_arrival,on_time,0.0,R4,W2,synthetic_showcase,931,DL-S00310,traffic,27.7,0.0,2024-03-17 07:46:00+00:00,R4,W2,synthetic_showcase,104.0,both,T-S00310,W1,W2,2024-03-16 16:46:00+00:00,2024-03-16 15:46:00+00:00,2024-03-16 16:46:00+00:00,on_time,synthetic_showcase,142.0,both,showcase_shipment_scans_cleaned,"showcase_shipment_scans_cleaned,showcase_delay_reports_cleaned,showcase_warehouse_transfers_cleaned",S00310
S00310,2024-03-16 20:46:00+00:00,hub_departure,delayed,27.7,R4,W2,synthetic_showcase,932,DL-S00310,traffic,27.7,0.0,2024-03-17 07:46:00+00:00,R4,W2,synthetic_showcase,104.0,both,T-S00310,W1,W2,2024-03-16 16:46:00+00:00,2024-03-16 15:46:00+00:00,2024-03-16 16:46:00+00:00,on_time,synthetic_showcase,142.0,both,showcase_shipment_scans_cleaned,"showcase_shipment_scans_cleaned,showcase_delay_reports_cleaned,showcase_warehouse_transfers_cleaned",S00310
S00310,2024-03-17 05:46:00+00:00,delivery,delivered,0.0,R4,,synthetic_showcase,933,DL-S00310,traffic,27.7,0.0,2024-03-17 07:46:00+00:00,R4,W2,synthetic_showcase,104.0,both,T-S00310,W1,W2,2024-03-16 16:46:00+00:00,2024-03-16 15:46:00+00:00,2024-03-16 16:46:00+00:00,on_time,synthetic_showcase,142.0,both,showcase_shipment_scans_cleaned,"showcase_shipment_scans_cleaned,showcase_delay_reports_cleaned,showcase_warehouse_transfers_cleaned",S00310
S00311,2024-03-17 08:41:00+00:00,pickup,on_time,0.0,R4,W1,synthetic_showcase,934,,,,,,,,,,left-only,T-S00311,W1,W3,2024-03-17 15:41:00+00:00,2024-03-17 14:41:00+00:00,2024-03-17 15:41:00+00:00,on_time,synthetic_showcase,143.0,both,showcase_shipment_scans_cleaned,"showcase_shipment_scans_cleaned,showcase_delay_reports_cleaned,showcase_warehouse_transfers_cleaned",S00311
S00311,2024-03-17 15:41:00+00:00,hub_arrival,on_time,0.0,R4,W3,synthetic_showcase,935,,,,,,,,,,left-only,T-S00311,W1,W3,2024-03-17 15:41:00+00:00,2024-03-17 14:41:00+00:00,2024-03-17 15:41:00+00:00,on_time,synthetic_showcase,143.0,both,showcase_shipment_scans_cleaned,"showcase_shipment_scans_cleaned,showcase_delay_reports_cleaned,showcase_warehouse_transfers_cleaned",S00311
S00311,2024-03-17 18:41:00+00:00,hub_departure,on_time,0.0,R4,W3,synthetic_showcase,936,,,,,,,,,,left-only,T-S00311,W1,W3,2024-03-17 15:41:00+00:00,2024-03-17 14:41:00+00:00,2024-03-17 15:41:00+00:00,on_time,synthetic_showcase,143.0,both,showcase_shipment_scans_cleaned,"showcase_shipment_scans_cleaned,showcase_delay_reports_cleaned,showcase_warehouse_transfers_cleaned",S00311
S00311,2024-03-18 01:41:00+00:00,delivery,delivered,0.0,R4,,synthetic_showcase,937,,,,,,,,,,left-only,T-S00311,W1,W3,2024-03-17 15:41:00+00:00,2024-03-17 14:41:00+00:00,2024-03-17 15:41:00+00:00,on_time,synthetic_showcase,143.0,both,showcase_shipment_scans_cleaned,"showcase_shipment_scans_cleaned,showcase_delay_reports_cleaned,showcase_warehouse_transfers_cleaned",S00311
S00312,2024-03-18 09:10:00+00:00,pickup,on_time,0.0,R1,W1,synthetic_showcase,938,,,,,,,,,,left-only,,,,,,,,,,left-only,showcase_shipment_scans_cleaned,"showcase_shipment_scans_cleaned,showcase_delay_reports_cleaned,showcase_warehouse_transfers_cleaned",S00312
S00312,2024-03-19 03:10:00+00:00,delivery,delivered,0.0,R1,,synthetic_showcase,939,,,,,,,,,,left-only,,,,,,,,,,left-only,showcase_shipment_scans_cleaned,"showcase_shipment_scans_cleaned,showcase_delay_reports_cleaned,showcase_warehouse_transfers_cleaned",S00312
S00313,2024-03-19 08:08:00+00:00,pickup,on_time,0.0,R4,W1,synthetic_showcase,940,,,,,,,,,,left-only,,,,,,,,,,left-only,showcase_shipment_scans_cleaned,"showcase_shipment_scans_cleaned,showcase_delay_reports_cleaned,showcase_warehouse_transfers_cleaned",S00313
S00313,2024-03-19 21:08:00+00:00,delivery,delivered,0.0,R4,,synthetic_showcase,941,,,,,,,,,,left-only,,,,,,,,,,left-only,showcase_shipment_scans_cleaned,"showcase_shipment_scans_cleaned,showcase_delay_reports_cleaned,showcase_warehouse_transfers_cleaned",S00313
S00314,2024-03-20 09:26:00+00:00,pickup,on_time,0.0,R5,W4,synthetic_showcase,942,,,,,,,,,,left-only,,,,,,,,,,left-only,showcase_shipment_scans_cleaned,"showcase_shipment_scans_cleaned,showcase_delay_reports_cleaned,showcase_warehouse_transfers_cleaned",S00314
S00314,2024-03-20 22:26:00+00:00,delivery,delivered,0.0,R5,,synthetic_showcase,943,,,,,,,,,,left-only,,,,,,,,,,left-only,showcase_shipment_scans_cleaned,"showcase_shipment_scans_cleaned,showcase_delay_reports_cleaned,showcase_warehouse_transfers_cleaned",S00314
S00315,2024-03-21 08:02:00+00:00,pickup,delayed,32.9,R1,W1,synthetic_showcase,944,DL-S00315,traffic,32.9,32.9,2024-03-22 05:02:00+00:00,R1,W5,synthetic_showcase,105.0,both,T-S00315,W1,W5,2024-03-21 15:02:00+00:00,2024-03-21 14:02:00+00:00,2024-03-21 15:02:00+00:00,on_time,synthetic_showcase,144.0,both,showcase_shipment_scans_cleaned,"showcase_shipment_scans_cleaned,showcase_delay_reports_cleaned,showcase_warehouse_transfers_cleaned",S00315
S00315,2024-03-21 15:02:00+00:00,hub_arrival,on_time,0.0,R1,W5,synthetic_showcase,945,DL-S00315,traffic,32.9,32.9,2024-03-22 05:02:00+00:00,R1,W5,synthetic_showcase,105.0,both,T-S00315,W1,W5,2024-03-21 15:02:00+00:00,2024-03-21 14:02:00+00:00,2024-03-21 15:02:00+00:00,on_time,synthetic_showcase,144.0,both,showcase_shipment_scans_cleaned,"showcase_shipment_scans_cleaned,showcase_delay_reports_cleaned,showcase_warehouse_transfers_cleaned",S00315
S00315,2024-03-21 17:02:00+00:00,hub_departure,on_time,0.0,R1,W5,synthetic_showcase,946,DL-S00315,traffic,32.9,32.9,2024-03-22 05:02:00+00:00,R1,W5,synthetic_showcase,105.0,both,T-S00315,W1,W5,2024-03-21 15:02:00+00:00,2024-03-21 14:02:00+00:00,2024-03-21 15:02:00+00:00,on_time,synthetic_showcase,144.0,both,showcase_shipment_scans_cleaned,"showcase_shipment_scans_cleaned,showcase_delay_reports_cleaned,showcase_warehouse_transfers_cleaned",S00315
S00315,2024-03-22 03:02:00+00:00,delivery,delivered,13.0,R1,,synthetic_showcase,947,DL-S00315,traffic,32.9,32.9,2024-03-22 05:02:00+00:00,R1,W5,synthetic_showcase,105.0,both,T-S00315,W1,W5,2024-03-21 15:02:00+00:00,2024-03-21 14:02:00+00:00,2024-03-21 15:02:00+00:00,on_time,synthetic_showcase,144.0,both,showcase_shipment_scans_cleaned,"showcase_shipment_scans_cleaned,showcase_delay_reports_cleaned,showcase_warehouse_transfers_cleaned",S00315
S00316,2024-03-01 08:52:00+00:00,pickup,delayed,11.6,R2,W2,synthetic_showcase,948,DL-S00316,mechanical,76.6,11.6,2024-03-02 20:52:00+00:00,R2,W2,synthetic_showcase,106.0,both,,,,,,,,,,left-only,showcase_shipment_scans_cleaned,"showcase_shipment_scans_cleaned,showcase_delay_reports_cleaned,showcase_warehouse_transfers_cleaned",S00316
S00316,2024-03-01 19:52:00+00:00,delivery_attempt,delayed,76.6,R2,,synthetic_showcase,949,DL-S00316,mechanical,76.6,11.6,2024-03-02 20:52:00+00:00,R2,W2,synthetic_showcase,106.0,both,,,,,,,,,,left-only,showcase_shipment_scans_cleaned,"showcase_shipment_scans_cleaned,showcase_delay_reports_cleaned,showcase_warehouse_transfers_cleaned",S00316
S00316,2024-03-02 18:52:00+00:00,delivery,delivered,30.0,R2,,synthetic_showcase,950,DL-S00316,mechanical,76.6,11.6,2024-03-02 20:52:00+00:00,R2,W2,synthetic_showcase,106.0,both,,,,,,,,,,left-only,showcase_shipment_scans_cleaned,"showcase_shipment_scans_cleaned,showcase_delay_reports_cleaned,showcase_warehouse_transfers_cleaned",S00316
S00317,2024-03-02 08:28:00+00:00,pickup,delayed,196.5,R2,W2,synthetic_showcase,951,DL-S00317,congestion,196.5,196.5,2024-03-03 01:28:00+00:00,R2,W5,synthetic_showcase,107.0,both,T-S00317,W2,W5,2024-03-02 13:28:00+00:00,2024-03-02 12:28:00+00:00,2024-03-02 13:28:00+00:00,on_time,synthetic_showcase,145.0,both,showcase_shipment_scans_cleaned,"showcase_shipment_scans_cleaned,showcase_delay_reports_cleaned,showcase_warehouse_transfers_cleaned",S00317
S00317,2024-03-02 13:28:00+00:00,hub_arrival,on_time,0.0,R2,W5,synthetic_showcase,952,DL-S00317,congestion,196.5,196.5,2024-03-03 01:28:00+00:00,R2,W5,synthetic_showcase,107.0,both,T-S00317,W2,W5,2024-03-02 13:28:00+00:00,2024-03-02 12:28:00+00:00,2024-03-02 13:28:00+00:00,on_time,synthetic_showcase,145.0,both,showcase_shipment_scans_cleaned,"showcase_shipment_scans_cleaned,showcase_delay_reports_cleaned,showcase_warehouse_transfers_cleaned",S00317
S00317,2024-03-02 17:28:00+00:00,hub_departure,delayed,16.7,R2,W5,synthetic_showcase,953,DL-S00317,congestion,196.5,196.5,2024-03-03 01:28:00+00:00,R2,W5,synthetic_showcase,107.0,both,T-S00317,W2,W5,2024-03-02 13:28:00+00:00,2024-03-02 12:28:00+00:00,2024-03-02 13:28:00+00:00,on_time,synthetic_showcase,145.0,both,showcase_shipment_scans_cleaned,"showcase_shipment_scans_cleaned,showcase_delay_reports_cleaned,showcase_warehouse_transfers_cleaned",S00317
S00317,2024-03-02 23:28:00+00:00,delivery,delivered,10.9,R2,,synthetic_showcase,954,DL-S00317,congestion,196.5,196.5,2024-03-03 01:28:00+00:00,R2,W5,synthetic_showcase,107.0,both,T-S00317,W2,W5,2024-03-02 13:28:00+00:00,2024-03-02 12:28:00+00:00,2024-03-02 13:28:00+00:00,on_time,synthetic_showcase,145.0,both,showcase_shipment_scans_cleaned,"showcase_shipment_scans_cleaned,showcase_delay_reports_cleaned,showcase_warehouse_transfers_cleaned",S00317
S00318,2024-03-03 08:05:00+00:00,pickup,on_time,0.0,R1,W1,synthetic_showcase,955,,,,,,,,,,left-only,,,,,,,,,,left-only,showcase_shipment_scans_cleaned,"showcase_shipment_scans_cleaned,showcase_delay_reports_cleaned,showcase_warehouse_transfers_cleaned",S00318
S00318,2024-03-03 22:05:00+00:00,delivery,delivered,0.0,R1,,synthetic_showcase,956,,,,,,,,,,left-only,,,,,,,,,,left-only,showcase_shipment_scans_cleaned,"showcase_shipment_scans_cleaned,showcase_delay_reports_cleaned,showcase_warehouse_transfers_cleaned",S00318
S00319,2024-03-04 09:55:00+00:00,pickup,on_time,0.0,R3,W3,synthetic_showcase,957,,,,,,,,,,left-only,,,,,,,,,,left-only,showcase_shipment_scans_cleaned,"showcase_shipment_scans_cleaned,showcase_delay_reports_cleaned,showcase_warehouse_transfers_cleaned",S00319
S00319,2024-03-05 01:55:00+00:00,delivery,delivered,0.0,R3,,synthetic_showcase,958,,,,,,,,,,left-only,,,,,,,,,,left-only,showcase_shipment_scans_cleaned,"showcase_shipment_scans_cleaned,showcase_delay_reports_cleaned,showcase_warehouse_transfers_cleaned",S00319
S00320,2024-03-05 09:39:00+00:00,pickup,delayed,56.6,R3,W3,synthetic_showcase,959,DL-S00320,traffic,56.6,56.6,2024-03-06 03:39:00+00:00,R3,W3,synthetic_showcase,108.0,both,,,,,,,,,,left-only,showcase_shipment_scans_cleaned,"showcase_shipment_scans_cleaned,showcase_delay_reports_cleaned,showcase_warehouse_transfers_cleaned",S00320
S00320,2024-03-06 01:39:00+00:00,delivery,delivered,0.0,R3,,synthetic_showcase,960,DL-S00320,traffic,56.6,56.6,2024-03-06 03:39:00+00:00,R3,W3,synthetic_showcase,108.0,both,,,,,,,,,,left-only,showcase_shipment_scans_cleaned,"showcase_shipment_scans_cleaned,showcase_delay_reports_cleaned,showcase_warehouse_transfers_cleaned",S00320
S00321,2024-03-06 08:58:00+00:00,pickup,on_time,0.0,R2,W2,synthetic_showcase,961,,,,,,,,,,left-only,T-S00321,W2,W4,2024-03-06 16:58:00+00:00,2024-03-06 15:58:00+00:00,2024-03-06 16:58:00+00:00,on_time,synthetic_showcase,146.0,both,showcase_shipment_scans_cleaned,"showcase_shipment_scans_cleaned,showcase_delay_reports_cleaned,showcase_warehouse_transfers_cleaned",S00321
S00321,2024-03-06 16:58:00+00:00,hub_arrival,on_time,0.0,R2,W4,synthetic_showcase,962,,,,,,,,,,left-only,T-S00321,W2,W4,2024-03-06 16:58:00+00:00,2024-03-06 15:58:00+00:00,2024-03-06 16:58:00+00:00,on_time,synthetic_showcase,146.0,both,showcase_shipment_scans_cleaned,"showcase_shipment_scans_cleaned,showcase_delay_reports_cleaned,showcase_warehouse_transfers_cleaned",S00321
S00321,2024-03-06 20:58:00+00:00,hub_departure,on_time,0.0,R2,W4,synthetic_showcase,963,,,,,,,,,,left-only,T-S00321,W2,W4,2024-03-06 16:58:00+00:00,2024-03-06 15:58:00+00:00,2024-03-06 16:58:00+00:00,on_time,synthetic_showcase,146.0,both,showcase_shipment_scans_cleaned,"showcase_shipment_scans_cleaned,showcase_delay_reports_cleaned,showcase_warehouse_transfers_cleaned",S00321
S00321,2024-03-07 13:58:00+00:00,delivery,delivered,0.0,R2,,synthetic_showcase,964,,,,,,,,,,left-only,T-S00321,W2,W4,2024-03-06 16:58:00+00:00,2024-03-06 15:58:00+00:00,2024-03-06 16:58:00+00:00,on_time,synthetic_showcase,146.0,both,showcase_shipment_scans_cleaned,"showcase_shipment_scans_cleaned,showcase_delay_reports_cleaned,showcase_warehouse_transfers_cleaned",S00321
S00322,2024-03-07 08:08:00+00:00,pickup,on_time,0.0,R6,W5,synthetic_showcase,965,,,,,,,,,,left-only,T-S00322,W5,W4,2024-03-07 13:08:00+00:00,2024-03-07 12:08:00+00:00,2024-03-07 13:08:00+00:00,on_time,synthetic_showcase,147.0,both,showcase_shipment_scans_cleaned,"showcase_shipment_scans_cleaned,showcase_delay_reports_cleaned,showcase_warehouse_transfers_cleaned",S00322
S00322,2024-03-07 13:08:00+00:00,hub_arrival,on_time,0.0,R6,W4,synthetic_showcase,966,,,,,,,,,,left-only,T-S00322,W5,W4,2024-03-07 13:08:00+00:00,2024-03-07 12:08:00+00:00,2024-03-07 13:08:00+00:00,on_time,synthetic_showcase,147.0,both,showcase_shipment_scans_cleaned,"showcase_shipment_scans_cleaned,showcase_delay_reports_cleaned,showcase_warehouse_transfers_cleaned",S00322
S00322,2024-03-07 17:08:00+00:00,hub_departure,on_time,0.0,R6,W4,synthetic_showcase,967,,,,,,,,,,left-only,T-S00322,W5,W4,2024-03-07 13:08:00+00:00,2024-03-07 12:08:00+00:00,2024-03-07 13:08:00+00:00,on_time,synthetic_showcase,147.0,both,showcase_shipment_scans_cleaned,"showcase_shipment_scans_cleaned,showcase_delay_reports_cleaned,showcase_warehouse_transfers_cleaned",S00322
S00322,2024-03-08 07:08:00+00:00,delivery,delivered,0.0,R6,,synthetic_showcase,968,,,,,,,,,,left-only,T-S00322,W5,W4,2024-03-07 13:08:00+00:00,2024-03-07 12:08:00+00:00,2024-03-07 13:08:00+00:00,on_time,synthetic_showcase,147.0,both,showcase_shipment_scans_cleaned,"showcase_shipment_scans_cleaned,showcase_delay_reports_cleaned,showcase_warehouse_transfers_cleaned",S00322
S00323,2024-03-08 08:56:00+00:00,pickup,on_time,0.0,R4,W1,synthetic_showcase,969,,,,,,,,,,left-only,,,,,,,,,,left-only,showcase_shipment_scans_cleaned,"showcase_shipment_scans_cleaned,showcase_delay_reports_cleaned,showcase_warehouse_transfers_cleaned",S00323
S00323,2024-03-09 02:56:00+00:00,delivery,delivered,0.0,R4,,synthetic_showcase,970,,,,,,,,,,left-only,,,,,,,,,,left-only,showcase_shipment_scans_cleaned,"showcase_shipment_scans_cleaned,showcase_delay_reports_cleaned,showcase_warehouse_transfers_cleaned",S00323
S00324,2024-03-09 09:11:00+00:00,pickup,on_time,0.0,R6,W5,synthetic_showcase,971,,,,,,,,,,left-only,,,,,,,,,,left-only,showcase_shipment_scans_cleaned,"showcase_shipment_scans_cleaned,showcase_delay_reports_cleaned,showcase_warehouse_transfers_cleaned",S00324
S00324,2024-03-10 02:11:00+00:00,delivery,delivered,0.0,R6,,synthetic_showcase,972,,,,,,,,,,left-only,,,,,,,,,,left-only,showcase_shipment_scans_cleaned,"showcase_shipment_scans_cleaned,showcase_delay_reports_cleaned,showcase_warehouse_transfers_cleaned",S00324
S00325,2024-03-10 08:46:00+00:00,pickup,on_time,0.0,R5,W4,synthetic_showcase,973,,,,,,,,,,left-only,,,,,,,,,,left-only,showcase_shipment_scans_cleaned,"showcase_shipment_scans_cleaned,showcase_delay_reports_cleaned,showcase_warehouse_transfers_cleaned",S00325
S00325,2024-03-11 01:46:00+00:00,delivery,delivered,0.0,R5,,synthetic_showcase,974,,,,,,,,,,left-only,,,,,,,,,,left-only,showcase_shipment_scans_cleaned,"showcase_shipment_scans_cleaned,showcase_delay_reports_cleaned,showcase_warehouse_transfers_cleaned",S00325
S00326,2024-03-11 08:45:00+00:00,pickup,on_time,0.0,R1,W1,synthetic_showcase,975,DL-S00326,weather,47.7,0.0,2024-03-12 02:45:00+00:00,R1,W2,synthetic_showcase,109.0,both,T-S00326,W1,W2,2024-03-11 15:45:00+00:00,2024-03-11 14:45:00+00:00,2024-03-11 15:45:00+00:00,on_time,synthetic_showcase,148.0,both,showcase_shipment_scans_cleaned,"showcase_shipment_scans_cleaned,showcase_delay_reports_cleaned,showcase_warehouse_transfers_cleaned",S00326
S00326,2024-03-11 15:45:00+00:00,hub_arrival,on_time,0.0,R1,W2,synthetic_showcase,976,DL-S00326,weather,47.7,0.0,2024-03-12 02:45:00+00:00,R1,W2,synthetic_showcase,109.0,both,T-S00326,W1,W2,2024-03-11 15:45:00+00:00,2024-03-11 14:45:00+00:00,2024-03-11 15:45:00+00:00,on_time,synthetic_showcase,148.0,both,showcase_shipment_scans_cleaned,"showcase_shipment_scans_cleaned,showcase_delay_reports_cleaned,showcase_warehouse_transfers_cleaned",S00326
S00326,2024-03-11 18:45:00+00:00,hub_departure,delayed,47.7,R1,W2,synthetic_showcase,977,DL-S00326,weather,47.7,0.0,2024-03-12 02:45:00+00:00,R1,W2,synthetic_showcase,109.0,both,T-S00326,W1,W2,2024-03-11 15:45:00+00:00,2024-03-11 14:45:00+00:00,2024-03-11 15:45:00+00:00,on_time,synthetic_showcase,148.0,both,showcase_shipment_scans_cleaned,"showcase_shipment_scans_cleaned,showcase_delay_reports_cleaned,showcase_warehouse_transfers_cleaned",S00326
S00326,2024-03-12 00:45:00+00:00,delivery,delivered,0.0,R1,,synthetic_showcase,978,DL-S00326,weather,47.7,0.0,2024-03-12 02:45:00+00:00,R1,W2,synthetic_showcase,109.0,both,T-S00326,W1,W2,2024-03-11 15:45:00+00:00,2024-03-11 14:45:00+00:00,2024-03-11 15:45:00+00:00,on_time,synthetic_showcase,148.0,both,showcase_shipment_scans_cleaned,"showcase_shipment_scans_cleaned,showcase_delay_reports_cleaned,showcase_warehouse_transfers_cleaned",S00326
S00327,2024-03-12 09:08:00+00:00,pickup,on_time,0.0,R4,W1,synthetic_showcase,979,,,,,,,,,,left-only,,,,,,,,,,left-only,showcase_shipment_scans_cleaned,"showcase_shipment_scans_cleaned,showcase_delay_reports_cleaned,showcase_warehouse_transfers_cleaned",S00327
S00327,2024-03-12 16:08:00+00:00,delivery,delivered,0.0,R4,,synthetic_showcase,980,,,,,,,,,,left-only,,,,,,,,,,left-only,showcase_shipment_scans_cleaned,"showcase_shipment_scans_cleaned,showcase_delay_reports_cleaned,showcase_warehouse_transfers_cleaned",S00327
S00328,2024-03-13 09:34:00+00:00,pickup,on_time,0.0,R1,W1,synthetic_showcase,981,,,,,,,,,,left-only,T-S00328,W1,W3,2024-03-13 16:34:00+00:00,2024-03-13 15:34:00+00:00,2024-03-13 16:34:00+00:00,on_time,synthetic_showcase,149.0,both,showcase_shipment_scans_cleaned,"showcase_shipment_scans_cleaned,showcase_delay_reports_cleaned,showcase_warehouse_transfers_cleaned",S00328
S00328,2024-03-13 16:34:00+00:00,hub_arrival,on_time,0.0,R1,W3,synthetic_showcase,982,,,,,,,,,,left-only,T-S00328,W1,W3,2024-03-13 16:34:00+00:00,2024-03-13 15:34:00+00:00,2024-03-13 16:34:00+00:00,on_time,synthetic_showcase,149.0,both,showcase_shipment_scans_cleaned,"showcase_shipment_scans_cleaned,showcase_delay_reports_cleaned,showcase_warehouse_transfers_cleaned",S00328
S00328,2024-03-13 20:34:00+00:00,hub_departure,on_time,0.0,R1,W3,synthetic_showcase,983,,,,,,,,,,left-only,T-S00328,W1,W3,2024-03-13 16:34:00+00:00,2024-03-13 15:34:00+00:00,2024-03-13 16:34:00+00:00,on_time,synthetic_showcase,149.0,both,showcase_shipment_scans_cleaned,"showcase_shipment_scans_cleaned,showcase_delay_reports_cleaned,showcase_warehouse_transfers_cleaned",S00328
S00328,2024-03-14 12:34:00+00:00,delivery,delivered,0.0,R1,,synthetic_showcase,984,,,,,,,,,,left-only,T-S00328,W1,W3,2024-03-13 16:34:00+00:00,2024-03-13 15:34:00+00:00,2024-03-13 16:34:00+00:00,on_time,synthetic_showcase,149.0,both,showcase_shipment_scans_cleaned,"showcase_shipment_scans_cleaned,showcase_delay_reports_cleaned,showcase_warehouse_transfers_cleaned",S00328
S00329,2024-03-14 09:09:00+00:00,pickup,on_time,0.0,R2,W2,synthetic_showcase,985,,,,,,,,,,left-only,T-S00329,W2,W5,2024-03-14 15:09:00+00:00,2024-03-14 14:09:00+00:00,2024-03-14 15:09:00+00:00,on_time,synthetic_showcase,150.0,both,showcase_shipment_scans_cleaned,"showcase_shipment_scans_cleaned,showcase_delay_reports_cleaned,showcase_warehouse_transfers_cleaned",S00329
S00329,2024-03-14 15:09:00+00:00,hub_arrival,on_time,0.0,R2,W5,synthetic_showcase,986,,,,,,,,,,left-only,T-S00329,W2,W5,2024-03-14 15:09:00+00:00,2024-03-14 14:09:00+00:00,2024-03-14 15:09:00+00:00,on_time,synthetic_showcase,150.0,both,showcase_shipment_scans_cleaned,"showcase_shipment_scans_cleaned,showcase_delay_reports_cleaned,showcase_warehouse_transfers_cleaned",S00329
S00329,2024-03-14 16:09:00+00:00,hub_departure,on_time,0.0,R2,W5,synthetic_showcase,987,,,,,,,,,,left-only,T-S00329,W2,W5,2024-03-14 15:09:00+00:00,2024-03-14 14:09:00+00:00,2024-03-14 15:09:00+00:00,on_time,synthetic_showcase,150.0,both,showcase_shipment_scans_cleaned,"showcase_shipment_scans_cleaned,showcase_delay_reports_cleaned,showcase_warehouse_transfers_cleaned",S00329
S00329,2024-03-15 02:09:00+00:00,delivery,delivered,0.0,R2,,synthetic_showcase,988,,,,,,,,,,left-only,T-S00329,W2,W5,2024-03-14 15:09:00+00:00,2024-03-14 14:09:00+00:00,2024-03-14 15:09:00+00:00,on_time,synthetic_showcase,150.0,both,showcase_shipment_scans_cleaned,"showcase_shipment_scans_cleaned,showcase_delay_reports_cleaned,showcase_warehouse_transfers_cleaned",S00329
S00330,2024-03-15 09:57:00+00:00,pickup,on_time,0.0,R1,W1,synthetic_showcase,989,,,,,,,,,,left-only,,,,,,,,,,left-only,showcase_shipment_scans_cleaned,"showcase_shipment_scans_cleaned,showcase_delay_reports_cleaned,showcase_warehouse_transfers_cleaned",S00330
S00330,2024-03-15 15:57:00+00:00,hub_arrival,on_time,0.0,R1,W3,synthetic_showcase,990,,,,,,,,,,left-only,,,,,,,,,,left-only,showcase_shipment_scans_cleaned,"showcase_shipment_scans_cleaned,showcase_delay_reports_cleaned,showcase_warehouse_transfers_cleaned",S00330
S00330,2024-03-15 16:57:00+00:00,hub_departure,on_time,0.0,R1,W3,synthetic_showcase,991,,,,,,,,,,left-only,,,,,,,,,,left-only,showcase_shipment_scans_cleaned,"showcase_shipment_scans_cleaned,showcase_delay_reports_cleaned,showcase_warehouse_transfers_cleaned",S00330
S00330,2024-03-16 08:57:00+00:00,delivery,delivered,0.0,R1,,synthetic_showcase,992,,,,,,,,,,left-only,,,,,,,,,,left-only,showcase_shipment_scans_cleaned,"showcase_shipment_scans_cleaned,showcase_delay_reports_cleaned,showcase_warehouse_transfers_cleaned",S00330
S00331,2024-03-16 08:07:00+00:00,pickup,on_time,0.0,R6,W5,synthetic_showcase,993,,,,,,,,,,left-only,T-S00331,W5,W4,2024-03-16 15:07:00+00:00,2024-03-16 14:07:00+00:00,2024-03-16 15:07:00+00:00,on_time,synthetic_showcase,151.0,both,showcase_shipment_scans_cleaned,"showcase_shipment_scans_cleaned,showcase_delay_reports_cleaned,showcase_warehouse_transfers_cleaned",S00331
S00331,2024-03-16 15:07:00+00:00,hub_arrival,on_time,0.0,R6,W4,synthetic_showcase,994,,,,,,,,,,left-only,T-S00331,W5,W4,2024-03-16 15:07:00+00:00,2024-03-16 14:07:00+00:00,2024-03-16 15:07:00+00:00,on_time,synthetic_showcase,151.0,both,showcase_shipment_scans_cleaned,"showcase_shipment_scans_cleaned,showcase_delay_reports_cleaned,showcase_warehouse_transfers_cleaned",S00331
S00331,2024-03-16 16:07:00+00:00,hub_departure,on_time,0.0,R6,W4,synthetic_showcase,995,,,,,,,,,,left-only,T-S00331,W5,W4,2024-03-16 15:07:00+00:00,2024-03-16 14:07:00+00:00,2024-03-16 15:07:00+00:00,on_time,synthetic_showcase,151.0,both,showcase_shipment_scans_cleaned,"showcase_shipment_scans_cleaned,showcase_delay_reports_cleaned,showcase_warehouse_transfers_cleaned",S00331
S00331,2024-03-16 22:07:00+00:00,delivery,delivered,0.0,R6,,synthetic_showcase,996,,,,,,,,,,left-only,T-S00331,W5,W4,2024-03-16 15:07:00+00:00,2024-03-16 14:07:00+00:00,2024-03-16 15:07:00+00:00,on_time,synthetic_showcase,151.0,both,showcase_shipment_scans_cleaned,"showcase_shipment_scans_cleaned,showcase_delay_reports_cleaned,showcase_warehouse_transfers_cleaned",S00331
S00332,2024-03-17 09:25:00+00:00,pickup,on_time,0.0,R5,W4,synthetic_showcase,997,,,,,,,,,,left-only,,,,,,,,,,left-only,showcase_shipment_scans_cleaned,"showcase_shipment_scans_cleaned,showcase_delay_reports_cleaned,showcase_warehouse_transfers_cleaned",S00332
S00332,2024-03-17 18:25:00+00:00,delivery,delivered,0.0,R5,,synthetic_showcase,998,,,,,,,,,,left-only,,,,,,,,,,left-only,showcase_shipment_scans_cleaned,"showcase_shipment_scans_cleaned,showcase_delay_reports_cleaned,showcase_warehouse_transfers_cleaned",S00332
S00333,2024-03-18 08:41:00+00:00,pickup,delayed,75.3,R6,W5,synthetic_showcase,999,DL-S00333,weather,75.3,75.3,2024-03-19 01:41:00+00:00,R6,W5,synthetic_showcase,110.0,both,,,,,,,,,,left-only,showcase_shipment_scans_cleaned,"showcase_shipment_scans_cleaned,showcase_delay_reports_cleaned,showcase_warehouse_transfers_cleaned",S00333
S00333,2024-03-18 23:41:00+00:00,delivery,delivered,15.0,R6,,synthetic_showcase,1000,DL-S00333,weather,75.3,75.3,2024-03-19 01:41:00+00:00,R6,W5,synthetic_showcase,110.0,both,,,,,,,,,,left-only,showcase_shipment_scans_cleaned,"showcase_shipment_scans_cleaned,showcase_delay_reports_cleaned,showcase_warehouse_transfers_cleaned",S00333
S00334,2024-03-19 09:06:00+00:00,pickup,delayed,44.1,R1,W1,synthetic_showcase,1001,DL-S00334,weather,45.9,44.1,2024-03-20 12:06:00+00:00,R1,W1,synthetic_showcase,111.0,both,,,,,,,,,,left-only,showcase_shipment_scans_cleaned,"showcase_shipment_scans_cleaned,showcase_delay_reports_cleaned,showcase_warehouse_transfers_cleaned",S00334
S00334,2024-03-19 18:06:00+00:00,delivery_attempt,delayed,45.9,R1,,synthetic_showcase,1002,DL-S00334,weather,45.9,44.1,2024-03-20 12:06:00+00:00,R1,W1,synthetic_showcase,111.0,both,,,,,,,,,,left-only,showcase_shipment_scans_cleaned,"showcase_shipment_scans_cleaned,showcase_delay_reports_cleaned,showcase_warehouse_transfers_cleaned",S00334
S00334,2024-03-20 10:06:00+00:00,delivery,delivered,0.0,R1,,synthetic_showcase,1003,DL-S00334,weather,45.9,44.1,2024-03-20 12:06:00+00:00,R1,W1,synthetic_showcase,111.0,both,,,,,,,,,,left-only,showcase_shipment_scans_cleaned,"showcase_shipment_scans_cleaned,showcase_delay_reports_cleaned,showcase_warehouse_transfers_cleaned",S00334
S00335,2024-03-20 08:19:00+00:00,pickup,on_time,0.0,R4,W1,synthetic_showcase,1004,,,,,,,,,,left-only,,,,,,,,,,left-only,showcase_shipment_scans_cleaned,"showcase_shipment_scans_cleaned,showcase_delay_reports_cleaned,showcase_warehouse_transfers_cleaned",S00335
S00335,2024-03-20 14:19:00+00:00,delivery,delivered,0.0,R4,,synthetic_showcase,1005,,,,,,,,,,left-only,,,,,,,,,,left-only,showcase_shipment_scans_cleaned,"showcase_shipment_scans_cleaned,showcase_delay_reports_cleaned,showcase_warehouse_transfers_cleaned",S00335
S00336,2024-03-21 08:16:00+00:00,pickup,delayed,36.9,R2,W2,synthetic_showcase,1006,DL-S00336,congestion,36.9,36.9,2024-03-21 19:16:00+00:00,R2,W2,synthetic_showcase,112.0,both,,,,,,,,,,left-only,showcase_shipment_scans_cleaned,"showcase_shipment_scans_cleaned,showcase_delay_reports_cleaned,showcase_warehouse_transfers_cleaned",S00336
S00336,2024-03-21 17:16:00+00:00,delivery,delivered,0.0,R2,,synthetic_showcase,1007,DL-S00336,congestion,36.9,36.9,2024-03-21 19:16:00+00:00,R2,W2,synthetic_showcase,112.0,both,,,,,,,,,,left-only,showcase_shipment_scans_cleaned,"showcase_shipment_scans_cleaned,showcase_delay_reports_cleaned,showcase_warehouse_transfers_cleaned",S00336
S00337,2024-03-01 08:25:00+00:00,pickup,delayed,79.7,R6,W5,synthetic_showcase,1008,DL-S00337,traffic,79.7,79.7,2024-03-02 01:25:00+00:00,R6,W5,synthetic_showcase,113.0,both,,,,,,,,,,left-only,showcase_shipment_scans_cleaned,"showcase_shipment_scans_cleaned,showcase_delay_reports_cleaned,showcase_warehouse_transfers_cleaned",S00337
S00337,2024-03-01 23:25:00+00:00,delivery,delivered,0.0,R6,,synthetic_showcase,1009,DL-S00337,traffic,79.7,79.7,2024-03-02 01:25:00+00:00,R6,W5,synthetic_showcase,113.0,both,,,,,,,,,,left-only,showcase_shipment_scans_cleaned,"showcase_shipment_scans_cleaned,showcase_delay_reports_cleaned,showcase_warehouse_transfers_cleaned",S00337
S00338,2024-03-02 08:21:00+00:00,pickup,on_time,0.0,R6,W5,synthetic_showcase,1010,,,,,,,,,,left-only,,,,,,,,,,left-only,showcase_shipment_scans_cleaned,"showcase_shipment_scans_cleaned,showcase_delay_reports_cleaned,showcase_warehouse_transfers_cleaned",S00338
S00338,2024-03-03 02:21:00+00:00,delivery,delivered,0.0,R6,,synthetic_showcase,1011,,,,,,,,,,left-only,,,,,,,,,,left-only,showcase_shipment_scans_cleaned,"showcase_shipment_scans_cleaned,showcase_delay_reports_cleaned,showcase_warehouse_transfers_cleaned",S00338
S00339,2024-03-03 08:55:00+00:00,pickup,on_time,0.0,R4,W1,synthetic_showcase,1012,,,,,,,,,,left-only,,,,,,,,,,left-only,showcase_shipment_scans_cleaned,"showcase_shipment_scans_cleaned,showcase_delay_reports_cleaned,showcase_warehouse_transfers_cleaned",S00339
S00339,2024-03-03 23:55:00+00:00,delivery,delivered,0.0,R4,,synthetic_showcase,1013,,,,,,,,,,left-only,,,,,,,,,,left-only,showcase_shipment_scans_cleaned,"showcase_shipment_scans_cleaned,showcase_delay_reports_cleaned,showcase_warehouse_transfers_cleaned",S00339
S00340,2024-03-04 09:10:00+00:00,pickup,on_time,0.0,R1,W1,synthetic_showcase,1014,,,,,,,,,,left-only,,,,,,,,,,left-only,showcase_shipment_scans_cleaned,"showcase_shipment_scans_cleaned,showcase_delay_reports_cleaned,showcase_warehouse_transfers_cleaned",S00340
S00340,2024-03-04 22:10:00+00:00,delivery,delivered,0.0,R1,,synthetic_showcase,1015,,,,,,,,,,left-only,,,,,,,,,,left-only,showcase_shipment_scans_cleaned,"showcase_shipment_scans_cleaned,showcase_delay_reports_cleaned,showcase_warehouse_transfers_cleaned",S00340
