cascade_id,disruption_id,root_shipment_id,affected_shipment_id,parent_shipment_id,cascade_level,propagation_type,direct_delay_minutes,propagated_delay_minutes,total_delay_minutes,root_cause,is_root_cause,is_propagated,impact_status
CAS-0001,DIS-0001,SHP-11910,SHP-11910,,0,Root Disruption,135,0,145,State Border Checkpoint Hold,True,False,Active Cascade
CAS-0001,DIS-0001,SHP-11910,SHP-11910,,0,Dispatch Delay,0,135,145,State Border Checkpoint Hold,True,False,Active Cascade
CAS-0001,DIS-0001,SHP-11910,SHP-11910,,0,Customer Delivery Risk,0,135,145,State Border Checkpoint Hold,True,False,Severe Delay Breached
CAS-0001,DIS-0001,SHP-11910,SHP-06422,SHP-11910,1,Cross-Dock Transfer,0,16,11,State Border Checkpoint Hold,False,True,Active Cascade
CAS-0001,DIS-0001,SHP-11910,SHP-06422,SHP-11910,1,Departure Delay,0,16,11,State Border Checkpoint Hold,False,True,Active Cascade
CAS-0001,DIS-0001,SHP-11910,SHP-06422,SHP-11910,1,Customer Delivery Risk,0,16,11,State Border Checkpoint Hold,False,True,Partially Absorbed
CAS-0002,DIS-0002,SHP-00292,SHP-00292,,0,Root Disruption,113,0,114,Labor Shortage,True,False,Active Cascade
CAS-0002,DIS-0002,SHP-00292,SHP-00292,,0,Dispatch Delay,0,113,114,Labor Shortage,True,False,Active Cascade
CAS-0002,DIS-0002,SHP-00292,SHP-00292,,0,Customer Delivery Risk,0,113,114,Labor Shortage,True,False,Partially Absorbed
CAS-0002,DIS-0002,SHP-00292,SHP-01663,SHP-00292,1,Cross-Dock Transfer,0,16,17,Labor Shortage,False,True,Active Cascade
CAS-0002,DIS-0002,SHP-00292,SHP-01663,SHP-00292,1,Departure Delay,0,16,17,Labor Shortage,False,True,Active Cascade
CAS-0002,DIS-0002,SHP-00292,SHP-01663,SHP-00292,1,Customer Delivery Risk,0,16,17,Labor Shortage,False,True,Partially Absorbed
CAS-0003,DIS-0003,SHP-04724,SHP-04724,,0,Root Disruption,196,0,203,Vehicle Breakdown,True,False,Active Cascade
CAS-0003,DIS-0003,SHP-04724,SHP-04724,,0,Dispatch Delay,0,196,203,Vehicle Breakdown,True,False,Active Cascade
CAS-0003,DIS-0003,SHP-04724,SHP-04724,,0,Customer Delivery Risk,0,196,203,Vehicle Breakdown,True,False,Severe Delay Breached
CAS-0003,DIS-0003,SHP-04724,SHP-12985,SHP-04724,1,Waiting for Inbound Shipment,0,162,157,Vehicle Breakdown,False,True,Active Cascade
CAS-0003,DIS-0003,SHP-04724,SHP-12985,SHP-04724,1,Departure Delay,0,162,157,Vehicle Breakdown,False,True,Active Cascade
CAS-0003,DIS-0003,SHP-04724,SHP-12985,SHP-04724,1,Customer Delivery Risk,0,162,157,Vehicle Breakdown,False,True,Severe Delay Breached
CAS-0003,DIS-0003,SHP-04724,SHP-04330,SHP-12985,2,Warehouse Transfer,0,96,98,Vehicle Breakdown,False,True,Active Cascade
CAS-0003,DIS-0003,SHP-04724,SHP-04330,SHP-12985,2,Departure Delay,0,96,98,Vehicle Breakdown,False,True,Active Cascade
CAS-0003,DIS-0003,SHP-04724,SHP-04330,SHP-12985,2,Customer Delivery Risk,0,96,98,Vehicle Breakdown,False,True,Partially Absorbed
CAS-0004,DIS-0004,SHP-06805,SHP-06805,,0,Root Disruption,237,0,246,Severe Weather,True,False,Active Cascade
CAS-0004,DIS-0004,SHP-06805,SHP-06805,,0,Dispatch Delay,0,237,246,Severe Weather,True,False,Active Cascade
CAS-0004,DIS-0004,SHP-06805,SHP-06805,,0,Customer Delivery Risk,0,237,246,Severe Weather,True,False,Severe Delay Breached
CAS-0004,DIS-0004,SHP-06805,SHP-03399,SHP-06805,1,Warehouse Congestion Transfer,130,0,140,Warehouse Congestion,False,True,Active Cascade
CAS-0004,DIS-0004,SHP-06805,SHP-03399,SHP-06805,1,Departure Delay,0,0,140,Warehouse Congestion,False,True,Active Cascade
CAS-0004,DIS-0004,SHP-06805,SHP-03399,SHP-06805,1,Customer Delivery Risk,0,0,140,Warehouse Congestion,False,True,Severe Delay Breached
CAS-0004,DIS-0004,SHP-06805,SHP-11530,SHP-06805,1,Warehouse Congestion Transfer,127,0,122,Warehouse Congestion,False,True,Active Cascade
CAS-0004,DIS-0004,SHP-06805,SHP-11530,SHP-06805,1,Departure Delay,0,0,122,Warehouse Congestion,False,True,Active Cascade
CAS-0004,DIS-0004,SHP-06805,SHP-11530,SHP-06805,1,Customer Delivery Risk,0,0,122,Warehouse Congestion,False,True,Severe Delay Breached
CAS-0004,DIS-0004,SHP-06805,SHP-12693,SHP-06805,1,Warehouse Congestion Transfer,89,0,94,Warehouse Congestion,False,True,Active Cascade
CAS-0004,DIS-0004,SHP-06805,SHP-12693,SHP-06805,1,Departure Delay,0,0,94,Warehouse Congestion,False,True,Active Cascade
CAS-0004,DIS-0004,SHP-06805,SHP-12693,SHP-06805,1,Customer Delivery Risk,0,0,94,Warehouse Congestion,False,True,Partially Absorbed
CAS-0004,DIS-0004,SHP-06805,SHP-08402,SHP-06805,1,Warehouse Congestion Transfer,109,0,107,Warehouse Congestion,False,True,Active Cascade
CAS-0004,DIS-0004,SHP-06805,SHP-08402,SHP-06805,1,Departure Delay,0,0,107,Warehouse Congestion,False,True,Active Cascade
CAS-0004,DIS-0004,SHP-06805,SHP-08402,SHP-06805,1,Customer Delivery Risk,0,0,107,Warehouse Congestion,False,True,Partially Absorbed
CAS-0005,DIS-0005,SHP-00799,SHP-00799,,0,Root Disruption,195,0,200,Road Closure,True,False,Active Cascade
CAS-0005,DIS-0005,SHP-00799,SHP-00799,,0,Dispatch Delay,0,195,200,Road Closure,True,False,Active Cascade
CAS-0005,DIS-0005,SHP-00799,SHP-00799,,0,Customer Delivery Risk,0,195,200,Road Closure,True,False,Severe Delay Breached
CAS-0005,DIS-0005,SHP-00799,SHP-08425,SHP-00799,1,Route Connection,0,20,28,Road Closure,False,True,Active Cascade
CAS-0005,DIS-0005,SHP-00799,SHP-08425,SHP-00799,1,Departure Delay,0,20,28,Road Closure,False,True,Active Cascade
CAS-0005,DIS-0005,SHP-00799,SHP-08425,SHP-00799,1,Customer Delivery Risk,0,20,28,Road Closure,False,True,Partially Absorbed
CAS-0006,DIS-0006,SHP-03377,SHP-03377,,0,Root Disruption,175,0,176,Warehouse Congestion,True,False,Active Cascade
CAS-0006,DIS-0006,SHP-03377,SHP-03377,,0,Dispatch Delay,0,175,176,Warehouse Congestion,True,False,Active Cascade
CAS-0006,DIS-0006,SHP-03377,SHP-03377,,0,Customer Delivery Risk,0,175,176,Warehouse Congestion,True,False,Severe Delay Breached
CAS-0006,DIS-0006,SHP-03377,SHP-09999,SHP-03377,1,Shared Vehicle Turnaround,0,79,76,Vehicle Breakdown,False,True,Active Cascade
CAS-0006,DIS-0006,SHP-03377,SHP-09999,SHP-03377,1,Departure Delay,0,79,76,Vehicle Breakdown,False,True,Active Cascade
CAS-0006,DIS-0006,SHP-03377,SHP-09999,SHP-03377,1,Customer Delivery Risk,0,79,76,Vehicle Breakdown,False,True,Partially Absorbed
CAS-0007,DIS-0007,SHP-06393,SHP-06393,,0,Root Disruption,114,0,118,Labor Shortage,True,False,Active Cascade
CAS-0007,DIS-0007,SHP-06393,SHP-06393,,0,Dispatch Delay,0,114,118,Labor Shortage,True,False,Active Cascade
CAS-0007,DIS-0007,SHP-06393,SHP-06393,,0,Customer Delivery Risk,0,114,118,Labor Shortage,True,False,Partially Absorbed
CAS-0007,DIS-0007,SHP-06393,SHP-10360,SHP-06393,1,Waiting for Inbound Shipment,0,91,87,Labor Shortage,False,True,Active Cascade
CAS-0007,DIS-0007,SHP-06393,SHP-10360,SHP-06393,1,Departure Delay,0,91,87,Labor Shortage,False,True,Active Cascade
CAS-0007,DIS-0007,SHP-06393,SHP-10360,SHP-06393,1,Customer Delivery Risk,0,91,87,Labor Shortage,False,True,Partially Absorbed
CAS-0007,DIS-0007,SHP-06393,SHP-02997,SHP-10360,2,Warehouse Transfer,0,46,43,Labor Shortage,False,True,Active Cascade
CAS-0007,DIS-0007,SHP-06393,SHP-02997,SHP-10360,2,Departure Delay,0,46,43,Labor Shortage,False,True,Active Cascade
CAS-0007,DIS-0007,SHP-06393,SHP-02997,SHP-10360,2,Customer Delivery Risk,0,46,43,Labor Shortage,False,True,Partially Absorbed
CAS-0008,DIS-0008,SHP-02686,SHP-02686,,0,Root Disruption,84,0,88,Labor Shortage,True,False,Active Cascade
CAS-0008,DIS-0008,SHP-02686,SHP-02686,,0,Dispatch Delay,0,84,88,Labor Shortage,True,False,Active Cascade
CAS-0008,DIS-0008,SHP-02686,SHP-02686,,0,Customer Delivery Risk,0,84,88,Labor Shortage,True,False,Partially Absorbed
CAS-0008,DIS-0008,SHP-02686,SHP-12169,SHP-02686,1,Route Connection,0,30,34,Labor Shortage,False,True,Active Cascade
CAS-0008,DIS-0008,SHP-02686,SHP-12169,SHP-02686,1,Departure Delay,0,30,34,Labor Shortage,False,True,Active Cascade
CAS-0008,DIS-0008,SHP-02686,SHP-12169,SHP-02686,1,Customer Delivery Risk,0,30,34,Labor Shortage,False,True,Partially Absorbed
CAS-0009,DIS-0009,SHP-09674,SHP-09674,,0,Root Disruption,259,0,261,Severe Weather,True,False,Active Cascade
CAS-0009,DIS-0009,SHP-09674,SHP-09674,,0,Dispatch Delay,0,259,261,Severe Weather,True,False,Active Cascade
CAS-0009,DIS-0009,SHP-09674,SHP-09674,,0,Customer Delivery Risk,0,259,261,Severe Weather,True,False,Severe Delay Breached
CAS-0009,DIS-0009,SHP-09674,SHP-11939,SHP-09674,1,Warehouse Congestion Transfer,159,0,156,Warehouse Congestion,False,True,Active Cascade
CAS-0009,DIS-0009,SHP-09674,SHP-11939,SHP-09674,1,Departure Delay,0,0,156,Warehouse Congestion,False,True,Active Cascade
CAS-0009,DIS-0009,SHP-09674,SHP-11939,SHP-09674,1,Customer Delivery Risk,0,0,156,Warehouse Congestion,False,True,Severe Delay Breached
CAS-0009,DIS-0009,SHP-09674,SHP-09913,SHP-09674,1,Warehouse Congestion Transfer,192,0,198,Warehouse Congestion,False,True,Active Cascade
CAS-0009,DIS-0009,SHP-09674,SHP-09913,SHP-09674,1,Departure Delay,0,0,198,Warehouse Congestion,False,True,Active Cascade
CAS-0009,DIS-0009,SHP-09674,SHP-09913,SHP-09674,1,Customer Delivery Risk,0,0,198,Warehouse Congestion,False,True,Severe Delay Breached
CAS-0009,DIS-0009,SHP-09674,SHP-10559,SHP-09674,1,Warehouse Congestion Transfer,100,0,98,Warehouse Congestion,False,True,Active Cascade
CAS-0009,DIS-0009,SHP-09674,SHP-10559,SHP-09674,1,Departure Delay,0,0,98,Warehouse Congestion,False,True,Active Cascade
CAS-0009,DIS-0009,SHP-09674,SHP-10559,SHP-09674,1,Customer Delivery Risk,0,0,98,Warehouse Congestion,False,True,Partially Absorbed
CAS-0010,DIS-0010,SHP-08660,SHP-08660,,0,Root Disruption,125,0,126,Road Closure,True,False,Active Cascade
CAS-0010,DIS-0010,SHP-08660,SHP-08660,,0,Dispatch Delay,0,125,126,Road Closure,True,False,Active Cascade
CAS-0010,DIS-0010,SHP-08660,SHP-08660,,0,Customer Delivery Risk,0,125,126,Road Closure,True,False,Severe Delay Breached
CAS-0010,DIS-0010,SHP-08660,SHP-06573,SHP-08660,1,Waiting for Inbound Shipment,0,20,19,Road Closure,False,True,Active Cascade
CAS-0010,DIS-0010,SHP-08660,SHP-06573,SHP-08660,1,Departure Delay,0,20,19,Road Closure,False,True,Active Cascade
CAS-0010,DIS-0010,SHP-08660,SHP-06573,SHP-08660,1,Customer Delivery Risk,0,20,19,Road Closure,False,True,Partially Absorbed
CAS-0010,DIS-0010,SHP-08660,SHP-12102,SHP-06573,2,Warehouse Transfer,0,16,16,Road Closure,False,True,Active Cascade
CAS-0010,DIS-0010,SHP-08660,SHP-12102,SHP-06573,2,Departure Delay,0,16,16,Road Closure,False,True,Active Cascade
CAS-0010,DIS-0010,SHP-08660,SHP-12102,SHP-06573,2,Customer Delivery Risk,0,16,16,Road Closure,False,True,Partially Absorbed
CAS-0011,DIS-0011,SHP-06857,SHP-06857,,0,Root Disruption,279,0,282,Vehicle Breakdown,True,False,Active Cascade
CAS-0011,DIS-0011,SHP-06857,SHP-06857,,0,Dispatch Delay,0,279,282,Vehicle Breakdown,True,False,Active Cascade
CAS-0011,DIS-0011,SHP-06857,SHP-06857,,0,Customer Delivery Risk,0,279,282,Vehicle Breakdown,True,False,Severe Delay Breached
CAS-0011,DIS-0011,SHP-06857,SHP-08184,SHP-06857,1,Waiting for Inbound Shipment,0,216,222,Vehicle Breakdown,False,True,Active Cascade
CAS-0011,DIS-0011,SHP-06857,SHP-08184,SHP-06857,1,Departure Delay,0,216,222,Vehicle Breakdown,False,True,Active Cascade
CAS-0011,DIS-0011,SHP-06857,SHP-08184,SHP-06857,1,Customer Delivery Risk,0,216,222,Vehicle Breakdown,False,True,Severe Delay Breached
CAS-0011,DIS-0011,SHP-06857,SHP-00558,SHP-08184,2,Warehouse Transfer,0,16,19,Vehicle Breakdown,False,True,Active Cascade
CAS-0011,DIS-0011,SHP-06857,SHP-00558,SHP-08184,2,Departure Delay,0,16,19,Vehicle Breakdown,False,True,Active Cascade
CAS-0011,DIS-0011,SHP-06857,SHP-00558,SHP-08184,2,Customer Delivery Risk,0,16,19,Vehicle Breakdown,False,True,Partially Absorbed
CAS-0012,DIS-0012,SHP-00871,SHP-00871,,0,Root Disruption,261,0,270,Vehicle Breakdown,True,False,Active Cascade
CAS-0012,DIS-0012,SHP-00871,SHP-00871,,0,Dispatch Delay,0,261,270,Vehicle Breakdown,True,False,Active Cascade
CAS-0012,DIS-0012,SHP-00871,SHP-00871,,0,Customer Delivery Risk,0,261,270,Vehicle Breakdown,True,False,Severe Delay Breached
CAS-0012,DIS-0012,SHP-00871,SHP-03354,SHP-00871,1,Waiting for Inbound Shipment,0,255,257,Vehicle Breakdown,False,True,Active Cascade
CAS-0012,DIS-0012,SHP-00871,SHP-03354,SHP-00871,1,Departure Delay,0,255,257,Vehicle Breakdown,False,True,Active Cascade
CAS-0012,DIS-0012,SHP-00871,SHP-03354,SHP-00871,1,Customer Delivery Risk,0,255,257,Vehicle Breakdown,False,True,Severe Delay Breached
CAS-0012,DIS-0012,SHP-00871,SHP-04927,SHP-03354,2,Warehouse Transfer,0,16,11,Vehicle Breakdown,False,True,Active Cascade
CAS-0012,DIS-0012,SHP-00871,SHP-04927,SHP-03354,2,Departure Delay,0,16,11,Vehicle Breakdown,False,True,Active Cascade
CAS-0012,DIS-0012,SHP-00871,SHP-04927,SHP-03354,2,Customer Delivery Risk,0,16,11,Vehicle Breakdown,False,True,Partially Absorbed
CAS-0013,DIS-0013,SHP-02434,SHP-02434,,0,Root Disruption,176,0,174,Road Closure,True,False,Active Cascade
CAS-0013,DIS-0013,SHP-02434,SHP-02434,,0,Dispatch Delay,0,176,174,Road Closure,True,False,Active Cascade
CAS-0013,DIS-0013,SHP-02434,SHP-02434,,0,Customer Delivery Risk,0,176,174,Road Closure,True,False,Severe Delay Breached
CAS-0013,DIS-0013,SHP-02434,SHP-13151,SHP-02434,1,Shared Vehicle Turnaround,0,169,176,Vehicle Breakdown,False,True,Active Cascade
CAS-0013,DIS-0013,SHP-02434,SHP-13151,SHP-02434,1,Departure Delay,0,169,176,Vehicle Breakdown,False,True,Active Cascade
CAS-0013,DIS-0013,SHP-02434,SHP-13151,SHP-02434,1,Customer Delivery Risk,0,169,176,Vehicle Breakdown,False,True,Severe Delay Breached
CAS-0014,DIS-0014,SHP-01973,SHP-01973,,0,Root Disruption,89,0,88,Labor Shortage,True,False,Active Cascade
CAS-0014,DIS-0014,SHP-01973,SHP-01973,,0,Dispatch Delay,0,89,88,Labor Shortage,True,False,Active Cascade
CAS-0014,DIS-0014,SHP-01973,SHP-01973,,0,Customer Delivery Risk,0,89,88,Labor Shortage,True,False,Partially Absorbed
CAS-0014,DIS-0014,SHP-01973,SHP-00491,SHP-01973,1,Waiting for Inbound Shipment,0,32,30,Labor Shortage,False,True,Active Cascade
CAS-0014,DIS-0014,SHP-01973,SHP-00491,SHP-01973,1,Departure Delay,0,32,30,Labor Shortage,False,True,Active Cascade
CAS-0014,DIS-0014,SHP-01973,SHP-00491,SHP-01973,1,Customer Delivery Risk,0,32,30,Labor Shortage,False,True,Partially Absorbed
CAS-0014,DIS-0014,SHP-01973,SHP-08230,SHP-00491,2,Warehouse Transfer,0,16,18,Labor Shortage,False,True,Active Cascade
CAS-0014,DIS-0014,SHP-01973,SHP-08230,SHP-00491,2,Departure Delay,0,16,18,Labor Shortage,False,True,Active Cascade
CAS-0014,DIS-0014,SHP-01973,SHP-08230,SHP-00491,2,Customer Delivery Risk,0,16,18,Labor Shortage,False,True,Partially Absorbed
CAS-0015,DIS-0015,SHP-06674,SHP-06674,,0,Root Disruption,185,0,187,Severe Weather,True,False,Active Cascade
CAS-0015,DIS-0015,SHP-06674,SHP-06674,,0,Dispatch Delay,0,185,187,Severe Weather,True,False,Active Cascade
CAS-0015,DIS-0015,SHP-06674,SHP-06674,,0,Customer Delivery Risk,0,185,187,Severe Weather,True,False,Severe Delay Breached
CAS-0015,DIS-0015,SHP-06674,SHP-00112,SHP-06674,1,Cross-Dock Transfer,0,112,108,Severe Weather,False,True,Active Cascade
CAS-0015,DIS-0015,SHP-06674,SHP-00112,SHP-06674,1,Departure Delay,0,112,108,Severe Weather,False,True,Active Cascade
CAS-0015,DIS-0015,SHP-06674,SHP-00112,SHP-06674,1,Customer Delivery Risk,0,112,108,Severe Weather,False,True,Partially Absorbed
CAS-0015,DIS-0015,SHP-06674,SHP-09961,SHP-06674,1,Cross-Dock Transfer,0,89,97,Severe Weather,False,True,Active Cascade
CAS-0015,DIS-0015,SHP-06674,SHP-09961,SHP-06674,1,Departure Delay,0,89,97,Severe Weather,False,True,Active Cascade
CAS-0015,DIS-0015,SHP-06674,SHP-09961,SHP-06674,1,Customer Delivery Risk,0,89,97,Severe Weather,False,True,Partially Absorbed
CAS-0015,DIS-0015,SHP-06674,SHP-04986,SHP-06674,1,Cross-Dock Transfer,0,84,88,Severe Weather,False,True,Active Cascade
CAS-0015,DIS-0015,SHP-06674,SHP-04986,SHP-06674,1,Departure Delay,0,84,88,Severe Weather,False,True,Active Cascade
CAS-0015,DIS-0015,SHP-06674,SHP-04986,SHP-06674,1,Customer Delivery Risk,0,84,88,Severe Weather,False,True,Partially Absorbed
CAS-0016,DIS-0016,SHP-05712,SHP-05712,,0,Root Disruption,90,0,90,Road Closure,True,False,Active Cascade
CAS-0016,DIS-0016,SHP-05712,SHP-05712,,0,Dispatch Delay,0,90,90,Road Closure,True,False,Active Cascade
CAS-0016,DIS-0016,SHP-05712,SHP-05712,,0,Customer Delivery Risk,0,90,90,Road Closure,True,False,Partially Absorbed
CAS-0016,DIS-0016,SHP-05712,SHP-10078,SHP-05712,1,Warehouse Congestion Transfer,54,0,64,Warehouse Congestion,False,True,Active Cascade
CAS-0016,DIS-0016,SHP-05712,SHP-10078,SHP-05712,1,Departure Delay,0,0,64,Warehouse Congestion,False,True,Active Cascade
CAS-0016,DIS-0016,SHP-05712,SHP-10078,SHP-05712,1,Customer Delivery Risk,0,0,64,Warehouse Congestion,False,True,Partially Absorbed
CAS-0016,DIS-0016,SHP-05712,SHP-04120,SHP-05712,1,Warehouse Congestion Transfer,48,0,48,Warehouse Congestion,False,True,Active Cascade
CAS-0016,DIS-0016,SHP-05712,SHP-04120,SHP-05712,1,Departure Delay,0,0,48,Warehouse Congestion,False,True,Active Cascade
CAS-0016,DIS-0016,SHP-05712,SHP-04120,SHP-05712,1,Customer Delivery Risk,0,0,48,Warehouse Congestion,False,True,Partially Absorbed
CAS-0016,DIS-0016,SHP-05712,SHP-03945,SHP-05712,1,Warehouse Congestion Transfer,61,0,63,Warehouse Congestion,False,True,Active Cascade
CAS-0016,DIS-0016,SHP-05712,SHP-03945,SHP-05712,1,Departure Delay,0,0,63,Warehouse Congestion,False,True,Active Cascade
CAS-0016,DIS-0016,SHP-05712,SHP-03945,SHP-05712,1,Customer Delivery Risk,0,0,63,Warehouse Congestion,False,True,Partially Absorbed
CAS-0017,DIS-0017,SHP-11913,SHP-11913,,0,Root Disruption,126,0,127,Equipment Failure,True,False,Active Cascade
CAS-0017,DIS-0017,SHP-11913,SHP-11913,,0,Dispatch Delay,0,126,127,Equipment Failure,True,False,Active Cascade
CAS-0017,DIS-0017,SHP-11913,SHP-11913,,0,Customer Delivery Risk,0,126,127,Equipment Failure,True,False,Severe Delay Breached
CAS-0017,DIS-0017,SHP-11913,SHP-08260,SHP-11913,1,Route Connection,0,80,84,Equipment Failure,False,True,Active Cascade
CAS-0017,DIS-0017,SHP-11913,SHP-08260,SHP-11913,1,Departure Delay,0,80,84,Equipment Failure,False,True,Active Cascade
CAS-0017,DIS-0017,SHP-11913,SHP-08260,SHP-11913,1,Customer Delivery Risk,0,80,84,Equipment Failure,False,True,Partially Absorbed
CAS-0017,DIS-0017,SHP-11913,SHP-05881,SHP-08260,2,Warehouse Transfer,0,36,34,Equipment Failure,False,True,Active Cascade
CAS-0017,DIS-0017,SHP-11913,SHP-05881,SHP-08260,2,Departure Delay,0,36,34,Equipment Failure,False,True,Active Cascade
CAS-0017,DIS-0017,SHP-11913,SHP-05881,SHP-08260,2,Customer Delivery Risk,0,36,34,Equipment Failure,False,True,Partially Absorbed
CAS-0017,DIS-0017,SHP-11913,SHP-09829,SHP-05881,3,Route Connection,0,16,11,Equipment Failure,False,True,Active Cascade
CAS-0017,DIS-0017,SHP-11913,SHP-09829,SHP-05881,3,Departure Delay,0,16,11,Equipment Failure,False,True,Active Cascade
CAS-0017,DIS-0017,SHP-11913,SHP-09829,SHP-05881,3,Customer Delivery Risk,0,16,11,Equipment Failure,False,True,Partially Absorbed
CAS-0017,DIS-0017,SHP-11913,SHP-10024,SHP-08260,2,Warehouse Transfer,0,16,15,Equipment Failure,False,True,Active Cascade
CAS-0017,DIS-0017,SHP-11913,SHP-10024,SHP-08260,2,Departure Delay,0,16,15,Equipment Failure,False,True,Active Cascade
CAS-0017,DIS-0017,SHP-11913,SHP-10024,SHP-08260,2,Customer Delivery Risk,0,16,15,Equipment Failure,False,True,Partially Absorbed
CAS-0018,DIS-0018,SHP-03490,SHP-03490,,0,Root Disruption,101,0,105,State Border Checkpoint Hold,True,False,Active Cascade
CAS-0018,DIS-0018,SHP-03490,SHP-03490,,0,Dispatch Delay,0,101,105,State Border Checkpoint Hold,True,False,Active Cascade
CAS-0018,DIS-0018,SHP-03490,SHP-03490,,0,Customer Delivery Risk,0,101,105,State Border Checkpoint Hold,True,False,Partially Absorbed
CAS-0018,DIS-0018,SHP-03490,SHP-08623,SHP-03490,1,Shared Vehicle Turnaround,0,33,32,Vehicle Breakdown,False,True,Active Cascade
CAS-0018,DIS-0018,SHP-03490,SHP-08623,SHP-03490,1,Departure Delay,0,33,32,Vehicle Breakdown,False,True,Active Cascade
CAS-0018,DIS-0018,SHP-03490,SHP-08623,SHP-03490,1,Customer Delivery Risk,0,33,32,Vehicle Breakdown,False,True,Partially Absorbed
CAS-0019,DIS-0019,SHP-05562,SHP-05562,,0,Root Disruption,106,0,110,Severe Weather,True,False,Active Cascade
CAS-0019,DIS-0019,SHP-05562,SHP-05562,,0,Dispatch Delay,0,106,110,Severe Weather,True,False,Active Cascade
CAS-0019,DIS-0019,SHP-05562,SHP-05562,,0,Customer Delivery Risk,0,106,110,Severe Weather,True,False,Partially Absorbed
CAS-0019,DIS-0019,SHP-05562,SHP-10126,SHP-05562,1,Warehouse Congestion Transfer,53,0,55,Warehouse Congestion,False,True,Active Cascade
CAS-0019,DIS-0019,SHP-05562,SHP-10126,SHP-05562,1,Departure Delay,0,0,55,Warehouse Congestion,False,True,Active Cascade
CAS-0019,DIS-0019,SHP-05562,SHP-10126,SHP-05562,1,Customer Delivery Risk,0,0,55,Warehouse Congestion,False,True,Partially Absorbed
CAS-0019,DIS-0019,SHP-05562,SHP-11359,SHP-05562,1,Warehouse Congestion Transfer,80,0,76,Warehouse Congestion,False,True,Active Cascade
CAS-0019,DIS-0019,SHP-05562,SHP-11359,SHP-05562,1,Departure Delay,0,0,76,Warehouse Congestion,False,True,Active Cascade
CAS-0019,DIS-0019,SHP-05562,SHP-11359,SHP-05562,1,Customer Delivery Risk,0,0,76,Warehouse Congestion,False,True,Partially Absorbed
CAS-0020,DIS-0020,SHP-02667,SHP-02667,,0,Root Disruption,107,0,107,Labor Shortage,True,False,Active Cascade
CAS-0020,DIS-0020,SHP-02667,SHP-02667,,0,Dispatch Delay,0,107,107,Labor Shortage,True,False,Active Cascade
CAS-0020,DIS-0020,SHP-02667,SHP-02667,,0,Customer Delivery Risk,0,107,107,Labor Shortage,True,False,Partially Absorbed
CAS-0020,DIS-0020,SHP-02667,SHP-02658,SHP-02667,1,Waiting for Inbound Shipment,0,20,18,Labor Shortage,False,True,Active Cascade
CAS-0020,DIS-0020,SHP-02667,SHP-02658,SHP-02667,1,Departure Delay,0,20,18,Labor Shortage,False,True,Active Cascade
CAS-0020,DIS-0020,SHP-02667,SHP-02658,SHP-02667,1,Customer Delivery Risk,0,20,18,Labor Shortage,False,True,Partially Absorbed
CAS-0020,DIS-0020,SHP-02667,SHP-03566,SHP-02658,2,Warehouse Transfer,0,16,11,Labor Shortage,False,True,Active Cascade
CAS-0020,DIS-0020,SHP-02667,SHP-03566,SHP-02658,2,Departure Delay,0,16,11,Labor Shortage,False,True,Active Cascade
CAS-0020,DIS-0020,SHP-02667,SHP-03566,SHP-02658,2,Customer Delivery Risk,0,16,11,Labor Shortage,False,True,Partially Absorbed
CAS-0021,DIS-0021,SHP-13014,SHP-13014,,0,Root Disruption,150,0,148,Labor Shortage,True,False,Active Cascade
CAS-0021,DIS-0021,SHP-13014,SHP-13014,,0,Dispatch Delay,0,150,148,Labor Shortage,True,False,Active Cascade
CAS-0021,DIS-0021,SHP-13014,SHP-13014,,0,Customer Delivery Risk,0,150,148,Labor Shortage,True,False,Severe Delay Breached
CAS-0021,DIS-0021,SHP-13014,SHP-03357,SHP-13014,1,Route Connection,0,20,22,Labor Shortage,False,True,Active Cascade
CAS-0021,DIS-0021,SHP-13014,SHP-03357,SHP-13014,1,Departure Delay,0,20,22,Labor Shortage,False,True,Active Cascade
CAS-0021,DIS-0021,SHP-13014,SHP-03357,SHP-13014,1,Customer Delivery Risk,0,20,22,Labor Shortage,False,True,Partially Absorbed
CAS-0022,DIS-0022,SHP-05291,SHP-05291,,0,Root Disruption,123,0,119,Labor Shortage,True,False,Active Cascade
CAS-0022,DIS-0022,SHP-05291,SHP-05291,,0,Dispatch Delay,0,123,119,Labor Shortage,True,False,Active Cascade
CAS-0022,DIS-0022,SHP-05291,SHP-05291,,0,Customer Delivery Risk,0,123,119,Labor Shortage,True,False,Partially Absorbed
CAS-0022,DIS-0022,SHP-05291,SHP-01614,SHP-05291,1,Route Connection,0,44,52,Labor Shortage,False,True,Active Cascade
CAS-0022,DIS-0022,SHP-05291,SHP-01614,SHP-05291,1,Departure Delay,0,44,52,Labor Shortage,False,True,Active Cascade
CAS-0022,DIS-0022,SHP-05291,SHP-01614,SHP-05291,1,Customer Delivery Risk,0,44,52,Labor Shortage,False,True,Partially Absorbed
CAS-0022,DIS-0022,SHP-05291,SHP-05361,SHP-01614,2,Warehouse Transfer,0,20,25,Labor Shortage,False,True,Active Cascade
CAS-0022,DIS-0022,SHP-05291,SHP-05361,SHP-01614,2,Departure Delay,0,20,25,Labor Shortage,False,True,Active Cascade
CAS-0022,DIS-0022,SHP-05291,SHP-05361,SHP-01614,2,Customer Delivery Risk,0,20,25,Labor Shortage,False,True,Partially Absorbed
CAS-0022,DIS-0022,SHP-05291,SHP-04251,SHP-01614,2,Warehouse Transfer,0,16,12,Labor Shortage,False,True,Active Cascade
CAS-0022,DIS-0022,SHP-05291,SHP-04251,SHP-01614,2,Departure Delay,0,16,12,Labor Shortage,False,True,Active Cascade
CAS-0022,DIS-0022,SHP-05291,SHP-04251,SHP-01614,2,Customer Delivery Risk,0,16,12,Labor Shortage,False,True,Partially Absorbed
CAS-0023,DIS-0023,SHP-10539,SHP-10539,,0,Root Disruption,217,0,213,Vehicle Breakdown,True,False,Active Cascade
CAS-0023,DIS-0023,SHP-10539,SHP-10539,,0,Dispatch Delay,0,217,213,Vehicle Breakdown,True,False,Active Cascade
CAS-0023,DIS-0023,SHP-10539,SHP-10539,,0,Customer Delivery Risk,0,217,213,Vehicle Breakdown,True,False,Severe Delay Breached
CAS-0023,DIS-0023,SHP-10539,SHP-08399,SHP-10539,1,Waiting for Inbound Shipment,0,48,50,Vehicle Breakdown,False,True,Active Cascade
CAS-0023,DIS-0023,SHP-10539,SHP-08399,SHP-10539,1,Departure Delay,0,48,50,Vehicle Breakdown,False,True,Active Cascade
CAS-0023,DIS-0023,SHP-10539,SHP-08399,SHP-10539,1,Customer Delivery Risk,0,48,50,Vehicle Breakdown,False,True,Partially Absorbed
CAS-0023,DIS-0023,SHP-10539,SHP-08325,SHP-08399,2,Warehouse Transfer,0,16,14,Vehicle Breakdown,False,True,Active Cascade
CAS-0023,DIS-0023,SHP-10539,SHP-08325,SHP-08399,2,Departure Delay,0,16,14,Vehicle Breakdown,False,True,Active Cascade
CAS-0023,DIS-0023,SHP-10539,SHP-08325,SHP-08399,2,Customer Delivery Risk,0,16,14,Vehicle Breakdown,False,True,Partially Absorbed
CAS-0024,DIS-0024,SHP-06185,SHP-06185,,0,Root Disruption,74,0,71,State Border Checkpoint Hold,True,False,Active Cascade
CAS-0024,DIS-0024,SHP-06185,SHP-06185,,0,Dispatch Delay,0,74,71,State Border Checkpoint Hold,True,False,Active Cascade
CAS-0024,DIS-0024,SHP-06185,SHP-06185,,0,Customer Delivery Risk,0,74,71,State Border Checkpoint Hold,True,False,Partially Absorbed
CAS-0024,DIS-0024,SHP-06185,SHP-10403,SHP-06185,1,Route Connection,0,65,66,State Border Checkpoint Hold,False,True,Active Cascade
CAS-0024,DIS-0024,SHP-06185,SHP-10403,SHP-06185,1,Departure Delay,0,65,66,State Border Checkpoint Hold,False,True,Active Cascade
CAS-0024,DIS-0024,SHP-06185,SHP-10403,SHP-06185,1,Customer Delivery Risk,0,65,66,State Border Checkpoint Hold,False,True,Partially Absorbed
CAS-0025,DIS-0025,SHP-03563,SHP-03563,,0,Root Disruption,201,0,202,Warehouse Congestion,True,False,Active Cascade
CAS-0025,DIS-0025,SHP-03563,SHP-03563,,0,Dispatch Delay,0,201,202,Warehouse Congestion,True,False,Active Cascade
CAS-0025,DIS-0025,SHP-03563,SHP-03563,,0,Customer Delivery Risk,0,201,202,Warehouse Congestion,True,False,Severe Delay Breached
CAS-0025,DIS-0025,SHP-03563,SHP-04513,SHP-03563,1,Route Connection,0,185,182,Warehouse Congestion,False,True,Active Cascade
CAS-0025,DIS-0025,SHP-03563,SHP-04513,SHP-03563,1,Departure Delay,0,185,182,Warehouse Congestion,False,True,Active Cascade
CAS-0025,DIS-0025,SHP-03563,SHP-04513,SHP-03563,1,Customer Delivery Risk,0,185,182,Warehouse Congestion,False,True,Severe Delay Breached
CAS-0025,DIS-0025,SHP-03563,SHP-04649,SHP-04513,2,Warehouse Transfer,0,16,22,Warehouse Congestion,False,True,Active Cascade
CAS-0025,DIS-0025,SHP-03563,SHP-04649,SHP-04513,2,Departure Delay,0,16,22,Warehouse Congestion,False,True,Active Cascade
CAS-0025,DIS-0025,SHP-03563,SHP-04649,SHP-04513,2,Customer Delivery Risk,0,16,22,Warehouse Congestion,False,True,Partially Absorbed
CAS-0025,DIS-0025,SHP-03563,SHP-01004,SHP-04649,3,Route Connection,0,16,20,Warehouse Congestion,False,True,Active Cascade
CAS-0025,DIS-0025,SHP-03563,SHP-01004,SHP-04649,3,Departure Delay,0,16,20,Warehouse Congestion,False,True,Active Cascade
CAS-0025,DIS-0025,SHP-03563,SHP-01004,SHP-04649,3,Customer Delivery Risk,0,16,20,Warehouse Congestion,False,True,Partially Absorbed
CAS-0025,DIS-0025,SHP-03563,SHP-02263,SHP-04513,2,Warehouse Transfer,0,16,24,Warehouse Congestion,False,True,Active Cascade
CAS-0025,DIS-0025,SHP-03563,SHP-02263,SHP-04513,2,Departure Delay,0,16,24,Warehouse Congestion,False,True,Active Cascade
CAS-0025,DIS-0025,SHP-03563,SHP-02263,SHP-04513,2,Customer Delivery Risk,0,16,24,Warehouse Congestion,False,True,Partially Absorbed
CAS-0026,DIS-0026,SHP-08758,SHP-08758,,0,Root Disruption,97,0,104,State Border Checkpoint Hold,True,False,Active Cascade
CAS-0026,DIS-0026,SHP-08758,SHP-08758,,0,Dispatch Delay,0,97,104,State Border Checkpoint Hold,True,False,Active Cascade
CAS-0026,DIS-0026,SHP-08758,SHP-08758,,0,Customer Delivery Risk,0,97,104,State Border Checkpoint Hold,True,False,Partially Absorbed
CAS-0026,DIS-0026,SHP-08758,SHP-13346,SHP-08758,1,Waiting for Inbound Shipment,0,20,23,State Border Checkpoint Hold,False,True,Active Cascade
CAS-0026,DIS-0026,SHP-08758,SHP-13346,SHP-08758,1,Departure Delay,0,20,23,State Border Checkpoint Hold,False,True,Active Cascade
CAS-0026,DIS-0026,SHP-08758,SHP-13346,SHP-08758,1,Customer Delivery Risk,0,20,23,State Border Checkpoint Hold,False,True,Partially Absorbed
CAS-0026,DIS-0026,SHP-08758,SHP-05517,SHP-13346,2,Warehouse Transfer,0,16,20,State Border Checkpoint Hold,False,True,Active Cascade
CAS-0026,DIS-0026,SHP-08758,SHP-05517,SHP-13346,2,Departure Delay,0,16,20,State Border Checkpoint Hold,False,True,Active Cascade
CAS-0026,DIS-0026,SHP-08758,SHP-05517,SHP-13346,2,Customer Delivery Risk,0,16,20,State Border Checkpoint Hold,False,True,Partially Absorbed
CAS-0027,DIS-0027,SHP-01553,SHP-01553,,0,Root Disruption,181,0,190,Vehicle Breakdown,True,False,Active Cascade
CAS-0027,DIS-0027,SHP-01553,SHP-01553,,0,Dispatch Delay,0,181,190,Vehicle Breakdown,True,False,Active Cascade
CAS-0027,DIS-0027,SHP-01553,SHP-01553,,0,Customer Delivery Risk,0,181,190,Vehicle Breakdown,True,False,Severe Delay Breached
CAS-0027,DIS-0027,SHP-01553,SHP-00688,SHP-01553,1,Route Connection,0,61,62,Vehicle Breakdown,False,True,Active Cascade
CAS-0027,DIS-0027,SHP-01553,SHP-00688,SHP-01553,1,Departure Delay,0,61,62,Vehicle Breakdown,False,True,Active Cascade
CAS-0027,DIS-0027,SHP-01553,SHP-00688,SHP-01553,1,Customer Delivery Risk,0,61,62,Vehicle Breakdown,False,True,Partially Absorbed
CAS-0028,DIS-0028,SHP-06236,SHP-06236,,0,Root Disruption,170,0,169,Severe Weather,True,False,Active Cascade
CAS-0028,DIS-0028,SHP-06236,SHP-06236,,0,Dispatch Delay,0,170,169,Severe Weather,True,False,Active Cascade
CAS-0028,DIS-0028,SHP-06236,SHP-06236,,0,Customer Delivery Risk,0,170,169,Severe Weather,True,False,Severe Delay Breached
CAS-0028,DIS-0028,SHP-06236,SHP-08347,SHP-06236,1,Route Connection,0,20,20,Severe Weather,False,True,Active Cascade
CAS-0028,DIS-0028,SHP-06236,SHP-08347,SHP-06236,1,Departure Delay,0,20,20,Severe Weather,False,True,Active Cascade
CAS-0028,DIS-0028,SHP-06236,SHP-08347,SHP-06236,1,Customer Delivery Risk,0,20,20,Severe Weather,False,True,Partially Absorbed
CAS-0028,DIS-0028,SHP-06236,SHP-05702,SHP-08347,2,Warehouse Transfer,0,16,14,Severe Weather,False,True,Active Cascade
CAS-0028,DIS-0028,SHP-06236,SHP-05702,SHP-08347,2,Departure Delay,0,16,14,Severe Weather,False,True,Active Cascade
CAS-0028,DIS-0028,SHP-06236,SHP-05702,SHP-08347,2,Customer Delivery Risk,0,16,14,Severe Weather,False,True,Partially Absorbed
CAS-0028,DIS-0028,SHP-06236,SHP-02738,SHP-05702,3,Route Connection,0,16,14,Severe Weather,False,True,Active Cascade
CAS-0028,DIS-0028,SHP-06236,SHP-02738,SHP-05702,3,Departure Delay,0,16,14,Severe Weather,False,True,Active Cascade
CAS-0028,DIS-0028,SHP-06236,SHP-02738,SHP-05702,3,Customer Delivery Risk,0,16,14,Severe Weather,False,True,Partially Absorbed
CAS-0028,DIS-0028,SHP-06236,SHP-11710,SHP-08347,2,Warehouse Transfer,0,16,21,Severe Weather,False,True,Active Cascade
CAS-0028,DIS-0028,SHP-06236,SHP-11710,SHP-08347,2,Departure Delay,0,16,21,Severe Weather,False,True,Active Cascade
CAS-0028,DIS-0028,SHP-06236,SHP-11710,SHP-08347,2,Customer Delivery Risk,0,16,21,Severe Weather,False,True,Partially Absorbed
CAS-0029,DIS-0029,SHP-01169,SHP-01169,,0,Root Disruption,202,0,202,Severe Weather,True,False,Active Cascade
CAS-0029,DIS-0029,SHP-01169,SHP-01169,,0,Dispatch Delay,0,202,202,Severe Weather,True,False,Active Cascade
CAS-0029,DIS-0029,SHP-01169,SHP-01169,,0,Customer Delivery Risk,0,202,202,Severe Weather,True,False,Severe Delay Breached
CAS-0029,DIS-0029,SHP-01169,SHP-03114,SHP-01169,1,Warehouse Congestion Transfer,122,0,117,Warehouse Congestion,False,True,Active Cascade
CAS-0029,DIS-0029,SHP-01169,SHP-03114,SHP-01169,1,Departure Delay,0,0,117,Warehouse Congestion,False,True,Active Cascade
CAS-0029,DIS-0029,SHP-01169,SHP-03114,SHP-01169,1,Customer Delivery Risk,0,0,117,Warehouse Congestion,False,True,Partially Absorbed
CAS-0029,DIS-0029,SHP-01169,SHP-02497,SHP-01169,1,Warehouse Congestion Transfer,57,0,66,Warehouse Congestion,False,True,Active Cascade
CAS-0029,DIS-0029,SHP-01169,SHP-02497,SHP-01169,1,Departure Delay,0,0,66,Warehouse Congestion,False,True,Active Cascade
CAS-0029,DIS-0029,SHP-01169,SHP-02497,SHP-01169,1,Customer Delivery Risk,0,0,66,Warehouse Congestion,False,True,Partially Absorbed
CAS-0029,DIS-0029,SHP-01169,SHP-12109,SHP-01169,1,Warehouse Congestion Transfer,140,0,145,Warehouse Congestion,False,True,Active Cascade
CAS-0029,DIS-0029,SHP-01169,SHP-12109,SHP-01169,1,Departure Delay,0,0,145,Warehouse Congestion,False,True,Active Cascade
CAS-0029,DIS-0029,SHP-01169,SHP-12109,SHP-01169,1,Customer Delivery Risk,0,0,145,Warehouse Congestion,False,True,Severe Delay Breached
CAS-0029,DIS-0029,SHP-01169,SHP-09966,SHP-01169,1,Warehouse Congestion Transfer,160,0,161,Warehouse Congestion,False,True,Active Cascade
CAS-0029,DIS-0029,SHP-01169,SHP-09966,SHP-01169,1,Departure Delay,0,0,161,Warehouse Congestion,False,True,Active Cascade
CAS-0029,DIS-0029,SHP-01169,SHP-09966,SHP-01169,1,Customer Delivery Risk,0,0,161,Warehouse Congestion,False,True,Severe Delay Breached
CAS-0030,DIS-0030,SHP-13050,SHP-13050,,0,Root Disruption,261,0,262,Vehicle Breakdown,True,False,Active Cascade
CAS-0030,DIS-0030,SHP-13050,SHP-13050,,0,Dispatch Delay,0,261,262,Vehicle Breakdown,True,False,Active Cascade
CAS-0030,DIS-0030,SHP-13050,SHP-13050,,0,Customer Delivery Risk,0,261,262,Vehicle Breakdown,True,False,Severe Delay Breached
CAS-0030,DIS-0030,SHP-13050,SHP-00866,SHP-13050,1,Route Connection,0,20,26,Vehicle Breakdown,False,True,Active Cascade
CAS-0030,DIS-0030,SHP-13050,SHP-00866,SHP-13050,1,Departure Delay,0,20,26,Vehicle Breakdown,False,True,Active Cascade
CAS-0030,DIS-0030,SHP-13050,SHP-00866,SHP-13050,1,Customer Delivery Risk,0,20,26,Vehicle Breakdown,False,True,Partially Absorbed
CAS-0030,DIS-0030,SHP-13050,SHP-06879,SHP-00866,2,Warehouse Transfer,0,16,25,Vehicle Breakdown,False,True,Active Cascade
CAS-0030,DIS-0030,SHP-13050,SHP-06879,SHP-00866,2,Departure Delay,0,16,25,Vehicle Breakdown,False,True,Active Cascade
CAS-0030,DIS-0030,SHP-13050,SHP-06879,SHP-00866,2,Customer Delivery Risk,0,16,25,Vehicle Breakdown,False,True,Partially Absorbed
CAS-0030,DIS-0030,SHP-13050,SHP-08090,SHP-06879,3,Route Connection,0,16,19,Vehicle Breakdown,False,True,Active Cascade
CAS-0030,DIS-0030,SHP-13050,SHP-08090,SHP-06879,3,Departure Delay,0,16,19,Vehicle Breakdown,False,True,Active Cascade
CAS-0030,DIS-0030,SHP-13050,SHP-08090,SHP-06879,3,Customer Delivery Risk,0,16,19,Vehicle Breakdown,False,True,Partially Absorbed
CAS-0031,DIS-0031,SHP-13535,SHP-13535,,0,Root Disruption,129,0,137,Vehicle Breakdown,True,False,Active Cascade
CAS-0031,DIS-0031,SHP-13535,SHP-13535,,0,Dispatch Delay,0,129,137,Vehicle Breakdown,True,False,Active Cascade
CAS-0031,DIS-0031,SHP-13535,SHP-13535,,0,Customer Delivery Risk,0,129,137,Vehicle Breakdown,True,False,Severe Delay Breached
CAS-0031,DIS-0031,SHP-13535,SHP-08923,SHP-13535,1,Shared Vehicle Turnaround,0,127,130,Vehicle Breakdown,False,True,Active Cascade
CAS-0031,DIS-0031,SHP-13535,SHP-08923,SHP-13535,1,Departure Delay,0,127,130,Vehicle Breakdown,False,True,Active Cascade
CAS-0031,DIS-0031,SHP-13535,SHP-08923,SHP-13535,1,Customer Delivery Risk,0,127,130,Vehicle Breakdown,False,True,Severe Delay Breached
CAS-0032,DIS-0032,SHP-10148,SHP-10148,,0,Root Disruption,126,0,123,Severe Weather,True,False,Active Cascade
CAS-0032,DIS-0032,SHP-10148,SHP-10148,,0,Dispatch Delay,0,126,123,Severe Weather,True,False,Active Cascade
CAS-0032,DIS-0032,SHP-10148,SHP-10148,,0,Customer Delivery Risk,0,126,123,Severe Weather,True,False,Severe Delay Breached
CAS-0032,DIS-0032,SHP-10148,SHP-02924,SHP-10148,1,Waiting for Inbound Shipment,0,55,60,Severe Weather,False,True,Active Cascade
CAS-0032,DIS-0032,SHP-10148,SHP-02924,SHP-10148,1,Departure Delay,0,55,60,Severe Weather,False,True,Active Cascade
CAS-0032,DIS-0032,SHP-10148,SHP-02924,SHP-10148,1,Customer Delivery Risk,0,55,60,Severe Weather,False,True,Partially Absorbed
CAS-0032,DIS-0032,SHP-10148,SHP-08235,SHP-02924,2,Warehouse Transfer,0,16,19,Severe Weather,False,True,Active Cascade
CAS-0032,DIS-0032,SHP-10148,SHP-08235,SHP-02924,2,Departure Delay,0,16,19,Severe Weather,False,True,Active Cascade
CAS-0032,DIS-0032,SHP-10148,SHP-08235,SHP-02924,2,Customer Delivery Risk,0,16,19,Severe Weather,False,True,Partially Absorbed
CAS-0033,DIS-0033,SHP-13582,SHP-13582,,0,Root Disruption,133,0,137,Warehouse Congestion,True,False,Active Cascade
CAS-0033,DIS-0033,SHP-13582,SHP-13582,,0,Dispatch Delay,0,133,137,Warehouse Congestion,True,False,Active Cascade
CAS-0033,DIS-0033,SHP-13582,SHP-13582,,0,Customer Delivery Risk,0,133,137,Warehouse Congestion,True,False,Severe Delay Breached
CAS-0033,DIS-0033,SHP-13582,SHP-11105,SHP-13582,1,Cross-Dock Transfer,0,16,19,Warehouse Congestion,False,True,Active Cascade
CAS-0033,DIS-0033,SHP-13582,SHP-11105,SHP-13582,1,Departure Delay,0,16,19,Warehouse Congestion,False,True,Active Cascade
CAS-0033,DIS-0033,SHP-13582,SHP-11105,SHP-13582,1,Customer Delivery Risk,0,16,19,Warehouse Congestion,False,True,Partially Absorbed
CAS-0033,DIS-0033,SHP-13582,SHP-13974,SHP-13582,1,Cross-Dock Transfer,0,16,26,Warehouse Congestion,False,True,Active Cascade
CAS-0033,DIS-0033,SHP-13582,SHP-13974,SHP-13582,1,Departure Delay,0,16,26,Warehouse Congestion,False,True,Active Cascade
CAS-0033,DIS-0033,SHP-13582,SHP-13974,SHP-13582,1,Customer Delivery Risk,0,16,26,Warehouse Congestion,False,True,Partially Absorbed
CAS-0034,DIS-0034,SHP-01103,SHP-01103,,0,Root Disruption,84,0,93,State Border Checkpoint Hold,True,False,Active Cascade
CAS-0034,DIS-0034,SHP-01103,SHP-01103,,0,Dispatch Delay,0,84,93,State Border Checkpoint Hold,True,False,Active Cascade
CAS-0034,DIS-0034,SHP-01103,SHP-01103,,0,Customer Delivery Risk,0,84,93,State Border Checkpoint Hold,True,False,Partially Absorbed
CAS-0034,DIS-0034,SHP-01103,SHP-12952,SHP-01103,1,Route Connection,0,20,26,State Border Checkpoint Hold,False,True,Active Cascade
CAS-0034,DIS-0034,SHP-01103,SHP-12952,SHP-01103,1,Departure Delay,0,20,26,State Border Checkpoint Hold,False,True,Active Cascade
CAS-0034,DIS-0034,SHP-01103,SHP-12952,SHP-01103,1,Customer Delivery Risk,0,20,26,State Border Checkpoint Hold,False,True,Partially Absorbed
CAS-0034,DIS-0034,SHP-01103,SHP-01549,SHP-12952,2,Warehouse Transfer,0,16,18,State Border Checkpoint Hold,False,True,Active Cascade
CAS-0034,DIS-0034,SHP-01103,SHP-01549,SHP-12952,2,Departure Delay,0,16,18,State Border Checkpoint Hold,False,True,Active Cascade
CAS-0034,DIS-0034,SHP-01103,SHP-01549,SHP-12952,2,Customer Delivery Risk,0,16,18,State Border Checkpoint Hold,False,True,Partially Absorbed
CAS-0035,DIS-0035,SHP-06020,SHP-06020,,0,Root Disruption,267,0,262,Vehicle Breakdown,True,False,Active Cascade
CAS-0035,DIS-0035,SHP-06020,SHP-06020,,0,Dispatch Delay,0,267,262,Vehicle Breakdown,True,False,Active Cascade
CAS-0035,DIS-0035,SHP-06020,SHP-06020,,0,Customer Delivery Risk,0,267,262,Vehicle Breakdown,True,False,Severe Delay Breached
CAS-0035,DIS-0035,SHP-06020,SHP-09414,SHP-06020,1,Waiting for Inbound Shipment,0,174,183,Vehicle Breakdown,False,True,Active Cascade
CAS-0035,DIS-0035,SHP-06020,SHP-09414,SHP-06020,1,Departure Delay,0,174,183,Vehicle Breakdown,False,True,Active Cascade
CAS-0035,DIS-0035,SHP-06020,SHP-09414,SHP-06020,1,Customer Delivery Risk,0,174,183,Vehicle Breakdown,False,True,Severe Delay Breached
CAS-0036,DIS-0036,SHP-01381,SHP-01381,,0,Root Disruption,81,0,84,Labor Shortage,True,False,Active Cascade
CAS-0036,DIS-0036,SHP-01381,SHP-01381,,0,Dispatch Delay,0,81,84,Labor Shortage,True,False,Active Cascade
CAS-0036,DIS-0036,SHP-01381,SHP-01381,,0,Customer Delivery Risk,0,81,84,Labor Shortage,True,False,Partially Absorbed
CAS-0036,DIS-0036,SHP-01381,SHP-05502,SHP-01381,1,Warehouse Congestion Transfer,62,0,67,Warehouse Congestion,False,True,Active Cascade
CAS-0036,DIS-0036,SHP-01381,SHP-05502,SHP-01381,1,Departure Delay,0,0,67,Warehouse Congestion,False,True,Active Cascade
CAS-0036,DIS-0036,SHP-01381,SHP-05502,SHP-01381,1,Customer Delivery Risk,0,0,67,Warehouse Congestion,False,True,Partially Absorbed
CAS-0037,DIS-0037,SHP-11443,SHP-11443,,0,Root Disruption,110,0,119,Labor Shortage,True,False,Active Cascade
CAS-0037,DIS-0037,SHP-11443,SHP-11443,,0,Dispatch Delay,0,110,119,Labor Shortage,True,False,Active Cascade
CAS-0037,DIS-0037,SHP-11443,SHP-11443,,0,Customer Delivery Risk,0,110,119,Labor Shortage,True,False,Partially Absorbed
CAS-0037,DIS-0037,SHP-11443,SHP-02991,SHP-11443,1,Cross-Dock Transfer,0,16,15,Labor Shortage,False,True,Active Cascade
CAS-0037,DIS-0037,SHP-11443,SHP-02991,SHP-11443,1,Departure Delay,0,16,15,Labor Shortage,False,True,Active Cascade
CAS-0037,DIS-0037,SHP-11443,SHP-02991,SHP-11443,1,Customer Delivery Risk,0,16,15,Labor Shortage,False,True,Partially Absorbed
CAS-0037,DIS-0037,SHP-11443,SHP-13501,SHP-11443,1,Cross-Dock Transfer,0,16,12,Labor Shortage,False,True,Active Cascade
CAS-0037,DIS-0037,SHP-11443,SHP-13501,SHP-11443,1,Departure Delay,0,16,12,Labor Shortage,False,True,Active Cascade
CAS-0037,DIS-0037,SHP-11443,SHP-13501,SHP-11443,1,Customer Delivery Risk,0,16,12,Labor Shortage,False,True,Partially Absorbed
CAS-0038,DIS-0038,SHP-05627,SHP-05627,,0,Root Disruption,162,0,172,Road Closure,True,False,Active Cascade
CAS-0038,DIS-0038,SHP-05627,SHP-05627,,0,Dispatch Delay,0,162,172,Road Closure,True,False,Active Cascade
CAS-0038,DIS-0038,SHP-05627,SHP-05627,,0,Customer Delivery Risk,0,162,172,Road Closure,True,False,Severe Delay Breached
CAS-0038,DIS-0038,SHP-05627,SHP-02125,SHP-05627,1,Cross-Dock Transfer,0,16,17,Road Closure,False,True,Active Cascade
CAS-0038,DIS-0038,SHP-05627,SHP-02125,SHP-05627,1,Departure Delay,0,16,17,Road Closure,False,True,Active Cascade
CAS-0038,DIS-0038,SHP-05627,SHP-02125,SHP-05627,1,Customer Delivery Risk,0,16,17,Road Closure,False,True,Partially Absorbed
CAS-0038,DIS-0038,SHP-05627,SHP-11010,SHP-05627,1,Cross-Dock Transfer,0,16,17,Road Closure,False,True,Active Cascade
CAS-0038,DIS-0038,SHP-05627,SHP-11010,SHP-05627,1,Departure Delay,0,16,17,Road Closure,False,True,Active Cascade
CAS-0038,DIS-0038,SHP-05627,SHP-11010,SHP-05627,1,Customer Delivery Risk,0,16,17,Road Closure,False,True,Partially Absorbed
CAS-0039,DIS-0039,SHP-07193,SHP-07193,,0,Root Disruption,163,0,173,Road Closure,True,False,Active Cascade
CAS-0039,DIS-0039,SHP-07193,SHP-07193,,0,Dispatch Delay,0,163,173,Road Closure,True,False,Active Cascade
CAS-0039,DIS-0039,SHP-07193,SHP-07193,,0,Customer Delivery Risk,0,163,173,Road Closure,True,False,Severe Delay Breached
CAS-0039,DIS-0039,SHP-07193,SHP-05114,SHP-07193,1,Waiting for Inbound Shipment,0,20,25,Road Closure,False,True,Active Cascade
CAS-0039,DIS-0039,SHP-07193,SHP-05114,SHP-07193,1,Departure Delay,0,20,25,Road Closure,False,True,Active Cascade
CAS-0039,DIS-0039,SHP-07193,SHP-05114,SHP-07193,1,Customer Delivery Risk,0,20,25,Road Closure,False,True,Partially Absorbed
CAS-0040,DIS-0040,SHP-09016,SHP-09016,,0,Root Disruption,159,0,160,Warehouse Congestion,True,False,Active Cascade
CAS-0040,DIS-0040,SHP-09016,SHP-09016,,0,Dispatch Delay,0,159,160,Warehouse Congestion,True,False,Active Cascade
CAS-0040,DIS-0040,SHP-09016,SHP-09016,,0,Customer Delivery Risk,0,159,160,Warehouse Congestion,True,False,Severe Delay Breached
CAS-0040,DIS-0040,SHP-09016,SHP-09857,SHP-09016,1,Warehouse Congestion Transfer,116,0,120,Warehouse Congestion,False,True,Active Cascade
CAS-0040,DIS-0040,SHP-09016,SHP-09857,SHP-09016,1,Departure Delay,0,0,120,Warehouse Congestion,False,True,Active Cascade
CAS-0040,DIS-0040,SHP-09016,SHP-09857,SHP-09016,1,Customer Delivery Risk,0,0,120,Warehouse Congestion,False,True,Partially Absorbed
CAS-0040,DIS-0040,SHP-09016,SHP-06773,SHP-09016,1,Warehouse Congestion Transfer,56,0,51,Warehouse Congestion,False,True,Active Cascade
CAS-0040,DIS-0040,SHP-09016,SHP-06773,SHP-09016,1,Departure Delay,0,0,51,Warehouse Congestion,False,True,Active Cascade
CAS-0040,DIS-0040,SHP-09016,SHP-06773,SHP-09016,1,Customer Delivery Risk,0,0,51,Warehouse Congestion,False,True,Partially Absorbed
CAS-0041,DIS-0041,SHP-03896,SHP-03896,,0,Root Disruption,156,0,161,Road Closure,True,False,Active Cascade
CAS-0041,DIS-0041,SHP-03896,SHP-03896,,0,Dispatch Delay,0,156,161,Road Closure,True,False,Active Cascade
CAS-0041,DIS-0041,SHP-03896,SHP-03896,,0,Customer Delivery Risk,0,156,161,Road Closure,True,False,Severe Delay Breached
CAS-0041,DIS-0041,SHP-03896,SHP-04267,SHP-03896,1,Shared Vehicle Turnaround,0,20,30,Vehicle Breakdown,False,True,Active Cascade
CAS-0041,DIS-0041,SHP-03896,SHP-04267,SHP-03896,1,Departure Delay,0,20,30,Vehicle Breakdown,False,True,Active Cascade
CAS-0041,DIS-0041,SHP-03896,SHP-04267,SHP-03896,1,Customer Delivery Risk,0,20,30,Vehicle Breakdown,False,True,Partially Absorbed
CAS-0042,DIS-0042,SHP-03953,SHP-03953,,0,Root Disruption,195,0,201,Road Closure,True,False,Active Cascade
CAS-0042,DIS-0042,SHP-03953,SHP-03953,,0,Dispatch Delay,0,195,201,Road Closure,True,False,Active Cascade
CAS-0042,DIS-0042,SHP-03953,SHP-03953,,0,Customer Delivery Risk,0,195,201,Road Closure,True,False,Severe Delay Breached
CAS-0042,DIS-0042,SHP-03953,SHP-13631,SHP-03953,1,Cross-Dock Transfer,0,16,17,Road Closure,False,True,Active Cascade
CAS-0042,DIS-0042,SHP-03953,SHP-13631,SHP-03953,1,Departure Delay,0,16,17,Road Closure,False,True,Active Cascade
CAS-0042,DIS-0042,SHP-03953,SHP-13631,SHP-03953,1,Customer Delivery Risk,0,16,17,Road Closure,False,True,Partially Absorbed
CAS-0043,DIS-0043,SHP-12922,SHP-12922,,0,Root Disruption,123,0,118,State Border Checkpoint Hold,True,False,Active Cascade
CAS-0043,DIS-0043,SHP-12922,SHP-12922,,0,Dispatch Delay,0,123,118,State Border Checkpoint Hold,True,False,Active Cascade
CAS-0043,DIS-0043,SHP-12922,SHP-12922,,0,Customer Delivery Risk,0,123,118,State Border Checkpoint Hold,True,False,Partially Absorbed
CAS-0043,DIS-0043,SHP-12922,SHP-03449,SHP-12922,1,Cross-Dock Transfer,0,16,21,State Border Checkpoint Hold,False,True,Active Cascade
CAS-0043,DIS-0043,SHP-12922,SHP-03449,SHP-12922,1,Departure Delay,0,16,21,State Border Checkpoint Hold,False,True,Active Cascade
CAS-0043,DIS-0043,SHP-12922,SHP-03449,SHP-12922,1,Customer Delivery Risk,0,16,21,State Border Checkpoint Hold,False,True,Partially Absorbed
CAS-0044,DIS-0044,SHP-13845,SHP-13845,,0,Root Disruption,137,0,133,State Border Checkpoint Hold,True,False,Active Cascade
CAS-0044,DIS-0044,SHP-13845,SHP-13845,,0,Dispatch Delay,0,137,133,State Border Checkpoint Hold,True,False,Active Cascade
CAS-0044,DIS-0044,SHP-13845,SHP-13845,,0,Customer Delivery Risk,0,137,133,State Border Checkpoint Hold,True,False,Severe Delay Breached
CAS-0044,DIS-0044,SHP-13845,SHP-05107,SHP-13845,1,Warehouse Congestion Transfer,106,0,102,Warehouse Congestion,False,True,Active Cascade
CAS-0044,DIS-0044,SHP-13845,SHP-05107,SHP-13845,1,Departure Delay,0,0,102,Warehouse Congestion,False,True,Active Cascade
CAS-0044,DIS-0044,SHP-13845,SHP-05107,SHP-13845,1,Customer Delivery Risk,0,0,102,Warehouse Congestion,False,True,Partially Absorbed
CAS-0045,DIS-0045,SHP-01905,SHP-01905,,0,Root Disruption,220,0,216,Severe Weather,True,False,Active Cascade
CAS-0045,DIS-0045,SHP-01905,SHP-01905,,0,Dispatch Delay,0,220,216,Severe Weather,True,False,Active Cascade
CAS-0045,DIS-0045,SHP-01905,SHP-01905,,0,Customer Delivery Risk,0,220,216,Severe Weather,True,False,Severe Delay Breached
CAS-0045,DIS-0045,SHP-01905,SHP-00839,SHP-01905,1,Waiting for Inbound Shipment,0,165,167,Severe Weather,False,True,Active Cascade
CAS-0045,DIS-0045,SHP-01905,SHP-00839,SHP-01905,1,Departure Delay,0,165,167,Severe Weather,False,True,Active Cascade
CAS-0045,DIS-0045,SHP-01905,SHP-00839,SHP-01905,1,Customer Delivery Risk,0,165,167,Severe Weather,False,True,Severe Delay Breached
CAS-0045,DIS-0045,SHP-01905,SHP-00540,SHP-00839,2,Warehouse Transfer,0,130,127,Severe Weather,False,True,Active Cascade
CAS-0045,DIS-0045,SHP-01905,SHP-00540,SHP-00839,2,Departure Delay,0,130,127,Severe Weather,False,True,Active Cascade
CAS-0045,DIS-0045,SHP-01905,SHP-00540,SHP-00839,2,Customer Delivery Risk,0,130,127,Severe Weather,False,True,Severe Delay Breached
CAS-0046,DIS-0046,SHP-09225,SHP-09225,,0,Root Disruption,130,0,125,State Border Checkpoint Hold,True,False,Active Cascade
CAS-0046,DIS-0046,SHP-09225,SHP-09225,,0,Dispatch Delay,0,130,125,State Border Checkpoint Hold,True,False,Active Cascade
CAS-0046,DIS-0046,SHP-09225,SHP-09225,,0,Customer Delivery Risk,0,130,125,State Border Checkpoint Hold,True,False,Severe Delay Breached
CAS-0046,DIS-0046,SHP-09225,SHP-10748,SHP-09225,1,Route Connection,0,20,21,State Border Checkpoint Hold,False,True,Active Cascade
CAS-0046,DIS-0046,SHP-09225,SHP-10748,SHP-09225,1,Departure Delay,0,20,21,State Border Checkpoint Hold,False,True,Active Cascade
CAS-0046,DIS-0046,SHP-09225,SHP-10748,SHP-09225,1,Customer Delivery Risk,0,20,21,State Border Checkpoint Hold,False,True,Partially Absorbed
CAS-0046,DIS-0046,SHP-09225,SHP-11285,SHP-10748,2,Warehouse Transfer,0,16,11,State Border Checkpoint Hold,False,True,Active Cascade
CAS-0046,DIS-0046,SHP-09225,SHP-11285,SHP-10748,2,Departure Delay,0,16,11,State Border Checkpoint Hold,False,True,Active Cascade
CAS-0046,DIS-0046,SHP-09225,SHP-11285,SHP-10748,2,Customer Delivery Risk,0,16,11,State Border Checkpoint Hold,False,True,Partially Absorbed
CAS-0046,DIS-0046,SHP-09225,SHP-04470,SHP-11285,3,Route Connection,0,16,17,State Border Checkpoint Hold,False,True,Active Cascade
CAS-0046,DIS-0046,SHP-09225,SHP-04470,SHP-11285,3,Departure Delay,0,16,17,State Border Checkpoint Hold,False,True,Active Cascade
CAS-0046,DIS-0046,SHP-09225,SHP-04470,SHP-11285,3,Customer Delivery Risk,0,16,17,State Border Checkpoint Hold,False,True,Partially Absorbed
CAS-0046,DIS-0046,SHP-09225,SHP-02416,SHP-10748,2,Warehouse Transfer,0,16,23,State Border Checkpoint Hold,False,True,Active Cascade
CAS-0046,DIS-0046,SHP-09225,SHP-02416,SHP-10748,2,Departure Delay,0,16,23,State Border Checkpoint Hold,False,True,Active Cascade
CAS-0046,DIS-0046,SHP-09225,SHP-02416,SHP-10748,2,Customer Delivery Risk,0,16,23,State Border Checkpoint Hold,False,True,Partially Absorbed
CAS-0047,DIS-0047,SHP-03131,SHP-03131,,0,Root Disruption,173,0,182,Labor Shortage,True,False,Active Cascade
CAS-0047,DIS-0047,SHP-03131,SHP-03131,,0,Dispatch Delay,0,173,182,Labor Shortage,True,False,Active Cascade
CAS-0047,DIS-0047,SHP-03131,SHP-03131,,0,Customer Delivery Risk,0,173,182,Labor Shortage,True,False,Severe Delay Breached
CAS-0047,DIS-0047,SHP-03131,SHP-00770,SHP-03131,1,Warehouse Congestion Transfer,97,0,99,Warehouse Congestion,False,True,Active Cascade
CAS-0047,DIS-0047,SHP-03131,SHP-00770,SHP-03131,1,Departure Delay,0,0,99,Warehouse Congestion,False,True,Active Cascade
CAS-0047,DIS-0047,SHP-03131,SHP-00770,SHP-03131,1,Customer Delivery Risk,0,0,99,Warehouse Congestion,False,True,Partially Absorbed
CAS-0047,DIS-0047,SHP-03131,SHP-02899,SHP-03131,1,Warehouse Congestion Transfer,96,0,104,Warehouse Congestion,False,True,Active Cascade
CAS-0047,DIS-0047,SHP-03131,SHP-02899,SHP-03131,1,Departure Delay,0,0,104,Warehouse Congestion,False,True,Active Cascade
CAS-0047,DIS-0047,SHP-03131,SHP-02899,SHP-03131,1,Customer Delivery Risk,0,0,104,Warehouse Congestion,False,True,Partially Absorbed
CAS-0047,DIS-0047,SHP-03131,SHP-06004,SHP-03131,1,Warehouse Congestion Transfer,63,0,72,Warehouse Congestion,False,True,Active Cascade
CAS-0047,DIS-0047,SHP-03131,SHP-06004,SHP-03131,1,Departure Delay,0,0,72,Warehouse Congestion,False,True,Active Cascade
CAS-0047,DIS-0047,SHP-03131,SHP-06004,SHP-03131,1,Customer Delivery Risk,0,0,72,Warehouse Congestion,False,True,Partially Absorbed
CAS-0047,DIS-0047,SHP-03131,SHP-00870,SHP-03131,1,Warehouse Congestion Transfer,78,0,77,Warehouse Congestion,False,True,Active Cascade
CAS-0047,DIS-0047,SHP-03131,SHP-00870,SHP-03131,1,Departure Delay,0,0,77,Warehouse Congestion,False,True,Active Cascade
CAS-0047,DIS-0047,SHP-03131,SHP-00870,SHP-03131,1,Customer Delivery Risk,0,0,77,Warehouse Congestion,False,True,Partially Absorbed
CAS-0048,DIS-0048,SHP-13640,SHP-13640,,0,Root Disruption,231,0,227,Vehicle Breakdown,True,False,Active Cascade
CAS-0048,DIS-0048,SHP-13640,SHP-13640,,0,Dispatch Delay,0,231,227,Vehicle Breakdown,True,False,Active Cascade
CAS-0048,DIS-0048,SHP-13640,SHP-13640,,0,Customer Delivery Risk,0,231,227,Vehicle Breakdown,True,False,Severe Delay Breached
CAS-0048,DIS-0048,SHP-13640,SHP-06015,SHP-13640,1,Route Connection,0,20,23,Vehicle Breakdown,False,True,Active Cascade
CAS-0048,DIS-0048,SHP-13640,SHP-06015,SHP-13640,1,Departure Delay,0,20,23,Vehicle Breakdown,False,True,Active Cascade
CAS-0048,DIS-0048,SHP-13640,SHP-06015,SHP-13640,1,Customer Delivery Risk,0,20,23,Vehicle Breakdown,False,True,Partially Absorbed
CAS-0049,DIS-0049,SHP-09018,SHP-09018,,0,Root Disruption,141,0,143,Severe Weather,True,False,Active Cascade
CAS-0049,DIS-0049,SHP-09018,SHP-09018,,0,Dispatch Delay,0,141,143,Severe Weather,True,False,Active Cascade
CAS-0049,DIS-0049,SHP-09018,SHP-09018,,0,Customer Delivery Risk,0,141,143,Severe Weather,True,False,Severe Delay Breached
CAS-0049,DIS-0049,SHP-09018,SHP-11110,SHP-09018,1,Cross-Dock Transfer,0,16,17,Severe Weather,False,True,Active Cascade
CAS-0049,DIS-0049,SHP-09018,SHP-11110,SHP-09018,1,Departure Delay,0,16,17,Severe Weather,False,True,Active Cascade
CAS-0049,DIS-0049,SHP-09018,SHP-11110,SHP-09018,1,Customer Delivery Risk,0,16,17,Severe Weather,False,True,Partially Absorbed
CAS-0049,DIS-0049,SHP-09018,SHP-11727,SHP-09018,1,Cross-Dock Transfer,0,16,19,Severe Weather,False,True,Active Cascade
CAS-0049,DIS-0049,SHP-09018,SHP-11727,SHP-09018,1,Departure Delay,0,16,19,Severe Weather,False,True,Active Cascade
CAS-0049,DIS-0049,SHP-09018,SHP-11727,SHP-09018,1,Customer Delivery Risk,0,16,19,Severe Weather,False,True,Partially Absorbed
CAS-0050,DIS-0050,SHP-00522,SHP-00522,,0,Root Disruption,185,0,180,Severe Weather,True,False,Active Cascade
CAS-0050,DIS-0050,SHP-00522,SHP-00522,,0,Dispatch Delay,0,185,180,Severe Weather,True,False,Active Cascade
CAS-0050,DIS-0050,SHP-00522,SHP-00522,,0,Customer Delivery Risk,0,185,180,Severe Weather,True,False,Severe Delay Breached
CAS-0050,DIS-0050,SHP-00522,SHP-05666,SHP-00522,1,Shared Vehicle Turnaround,0,152,148,Vehicle Breakdown,False,True,Active Cascade
CAS-0050,DIS-0050,SHP-00522,SHP-05666,SHP-00522,1,Departure Delay,0,152,148,Vehicle Breakdown,False,True,Active Cascade
CAS-0050,DIS-0050,SHP-00522,SHP-05666,SHP-00522,1,Customer Delivery Risk,0,152,148,Vehicle Breakdown,False,True,Severe Delay Breached
CAS-0051,DIS-0051,SHP-00015,SHP-00015,,0,Root Disruption,260,0,270,Severe Weather,True,False,Active Cascade
CAS-0051,DIS-0051,SHP-00015,SHP-00015,,0,Dispatch Delay,0,260,270,Severe Weather,True,False,Active Cascade
CAS-0051,DIS-0051,SHP-00015,SHP-00015,,0,Customer Delivery Risk,0,260,270,Severe Weather,True,False,Severe Delay Breached
CAS-0051,DIS-0051,SHP-00015,SHP-05898,SHP-00015,1,Route Connection,0,149,149,Severe Weather,False,True,Active Cascade
CAS-0051,DIS-0051,SHP-00015,SHP-05898,SHP-00015,1,Departure Delay,0,149,149,Severe Weather,False,True,Active Cascade
CAS-0051,DIS-0051,SHP-00015,SHP-05898,SHP-00015,1,Customer Delivery Risk,0,149,149,Severe Weather,False,True,Severe Delay Breached
CAS-0051,DIS-0051,SHP-00015,SHP-01649,SHP-05898,2,Warehouse Transfer,0,16,25,Severe Weather,False,True,Active Cascade
CAS-0051,DIS-0051,SHP-00015,SHP-01649,SHP-05898,2,Departure Delay,0,16,25,Severe Weather,False,True,Active Cascade
CAS-0051,DIS-0051,SHP-00015,SHP-01649,SHP-05898,2,Customer Delivery Risk,0,16,25,Severe Weather,False,True,Partially Absorbed
CAS-0052,DIS-0052,SHP-11224,SHP-11224,,0,Root Disruption,152,0,147,Equipment Failure,True,False,Active Cascade
CAS-0052,DIS-0052,SHP-11224,SHP-11224,,0,Dispatch Delay,0,152,147,Equipment Failure,True,False,Active Cascade
CAS-0052,DIS-0052,SHP-11224,SHP-11224,,0,Customer Delivery Risk,0,152,147,Equipment Failure,True,False,Severe Delay Breached
CAS-0052,DIS-0052,SHP-11224,SHP-10049,SHP-11224,1,Cross-Dock Transfer,0,16,12,Equipment Failure,False,True,Active Cascade
CAS-0052,DIS-0052,SHP-11224,SHP-10049,SHP-11224,1,Departure Delay,0,16,12,Equipment Failure,False,True,Active Cascade
CAS-0052,DIS-0052,SHP-11224,SHP-10049,SHP-11224,1,Customer Delivery Risk,0,16,12,Equipment Failure,False,True,Partially Absorbed
CAS-0052,DIS-0052,SHP-11224,SHP-10136,SHP-11224,1,Cross-Dock Transfer,0,16,19,Equipment Failure,False,True,Active Cascade
CAS-0052,DIS-0052,SHP-11224,SHP-10136,SHP-11224,1,Departure Delay,0,16,19,Equipment Failure,False,True,Active Cascade
CAS-0052,DIS-0052,SHP-11224,SHP-10136,SHP-11224,1,Customer Delivery Risk,0,16,19,Equipment Failure,False,True,Partially Absorbed
CAS-0053,DIS-0053,SHP-03132,SHP-03132,,0,Root Disruption,95,0,103,State Border Checkpoint Hold,True,False,Active Cascade
CAS-0053,DIS-0053,SHP-03132,SHP-03132,,0,Dispatch Delay,0,95,103,State Border Checkpoint Hold,True,False,Active Cascade
CAS-0053,DIS-0053,SHP-03132,SHP-03132,,0,Customer Delivery Risk,0,95,103,State Border Checkpoint Hold,True,False,Partially Absorbed
CAS-0053,DIS-0053,SHP-03132,SHP-06338,SHP-03132,1,Cross-Dock Transfer,0,80,85,State Border Checkpoint Hold,False,True,Active Cascade
CAS-0053,DIS-0053,SHP-03132,SHP-06338,SHP-03132,1,Departure Delay,0,80,85,State Border Checkpoint Hold,False,True,Active Cascade
CAS-0053,DIS-0053,SHP-03132,SHP-06338,SHP-03132,1,Customer Delivery Risk,0,80,85,State Border Checkpoint Hold,False,True,Partially Absorbed
CAS-0053,DIS-0053,SHP-03132,SHP-06571,SHP-03132,1,Cross-Dock Transfer,0,83,79,State Border Checkpoint Hold,False,True,Active Cascade
CAS-0053,DIS-0053,SHP-03132,SHP-06571,SHP-03132,1,Departure Delay,0,83,79,State Border Checkpoint Hold,False,True,Active Cascade
CAS-0053,DIS-0053,SHP-03132,SHP-06571,SHP-03132,1,Customer Delivery Risk,0,83,79,State Border Checkpoint Hold,False,True,Partially Absorbed
CAS-0054,DIS-0054,SHP-01247,SHP-01247,,0,Root Disruption,254,0,254,Severe Weather,True,False,Active Cascade
CAS-0054,DIS-0054,SHP-01247,SHP-01247,,0,Dispatch Delay,0,254,254,Severe Weather,True,False,Active Cascade
CAS-0054,DIS-0054,SHP-01247,SHP-01247,,0,Customer Delivery Risk,0,254,254,Severe Weather,True,False,Severe Delay Breached
CAS-0054,DIS-0054,SHP-01247,SHP-12829,SHP-01247,1,Route Connection,0,20,18,Severe Weather,False,True,Active Cascade
CAS-0054,DIS-0054,SHP-01247,SHP-12829,SHP-01247,1,Departure Delay,0,20,18,Severe Weather,False,True,Active Cascade
CAS-0054,DIS-0054,SHP-01247,SHP-12829,SHP-01247,1,Customer Delivery Risk,0,20,18,Severe Weather,False,True,Partially Absorbed
CAS-0055,DIS-0055,SHP-05644,SHP-05644,,0,Root Disruption,68,0,63,Equipment Failure,True,False,Active Cascade
CAS-0055,DIS-0055,SHP-05644,SHP-05644,,0,Dispatch Delay,0,68,63,Equipment Failure,True,False,Active Cascade
CAS-0055,DIS-0055,SHP-05644,SHP-05644,,0,Customer Delivery Risk,0,68,63,Equipment Failure,True,False,Partially Absorbed
CAS-0055,DIS-0055,SHP-05644,SHP-05858,SHP-05644,1,Waiting for Inbound Shipment,0,20,16,Equipment Failure,False,True,Active Cascade
CAS-0055,DIS-0055,SHP-05644,SHP-05858,SHP-05644,1,Departure Delay,0,20,16,Equipment Failure,False,True,Active Cascade
CAS-0055,DIS-0055,SHP-05644,SHP-05858,SHP-05644,1,Customer Delivery Risk,0,20,16,Equipment Failure,False,True,Partially Absorbed
CAS-0055,DIS-0055,SHP-05644,SHP-00235,SHP-05858,2,Warehouse Transfer,0,16,19,Equipment Failure,False,True,Active Cascade
CAS-0055,DIS-0055,SHP-05644,SHP-00235,SHP-05858,2,Departure Delay,0,16,19,Equipment Failure,False,True,Active Cascade
CAS-0055,DIS-0055,SHP-05644,SHP-00235,SHP-05858,2,Customer Delivery Risk,0,16,19,Equipment Failure,False,True,Partially Absorbed
CAS-0056,DIS-0056,SHP-02025,SHP-02025,,0,Root Disruption,192,0,189,Vehicle Breakdown,True,False,Active Cascade
CAS-0056,DIS-0056,SHP-02025,SHP-02025,,0,Dispatch Delay,0,192,189,Vehicle Breakdown,True,False,Active Cascade
CAS-0056,DIS-0056,SHP-02025,SHP-02025,,0,Customer Delivery Risk,0,192,189,Vehicle Breakdown,True,False,Severe Delay Breached
CAS-0056,DIS-0056,SHP-02025,SHP-01758,SHP-02025,1,Waiting for Inbound Shipment,0,112,119,Vehicle Breakdown,False,True,Active Cascade
CAS-0056,DIS-0056,SHP-02025,SHP-01758,SHP-02025,1,Departure Delay,0,112,119,Vehicle Breakdown,False,True,Active Cascade
CAS-0056,DIS-0056,SHP-02025,SHP-01758,SHP-02025,1,Customer Delivery Risk,0,112,119,Vehicle Breakdown,False,True,Partially Absorbed
CAS-0056,DIS-0056,SHP-02025,SHP-05836,SHP-01758,2,Warehouse Transfer,0,56,51,Vehicle Breakdown,False,True,Active Cascade
CAS-0056,DIS-0056,SHP-02025,SHP-05836,SHP-01758,2,Departure Delay,0,56,51,Vehicle Breakdown,False,True,Active Cascade
CAS-0056,DIS-0056,SHP-02025,SHP-05836,SHP-01758,2,Customer Delivery Risk,0,56,51,Vehicle Breakdown,False,True,Partially Absorbed
CAS-0057,DIS-0057,SHP-09365,SHP-09365,,0,Root Disruption,168,0,174,Labor Shortage,True,False,Active Cascade
CAS-0057,DIS-0057,SHP-09365,SHP-09365,,0,Dispatch Delay,0,168,174,Labor Shortage,True,False,Active Cascade
CAS-0057,DIS-0057,SHP-09365,SHP-09365,,0,Customer Delivery Risk,0,168,174,Labor Shortage,True,False,Severe Delay Breached
CAS-0057,DIS-0057,SHP-09365,SHP-12869,SHP-09365,1,Waiting for Inbound Shipment,0,20,29,Labor Shortage,False,True,Active Cascade
CAS-0057,DIS-0057,SHP-09365,SHP-12869,SHP-09365,1,Departure Delay,0,20,29,Labor Shortage,False,True,Active Cascade
CAS-0057,DIS-0057,SHP-09365,SHP-12869,SHP-09365,1,Customer Delivery Risk,0,20,29,Labor Shortage,False,True,Partially Absorbed
CAS-0057,DIS-0057,SHP-09365,SHP-12748,SHP-12869,2,Warehouse Transfer,0,16,17,Labor Shortage,False,True,Active Cascade
CAS-0057,DIS-0057,SHP-09365,SHP-12748,SHP-12869,2,Departure Delay,0,16,17,Labor Shortage,False,True,Active Cascade
CAS-0057,DIS-0057,SHP-09365,SHP-12748,SHP-12869,2,Customer Delivery Risk,0,16,17,Labor Shortage,False,True,Partially Absorbed
CAS-0058,DIS-0058,SHP-09206,SHP-09206,,0,Root Disruption,119,0,124,Equipment Failure,True,False,Active Cascade
CAS-0058,DIS-0058,SHP-09206,SHP-09206,,0,Dispatch Delay,0,119,124,Equipment Failure,True,False,Active Cascade
CAS-0058,DIS-0058,SHP-09206,SHP-09206,,0,Customer Delivery Risk,0,119,124,Equipment Failure,True,False,Severe Delay Breached
CAS-0058,DIS-0058,SHP-09206,SHP-01720,SHP-09206,1,Shared Vehicle Turnaround,0,105,110,Vehicle Breakdown,False,True,Active Cascade
CAS-0058,DIS-0058,SHP-09206,SHP-01720,SHP-09206,1,Departure Delay,0,105,110,Vehicle Breakdown,False,True,Active Cascade
CAS-0058,DIS-0058,SHP-09206,SHP-01720,SHP-09206,1,Customer Delivery Risk,0,105,110,Vehicle Breakdown,False,True,Partially Absorbed
CAS-0059,DIS-0059,SHP-00993,SHP-00993,,0,Root Disruption,205,0,204,Warehouse Congestion,True,False,Active Cascade
CAS-0059,DIS-0059,SHP-00993,SHP-00993,,0,Dispatch Delay,0,205,204,Warehouse Congestion,True,False,Active Cascade
CAS-0059,DIS-0059,SHP-00993,SHP-00993,,0,Customer Delivery Risk,0,205,204,Warehouse Congestion,True,False,Severe Delay Breached
CAS-0059,DIS-0059,SHP-00993,SHP-04366,SHP-00993,1,Waiting for Inbound Shipment,0,154,154,Warehouse Congestion,False,True,Active Cascade
CAS-0059,DIS-0059,SHP-00993,SHP-04366,SHP-00993,1,Departure Delay,0,154,154,Warehouse Congestion,False,True,Active Cascade
CAS-0059,DIS-0059,SHP-00993,SHP-04366,SHP-00993,1,Customer Delivery Risk,0,154,154,Warehouse Congestion,False,True,Severe Delay Breached
CAS-0059,DIS-0059,SHP-00993,SHP-03037,SHP-04366,2,Warehouse Transfer,0,16,14,Warehouse Congestion,False,True,Active Cascade
CAS-0059,DIS-0059,SHP-00993,SHP-03037,SHP-04366,2,Departure Delay,0,16,14,Warehouse Congestion,False,True,Active Cascade
CAS-0059,DIS-0059,SHP-00993,SHP-03037,SHP-04366,2,Customer Delivery Risk,0,16,14,Warehouse Congestion,False,True,Partially Absorbed
CAS-0060,DIS-0060,SHP-05625,SHP-05625,,0,Root Disruption,182,0,190,Warehouse Congestion,True,False,Active Cascade
CAS-0060,DIS-0060,SHP-05625,SHP-05625,,0,Dispatch Delay,0,182,190,Warehouse Congestion,True,False,Active Cascade
CAS-0060,DIS-0060,SHP-05625,SHP-05625,,0,Customer Delivery Risk,0,182,190,Warehouse Congestion,True,False,Severe Delay Breached
CAS-0060,DIS-0060,SHP-05625,SHP-02840,SHP-05625,1,Cross-Dock Transfer,0,16,16,Warehouse Congestion,False,True,Active Cascade
CAS-0060,DIS-0060,SHP-05625,SHP-02840,SHP-05625,1,Departure Delay,0,16,16,Warehouse Congestion,False,True,Active Cascade
CAS-0060,DIS-0060,SHP-05625,SHP-02840,SHP-05625,1,Customer Delivery Risk,0,16,16,Warehouse Congestion,False,True,Partially Absorbed
CAS-0061,DIS-0061,SHP-06767,SHP-06767,,0,Root Disruption,189,0,186,Vehicle Breakdown,True,False,Active Cascade
CAS-0061,DIS-0061,SHP-06767,SHP-06767,,0,Dispatch Delay,0,189,186,Vehicle Breakdown,True,False,Active Cascade
CAS-0061,DIS-0061,SHP-06767,SHP-06767,,0,Customer Delivery Risk,0,189,186,Vehicle Breakdown,True,False,Severe Delay Breached
CAS-0061,DIS-0061,SHP-06767,SHP-06709,SHP-06767,1,Waiting for Inbound Shipment,0,156,159,Vehicle Breakdown,False,True,Active Cascade
CAS-0061,DIS-0061,SHP-06767,SHP-06709,SHP-06767,1,Departure Delay,0,156,159,Vehicle Breakdown,False,True,Active Cascade
CAS-0061,DIS-0061,SHP-06767,SHP-06709,SHP-06767,1,Customer Delivery Risk,0,156,159,Vehicle Breakdown,False,True,Severe Delay Breached
CAS-0061,DIS-0061,SHP-06767,SHP-10653,SHP-06709,2,Warehouse Transfer,0,121,122,Vehicle Breakdown,False,True,Active Cascade
CAS-0061,DIS-0061,SHP-06767,SHP-10653,SHP-06709,2,Departure Delay,0,121,122,Vehicle Breakdown,False,True,Active Cascade
CAS-0061,DIS-0061,SHP-06767,SHP-10653,SHP-06709,2,Customer Delivery Risk,0,121,122,Vehicle Breakdown,False,True,Severe Delay Breached
CAS-0062,DIS-0062,SHP-01801,SHP-01801,,0,Root Disruption,135,0,137,Equipment Failure,True,False,Active Cascade
CAS-0062,DIS-0062,SHP-01801,SHP-01801,,0,Dispatch Delay,0,135,137,Equipment Failure,True,False,Active Cascade
CAS-0062,DIS-0062,SHP-01801,SHP-01801,,0,Customer Delivery Risk,0,135,137,Equipment Failure,True,False,Severe Delay Breached
CAS-0062,DIS-0062,SHP-01801,SHP-08018,SHP-01801,1,Warehouse Congestion Transfer,77,0,86,Warehouse Congestion,False,True,Active Cascade
CAS-0062,DIS-0062,SHP-01801,SHP-08018,SHP-01801,1,Departure Delay,0,0,86,Warehouse Congestion,False,True,Active Cascade
CAS-0062,DIS-0062,SHP-01801,SHP-08018,SHP-01801,1,Customer Delivery Risk,0,0,86,Warehouse Congestion,False,True,Partially Absorbed
CAS-0062,DIS-0062,SHP-01801,SHP-06325,SHP-01801,1,Warehouse Congestion Transfer,66,0,74,Warehouse Congestion,False,True,Active Cascade
CAS-0062,DIS-0062,SHP-01801,SHP-06325,SHP-01801,1,Departure Delay,0,0,74,Warehouse Congestion,False,True,Active Cascade
CAS-0062,DIS-0062,SHP-01801,SHP-06325,SHP-01801,1,Customer Delivery Risk,0,0,74,Warehouse Congestion,False,True,Partially Absorbed
CAS-0062,DIS-0062,SHP-01801,SHP-11167,SHP-01801,1,Warehouse Congestion Transfer,106,0,114,Warehouse Congestion,False,True,Active Cascade
CAS-0062,DIS-0062,SHP-01801,SHP-11167,SHP-01801,1,Departure Delay,0,0,114,Warehouse Congestion,False,True,Active Cascade
CAS-0062,DIS-0062,SHP-01801,SHP-11167,SHP-01801,1,Customer Delivery Risk,0,0,114,Warehouse Congestion,False,True,Partially Absorbed
CAS-0063,DIS-0063,SHP-07387,SHP-07387,,0,Root Disruption,143,0,152,Road Closure,True,False,Active Cascade
CAS-0063,DIS-0063,SHP-07387,SHP-07387,,0,Dispatch Delay,0,143,152,Road Closure,True,False,Active Cascade
CAS-0063,DIS-0063,SHP-07387,SHP-07387,,0,Customer Delivery Risk,0,143,152,Road Closure,True,False,Severe Delay Breached
CAS-0063,DIS-0063,SHP-07387,SHP-01827,SHP-07387,1,Warehouse Congestion Transfer,120,0,124,Warehouse Congestion,False,True,Active Cascade
CAS-0063,DIS-0063,SHP-07387,SHP-01827,SHP-07387,1,Departure Delay,0,0,124,Warehouse Congestion,False,True,Active Cascade
CAS-0063,DIS-0063,SHP-07387,SHP-01827,SHP-07387,1,Customer Delivery Risk,0,0,124,Warehouse Congestion,False,True,Severe Delay Breached
CAS-0064,DIS-0064,SHP-03316,SHP-03316,,0,Root Disruption,108,0,111,Severe Weather,True,False,Active Cascade
CAS-0064,DIS-0064,SHP-03316,SHP-03316,,0,Dispatch Delay,0,108,111,Severe Weather,True,False,Active Cascade
CAS-0064,DIS-0064,SHP-03316,SHP-03316,,0,Customer Delivery Risk,0,108,111,Severe Weather,True,False,Partially Absorbed
CAS-0064,DIS-0064,SHP-03316,SHP-01326,SHP-03316,1,Shared Vehicle Turnaround,0,20,19,Vehicle Breakdown,False,True,Active Cascade
CAS-0064,DIS-0064,SHP-03316,SHP-01326,SHP-03316,1,Departure Delay,0,20,19,Vehicle Breakdown,False,True,Active Cascade
CAS-0064,DIS-0064,SHP-03316,SHP-01326,SHP-03316,1,Customer Delivery Risk,0,20,19,Vehicle Breakdown,False,True,Partially Absorbed
CAS-0065,DIS-0065,SHP-02398,SHP-02398,,0,Root Disruption,97,0,104,Labor Shortage,True,False,Active Cascade
CAS-0065,DIS-0065,SHP-02398,SHP-02398,,0,Dispatch Delay,0,97,104,Labor Shortage,True,False,Active Cascade
CAS-0065,DIS-0065,SHP-02398,SHP-02398,,0,Customer Delivery Risk,0,97,104,Labor Shortage,True,False,Partially Absorbed
CAS-0065,DIS-0065,SHP-02398,SHP-09164,SHP-02398,1,Warehouse Congestion Transfer,67,0,76,Warehouse Congestion,False,True,Active Cascade
CAS-0065,DIS-0065,SHP-02398,SHP-09164,SHP-02398,1,Departure Delay,0,0,76,Warehouse Congestion,False,True,Active Cascade
CAS-0065,DIS-0065,SHP-02398,SHP-09164,SHP-02398,1,Customer Delivery Risk,0,0,76,Warehouse Congestion,False,True,Partially Absorbed
CAS-0065,DIS-0065,SHP-02398,SHP-12029,SHP-02398,1,Warehouse Congestion Transfer,81,0,85,Warehouse Congestion,False,True,Active Cascade
CAS-0065,DIS-0065,SHP-02398,SHP-12029,SHP-02398,1,Departure Delay,0,0,85,Warehouse Congestion,False,True,Active Cascade
CAS-0065,DIS-0065,SHP-02398,SHP-12029,SHP-02398,1,Customer Delivery Risk,0,0,85,Warehouse Congestion,False,True,Partially Absorbed
CAS-0065,DIS-0065,SHP-02398,SHP-03907,SHP-02398,1,Warehouse Congestion Transfer,55,0,55,Warehouse Congestion,False,True,Active Cascade
CAS-0065,DIS-0065,SHP-02398,SHP-03907,SHP-02398,1,Departure Delay,0,0,55,Warehouse Congestion,False,True,Active Cascade
CAS-0065,DIS-0065,SHP-02398,SHP-03907,SHP-02398,1,Customer Delivery Risk,0,0,55,Warehouse Congestion,False,True,Partially Absorbed
CAS-0065,DIS-0065,SHP-02398,SHP-05076,SHP-02398,1,Warehouse Congestion Transfer,76,0,71,Warehouse Congestion,False,True,Active Cascade
CAS-0065,DIS-0065,SHP-02398,SHP-05076,SHP-02398,1,Departure Delay,0,0,71,Warehouse Congestion,False,True,Active Cascade
CAS-0065,DIS-0065,SHP-02398,SHP-05076,SHP-02398,1,Customer Delivery Risk,0,0,71,Warehouse Congestion,False,True,Partially Absorbed
CAS-0066,DIS-0066,SHP-13906,SHP-13906,,0,Root Disruption,72,0,77,Labor Shortage,True,False,Active Cascade
CAS-0066,DIS-0066,SHP-13906,SHP-13906,,0,Dispatch Delay,0,72,77,Labor Shortage,True,False,Active Cascade
CAS-0066,DIS-0066,SHP-13906,SHP-13906,,0,Customer Delivery Risk,0,72,77,Labor Shortage,True,False,Partially Absorbed
CAS-0066,DIS-0066,SHP-13906,SHP-06481,SHP-13906,1,Waiting for Inbound Shipment,0,20,28,Labor Shortage,False,True,Active Cascade
CAS-0066,DIS-0066,SHP-13906,SHP-06481,SHP-13906,1,Departure Delay,0,20,28,Labor Shortage,False,True,Active Cascade
CAS-0066,DIS-0066,SHP-13906,SHP-06481,SHP-13906,1,Customer Delivery Risk,0,20,28,Labor Shortage,False,True,Partially Absorbed
CAS-0066,DIS-0066,SHP-13906,SHP-12078,SHP-06481,2,Warehouse Transfer,0,16,11,Labor Shortage,False,True,Active Cascade
CAS-0066,DIS-0066,SHP-13906,SHP-12078,SHP-06481,2,Departure Delay,0,16,11,Labor Shortage,False,True,Active Cascade
CAS-0066,DIS-0066,SHP-13906,SHP-12078,SHP-06481,2,Customer Delivery Risk,0,16,11,Labor Shortage,False,True,Partially Absorbed
CAS-0067,DIS-0067,SHP-11551,SHP-11551,,0,Root Disruption,179,0,180,Equipment Failure,True,False,Active Cascade
CAS-0067,DIS-0067,SHP-11551,SHP-11551,,0,Dispatch Delay,0,179,180,Equipment Failure,True,False,Active Cascade
CAS-0067,DIS-0067,SHP-11551,SHP-11551,,0,Customer Delivery Risk,0,179,180,Equipment Failure,True,False,Severe Delay Breached
CAS-0067,DIS-0067,SHP-11551,SHP-08269,SHP-11551,1,Cross-Dock Transfer,0,16,26,Equipment Failure,False,True,Active Cascade
CAS-0067,DIS-0067,SHP-11551,SHP-08269,SHP-11551,1,Departure Delay,0,16,26,Equipment Failure,False,True,Active Cascade
CAS-0067,DIS-0067,SHP-11551,SHP-08269,SHP-11551,1,Customer Delivery Risk,0,16,26,Equipment Failure,False,True,Partially Absorbed
CAS-0067,DIS-0067,SHP-11551,SHP-04564,SHP-11551,1,Cross-Dock Transfer,0,16,11,Equipment Failure,False,True,Active Cascade
CAS-0067,DIS-0067,SHP-11551,SHP-04564,SHP-11551,1,Departure Delay,0,16,11,Equipment Failure,False,True,Active Cascade
CAS-0067,DIS-0067,SHP-11551,SHP-04564,SHP-11551,1,Customer Delivery Risk,0,16,11,Equipment Failure,False,True,Partially Absorbed
CAS-0067,DIS-0067,SHP-11551,SHP-06034,SHP-11551,1,Cross-Dock Transfer,0,16,12,Equipment Failure,False,True,Active Cascade
CAS-0067,DIS-0067,SHP-11551,SHP-06034,SHP-11551,1,Departure Delay,0,16,12,Equipment Failure,False,True,Active Cascade
CAS-0067,DIS-0067,SHP-11551,SHP-06034,SHP-11551,1,Customer Delivery Risk,0,16,12,Equipment Failure,False,True,Partially Absorbed
CAS-0068,DIS-0068,SHP-01084,SHP-01084,,0,Root Disruption,120,0,130,Warehouse Congestion,True,False,Active Cascade
CAS-0068,DIS-0068,SHP-01084,SHP-01084,,0,Dispatch Delay,0,120,130,Warehouse Congestion,True,False,Active Cascade
CAS-0068,DIS-0068,SHP-01084,SHP-01084,,0,Customer Delivery Risk,0,120,130,Warehouse Congestion,True,False,Severe Delay Breached
CAS-0068,DIS-0068,SHP-01084,SHP-07605,SHP-01084,1,Waiting for Inbound Shipment,0,20,17,Warehouse Congestion,False,True,Active Cascade
CAS-0068,DIS-0068,SHP-01084,SHP-07605,SHP-01084,1,Departure Delay,0,20,17,Warehouse Congestion,False,True,Active Cascade
CAS-0068,DIS-0068,SHP-01084,SHP-07605,SHP-01084,1,Customer Delivery Risk,0,20,17,Warehouse Congestion,False,True,Partially Absorbed
CAS-0068,DIS-0068,SHP-01084,SHP-00298,SHP-07605,2,Warehouse Transfer,0,16,15,Warehouse Congestion,False,True,Active Cascade
CAS-0068,DIS-0068,SHP-01084,SHP-00298,SHP-07605,2,Departure Delay,0,16,15,Warehouse Congestion,False,True,Active Cascade
CAS-0068,DIS-0068,SHP-01084,SHP-00298,SHP-07605,2,Customer Delivery Risk,0,16,15,Warehouse Congestion,False,True,Partially Absorbed
CAS-0069,DIS-0069,SHP-07671,SHP-07671,,0,Root Disruption,99,0,98,State Border Checkpoint Hold,True,False,Active Cascade
CAS-0069,DIS-0069,SHP-07671,SHP-07671,,0,Dispatch Delay,0,99,98,State Border Checkpoint Hold,True,False,Active Cascade
CAS-0069,DIS-0069,SHP-07671,SHP-07671,,0,Customer Delivery Risk,0,99,98,State Border Checkpoint Hold,True,False,Partially Absorbed
CAS-0069,DIS-0069,SHP-07671,SHP-01513,SHP-07671,1,Shared Vehicle Turnaround,0,20,16,Vehicle Breakdown,False,True,Active Cascade
CAS-0069,DIS-0069,SHP-07671,SHP-01513,SHP-07671,1,Departure Delay,0,20,16,Vehicle Breakdown,False,True,Active Cascade
CAS-0069,DIS-0069,SHP-07671,SHP-01513,SHP-07671,1,Customer Delivery Risk,0,20,16,Vehicle Breakdown,False,True,Partially Absorbed
CAS-0070,DIS-0070,SHP-00448,SHP-00448,,0,Root Disruption,192,0,200,Road Closure,True,False,Active Cascade
CAS-0070,DIS-0070,SHP-00448,SHP-00448,,0,Dispatch Delay,0,192,200,Road Closure,True,False,Active Cascade
CAS-0070,DIS-0070,SHP-00448,SHP-00448,,0,Customer Delivery Risk,0,192,200,Road Closure,True,False,Severe Delay Breached
CAS-0070,DIS-0070,SHP-00448,SHP-13943,SHP-00448,1,Route Connection,0,20,27,Road Closure,False,True,Active Cascade
CAS-0070,DIS-0070,SHP-00448,SHP-13943,SHP-00448,1,Departure Delay,0,20,27,Road Closure,False,True,Active Cascade
CAS-0070,DIS-0070,SHP-00448,SHP-13943,SHP-00448,1,Customer Delivery Risk,0,20,27,Road Closure,False,True,Partially Absorbed
CAS-0071,DIS-0071,SHP-07008,SHP-07008,,0,Root Disruption,189,0,190,Road Closure,True,False,Active Cascade
CAS-0071,DIS-0071,SHP-07008,SHP-07008,,0,Dispatch Delay,0,189,190,Road Closure,True,False,Active Cascade
CAS-0071,DIS-0071,SHP-07008,SHP-07008,,0,Customer Delivery Risk,0,189,190,Road Closure,True,False,Severe Delay Breached
CAS-0071,DIS-0071,SHP-07008,SHP-00513,SHP-07008,1,Warehouse Congestion Transfer,139,0,139,Warehouse Congestion,False,True,Active Cascade
CAS-0071,DIS-0071,SHP-07008,SHP-00513,SHP-07008,1,Departure Delay,0,0,139,Warehouse Congestion,False,True,Active Cascade
CAS-0071,DIS-0071,SHP-07008,SHP-00513,SHP-07008,1,Customer Delivery Risk,0,0,139,Warehouse Congestion,False,True,Severe Delay Breached
CAS-0071,DIS-0071,SHP-07008,SHP-12550,SHP-07008,1,Warehouse Congestion Transfer,131,0,127,Warehouse Congestion,False,True,Active Cascade
CAS-0071,DIS-0071,SHP-07008,SHP-12550,SHP-07008,1,Departure Delay,0,0,127,Warehouse Congestion,False,True,Active Cascade
CAS-0071,DIS-0071,SHP-07008,SHP-12550,SHP-07008,1,Customer Delivery Risk,0,0,127,Warehouse Congestion,False,True,Severe Delay Breached
CAS-0071,DIS-0071,SHP-07008,SHP-08577,SHP-07008,1,Warehouse Congestion Transfer,61,0,68,Warehouse Congestion,False,True,Active Cascade
CAS-0071,DIS-0071,SHP-07008,SHP-08577,SHP-07008,1,Departure Delay,0,0,68,Warehouse Congestion,False,True,Active Cascade
CAS-0071,DIS-0071,SHP-07008,SHP-08577,SHP-07008,1,Customer Delivery Risk,0,0,68,Warehouse Congestion,False,True,Partially Absorbed
CAS-0072,DIS-0072,SHP-01954,SHP-01954,,0,Root Disruption,151,0,160,Road Closure,True,False,Active Cascade
CAS-0072,DIS-0072,SHP-01954,SHP-01954,,0,Dispatch Delay,0,151,160,Road Closure,True,False,Active Cascade
CAS-0072,DIS-0072,SHP-01954,SHP-01954,,0,Customer Delivery Risk,0,151,160,Road Closure,True,False,Severe Delay Breached
CAS-0072,DIS-0072,SHP-01954,SHP-12063,SHP-01954,1,Cross-Dock Transfer,0,16,15,Road Closure,False,True,Active Cascade
CAS-0072,DIS-0072,SHP-01954,SHP-12063,SHP-01954,1,Departure Delay,0,16,15,Road Closure,False,True,Active Cascade
CAS-0072,DIS-0072,SHP-01954,SHP-12063,SHP-01954,1,Customer Delivery Risk,0,16,15,Road Closure,False,True,Partially Absorbed
CAS-0072,DIS-0072,SHP-01954,SHP-00045,SHP-01954,1,Cross-Dock Transfer,0,16,12,Road Closure,False,True,Active Cascade
CAS-0072,DIS-0072,SHP-01954,SHP-00045,SHP-01954,1,Departure Delay,0,16,12,Road Closure,False,True,Active Cascade
CAS-0072,DIS-0072,SHP-01954,SHP-00045,SHP-01954,1,Customer Delivery Risk,0,16,12,Road Closure,False,True,Partially Absorbed
CAS-0073,DIS-0073,SHP-04798,SHP-04798,,0,Root Disruption,178,0,184,Road Closure,True,False,Active Cascade
CAS-0073,DIS-0073,SHP-04798,SHP-04798,,0,Dispatch Delay,0,178,184,Road Closure,True,False,Active Cascade
CAS-0073,DIS-0073,SHP-04798,SHP-04798,,0,Customer Delivery Risk,0,178,184,Road Closure,True,False,Severe Delay Breached
CAS-0073,DIS-0073,SHP-04798,SHP-07091,SHP-04798,1,Route Connection,0,20,16,Road Closure,False,True,Active Cascade
CAS-0073,DIS-0073,SHP-04798,SHP-07091,SHP-04798,1,Departure Delay,0,20,16,Road Closure,False,True,Active Cascade
CAS-0073,DIS-0073,SHP-04798,SHP-07091,SHP-04798,1,Customer Delivery Risk,0,20,16,Road Closure,False,True,Partially Absorbed
CAS-0073,DIS-0073,SHP-04798,SHP-02124,SHP-07091,2,Warehouse Transfer,0,16,25,Road Closure,False,True,Active Cascade
CAS-0073,DIS-0073,SHP-04798,SHP-02124,SHP-07091,2,Departure Delay,0,16,25,Road Closure,False,True,Active Cascade
CAS-0073,DIS-0073,SHP-04798,SHP-02124,SHP-07091,2,Customer Delivery Risk,0,16,25,Road Closure,False,True,Partially Absorbed
CAS-0073,DIS-0073,SHP-04798,SHP-11713,SHP-02124,3,Route Connection,0,16,12,Road Closure,False,True,Active Cascade
CAS-0073,DIS-0073,SHP-04798,SHP-11713,SHP-02124,3,Departure Delay,0,16,12,Road Closure,False,True,Active Cascade
CAS-0073,DIS-0073,SHP-04798,SHP-11713,SHP-02124,3,Customer Delivery Risk,0,16,12,Road Closure,False,True,Partially Absorbed
CAS-0073,DIS-0073,SHP-04798,SHP-02205,SHP-07091,2,Warehouse Transfer,0,16,26,Road Closure,False,True,Active Cascade
CAS-0073,DIS-0073,SHP-04798,SHP-02205,SHP-07091,2,Departure Delay,0,16,26,Road Closure,False,True,Active Cascade
CAS-0073,DIS-0073,SHP-04798,SHP-02205,SHP-07091,2,Customer Delivery Risk,0,16,26,Road Closure,False,True,Partially Absorbed
CAS-0074,DIS-0074,SHP-05263,SHP-05263,,0,Root Disruption,202,0,199,Road Closure,True,False,Active Cascade
CAS-0074,DIS-0074,SHP-05263,SHP-05263,,0,Dispatch Delay,0,202,199,Road Closure,True,False,Active Cascade
CAS-0074,DIS-0074,SHP-05263,SHP-05263,,0,Customer Delivery Risk,0,202,199,Road Closure,True,False,Severe Delay Breached
CAS-0074,DIS-0074,SHP-05263,SHP-01254,SHP-05263,1,Waiting for Inbound Shipment,0,142,142,Road Closure,False,True,Active Cascade
CAS-0074,DIS-0074,SHP-05263,SHP-01254,SHP-05263,1,Departure Delay,0,142,142,Road Closure,False,True,Active Cascade
CAS-0074,DIS-0074,SHP-05263,SHP-01254,SHP-05263,1,Customer Delivery Risk,0,142,142,Road Closure,False,True,Severe Delay Breached
CAS-0074,DIS-0074,SHP-05263,SHP-02421,SHP-01254,2,Warehouse Transfer,0,114,116,Road Closure,False,True,Active Cascade
CAS-0074,DIS-0074,SHP-05263,SHP-02421,SHP-01254,2,Departure Delay,0,114,116,Road Closure,False,True,Active Cascade
CAS-0074,DIS-0074,SHP-05263,SHP-02421,SHP-01254,2,Customer Delivery Risk,0,114,116,Road Closure,False,True,Partially Absorbed
CAS-0075,DIS-0075,SHP-11987,SHP-11987,,0,Root Disruption,176,0,174,Equipment Failure,True,False,Active Cascade
CAS-0075,DIS-0075,SHP-11987,SHP-11987,,0,Dispatch Delay,0,176,174,Equipment Failure,True,False,Active Cascade
CAS-0075,DIS-0075,SHP-11987,SHP-11987,,0,Customer Delivery Risk,0,176,174,Equipment Failure,True,False,Severe Delay Breached
CAS-0075,DIS-0075,SHP-11987,SHP-02566,SHP-11987,1,Shared Vehicle Turnaround,0,20,28,Vehicle Breakdown,False,True,Active Cascade
CAS-0075,DIS-0075,SHP-11987,SHP-02566,SHP-11987,1,Departure Delay,0,20,28,Vehicle Breakdown,False,True,Active Cascade
CAS-0075,DIS-0075,SHP-11987,SHP-02566,SHP-11987,1,Customer Delivery Risk,0,20,28,Vehicle Breakdown,False,True,Partially Absorbed
CAS-0076,DIS-0076,SHP-06210,SHP-06210,,0,Root Disruption,178,0,183,Equipment Failure,True,False,Active Cascade
CAS-0076,DIS-0076,SHP-06210,SHP-06210,,0,Dispatch Delay,0,178,183,Equipment Failure,True,False,Active Cascade
CAS-0076,DIS-0076,SHP-06210,SHP-06210,,0,Customer Delivery Risk,0,178,183,Equipment Failure,True,False,Severe Delay Breached
CAS-0076,DIS-0076,SHP-06210,SHP-06404,SHP-06210,1,Cross-Dock Transfer,0,16,22,Equipment Failure,False,True,Active Cascade
CAS-0076,DIS-0076,SHP-06210,SHP-06404,SHP-06210,1,Departure Delay,0,16,22,Equipment Failure,False,True,Active Cascade
CAS-0076,DIS-0076,SHP-06210,SHP-06404,SHP-06210,1,Customer Delivery Risk,0,16,22,Equipment Failure,False,True,Partially Absorbed
CAS-0076,DIS-0076,SHP-06210,SHP-11100,SHP-06210,1,Cross-Dock Transfer,0,17,22,Equipment Failure,False,True,Active Cascade
CAS-0076,DIS-0076,SHP-06210,SHP-11100,SHP-06210,1,Departure Delay,0,17,22,Equipment Failure,False,True,Active Cascade
CAS-0076,DIS-0076,SHP-06210,SHP-11100,SHP-06210,1,Customer Delivery Risk,0,17,22,Equipment Failure,False,True,Partially Absorbed
CAS-0076,DIS-0076,SHP-06210,SHP-00263,SHP-06210,1,Cross-Dock Transfer,0,16,13,Equipment Failure,False,True,Active Cascade
CAS-0076,DIS-0076,SHP-06210,SHP-00263,SHP-06210,1,Departure Delay,0,16,13,Equipment Failure,False,True,Active Cascade
CAS-0076,DIS-0076,SHP-06210,SHP-00263,SHP-06210,1,Customer Delivery Risk,0,16,13,Equipment Failure,False,True,Partially Absorbed
CAS-0077,DIS-0077,SHP-04670,SHP-04670,,0,Root Disruption,128,0,136,Vehicle Breakdown,True,False,Active Cascade
CAS-0077,DIS-0077,SHP-04670,SHP-04670,,0,Dispatch Delay,0,128,136,Vehicle Breakdown,True,False,Active Cascade
CAS-0077,DIS-0077,SHP-04670,SHP-04670,,0,Customer Delivery Risk,0,128,136,Vehicle Breakdown,True,False,Severe Delay Breached
CAS-0077,DIS-0077,SHP-04670,SHP-03457,SHP-04670,1,Shared Vehicle Turnaround,0,20,28,Vehicle Breakdown,False,True,Active Cascade
CAS-0077,DIS-0077,SHP-04670,SHP-03457,SHP-04670,1,Departure Delay,0,20,28,Vehicle Breakdown,False,True,Active Cascade
CAS-0077,DIS-0077,SHP-04670,SHP-03457,SHP-04670,1,Customer Delivery Risk,0,20,28,Vehicle Breakdown,False,True,Partially Absorbed
CAS-0078,DIS-0078,SHP-05260,SHP-05260,,0,Root Disruption,91,0,91,Severe Weather,True,False,Active Cascade
CAS-0078,DIS-0078,SHP-05260,SHP-05260,,0,Dispatch Delay,0,91,91,Severe Weather,True,False,Active Cascade
CAS-0078,DIS-0078,SHP-05260,SHP-05260,,0,Customer Delivery Risk,0,91,91,Severe Weather,True,False,Partially Absorbed
CAS-0078,DIS-0078,SHP-05260,SHP-04382,SHP-05260,1,Route Connection,0,20,17,Severe Weather,False,True,Active Cascade
CAS-0078,DIS-0078,SHP-05260,SHP-04382,SHP-05260,1,Departure Delay,0,20,17,Severe Weather,False,True,Active Cascade
CAS-0078,DIS-0078,SHP-05260,SHP-04382,SHP-05260,1,Customer Delivery Risk,0,20,17,Severe Weather,False,True,Partially Absorbed
CAS-0079,DIS-0079,SHP-09100,SHP-09100,,0,Root Disruption,114,0,123,Equipment Failure,True,False,Active Cascade
CAS-0079,DIS-0079,SHP-09100,SHP-09100,,0,Dispatch Delay,0,114,123,Equipment Failure,True,False,Active Cascade
CAS-0079,DIS-0079,SHP-09100,SHP-09100,,0,Customer Delivery Risk,0,114,123,Equipment Failure,True,False,Severe Delay Breached
CAS-0079,DIS-0079,SHP-09100,SHP-07956,SHP-09100,1,Route Connection,0,20,28,Equipment Failure,False,True,Active Cascade
CAS-0079,DIS-0079,SHP-09100,SHP-07956,SHP-09100,1,Departure Delay,0,20,28,Equipment Failure,False,True,Active Cascade
CAS-0079,DIS-0079,SHP-09100,SHP-07956,SHP-09100,1,Customer Delivery Risk,0,20,28,Equipment Failure,False,True,Partially Absorbed
CAS-0079,DIS-0079,SHP-09100,SHP-11994,SHP-07956,2,Warehouse Transfer,0,16,11,Equipment Failure,False,True,Active Cascade
CAS-0079,DIS-0079,SHP-09100,SHP-11994,SHP-07956,2,Departure Delay,0,16,11,Equipment Failure,False,True,Active Cascade
CAS-0079,DIS-0079,SHP-09100,SHP-11994,SHP-07956,2,Customer Delivery Risk,0,16,11,Equipment Failure,False,True,Partially Absorbed
CAS-0079,DIS-0079,SHP-09100,SHP-08212,SHP-11994,3,Route Connection,0,16,21,Equipment Failure,False,True,Active Cascade
CAS-0079,DIS-0079,SHP-09100,SHP-08212,SHP-11994,3,Departure Delay,0,16,21,Equipment Failure,False,True,Active Cascade
CAS-0079,DIS-0079,SHP-09100,SHP-08212,SHP-11994,3,Customer Delivery Risk,0,16,21,Equipment Failure,False,True,Partially Absorbed
CAS-0080,DIS-0080,SHP-13294,SHP-13294,,0,Root Disruption,93,0,96,Equipment Failure,True,False,Active Cascade
CAS-0080,DIS-0080,SHP-13294,SHP-13294,,0,Dispatch Delay,0,93,96,Equipment Failure,True,False,Active Cascade
CAS-0080,DIS-0080,SHP-13294,SHP-13294,,0,Customer Delivery Risk,0,93,96,Equipment Failure,True,False,Partially Absorbed
CAS-0080,DIS-0080,SHP-13294,SHP-03746,SHP-13294,1,Cross-Dock Transfer,0,72,70,Equipment Failure,False,True,Active Cascade
CAS-0080,DIS-0080,SHP-13294,SHP-03746,SHP-13294,1,Departure Delay,0,72,70,Equipment Failure,False,True,Active Cascade
CAS-0080,DIS-0080,SHP-13294,SHP-03746,SHP-13294,1,Customer Delivery Risk,0,72,70,Equipment Failure,False,True,Partially Absorbed
CAS-0080,DIS-0080,SHP-13294,SHP-04667,SHP-13294,1,Cross-Dock Transfer,0,63,65,Equipment Failure,False,True,Active Cascade
CAS-0080,DIS-0080,SHP-13294,SHP-04667,SHP-13294,1,Departure Delay,0,63,65,Equipment Failure,False,True,Active Cascade
CAS-0080,DIS-0080,SHP-13294,SHP-04667,SHP-13294,1,Customer Delivery Risk,0,63,65,Equipment Failure,False,True,Partially Absorbed
CAS-0081,DIS-0081,SHP-13010,SHP-13010,,0,Root Disruption,67,0,71,State Border Checkpoint Hold,True,False,Active Cascade
CAS-0081,DIS-0081,SHP-13010,SHP-13010,,0,Dispatch Delay,0,67,71,State Border Checkpoint Hold,True,False,Active Cascade
CAS-0081,DIS-0081,SHP-13010,SHP-13010,,0,Customer Delivery Risk,0,67,71,State Border Checkpoint Hold,True,False,Partially Absorbed
CAS-0081,DIS-0081,SHP-13010,SHP-10897,SHP-13010,1,Shared Vehicle Turnaround,0,20,24,Vehicle Breakdown,False,True,Active Cascade
CAS-0081,DIS-0081,SHP-13010,SHP-10897,SHP-13010,1,Departure Delay,0,20,24,Vehicle Breakdown,False,True,Active Cascade
CAS-0081,DIS-0081,SHP-13010,SHP-10897,SHP-13010,1,Customer Delivery Risk,0,20,24,Vehicle Breakdown,False,True,Partially Absorbed
CAS-0082,DIS-0082,SHP-09465,SHP-09465,,0,Root Disruption,212,0,214,Vehicle Breakdown,True,False,Active Cascade
CAS-0082,DIS-0082,SHP-09465,SHP-09465,,0,Dispatch Delay,0,212,214,Vehicle Breakdown,True,False,Active Cascade
CAS-0082,DIS-0082,SHP-09465,SHP-09465,,0,Customer Delivery Risk,0,212,214,Vehicle Breakdown,True,False,Severe Delay Breached
CAS-0082,DIS-0082,SHP-09465,SHP-06748,SHP-09465,1,Route Connection,0,187,190,Vehicle Breakdown,False,True,Active Cascade
CAS-0082,DIS-0082,SHP-09465,SHP-06748,SHP-09465,1,Departure Delay,0,187,190,Vehicle Breakdown,False,True,Active Cascade
CAS-0082,DIS-0082,SHP-09465,SHP-06748,SHP-09465,1,Customer Delivery Risk,0,187,190,Vehicle Breakdown,False,True,Severe Delay Breached
CAS-0083,DIS-0083,SHP-13827,SHP-13827,,0,Root Disruption,85,0,80,State Border Checkpoint Hold,True,False,Active Cascade
CAS-0083,DIS-0083,SHP-13827,SHP-13827,,0,Dispatch Delay,0,85,80,State Border Checkpoint Hold,True,False,Active Cascade
CAS-0083,DIS-0083,SHP-13827,SHP-13827,,0,Customer Delivery Risk,0,85,80,State Border Checkpoint Hold,True,False,Partially Absorbed
CAS-0083,DIS-0083,SHP-13827,SHP-00029,SHP-13827,1,Warehouse Congestion Transfer,48,0,53,Warehouse Congestion,False,True,Active Cascade
CAS-0083,DIS-0083,SHP-13827,SHP-00029,SHP-13827,1,Departure Delay,0,0,53,Warehouse Congestion,False,True,Active Cascade
CAS-0083,DIS-0083,SHP-13827,SHP-00029,SHP-13827,1,Customer Delivery Risk,0,0,53,Warehouse Congestion,False,True,Partially Absorbed
CAS-0083,DIS-0083,SHP-13827,SHP-04448,SHP-13827,1,Warehouse Congestion Transfer,65,0,65,Warehouse Congestion,False,True,Active Cascade
CAS-0083,DIS-0083,SHP-13827,SHP-04448,SHP-13827,1,Departure Delay,0,0,65,Warehouse Congestion,False,True,Active Cascade
CAS-0083,DIS-0083,SHP-13827,SHP-04448,SHP-13827,1,Customer Delivery Risk,0,0,65,Warehouse Congestion,False,True,Partially Absorbed
CAS-0083,DIS-0083,SHP-13827,SHP-11911,SHP-13827,1,Warehouse Congestion Transfer,70,0,74,Warehouse Congestion,False,True,Active Cascade
CAS-0083,DIS-0083,SHP-13827,SHP-11911,SHP-13827,1,Departure Delay,0,0,74,Warehouse Congestion,False,True,Active Cascade
CAS-0083,DIS-0083,SHP-13827,SHP-11911,SHP-13827,1,Customer Delivery Risk,0,0,74,Warehouse Congestion,False,True,Partially Absorbed
CAS-0084,DIS-0084,SHP-02219,SHP-02219,,0,Root Disruption,113,0,118,Road Closure,True,False,Active Cascade
CAS-0084,DIS-0084,SHP-02219,SHP-02219,,0,Dispatch Delay,0,113,118,Road Closure,True,False,Active Cascade
CAS-0084,DIS-0084,SHP-02219,SHP-02219,,0,Customer Delivery Risk,0,113,118,Road Closure,True,False,Partially Absorbed
CAS-0084,DIS-0084,SHP-02219,SHP-10225,SHP-02219,1,Warehouse Congestion Transfer,93,0,91,Warehouse Congestion,False,True,Active Cascade
CAS-0084,DIS-0084,SHP-02219,SHP-10225,SHP-02219,1,Departure Delay,0,0,91,Warehouse Congestion,False,True,Active Cascade
CAS-0084,DIS-0084,SHP-02219,SHP-10225,SHP-02219,1,Customer Delivery Risk,0,0,91,Warehouse Congestion,False,True,Partially Absorbed
CAS-0084,DIS-0084,SHP-02219,SHP-00419,SHP-02219,1,Warehouse Congestion Transfer,91,0,89,Warehouse Congestion,False,True,Active Cascade
CAS-0084,DIS-0084,SHP-02219,SHP-00419,SHP-02219,1,Departure Delay,0,0,89,Warehouse Congestion,False,True,Active Cascade
CAS-0084,DIS-0084,SHP-02219,SHP-00419,SHP-02219,1,Customer Delivery Risk,0,0,89,Warehouse Congestion,False,True,Partially Absorbed
CAS-0085,DIS-0085,SHP-04099,SHP-04099,,0,Root Disruption,95,0,90,Labor Shortage,True,False,Active Cascade
CAS-0085,DIS-0085,SHP-04099,SHP-04099,,0,Dispatch Delay,0,95,90,Labor Shortage,True,False,Active Cascade
CAS-0085,DIS-0085,SHP-04099,SHP-04099,,0,Customer Delivery Risk,0,95,90,Labor Shortage,True,False,Partially Absorbed
CAS-0085,DIS-0085,SHP-04099,SHP-00917,SHP-04099,1,Waiting for Inbound Shipment,0,36,33,Labor Shortage,False,True,Active Cascade
CAS-0085,DIS-0085,SHP-04099,SHP-00917,SHP-04099,1,Departure Delay,0,36,33,Labor Shortage,False,True,Active Cascade
CAS-0085,DIS-0085,SHP-04099,SHP-00917,SHP-04099,1,Customer Delivery Risk,0,36,33,Labor Shortage,False,True,Partially Absorbed
CAS-0085,DIS-0085,SHP-04099,SHP-00609,SHP-00917,2,Warehouse Transfer,0,16,20,Labor Shortage,False,True,Active Cascade
CAS-0085,DIS-0085,SHP-04099,SHP-00609,SHP-00917,2,Departure Delay,0,16,20,Labor Shortage,False,True,Active Cascade
CAS-0085,DIS-0085,SHP-04099,SHP-00609,SHP-00917,2,Customer Delivery Risk,0,16,20,Labor Shortage,False,True,Partially Absorbed
CAS-0086,DIS-0086,SHP-06552,SHP-06552,,0,Root Disruption,176,0,183,Equipment Failure,True,False,Active Cascade
CAS-0086,DIS-0086,SHP-06552,SHP-06552,,0,Dispatch Delay,0,176,183,Equipment Failure,True,False,Active Cascade
CAS-0086,DIS-0086,SHP-06552,SHP-06552,,0,Customer Delivery Risk,0,176,183,Equipment Failure,True,False,Severe Delay Breached
CAS-0086,DIS-0086,SHP-06552,SHP-03892,SHP-06552,1,Shared Vehicle Turnaround,0,108,106,Vehicle Breakdown,False,True,Active Cascade
CAS-0086,DIS-0086,SHP-06552,SHP-03892,SHP-06552,1,Departure Delay,0,108,106,Vehicle Breakdown,False,True,Active Cascade
CAS-0086,DIS-0086,SHP-06552,SHP-03892,SHP-06552,1,Customer Delivery Risk,0,108,106,Vehicle Breakdown,False,True,Partially Absorbed
CAS-0087,DIS-0087,SHP-04710,SHP-04710,,0,Root Disruption,180,0,178,Severe Weather,True,False,Active Cascade
CAS-0087,DIS-0087,SHP-04710,SHP-04710,,0,Dispatch Delay,0,180,178,Severe Weather,True,False,Active Cascade
CAS-0087,DIS-0087,SHP-04710,SHP-04710,,0,Customer Delivery Risk,0,180,178,Severe Weather,True,False,Severe Delay Breached
CAS-0087,DIS-0087,SHP-04710,SHP-02279,SHP-04710,1,Waiting for Inbound Shipment,0,155,154,Severe Weather,False,True,Active Cascade
CAS-0087,DIS-0087,SHP-04710,SHP-02279,SHP-04710,1,Departure Delay,0,155,154,Severe Weather,False,True,Active Cascade
CAS-0087,DIS-0087,SHP-04710,SHP-02279,SHP-04710,1,Customer Delivery Risk,0,155,154,Severe Weather,False,True,Severe Delay Breached
CAS-0087,DIS-0087,SHP-04710,SHP-13504,SHP-02279,2,Warehouse Transfer,0,16,21,Severe Weather,False,True,Active Cascade
CAS-0087,DIS-0087,SHP-04710,SHP-13504,SHP-02279,2,Departure Delay,0,16,21,Severe Weather,False,True,Active Cascade
CAS-0087,DIS-0087,SHP-04710,SHP-13504,SHP-02279,2,Customer Delivery Risk,0,16,21,Severe Weather,False,True,Partially Absorbed
CAS-0088,DIS-0088,SHP-03305,SHP-03305,,0,Root Disruption,73,0,75,State Border Checkpoint Hold,True,False,Active Cascade
CAS-0088,DIS-0088,SHP-03305,SHP-03305,,0,Dispatch Delay,0,73,75,State Border Checkpoint Hold,True,False,Active Cascade
CAS-0088,DIS-0088,SHP-03305,SHP-03305,,0,Customer Delivery Risk,0,73,75,State Border Checkpoint Hold,True,False,Partially Absorbed
CAS-0088,DIS-0088,SHP-03305,SHP-11993,SHP-03305,1,Cross-Dock Transfer,0,16,24,State Border Checkpoint Hold,False,True,Active Cascade
CAS-0088,DIS-0088,SHP-03305,SHP-11993,SHP-03305,1,Departure Delay,0,16,24,State Border Checkpoint Hold,False,True,Active Cascade
CAS-0088,DIS-0088,SHP-03305,SHP-11993,SHP-03305,1,Customer Delivery Risk,0,16,24,State Border Checkpoint Hold,False,True,Partially Absorbed
CAS-0088,DIS-0088,SHP-03305,SHP-09877,SHP-03305,1,Cross-Dock Transfer,0,16,24,State Border Checkpoint Hold,False,True,Active Cascade
CAS-0088,DIS-0088,SHP-03305,SHP-09877,SHP-03305,1,Departure Delay,0,16,24,State Border Checkpoint Hold,False,True,Active Cascade
CAS-0088,DIS-0088,SHP-03305,SHP-09877,SHP-03305,1,Customer Delivery Risk,0,16,24,State Border Checkpoint Hold,False,True,Partially Absorbed
CAS-0088,DIS-0088,SHP-03305,SHP-02526,SHP-03305,1,Cross-Dock Transfer,0,16,17,State Border Checkpoint Hold,False,True,Active Cascade
CAS-0088,DIS-0088,SHP-03305,SHP-02526,SHP-03305,1,Departure Delay,0,16,17,State Border Checkpoint Hold,False,True,Active Cascade
CAS-0088,DIS-0088,SHP-03305,SHP-02526,SHP-03305,1,Customer Delivery Risk,0,16,17,State Border Checkpoint Hold,False,True,Partially Absorbed
CAS-0089,DIS-0089,SHP-10905,SHP-10905,,0,Root Disruption,68,0,76,Labor Shortage,True,False,Active Cascade
CAS-0089,DIS-0089,SHP-10905,SHP-10905,,0,Dispatch Delay,0,68,76,Labor Shortage,True,False,Active Cascade
CAS-0089,DIS-0089,SHP-10905,SHP-10905,,0,Customer Delivery Risk,0,68,76,Labor Shortage,True,False,Partially Absorbed
CAS-0089,DIS-0089,SHP-10905,SHP-03003,SHP-10905,1,Warehouse Congestion Transfer,48,0,48,Warehouse Congestion,False,True,Active Cascade
CAS-0089,DIS-0089,SHP-10905,SHP-03003,SHP-10905,1,Departure Delay,0,0,48,Warehouse Congestion,False,True,Active Cascade
CAS-0089,DIS-0089,SHP-10905,SHP-03003,SHP-10905,1,Customer Delivery Risk,0,0,48,Warehouse Congestion,False,True,Partially Absorbed
CAS-0089,DIS-0089,SHP-10905,SHP-04973,SHP-10905,1,Warehouse Congestion Transfer,45,0,51,Warehouse Congestion,False,True,Active Cascade
CAS-0089,DIS-0089,SHP-10905,SHP-04973,SHP-10905,1,Departure Delay,0,0,51,Warehouse Congestion,False,True,Active Cascade
CAS-0089,DIS-0089,SHP-10905,SHP-04973,SHP-10905,1,Customer Delivery Risk,0,0,51,Warehouse Congestion,False,True,Partially Absorbed
CAS-0090,DIS-0090,SHP-06322,SHP-06322,,0,Root Disruption,190,0,198,Warehouse Congestion,True,False,Active Cascade
CAS-0090,DIS-0090,SHP-06322,SHP-06322,,0,Dispatch Delay,0,190,198,Warehouse Congestion,True,False,Active Cascade
CAS-0090,DIS-0090,SHP-06322,SHP-06322,,0,Customer Delivery Risk,0,190,198,Warehouse Congestion,True,False,Severe Delay Breached
CAS-0090,DIS-0090,SHP-06322,SHP-13794,SHP-06322,1,Cross-Dock Transfer,0,16,14,Warehouse Congestion,False,True,Active Cascade
CAS-0090,DIS-0090,SHP-06322,SHP-13794,SHP-06322,1,Departure Delay,0,16,14,Warehouse Congestion,False,True,Active Cascade
CAS-0090,DIS-0090,SHP-06322,SHP-13794,SHP-06322,1,Customer Delivery Risk,0,16,14,Warehouse Congestion,False,True,Partially Absorbed
CAS-0090,DIS-0090,SHP-06322,SHP-05197,SHP-06322,1,Cross-Dock Transfer,0,16,24,Warehouse Congestion,False,True,Active Cascade
CAS-0090,DIS-0090,SHP-06322,SHP-05197,SHP-06322,1,Departure Delay,0,16,24,Warehouse Congestion,False,True,Active Cascade
CAS-0090,DIS-0090,SHP-06322,SHP-05197,SHP-06322,1,Customer Delivery Risk,0,16,24,Warehouse Congestion,False,True,Partially Absorbed
CAS-0091,DIS-0091,SHP-07642,SHP-07642,,0,Root Disruption,166,0,175,Warehouse Congestion,True,False,Active Cascade
CAS-0091,DIS-0091,SHP-07642,SHP-07642,,0,Dispatch Delay,0,166,175,Warehouse Congestion,True,False,Active Cascade
CAS-0091,DIS-0091,SHP-07642,SHP-07642,,0,Customer Delivery Risk,0,166,175,Warehouse Congestion,True,False,Severe Delay Breached
CAS-0091,DIS-0091,SHP-07642,SHP-01596,SHP-07642,1,Cross-Dock Transfer,0,16,21,Warehouse Congestion,False,True,Active Cascade
CAS-0091,DIS-0091,SHP-07642,SHP-01596,SHP-07642,1,Departure Delay,0,16,21,Warehouse Congestion,False,True,Active Cascade
CAS-0091,DIS-0091,SHP-07642,SHP-01596,SHP-07642,1,Customer Delivery Risk,0,16,21,Warehouse Congestion,False,True,Partially Absorbed
CAS-0091,DIS-0091,SHP-07642,SHP-02403,SHP-07642,1,Cross-Dock Transfer,0,16,17,Warehouse Congestion,False,True,Active Cascade
CAS-0091,DIS-0091,SHP-07642,SHP-02403,SHP-07642,1,Departure Delay,0,16,17,Warehouse Congestion,False,True,Active Cascade
CAS-0091,DIS-0091,SHP-07642,SHP-02403,SHP-07642,1,Customer Delivery Risk,0,16,17,Warehouse Congestion,False,True,Partially Absorbed
CAS-0091,DIS-0091,SHP-07642,SHP-13774,SHP-07642,1,Cross-Dock Transfer,0,16,24,Warehouse Congestion,False,True,Active Cascade
CAS-0091,DIS-0091,SHP-07642,SHP-13774,SHP-07642,1,Departure Delay,0,16,24,Warehouse Congestion,False,True,Active Cascade
CAS-0091,DIS-0091,SHP-07642,SHP-13774,SHP-07642,1,Customer Delivery Risk,0,16,24,Warehouse Congestion,False,True,Partially Absorbed
CAS-0092,DIS-0092,SHP-04478,SHP-04478,,0,Root Disruption,123,0,131,Equipment Failure,True,False,Active Cascade
CAS-0092,DIS-0092,SHP-04478,SHP-04478,,0,Dispatch Delay,0,123,131,Equipment Failure,True,False,Active Cascade
CAS-0092,DIS-0092,SHP-04478,SHP-04478,,0,Customer Delivery Risk,0,123,131,Equipment Failure,True,False,Severe Delay Breached
CAS-0092,DIS-0092,SHP-04478,SHP-01643,SHP-04478,1,Cross-Dock Transfer,0,16,11,Equipment Failure,False,True,Active Cascade
CAS-0092,DIS-0092,SHP-04478,SHP-01643,SHP-04478,1,Departure Delay,0,16,11,Equipment Failure,False,True,Active Cascade
CAS-0092,DIS-0092,SHP-04478,SHP-01643,SHP-04478,1,Customer Delivery Risk,0,16,11,Equipment Failure,False,True,Partially Absorbed
CAS-0092,DIS-0092,SHP-04478,SHP-03384,SHP-04478,1,Cross-Dock Transfer,0,16,24,Equipment Failure,False,True,Active Cascade
CAS-0092,DIS-0092,SHP-04478,SHP-03384,SHP-04478,1,Departure Delay,0,16,24,Equipment Failure,False,True,Active Cascade
CAS-0092,DIS-0092,SHP-04478,SHP-03384,SHP-04478,1,Customer Delivery Risk,0,16,24,Equipment Failure,False,True,Partially Absorbed
CAS-0092,DIS-0092,SHP-04478,SHP-06044,SHP-04478,1,Cross-Dock Transfer,0,16,15,Equipment Failure,False,True,Active Cascade
CAS-0092,DIS-0092,SHP-04478,SHP-06044,SHP-04478,1,Departure Delay,0,16,15,Equipment Failure,False,True,Active Cascade
CAS-0092,DIS-0092,SHP-04478,SHP-06044,SHP-04478,1,Customer Delivery Risk,0,16,15,Equipment Failure,False,True,Partially Absorbed
CAS-0093,DIS-0093,SHP-09666,SHP-09666,,0,Root Disruption,137,0,134,Labor Shortage,True,False,Active Cascade
CAS-0093,DIS-0093,SHP-09666,SHP-09666,,0,Dispatch Delay,0,137,134,Labor Shortage,True,False,Active Cascade
CAS-0093,DIS-0093,SHP-09666,SHP-09666,,0,Customer Delivery Risk,0,137,134,Labor Shortage,True,False,Severe Delay Breached
CAS-0093,DIS-0093,SHP-09666,SHP-04604,SHP-09666,1,Warehouse Congestion Transfer,97,0,107,Warehouse Congestion,False,True,Active Cascade
CAS-0093,DIS-0093,SHP-09666,SHP-04604,SHP-09666,1,Departure Delay,0,0,107,Warehouse Congestion,False,True,Active Cascade
CAS-0093,DIS-0093,SHP-09666,SHP-04604,SHP-09666,1,Customer Delivery Risk,0,0,107,Warehouse Congestion,False,True,Partially Absorbed
CAS-0094,DIS-0094,SHP-09824,SHP-09824,,0,Root Disruption,113,0,110,Warehouse Congestion,True,False,Active Cascade
CAS-0094,DIS-0094,SHP-09824,SHP-09824,,0,Dispatch Delay,0,113,110,Warehouse Congestion,True,False,Active Cascade
CAS-0094,DIS-0094,SHP-09824,SHP-09824,,0,Customer Delivery Risk,0,113,110,Warehouse Congestion,True,False,Partially Absorbed
CAS-0094,DIS-0094,SHP-09824,SHP-09314,SHP-09824,1,Route Connection,0,71,66,Warehouse Congestion,False,True,Active Cascade
CAS-0094,DIS-0094,SHP-09824,SHP-09314,SHP-09824,1,Departure Delay,0,71,66,Warehouse Congestion,False,True,Active Cascade
CAS-0094,DIS-0094,SHP-09824,SHP-09314,SHP-09824,1,Customer Delivery Risk,0,71,66,Warehouse Congestion,False,True,Partially Absorbed
CAS-0095,DIS-0095,SHP-02690,SHP-02690,,0,Root Disruption,95,0,91,Warehouse Congestion,True,False,Active Cascade
CAS-0095,DIS-0095,SHP-02690,SHP-02690,,0,Dispatch Delay,0,95,91,Warehouse Congestion,True,False,Active Cascade
CAS-0095,DIS-0095,SHP-02690,SHP-02690,,0,Customer Delivery Risk,0,95,91,Warehouse Congestion,True,False,Partially Absorbed
CAS-0095,DIS-0095,SHP-02690,SHP-10616,SHP-02690,1,Cross-Dock Transfer,0,55,50,Warehouse Congestion,False,True,Active Cascade
CAS-0095,DIS-0095,SHP-02690,SHP-10616,SHP-02690,1,Departure Delay,0,55,50,Warehouse Congestion,False,True,Active Cascade
CAS-0095,DIS-0095,SHP-02690,SHP-10616,SHP-02690,1,Customer Delivery Risk,0,55,50,Warehouse Congestion,False,True,Partially Absorbed
CAS-0095,DIS-0095,SHP-02690,SHP-01047,SHP-02690,1,Cross-Dock Transfer,0,16,17,Warehouse Congestion,False,True,Active Cascade
CAS-0095,DIS-0095,SHP-02690,SHP-01047,SHP-02690,1,Departure Delay,0,16,17,Warehouse Congestion,False,True,Active Cascade
CAS-0095,DIS-0095,SHP-02690,SHP-01047,SHP-02690,1,Customer Delivery Risk,0,16,17,Warehouse Congestion,False,True,Partially Absorbed
CAS-0095,DIS-0095,SHP-02690,SHP-07729,SHP-02690,1,Cross-Dock Transfer,0,16,24,Warehouse Congestion,False,True,Active Cascade
CAS-0095,DIS-0095,SHP-02690,SHP-07729,SHP-02690,1,Departure Delay,0,16,24,Warehouse Congestion,False,True,Active Cascade
CAS-0095,DIS-0095,SHP-02690,SHP-07729,SHP-02690,1,Customer Delivery Risk,0,16,24,Warehouse Congestion,False,True,Partially Absorbed
CAS-0096,DIS-0096,SHP-08648,SHP-08648,,0,Root Disruption,210,0,215,Warehouse Congestion,True,False,Active Cascade
CAS-0096,DIS-0096,SHP-08648,SHP-08648,,0,Dispatch Delay,0,210,215,Warehouse Congestion,True,False,Active Cascade
CAS-0096,DIS-0096,SHP-08648,SHP-08648,,0,Customer Delivery Risk,0,210,215,Warehouse Congestion,True,False,Severe Delay Breached
CAS-0096,DIS-0096,SHP-08648,SHP-00791,SHP-08648,1,Waiting for Inbound Shipment,0,20,29,Warehouse Congestion,False,True,Active Cascade
CAS-0096,DIS-0096,SHP-08648,SHP-00791,SHP-08648,1,Departure Delay,0,20,29,Warehouse Congestion,False,True,Active Cascade
CAS-0096,DIS-0096,SHP-08648,SHP-00791,SHP-08648,1,Customer Delivery Risk,0,20,29,Warehouse Congestion,False,True,Partially Absorbed
CAS-0097,DIS-0097,SHP-03937,SHP-03937,,0,Root Disruption,174,0,169,Labor Shortage,True,False,Active Cascade
CAS-0097,DIS-0097,SHP-03937,SHP-03937,,0,Dispatch Delay,0,174,169,Labor Shortage,True,False,Active Cascade
CAS-0097,DIS-0097,SHP-03937,SHP-03937,,0,Customer Delivery Risk,0,174,169,Labor Shortage,True,False,Severe Delay Breached
CAS-0097,DIS-0097,SHP-03937,SHP-03272,SHP-03937,1,Cross-Dock Transfer,0,16,15,Labor Shortage,False,True,Active Cascade
CAS-0097,DIS-0097,SHP-03937,SHP-03272,SHP-03937,1,Departure Delay,0,16,15,Labor Shortage,False,True,Active Cascade
CAS-0097,DIS-0097,SHP-03937,SHP-03272,SHP-03937,1,Customer Delivery Risk,0,16,15,Labor Shortage,False,True,Partially Absorbed
CAS-0098,DIS-0098,SHP-12175,SHP-12175,,0,Root Disruption,233,0,235,Vehicle Breakdown,True,False,Active Cascade
CAS-0098,DIS-0098,SHP-12175,SHP-12175,,0,Dispatch Delay,0,233,235,Vehicle Breakdown,True,False,Active Cascade
CAS-0098,DIS-0098,SHP-12175,SHP-12175,,0,Customer Delivery Risk,0,233,235,Vehicle Breakdown,True,False,Severe Delay Breached
CAS-0098,DIS-0098,SHP-12175,SHP-08683,SHP-12175,1,Route Connection,0,230,238,Vehicle Breakdown,False,True,Active Cascade
CAS-0098,DIS-0098,SHP-12175,SHP-08683,SHP-12175,1,Departure Delay,0,230,238,Vehicle Breakdown,False,True,Active Cascade
CAS-0098,DIS-0098,SHP-12175,SHP-08683,SHP-12175,1,Customer Delivery Risk,0,230,238,Vehicle Breakdown,False,True,Severe Delay Breached
CAS-0098,DIS-0098,SHP-12175,SHP-02063,SHP-08683,2,Warehouse Transfer,0,205,200,Vehicle Breakdown,False,True,Active Cascade
CAS-0098,DIS-0098,SHP-12175,SHP-02063,SHP-08683,2,Departure Delay,0,205,200,Vehicle Breakdown,False,True,Active Cascade
CAS-0098,DIS-0098,SHP-12175,SHP-02063,SHP-08683,2,Customer Delivery Risk,0,205,200,Vehicle Breakdown,False,True,Severe Delay Breached
CAS-0098,DIS-0098,SHP-12175,SHP-04814,SHP-02063,3,Route Connection,0,121,117,Vehicle Breakdown,False,True,Active Cascade
CAS-0098,DIS-0098,SHP-12175,SHP-04814,SHP-02063,3,Departure Delay,0,121,117,Vehicle Breakdown,False,True,Active Cascade
CAS-0098,DIS-0098,SHP-12175,SHP-04814,SHP-02063,3,Customer Delivery Risk,0,121,117,Vehicle Breakdown,False,True,Partially Absorbed
CAS-0098,DIS-0098,SHP-12175,SHP-10091,SHP-08683,2,Warehouse Transfer,0,200,201,Vehicle Breakdown,False,True,Active Cascade
CAS-0098,DIS-0098,SHP-12175,SHP-10091,SHP-08683,2,Departure Delay,0,200,201,Vehicle Breakdown,False,True,Active Cascade
CAS-0098,DIS-0098,SHP-12175,SHP-10091,SHP-08683,2,Customer Delivery Risk,0,200,201,Vehicle Breakdown,False,True,Severe Delay Breached
CAS-0099,DIS-0099,SHP-09043,SHP-09043,,0,Root Disruption,228,0,228,Severe Weather,True,False,Active Cascade
CAS-0099,DIS-0099,SHP-09043,SHP-09043,,0,Dispatch Delay,0,228,228,Severe Weather,True,False,Active Cascade
CAS-0099,DIS-0099,SHP-09043,SHP-09043,,0,Customer Delivery Risk,0,228,228,Severe Weather,True,False,Severe Delay Breached
CAS-0099,DIS-0099,SHP-09043,SHP-06704,SHP-09043,1,Cross-Dock Transfer,0,116,122,Severe Weather,False,True,Active Cascade
CAS-0099,DIS-0099,SHP-09043,SHP-06704,SHP-09043,1,Departure Delay,0,116,122,Severe Weather,False,True,Active Cascade
CAS-0099,DIS-0099,SHP-09043,SHP-06704,SHP-09043,1,Customer Delivery Risk,0,116,122,Severe Weather,False,True,Severe Delay Breached
CAS-0100,DIS-0100,SHP-02105,SHP-02105,,0,Root Disruption,216,0,212,Vehicle Breakdown,True,False,Active Cascade
CAS-0100,DIS-0100,SHP-02105,SHP-02105,,0,Dispatch Delay,0,216,212,Vehicle Breakdown,True,False,Active Cascade
CAS-0100,DIS-0100,SHP-02105,SHP-02105,,0,Customer Delivery Risk,0,216,212,Vehicle Breakdown,True,False,Severe Delay Breached
CAS-0100,DIS-0100,SHP-02105,SHP-01969,SHP-02105,1,Cross-Dock Transfer,0,16,12,Vehicle Breakdown,False,True,Active Cascade
CAS-0100,DIS-0100,SHP-02105,SHP-01969,SHP-02105,1,Departure Delay,0,16,12,Vehicle Breakdown,False,True,Active Cascade
CAS-0100,DIS-0100,SHP-02105,SHP-01969,SHP-02105,1,Customer Delivery Risk,0,16,12,Vehicle Breakdown,False,True,Partially Absorbed
CAS-0100,DIS-0100,SHP-02105,SHP-08228,SHP-02105,1,Cross-Dock Transfer,0,16,17,Vehicle Breakdown,False,True,Active Cascade
CAS-0100,DIS-0100,SHP-02105,SHP-08228,SHP-02105,1,Departure Delay,0,16,17,Vehicle Breakdown,False,True,Active Cascade
CAS-0100,DIS-0100,SHP-02105,SHP-08228,SHP-02105,1,Customer Delivery Risk,0,16,17,Vehicle Breakdown,False,True,Partially Absorbed
CAS-0101,DIS-0101,SHP-06273,SHP-06273,,0,Root Disruption,134,0,144,Warehouse Congestion,True,False,Active Cascade
CAS-0101,DIS-0101,SHP-06273,SHP-06273,,0,Dispatch Delay,0,134,144,Warehouse Congestion,True,False,Active Cascade
CAS-0101,DIS-0101,SHP-06273,SHP-06273,,0,Customer Delivery Risk,0,134,144,Warehouse Congestion,True,False,Severe Delay Breached
CAS-0101,DIS-0101,SHP-06273,SHP-11676,SHP-06273,1,Warehouse Congestion Transfer,80,0,75,Warehouse Congestion,False,True,Active Cascade
CAS-0101,DIS-0101,SHP-06273,SHP-11676,SHP-06273,1,Departure Delay,0,0,75,Warehouse Congestion,False,True,Active Cascade
CAS-0101,DIS-0101,SHP-06273,SHP-11676,SHP-06273,1,Customer Delivery Risk,0,0,75,Warehouse Congestion,False,True,Partially Absorbed
CAS-0101,DIS-0101,SHP-06273,SHP-03548,SHP-06273,1,Warehouse Congestion Transfer,109,0,116,Warehouse Congestion,False,True,Active Cascade
CAS-0101,DIS-0101,SHP-06273,SHP-03548,SHP-06273,1,Departure Delay,0,0,116,Warehouse Congestion,False,True,Active Cascade
CAS-0101,DIS-0101,SHP-06273,SHP-03548,SHP-06273,1,Customer Delivery Risk,0,0,116,Warehouse Congestion,False,True,Partially Absorbed
CAS-0102,DIS-0102,SHP-06832,SHP-06832,,0,Root Disruption,149,0,156,Equipment Failure,True,False,Active Cascade
CAS-0102,DIS-0102,SHP-06832,SHP-06832,,0,Dispatch Delay,0,149,156,Equipment Failure,True,False,Active Cascade
CAS-0102,DIS-0102,SHP-06832,SHP-06832,,0,Customer Delivery Risk,0,149,156,Equipment Failure,True,False,Severe Delay Breached
CAS-0102,DIS-0102,SHP-06832,SHP-00856,SHP-06832,1,Waiting for Inbound Shipment,0,73,82,Equipment Failure,False,True,Active Cascade
CAS-0102,DIS-0102,SHP-06832,SHP-00856,SHP-06832,1,Departure Delay,0,73,82,Equipment Failure,False,True,Active Cascade
CAS-0102,DIS-0102,SHP-06832,SHP-00856,SHP-06832,1,Customer Delivery Risk,0,73,82,Equipment Failure,False,True,Partially Absorbed
CAS-0102,DIS-0102,SHP-06832,SHP-08971,SHP-00856,2,Warehouse Transfer,0,16,21,Equipment Failure,False,True,Active Cascade
CAS-0102,DIS-0102,SHP-06832,SHP-08971,SHP-00856,2,Departure Delay,0,16,21,Equipment Failure,False,True,Active Cascade
CAS-0102,DIS-0102,SHP-06832,SHP-08971,SHP-00856,2,Customer Delivery Risk,0,16,21,Equipment Failure,False,True,Partially Absorbed
CAS-0103,DIS-0103,SHP-12156,SHP-12156,,0,Root Disruption,118,0,115,Road Closure,True,False,Active Cascade
CAS-0103,DIS-0103,SHP-12156,SHP-12156,,0,Dispatch Delay,0,118,115,Road Closure,True,False,Active Cascade
CAS-0103,DIS-0103,SHP-12156,SHP-12156,,0,Customer Delivery Risk,0,118,115,Road Closure,True,False,Partially Absorbed
CAS-0103,DIS-0103,SHP-12156,SHP-13820,SHP-12156,1,Warehouse Congestion Transfer,53,0,52,Warehouse Congestion,False,True,Active Cascade
CAS-0103,DIS-0103,SHP-12156,SHP-13820,SHP-12156,1,Departure Delay,0,0,52,Warehouse Congestion,False,True,Active Cascade
CAS-0103,DIS-0103,SHP-12156,SHP-13820,SHP-12156,1,Customer Delivery Risk,0,0,52,Warehouse Congestion,False,True,Partially Absorbed
CAS-0104,DIS-0104,SHP-10381,SHP-10381,,0,Root Disruption,94,0,96,State Border Checkpoint Hold,True,False,Active Cascade
CAS-0104,DIS-0104,SHP-10381,SHP-10381,,0,Dispatch Delay,0,94,96,State Border Checkpoint Hold,True,False,Active Cascade
CAS-0104,DIS-0104,SHP-10381,SHP-10381,,0,Customer Delivery Risk,0,94,96,State Border Checkpoint Hold,True,False,Partially Absorbed
CAS-0104,DIS-0104,SHP-10381,SHP-11820,SHP-10381,1,Route Connection,0,20,29,State Border Checkpoint Hold,False,True,Active Cascade
CAS-0104,DIS-0104,SHP-10381,SHP-11820,SHP-10381,1,Departure Delay,0,20,29,State Border Checkpoint Hold,False,True,Active Cascade
CAS-0104,DIS-0104,SHP-10381,SHP-11820,SHP-10381,1,Customer Delivery Risk,0,20,29,State Border Checkpoint Hold,False,True,Partially Absorbed
CAS-0105,DIS-0105,SHP-07202,SHP-07202,,0,Root Disruption,148,0,146,State Border Checkpoint Hold,True,False,Active Cascade
CAS-0105,DIS-0105,SHP-07202,SHP-07202,,0,Dispatch Delay,0,148,146,State Border Checkpoint Hold,True,False,Active Cascade
CAS-0105,DIS-0105,SHP-07202,SHP-07202,,0,Customer Delivery Risk,0,148,146,State Border Checkpoint Hold,True,False,Severe Delay Breached
CAS-0105,DIS-0105,SHP-07202,SHP-03596,SHP-07202,1,Route Connection,0,20,29,State Border Checkpoint Hold,False,True,Active Cascade
CAS-0105,DIS-0105,SHP-07202,SHP-03596,SHP-07202,1,Departure Delay,0,20,29,State Border Checkpoint Hold,False,True,Active Cascade
CAS-0105,DIS-0105,SHP-07202,SHP-03596,SHP-07202,1,Customer Delivery Risk,0,20,29,State Border Checkpoint Hold,False,True,Partially Absorbed
CAS-0105,DIS-0105,SHP-07202,SHP-04865,SHP-03596,2,Warehouse Transfer,0,16,19,State Border Checkpoint Hold,False,True,Active Cascade
CAS-0105,DIS-0105,SHP-07202,SHP-04865,SHP-03596,2,Departure Delay,0,16,19,State Border Checkpoint Hold,False,True,Active Cascade
CAS-0105,DIS-0105,SHP-07202,SHP-04865,SHP-03596,2,Customer Delivery Risk,0,16,19,State Border Checkpoint Hold,False,True,Partially Absorbed
CAS-0105,DIS-0105,SHP-07202,SHP-11916,SHP-04865,3,Route Connection,0,16,21,State Border Checkpoint Hold,False,True,Active Cascade
CAS-0105,DIS-0105,SHP-07202,SHP-11916,SHP-04865,3,Departure Delay,0,16,21,State Border Checkpoint Hold,False,True,Active Cascade
CAS-0105,DIS-0105,SHP-07202,SHP-11916,SHP-04865,3,Customer Delivery Risk,0,16,21,State Border Checkpoint Hold,False,True,Partially Absorbed
CAS-0105,DIS-0105,SHP-07202,SHP-07454,SHP-03596,2,Warehouse Transfer,0,16,12,State Border Checkpoint Hold,False,True,Active Cascade
CAS-0105,DIS-0105,SHP-07202,SHP-07454,SHP-03596,2,Departure Delay,0,16,12,State Border Checkpoint Hold,False,True,Active Cascade
CAS-0105,DIS-0105,SHP-07202,SHP-07454,SHP-03596,2,Customer Delivery Risk,0,16,12,State Border Checkpoint Hold,False,True,Partially Absorbed
CAS-0106,DIS-0106,SHP-08950,SHP-08950,,0,Root Disruption,136,0,135,Equipment Failure,True,False,Active Cascade
CAS-0106,DIS-0106,SHP-08950,SHP-08950,,0,Dispatch Delay,0,136,135,Equipment Failure,True,False,Active Cascade
CAS-0106,DIS-0106,SHP-08950,SHP-08950,,0,Customer Delivery Risk,0,136,135,Equipment Failure,True,False,Severe Delay Breached
CAS-0106,DIS-0106,SHP-08950,SHP-10264,SHP-08950,1,Waiting for Inbound Shipment,0,20,26,Equipment Failure,False,True,Active Cascade
CAS-0106,DIS-0106,SHP-08950,SHP-10264,SHP-08950,1,Departure Delay,0,20,26,Equipment Failure,False,True,Active Cascade
CAS-0106,DIS-0106,SHP-08950,SHP-10264,SHP-08950,1,Customer Delivery Risk,0,20,26,Equipment Failure,False,True,Partially Absorbed
CAS-0107,DIS-0107,SHP-04395,SHP-04395,,0,Root Disruption,215,0,219,Road Closure,True,False,Active Cascade
CAS-0107,DIS-0107,SHP-04395,SHP-04395,,0,Dispatch Delay,0,215,219,Road Closure,True,False,Active Cascade
CAS-0107,DIS-0107,SHP-04395,SHP-04395,,0,Customer Delivery Risk,0,215,219,Road Closure,True,False,Severe Delay Breached
CAS-0107,DIS-0107,SHP-04395,SHP-00250,SHP-04395,1,Cross-Dock Transfer,0,157,166,Road Closure,False,True,Active Cascade
CAS-0107,DIS-0107,SHP-04395,SHP-00250,SHP-04395,1,Departure Delay,0,157,166,Road Closure,False,True,Active Cascade
CAS-0107,DIS-0107,SHP-04395,SHP-00250,SHP-04395,1,Customer Delivery Risk,0,157,166,Road Closure,False,True,Severe Delay Breached
CAS-0107,DIS-0107,SHP-04395,SHP-02453,SHP-04395,1,Cross-Dock Transfer,0,16,25,Road Closure,False,True,Active Cascade
CAS-0107,DIS-0107,SHP-04395,SHP-02453,SHP-04395,1,Departure Delay,0,16,25,Road Closure,False,True,Active Cascade
CAS-0107,DIS-0107,SHP-04395,SHP-02453,SHP-04395,1,Customer Delivery Risk,0,16,25,Road Closure,False,True,Partially Absorbed
CAS-0108,DIS-0108,SHP-09349,SHP-09349,,0,Root Disruption,153,0,161,Labor Shortage,True,False,Active Cascade
CAS-0108,DIS-0108,SHP-09349,SHP-09349,,0,Dispatch Delay,0,153,161,Labor Shortage,True,False,Active Cascade
CAS-0108,DIS-0108,SHP-09349,SHP-09349,,0,Customer Delivery Risk,0,153,161,Labor Shortage,True,False,Severe Delay Breached
CAS-0108,DIS-0108,SHP-09349,SHP-12891,SHP-09349,1,Warehouse Congestion Transfer,80,0,89,Warehouse Congestion,False,True,Active Cascade
CAS-0108,DIS-0108,SHP-09349,SHP-12891,SHP-09349,1,Departure Delay,0,0,89,Warehouse Congestion,False,True,Active Cascade
CAS-0108,DIS-0108,SHP-09349,SHP-12891,SHP-09349,1,Customer Delivery Risk,0,0,89,Warehouse Congestion,False,True,Partially Absorbed
CAS-0108,DIS-0108,SHP-09349,SHP-09684,SHP-09349,1,Warehouse Congestion Transfer,91,0,99,Warehouse Congestion,False,True,Active Cascade
CAS-0108,DIS-0108,SHP-09349,SHP-09684,SHP-09349,1,Departure Delay,0,0,99,Warehouse Congestion,False,True,Active Cascade
CAS-0108,DIS-0108,SHP-09349,SHP-09684,SHP-09349,1,Customer Delivery Risk,0,0,99,Warehouse Congestion,False,True,Partially Absorbed
CAS-0109,DIS-0109,SHP-04845,SHP-04845,,0,Root Disruption,82,0,77,Equipment Failure,True,False,Active Cascade
CAS-0109,DIS-0109,SHP-04845,SHP-04845,,0,Dispatch Delay,0,82,77,Equipment Failure,True,False,Active Cascade
CAS-0109,DIS-0109,SHP-04845,SHP-04845,,0,Customer Delivery Risk,0,82,77,Equipment Failure,True,False,Partially Absorbed
CAS-0109,DIS-0109,SHP-04845,SHP-01189,SHP-04845,1,Route Connection,0,20,17,Equipment Failure,False,True,Active Cascade
CAS-0109,DIS-0109,SHP-04845,SHP-01189,SHP-04845,1,Departure Delay,0,20,17,Equipment Failure,False,True,Active Cascade
CAS-0109,DIS-0109,SHP-04845,SHP-01189,SHP-04845,1,Customer Delivery Risk,0,20,17,Equipment Failure,False,True,Partially Absorbed
CAS-0110,DIS-0110,SHP-02040,SHP-02040,,0,Root Disruption,69,0,75,Labor Shortage,True,False,Active Cascade
CAS-0110,DIS-0110,SHP-02040,SHP-02040,,0,Dispatch Delay,0,69,75,Labor Shortage,True,False,Active Cascade
CAS-0110,DIS-0110,SHP-02040,SHP-02040,,0,Customer Delivery Risk,0,69,75,Labor Shortage,True,False,Partially Absorbed
CAS-0110,DIS-0110,SHP-02040,SHP-03266,SHP-02040,1,Warehouse Congestion Transfer,45,0,43,Warehouse Congestion,False,True,Active Cascade
CAS-0110,DIS-0110,SHP-02040,SHP-03266,SHP-02040,1,Departure Delay,0,0,43,Warehouse Congestion,False,True,Active Cascade
CAS-0110,DIS-0110,SHP-02040,SHP-03266,SHP-02040,1,Customer Delivery Risk,0,0,43,Warehouse Congestion,False,True,Partially Absorbed
CAS-0110,DIS-0110,SHP-02040,SHP-04023,SHP-02040,1,Warehouse Congestion Transfer,51,0,52,Warehouse Congestion,False,True,Active Cascade
CAS-0110,DIS-0110,SHP-02040,SHP-04023,SHP-02040,1,Departure Delay,0,0,52,Warehouse Congestion,False,True,Active Cascade
CAS-0110,DIS-0110,SHP-02040,SHP-04023,SHP-02040,1,Customer Delivery Risk,0,0,52,Warehouse Congestion,False,True,Partially Absorbed
CAS-0110,DIS-0110,SHP-02040,SHP-10489,SHP-02040,1,Warehouse Congestion Transfer,46,0,42,Warehouse Congestion,False,True,Active Cascade
CAS-0110,DIS-0110,SHP-02040,SHP-10489,SHP-02040,1,Departure Delay,0,0,42,Warehouse Congestion,False,True,Active Cascade
CAS-0110,DIS-0110,SHP-02040,SHP-10489,SHP-02040,1,Customer Delivery Risk,0,0,42,Warehouse Congestion,False,True,Partially Absorbed
CAS-0110,DIS-0110,SHP-02040,SHP-11764,SHP-02040,1,Warehouse Congestion Transfer,58,0,64,Warehouse Congestion,False,True,Active Cascade
CAS-0110,DIS-0110,SHP-02040,SHP-11764,SHP-02040,1,Departure Delay,0,0,64,Warehouse Congestion,False,True,Active Cascade
CAS-0110,DIS-0110,SHP-02040,SHP-11764,SHP-02040,1,Customer Delivery Risk,0,0,64,Warehouse Congestion,False,True,Partially Absorbed
CAS-0111,DIS-0111,SHP-00300,SHP-00300,,0,Root Disruption,132,0,141,State Border Checkpoint Hold,True,False,Active Cascade
CAS-0111,DIS-0111,SHP-00300,SHP-00300,,0,Dispatch Delay,0,132,141,State Border Checkpoint Hold,True,False,Active Cascade
CAS-0111,DIS-0111,SHP-00300,SHP-00300,,0,Customer Delivery Risk,0,132,141,State Border Checkpoint Hold,True,False,Severe Delay Breached
CAS-0111,DIS-0111,SHP-00300,SHP-04525,SHP-00300,1,Route Connection,0,20,25,State Border Checkpoint Hold,False,True,Active Cascade
CAS-0111,DIS-0111,SHP-00300,SHP-04525,SHP-00300,1,Departure Delay,0,20,25,State Border Checkpoint Hold,False,True,Active Cascade
CAS-0111,DIS-0111,SHP-00300,SHP-04525,SHP-00300,1,Customer Delivery Risk,0,20,25,State Border Checkpoint Hold,False,True,Partially Absorbed
CAS-0111,DIS-0111,SHP-00300,SHP-08381,SHP-04525,2,Warehouse Transfer,0,16,17,State Border Checkpoint Hold,False,True,Active Cascade
CAS-0111,DIS-0111,SHP-00300,SHP-08381,SHP-04525,2,Departure Delay,0,16,17,State Border Checkpoint Hold,False,True,Active Cascade
CAS-0111,DIS-0111,SHP-00300,SHP-08381,SHP-04525,2,Customer Delivery Risk,0,16,17,State Border Checkpoint Hold,False,True,Partially Absorbed
CAS-0111,DIS-0111,SHP-00300,SHP-09842,SHP-08381,3,Route Connection,0,16,15,State Border Checkpoint Hold,False,True,Active Cascade
CAS-0111,DIS-0111,SHP-00300,SHP-09842,SHP-08381,3,Departure Delay,0,16,15,State Border Checkpoint Hold,False,True,Active Cascade
CAS-0111,DIS-0111,SHP-00300,SHP-09842,SHP-08381,3,Customer Delivery Risk,0,16,15,State Border Checkpoint Hold,False,True,Partially Absorbed
CAS-0111,DIS-0111,SHP-00300,SHP-03450,SHP-04525,2,Warehouse Transfer,0,16,12,State Border Checkpoint Hold,False,True,Active Cascade
CAS-0111,DIS-0111,SHP-00300,SHP-03450,SHP-04525,2,Departure Delay,0,16,12,State Border Checkpoint Hold,False,True,Active Cascade
CAS-0111,DIS-0111,SHP-00300,SHP-03450,SHP-04525,2,Customer Delivery Risk,0,16,12,State Border Checkpoint Hold,False,True,Partially Absorbed
CAS-0112,DIS-0112,SHP-07677,SHP-07677,,0,Root Disruption,84,0,93,Road Closure,True,False,Active Cascade
CAS-0112,DIS-0112,SHP-07677,SHP-07677,,0,Dispatch Delay,0,84,93,Road Closure,True,False,Active Cascade
CAS-0112,DIS-0112,SHP-07677,SHP-07677,,0,Customer Delivery Risk,0,84,93,Road Closure,True,False,Partially Absorbed
CAS-0112,DIS-0112,SHP-07677,SHP-01903,SHP-07677,1,Shared Vehicle Turnaround,0,60,55,Vehicle Breakdown,False,True,Active Cascade
CAS-0112,DIS-0112,SHP-07677,SHP-01903,SHP-07677,1,Departure Delay,0,60,55,Vehicle Breakdown,False,True,Active Cascade
CAS-0112,DIS-0112,SHP-07677,SHP-01903,SHP-07677,1,Customer Delivery Risk,0,60,55,Vehicle Breakdown,False,True,Partially Absorbed
CAS-0113,DIS-0113,SHP-04983,SHP-04983,,0,Root Disruption,212,0,215,Road Closure,True,False,Active Cascade
CAS-0113,DIS-0113,SHP-04983,SHP-04983,,0,Dispatch Delay,0,212,215,Road Closure,True,False,Active Cascade
CAS-0113,DIS-0113,SHP-04983,SHP-04983,,0,Customer Delivery Risk,0,212,215,Road Closure,True,False,Severe Delay Breached
CAS-0113,DIS-0113,SHP-04983,SHP-03752,SHP-04983,1,Waiting for Inbound Shipment,0,170,179,Road Closure,False,True,Active Cascade
CAS-0113,DIS-0113,SHP-04983,SHP-03752,SHP-04983,1,Departure Delay,0,170,179,Road Closure,False,True,Active Cascade
CAS-0113,DIS-0113,SHP-04983,SHP-03752,SHP-04983,1,Customer Delivery Risk,0,170,179,Road Closure,False,True,Severe Delay Breached
CAS-0113,DIS-0113,SHP-04983,SHP-09003,SHP-03752,2,Warehouse Transfer,0,122,127,Road Closure,False,True,Active Cascade
CAS-0113,DIS-0113,SHP-04983,SHP-09003,SHP-03752,2,Departure Delay,0,122,127,Road Closure,False,True,Active Cascade
CAS-0113,DIS-0113,SHP-04983,SHP-09003,SHP-03752,2,Customer Delivery Risk,0,122,127,Road Closure,False,True,Severe Delay Breached
CAS-0114,DIS-0114,SHP-12004,SHP-12004,,0,Root Disruption,127,0,132,Labor Shortage,True,False,Active Cascade
CAS-0114,DIS-0114,SHP-12004,SHP-12004,,0,Dispatch Delay,0,127,132,Labor Shortage,True,False,Active Cascade
CAS-0114,DIS-0114,SHP-12004,SHP-12004,,0,Customer Delivery Risk,0,127,132,Labor Shortage,True,False,Severe Delay Breached
CAS-0114,DIS-0114,SHP-12004,SHP-08807,SHP-12004,1,Shared Vehicle Turnaround,0,20,23,Vehicle Breakdown,False,True,Active Cascade
CAS-0114,DIS-0114,SHP-12004,SHP-08807,SHP-12004,1,Departure Delay,0,20,23,Vehicle Breakdown,False,True,Active Cascade
CAS-0114,DIS-0114,SHP-12004,SHP-08807,SHP-12004,1,Customer Delivery Risk,0,20,23,Vehicle Breakdown,False,True,Partially Absorbed
CAS-0115,DIS-0115,SHP-05055,SHP-05055,,0,Root Disruption,192,0,192,Vehicle Breakdown,True,False,Active Cascade
CAS-0115,DIS-0115,SHP-05055,SHP-05055,,0,Dispatch Delay,0,192,192,Vehicle Breakdown,True,False,Active Cascade
CAS-0115,DIS-0115,SHP-05055,SHP-05055,,0,Customer Delivery Risk,0,192,192,Vehicle Breakdown,True,False,Severe Delay Breached
CAS-0115,DIS-0115,SHP-05055,SHP-00497,SHP-05055,1,Waiting for Inbound Shipment,0,140,142,Vehicle Breakdown,False,True,Active Cascade
CAS-0115,DIS-0115,SHP-05055,SHP-00497,SHP-05055,1,Departure Delay,0,140,142,Vehicle Breakdown,False,True,Active Cascade
CAS-0115,DIS-0115,SHP-05055,SHP-00497,SHP-05055,1,Customer Delivery Risk,0,140,142,Vehicle Breakdown,False,True,Severe Delay Breached
CAS-0115,DIS-0115,SHP-05055,SHP-08904,SHP-00497,2,Warehouse Transfer,0,92,89,Vehicle Breakdown,False,True,Active Cascade
CAS-0115,DIS-0115,SHP-05055,SHP-08904,SHP-00497,2,Departure Delay,0,92,89,Vehicle Breakdown,False,True,Active Cascade
CAS-0115,DIS-0115,SHP-05055,SHP-08904,SHP-00497,2,Customer Delivery Risk,0,92,89,Vehicle Breakdown,False,True,Partially Absorbed
CAS-0116,DIS-0116,SHP-02142,SHP-02142,,0,Root Disruption,149,0,151,Vehicle Breakdown,True,False,Active Cascade
CAS-0116,DIS-0116,SHP-02142,SHP-02142,,0,Dispatch Delay,0,149,151,Vehicle Breakdown,True,False,Active Cascade
CAS-0116,DIS-0116,SHP-02142,SHP-02142,,0,Customer Delivery Risk,0,149,151,Vehicle Breakdown,True,False,Severe Delay Breached
CAS-0116,DIS-0116,SHP-02142,SHP-07043,SHP-02142,1,Route Connection,0,53,58,Vehicle Breakdown,False,True,Active Cascade
CAS-0116,DIS-0116,SHP-02142,SHP-07043,SHP-02142,1,Departure Delay,0,53,58,Vehicle Breakdown,False,True,Active Cascade
CAS-0116,DIS-0116,SHP-02142,SHP-07043,SHP-02142,1,Customer Delivery Risk,0,53,58,Vehicle Breakdown,False,True,Partially Absorbed
CAS-0116,DIS-0116,SHP-02142,SHP-02375,SHP-07043,2,Warehouse Transfer,0,16,13,Vehicle Breakdown,False,True,Active Cascade
CAS-0116,DIS-0116,SHP-02142,SHP-02375,SHP-07043,2,Departure Delay,0,16,13,Vehicle Breakdown,False,True,Active Cascade
CAS-0116,DIS-0116,SHP-02142,SHP-02375,SHP-07043,2,Customer Delivery Risk,0,16,13,Vehicle Breakdown,False,True,Partially Absorbed
CAS-0116,DIS-0116,SHP-02142,SHP-11189,SHP-07043,2,Warehouse Transfer,0,16,20,Vehicle Breakdown,False,True,Active Cascade
CAS-0116,DIS-0116,SHP-02142,SHP-11189,SHP-07043,2,Departure Delay,0,16,20,Vehicle Breakdown,False,True,Active Cascade
CAS-0116,DIS-0116,SHP-02142,SHP-11189,SHP-07043,2,Customer Delivery Risk,0,16,20,Vehicle Breakdown,False,True,Partially Absorbed
CAS-0117,DIS-0117,SHP-13459,SHP-13459,,0,Root Disruption,157,0,166,Road Closure,True,False,Active Cascade
CAS-0117,DIS-0117,SHP-13459,SHP-13459,,0,Dispatch Delay,0,157,166,Road Closure,True,False,Active Cascade
CAS-0117,DIS-0117,SHP-13459,SHP-13459,,0,Customer Delivery Risk,0,157,166,Road Closure,True,False,Severe Delay Breached
CAS-0117,DIS-0117,SHP-13459,SHP-07128,SHP-13459,1,Route Connection,0,132,135,Road Closure,False,True,Active Cascade
CAS-0117,DIS-0117,SHP-13459,SHP-07128,SHP-13459,1,Departure Delay,0,132,135,Road Closure,False,True,Active Cascade
CAS-0117,DIS-0117,SHP-13459,SHP-07128,SHP-13459,1,Customer Delivery Risk,0,132,135,Road Closure,False,True,Severe Delay Breached
CAS-0117,DIS-0117,SHP-13459,SHP-07344,SHP-07128,2,Warehouse Transfer,0,81,78,Road Closure,False,True,Active Cascade
CAS-0117,DIS-0117,SHP-13459,SHP-07344,SHP-07128,2,Departure Delay,0,81,78,Road Closure,False,True,Active Cascade
CAS-0117,DIS-0117,SHP-13459,SHP-07344,SHP-07128,2,Customer Delivery Risk,0,81,78,Road Closure,False,True,Partially Absorbed
CAS-0117,DIS-0117,SHP-13459,SHP-05641,SHP-07344,3,Route Connection,0,52,47,Road Closure,False,True,Active Cascade
CAS-0117,DIS-0117,SHP-13459,SHP-05641,SHP-07344,3,Departure Delay,0,52,47,Road Closure,False,True,Active Cascade
CAS-0117,DIS-0117,SHP-13459,SHP-05641,SHP-07344,3,Customer Delivery Risk,0,52,47,Road Closure,False,True,Partially Absorbed
CAS-0117,DIS-0117,SHP-13459,SHP-12288,SHP-07128,2,Warehouse Transfer,0,82,88,Road Closure,False,True,Active Cascade
CAS-0117,DIS-0117,SHP-13459,SHP-12288,SHP-07128,2,Departure Delay,0,82,88,Road Closure,False,True,Active Cascade
CAS-0117,DIS-0117,SHP-13459,SHP-12288,SHP-07128,2,Customer Delivery Risk,0,82,88,Road Closure,False,True,Partially Absorbed
CAS-0118,DIS-0118,SHP-05405,SHP-05405,,0,Root Disruption,66,0,75,Equipment Failure,True,False,Active Cascade
CAS-0118,DIS-0118,SHP-05405,SHP-05405,,0,Dispatch Delay,0,66,75,Equipment Failure,True,False,Active Cascade
CAS-0118,DIS-0118,SHP-05405,SHP-05405,,0,Customer Delivery Risk,0,66,75,Equipment Failure,True,False,Partially Absorbed
CAS-0118,DIS-0118,SHP-05405,SHP-07278,SHP-05405,1,Route Connection,0,20,17,Equipment Failure,False,True,Active Cascade
CAS-0118,DIS-0118,SHP-05405,SHP-07278,SHP-05405,1,Departure Delay,0,20,17,Equipment Failure,False,True,Active Cascade
CAS-0118,DIS-0118,SHP-05405,SHP-07278,SHP-05405,1,Customer Delivery Risk,0,20,17,Equipment Failure,False,True,Partially Absorbed
CAS-0118,DIS-0118,SHP-05405,SHP-09695,SHP-07278,2,Warehouse Transfer,0,16,23,Equipment Failure,False,True,Active Cascade
CAS-0118,DIS-0118,SHP-05405,SHP-09695,SHP-07278,2,Departure Delay,0,16,23,Equipment Failure,False,True,Active Cascade
CAS-0118,DIS-0118,SHP-05405,SHP-09695,SHP-07278,2,Customer Delivery Risk,0,16,23,Equipment Failure,False,True,Partially Absorbed
CAS-0118,DIS-0118,SHP-05405,SHP-11880,SHP-09695,3,Route Connection,0,16,18,Equipment Failure,False,True,Active Cascade
CAS-0118,DIS-0118,SHP-05405,SHP-11880,SHP-09695,3,Departure Delay,0,16,18,Equipment Failure,False,True,Active Cascade
CAS-0118,DIS-0118,SHP-05405,SHP-11880,SHP-09695,3,Customer Delivery Risk,0,16,18,Equipment Failure,False,True,Partially Absorbed
CAS-0118,DIS-0118,SHP-05405,SHP-03495,SHP-07278,2,Warehouse Transfer,0,16,18,Equipment Failure,False,True,Active Cascade
CAS-0118,DIS-0118,SHP-05405,SHP-03495,SHP-07278,2,Departure Delay,0,16,18,Equipment Failure,False,True,Active Cascade
CAS-0118,DIS-0118,SHP-05405,SHP-03495,SHP-07278,2,Customer Delivery Risk,0,16,18,Equipment Failure,False,True,Partially Absorbed
CAS-0119,DIS-0119,SHP-13452,SHP-13452,,0,Root Disruption,195,0,195,Vehicle Breakdown,True,False,Active Cascade
CAS-0119,DIS-0119,SHP-13452,SHP-13452,,0,Dispatch Delay,0,195,195,Vehicle Breakdown,True,False,Active Cascade
CAS-0119,DIS-0119,SHP-13452,SHP-13452,,0,Customer Delivery Risk,0,195,195,Vehicle Breakdown,True,False,Severe Delay Breached
CAS-0119,DIS-0119,SHP-13452,SHP-13013,SHP-13452,1,Cross-Dock Transfer,0,16,16,Vehicle Breakdown,False,True,Active Cascade
CAS-0119,DIS-0119,SHP-13452,SHP-13013,SHP-13452,1,Departure Delay,0,16,16,Vehicle Breakdown,False,True,Active Cascade
CAS-0119,DIS-0119,SHP-13452,SHP-13013,SHP-13452,1,Customer Delivery Risk,0,16,16,Vehicle Breakdown,False,True,Partially Absorbed
CAS-0120,DIS-0120,SHP-13856,SHP-13856,,0,Root Disruption,200,0,202,Vehicle Breakdown,True,False,Active Cascade
CAS-0120,DIS-0120,SHP-13856,SHP-13856,,0,Dispatch Delay,0,200,202,Vehicle Breakdown,True,False,Active Cascade
CAS-0120,DIS-0120,SHP-13856,SHP-13856,,0,Customer Delivery Risk,0,200,202,Vehicle Breakdown,True,False,Severe Delay Breached
CAS-0120,DIS-0120,SHP-13856,SHP-09504,SHP-13856,1,Route Connection,0,99,101,Vehicle Breakdown,False,True,Active Cascade
CAS-0120,DIS-0120,SHP-13856,SHP-09504,SHP-13856,1,Departure Delay,0,99,101,Vehicle Breakdown,False,True,Active Cascade
CAS-0120,DIS-0120,SHP-13856,SHP-09504,SHP-13856,1,Customer Delivery Risk,0,99,101,Vehicle Breakdown,False,True,Partially Absorbed
CAS-0121,DIS-0121,SHP-10749,SHP-10749,,0,Root Disruption,152,0,158,Vehicle Breakdown,True,False,Active Cascade
CAS-0121,DIS-0121,SHP-10749,SHP-10749,,0,Dispatch Delay,0,152,158,Vehicle Breakdown,True,False,Active Cascade
CAS-0121,DIS-0121,SHP-10749,SHP-10749,,0,Customer Delivery Risk,0,152,158,Vehicle Breakdown,True,False,Severe Delay Breached
CAS-0121,DIS-0121,SHP-10749,SHP-04889,SHP-10749,1,Cross-Dock Transfer,0,110,119,Vehicle Breakdown,False,True,Active Cascade
CAS-0121,DIS-0121,SHP-10749,SHP-04889,SHP-10749,1,Departure Delay,0,110,119,Vehicle Breakdown,False,True,Active Cascade
CAS-0121,DIS-0121,SHP-10749,SHP-04889,SHP-10749,1,Customer Delivery Risk,0,110,119,Vehicle Breakdown,False,True,Partially Absorbed
CAS-0122,DIS-0122,SHP-03613,SHP-03613,,0,Root Disruption,78,0,74,Equipment Failure,True,False,Active Cascade
CAS-0122,DIS-0122,SHP-03613,SHP-03613,,0,Dispatch Delay,0,78,74,Equipment Failure,True,False,Active Cascade
CAS-0122,DIS-0122,SHP-03613,SHP-03613,,0,Customer Delivery Risk,0,78,74,Equipment Failure,True,False,Partially Absorbed
CAS-0122,DIS-0122,SHP-03613,SHP-01118,SHP-03613,1,Route Connection,0,20,25,Equipment Failure,False,True,Active Cascade
CAS-0122,DIS-0122,SHP-03613,SHP-01118,SHP-03613,1,Departure Delay,0,20,25,Equipment Failure,False,True,Active Cascade
CAS-0122,DIS-0122,SHP-03613,SHP-01118,SHP-03613,1,Customer Delivery Risk,0,20,25,Equipment Failure,False,True,Partially Absorbed
CAS-0122,DIS-0122,SHP-03613,SHP-05540,SHP-01118,2,Warehouse Transfer,0,16,20,Equipment Failure,False,True,Active Cascade
CAS-0122,DIS-0122,SHP-03613,SHP-05540,SHP-01118,2,Departure Delay,0,16,20,Equipment Failure,False,True,Active Cascade
CAS-0122,DIS-0122,SHP-03613,SHP-05540,SHP-01118,2,Customer Delivery Risk,0,16,20,Equipment Failure,False,True,Partially Absorbed
CAS-0122,DIS-0122,SHP-03613,SHP-10639,SHP-01118,2,Warehouse Transfer,0,16,11,Equipment Failure,False,True,Active Cascade
CAS-0122,DIS-0122,SHP-03613,SHP-10639,SHP-01118,2,Departure Delay,0,16,11,Equipment Failure,False,True,Active Cascade
CAS-0122,DIS-0122,SHP-03613,SHP-10639,SHP-01118,2,Customer Delivery Risk,0,16,11,Equipment Failure,False,True,Partially Absorbed
CAS-0123,DIS-0123,SHP-04492,SHP-04492,,0,Root Disruption,169,0,179,Severe Weather,True,False,Active Cascade
CAS-0123,DIS-0123,SHP-04492,SHP-04492,,0,Dispatch Delay,0,169,179,Severe Weather,True,False,Active Cascade
CAS-0123,DIS-0123,SHP-04492,SHP-04492,,0,Customer Delivery Risk,0,169,179,Severe Weather,True,False,Severe Delay Breached
CAS-0123,DIS-0123,SHP-04492,SHP-02290,SHP-04492,1,Cross-Dock Transfer,0,162,160,Severe Weather,False,True,Active Cascade
CAS-0123,DIS-0123,SHP-04492,SHP-02290,SHP-04492,1,Departure Delay,0,162,160,Severe Weather,False,True,Active Cascade
CAS-0123,DIS-0123,SHP-04492,SHP-02290,SHP-04492,1,Customer Delivery Risk,0,162,160,Severe Weather,False,True,Severe Delay Breached
CAS-0123,DIS-0123,SHP-04492,SHP-00471,SHP-04492,1,Cross-Dock Transfer,0,153,154,Severe Weather,False,True,Active Cascade
CAS-0123,DIS-0123,SHP-04492,SHP-00471,SHP-04492,1,Departure Delay,0,153,154,Severe Weather,False,True,Active Cascade
CAS-0123,DIS-0123,SHP-04492,SHP-00471,SHP-04492,1,Customer Delivery Risk,0,153,154,Severe Weather,False,True,Severe Delay Breached
CAS-0123,DIS-0123,SHP-04492,SHP-08200,SHP-04492,1,Cross-Dock Transfer,0,147,154,Severe Weather,False,True,Active Cascade
CAS-0123,DIS-0123,SHP-04492,SHP-08200,SHP-04492,1,Departure Delay,0,147,154,Severe Weather,False,True,Active Cascade
CAS-0123,DIS-0123,SHP-04492,SHP-08200,SHP-04492,1,Customer Delivery Risk,0,147,154,Severe Weather,False,True,Severe Delay Breached
CAS-0124,DIS-0124,SHP-02246,SHP-02246,,0,Root Disruption,148,0,154,Road Closure,True,False,Active Cascade
CAS-0124,DIS-0124,SHP-02246,SHP-02246,,0,Dispatch Delay,0,148,154,Road Closure,True,False,Active Cascade
CAS-0124,DIS-0124,SHP-02246,SHP-02246,,0,Customer Delivery Risk,0,148,154,Road Closure,True,False,Severe Delay Breached
CAS-0124,DIS-0124,SHP-02246,SHP-06206,SHP-02246,1,Route Connection,0,69,78,Road Closure,False,True,Active Cascade
CAS-0124,DIS-0124,SHP-02246,SHP-06206,SHP-02246,1,Departure Delay,0,69,78,Road Closure,False,True,Active Cascade
CAS-0124,DIS-0124,SHP-02246,SHP-06206,SHP-02246,1,Customer Delivery Risk,0,69,78,Road Closure,False,True,Partially Absorbed
CAS-0124,DIS-0124,SHP-02246,SHP-00167,SHP-06206,2,Warehouse Transfer,0,23,22,Road Closure,False,True,Active Cascade
CAS-0124,DIS-0124,SHP-02246,SHP-00167,SHP-06206,2,Departure Delay,0,23,22,Road Closure,False,True,Active Cascade
CAS-0124,DIS-0124,SHP-02246,SHP-00167,SHP-06206,2,Customer Delivery Risk,0,23,22,Road Closure,False,True,Partially Absorbed
CAS-0124,DIS-0124,SHP-02246,SHP-03117,SHP-06206,2,Warehouse Transfer,0,29,39,Road Closure,False,True,Active Cascade
CAS-0124,DIS-0124,SHP-02246,SHP-03117,SHP-06206,2,Departure Delay,0,29,39,Road Closure,False,True,Active Cascade
CAS-0124,DIS-0124,SHP-02246,SHP-03117,SHP-06206,2,Customer Delivery Risk,0,29,39,Road Closure,False,True,Partially Absorbed
CAS-0125,DIS-0125,SHP-03977,SHP-03977,,0,Root Disruption,246,0,256,Vehicle Breakdown,True,False,Active Cascade
CAS-0125,DIS-0125,SHP-03977,SHP-03977,,0,Dispatch Delay,0,246,256,Vehicle Breakdown,True,False,Active Cascade
CAS-0125,DIS-0125,SHP-03977,SHP-03977,,0,Customer Delivery Risk,0,246,256,Vehicle Breakdown,True,False,Severe Delay Breached
CAS-0125,DIS-0125,SHP-03977,SHP-03134,SHP-03977,1,Cross-Dock Transfer,0,102,102,Vehicle Breakdown,False,True,Active Cascade
CAS-0125,DIS-0125,SHP-03977,SHP-03134,SHP-03977,1,Departure Delay,0,102,102,Vehicle Breakdown,False,True,Active Cascade
CAS-0125,DIS-0125,SHP-03977,SHP-03134,SHP-03977,1,Customer Delivery Risk,0,102,102,Vehicle Breakdown,False,True,Partially Absorbed
CAS-0125,DIS-0125,SHP-03977,SHP-04771,SHP-03977,1,Cross-Dock Transfer,0,104,101,Vehicle Breakdown,False,True,Active Cascade
CAS-0125,DIS-0125,SHP-03977,SHP-04771,SHP-03977,1,Departure Delay,0,104,101,Vehicle Breakdown,False,True,Active Cascade
CAS-0125,DIS-0125,SHP-03977,SHP-04771,SHP-03977,1,Customer Delivery Risk,0,104,101,Vehicle Breakdown,False,True,Partially Absorbed
CAS-0126,DIS-0126,SHP-04372,SHP-04372,,0,Root Disruption,73,0,71,State Border Checkpoint Hold,True,False,Active Cascade
CAS-0126,DIS-0126,SHP-04372,SHP-04372,,0,Dispatch Delay,0,73,71,State Border Checkpoint Hold,True,False,Active Cascade
CAS-0126,DIS-0126,SHP-04372,SHP-04372,,0,Customer Delivery Risk,0,73,71,State Border Checkpoint Hold,True,False,Partially Absorbed
CAS-0126,DIS-0126,SHP-04372,SHP-10008,SHP-04372,1,Route Connection,0,20,29,State Border Checkpoint Hold,False,True,Active Cascade
CAS-0126,DIS-0126,SHP-04372,SHP-10008,SHP-04372,1,Departure Delay,0,20,29,State Border Checkpoint Hold,False,True,Active Cascade
CAS-0126,DIS-0126,SHP-04372,SHP-10008,SHP-04372,1,Customer Delivery Risk,0,20,29,State Border Checkpoint Hold,False,True,Partially Absorbed
CAS-0126,DIS-0126,SHP-04372,SHP-09081,SHP-10008,2,Warehouse Transfer,0,16,16,State Border Checkpoint Hold,False,True,Active Cascade
CAS-0126,DIS-0126,SHP-04372,SHP-09081,SHP-10008,2,Departure Delay,0,16,16,State Border Checkpoint Hold,False,True,Active Cascade
CAS-0126,DIS-0126,SHP-04372,SHP-09081,SHP-10008,2,Customer Delivery Risk,0,16,16,State Border Checkpoint Hold,False,True,Partially Absorbed
CAS-0126,DIS-0126,SHP-04372,SHP-13492,SHP-09081,3,Route Connection,0,16,19,State Border Checkpoint Hold,False,True,Active Cascade
CAS-0126,DIS-0126,SHP-04372,SHP-13492,SHP-09081,3,Departure Delay,0,16,19,State Border Checkpoint Hold,False,True,Active Cascade
CAS-0126,DIS-0126,SHP-04372,SHP-13492,SHP-09081,3,Customer Delivery Risk,0,16,19,State Border Checkpoint Hold,False,True,Partially Absorbed
CAS-0127,DIS-0127,SHP-06649,SHP-06649,,0,Root Disruption,238,0,239,Vehicle Breakdown,True,False,Active Cascade
CAS-0127,DIS-0127,SHP-06649,SHP-06649,,0,Dispatch Delay,0,238,239,Vehicle Breakdown,True,False,Active Cascade
CAS-0127,DIS-0127,SHP-06649,SHP-06649,,0,Customer Delivery Risk,0,238,239,Vehicle Breakdown,True,False,Severe Delay Breached
CAS-0127,DIS-0127,SHP-06649,SHP-07932,SHP-06649,1,Waiting for Inbound Shipment,0,20,20,Vehicle Breakdown,False,True,Active Cascade
CAS-0127,DIS-0127,SHP-06649,SHP-07932,SHP-06649,1,Departure Delay,0,20,20,Vehicle Breakdown,False,True,Active Cascade
CAS-0127,DIS-0127,SHP-06649,SHP-07932,SHP-06649,1,Customer Delivery Risk,0,20,20,Vehicle Breakdown,False,True,Partially Absorbed
CAS-0127,DIS-0127,SHP-06649,SHP-00874,SHP-07932,2,Warehouse Transfer,0,16,17,Vehicle Breakdown,False,True,Active Cascade
CAS-0127,DIS-0127,SHP-06649,SHP-00874,SHP-07932,2,Departure Delay,0,16,17,Vehicle Breakdown,False,True,Active Cascade
CAS-0127,DIS-0127,SHP-06649,SHP-00874,SHP-07932,2,Customer Delivery Risk,0,16,17,Vehicle Breakdown,False,True,Partially Absorbed
CAS-0128,DIS-0128,SHP-08534,SHP-08534,,0,Root Disruption,171,0,176,Labor Shortage,True,False,Active Cascade
CAS-0128,DIS-0128,SHP-08534,SHP-08534,,0,Dispatch Delay,0,171,176,Labor Shortage,True,False,Active Cascade
CAS-0128,DIS-0128,SHP-08534,SHP-08534,,0,Customer Delivery Risk,0,171,176,Labor Shortage,True,False,Severe Delay Breached
CAS-0128,DIS-0128,SHP-08534,SHP-11135,SHP-08534,1,Shared Vehicle Turnaround,0,20,21,Vehicle Breakdown,False,True,Active Cascade
CAS-0128,DIS-0128,SHP-08534,SHP-11135,SHP-08534,1,Departure Delay,0,20,21,Vehicle Breakdown,False,True,Active Cascade
CAS-0128,DIS-0128,SHP-08534,SHP-11135,SHP-08534,1,Customer Delivery Risk,0,20,21,Vehicle Breakdown,False,True,Partially Absorbed
CAS-0129,DIS-0129,SHP-05371,SHP-05371,,0,Root Disruption,239,0,234,Vehicle Breakdown,True,False,Active Cascade
CAS-0129,DIS-0129,SHP-05371,SHP-05371,,0,Dispatch Delay,0,239,234,Vehicle Breakdown,True,False,Active Cascade
CAS-0129,DIS-0129,SHP-05371,SHP-05371,,0,Customer Delivery Risk,0,239,234,Vehicle Breakdown,True,False,Severe Delay Breached
CAS-0129,DIS-0129,SHP-05371,SHP-09783,SHP-05371,1,Warehouse Congestion Transfer,179,0,184,Warehouse Congestion,False,True,Active Cascade
CAS-0129,DIS-0129,SHP-05371,SHP-09783,SHP-05371,1,Departure Delay,0,0,184,Warehouse Congestion,False,True,Active Cascade
CAS-0129,DIS-0129,SHP-05371,SHP-09783,SHP-05371,1,Customer Delivery Risk,0,0,184,Warehouse Congestion,False,True,Severe Delay Breached
CAS-0129,DIS-0129,SHP-05371,SHP-04287,SHP-05371,1,Warehouse Congestion Transfer,115,0,113,Warehouse Congestion,False,True,Active Cascade
CAS-0129,DIS-0129,SHP-05371,SHP-04287,SHP-05371,1,Departure Delay,0,0,113,Warehouse Congestion,False,True,Active Cascade
CAS-0129,DIS-0129,SHP-05371,SHP-04287,SHP-05371,1,Customer Delivery Risk,0,0,113,Warehouse Congestion,False,True,Partially Absorbed
CAS-0129,DIS-0129,SHP-05371,SHP-05065,SHP-05371,1,Warehouse Congestion Transfer,77,0,77,Warehouse Congestion,False,True,Active Cascade
CAS-0129,DIS-0129,SHP-05371,SHP-05065,SHP-05371,1,Departure Delay,0,0,77,Warehouse Congestion,False,True,Active Cascade
CAS-0129,DIS-0129,SHP-05371,SHP-05065,SHP-05371,1,Customer Delivery Risk,0,0,77,Warehouse Congestion,False,True,Partially Absorbed
CAS-0130,DIS-0130,SHP-10416,SHP-10416,,0,Root Disruption,164,0,172,Equipment Failure,True,False,Active Cascade
CAS-0130,DIS-0130,SHP-10416,SHP-10416,,0,Dispatch Delay,0,164,172,Equipment Failure,True,False,Active Cascade
CAS-0130,DIS-0130,SHP-10416,SHP-10416,,0,Customer Delivery Risk,0,164,172,Equipment Failure,True,False,Severe Delay Breached
CAS-0130,DIS-0130,SHP-10416,SHP-07807,SHP-10416,1,Cross-Dock Transfer,0,16,23,Equipment Failure,False,True,Active Cascade
CAS-0130,DIS-0130,SHP-10416,SHP-07807,SHP-10416,1,Departure Delay,0,16,23,Equipment Failure,False,True,Active Cascade
CAS-0130,DIS-0130,SHP-10416,SHP-07807,SHP-10416,1,Customer Delivery Risk,0,16,23,Equipment Failure,False,True,Partially Absorbed
CAS-0131,DIS-0131,SHP-12882,SHP-12882,,0,Root Disruption,168,0,168,Labor Shortage,True,False,Active Cascade
CAS-0131,DIS-0131,SHP-12882,SHP-12882,,0,Dispatch Delay,0,168,168,Labor Shortage,True,False,Active Cascade
CAS-0131,DIS-0131,SHP-12882,SHP-12882,,0,Customer Delivery Risk,0,168,168,Labor Shortage,True,False,Severe Delay Breached
CAS-0131,DIS-0131,SHP-12882,SHP-03259,SHP-12882,1,Cross-Dock Transfer,0,16,12,Labor Shortage,False,True,Active Cascade
CAS-0131,DIS-0131,SHP-12882,SHP-03259,SHP-12882,1,Departure Delay,0,16,12,Labor Shortage,False,True,Active Cascade
CAS-0131,DIS-0131,SHP-12882,SHP-03259,SHP-12882,1,Customer Delivery Risk,0,16,12,Labor Shortage,False,True,Partially Absorbed
CAS-0131,DIS-0131,SHP-12882,SHP-00562,SHP-12882,1,Cross-Dock Transfer,0,16,15,Labor Shortage,False,True,Active Cascade
CAS-0131,DIS-0131,SHP-12882,SHP-00562,SHP-12882,1,Departure Delay,0,16,15,Labor Shortage,False,True,Active Cascade
CAS-0131,DIS-0131,SHP-12882,SHP-00562,SHP-12882,1,Customer Delivery Risk,0,16,15,Labor Shortage,False,True,Partially Absorbed
CAS-0132,DIS-0132,SHP-10433,SHP-10433,,0,Root Disruption,157,0,154,Equipment Failure,True,False,Active Cascade
CAS-0132,DIS-0132,SHP-10433,SHP-10433,,0,Dispatch Delay,0,157,154,Equipment Failure,True,False,Active Cascade
CAS-0132,DIS-0132,SHP-10433,SHP-10433,,0,Customer Delivery Risk,0,157,154,Equipment Failure,True,False,Severe Delay Breached
CAS-0132,DIS-0132,SHP-10433,SHP-01762,SHP-10433,1,Shared Vehicle Turnaround,0,98,100,Vehicle Breakdown,False,True,Active Cascade
CAS-0132,DIS-0132,SHP-10433,SHP-01762,SHP-10433,1,Departure Delay,0,98,100,Vehicle Breakdown,False,True,Active Cascade
CAS-0132,DIS-0132,SHP-10433,SHP-01762,SHP-10433,1,Customer Delivery Risk,0,98,100,Vehicle Breakdown,False,True,Partially Absorbed
CAS-0133,DIS-0133,SHP-02805,SHP-02805,,0,Root Disruption,133,0,130,Severe Weather,True,False,Active Cascade
CAS-0133,DIS-0133,SHP-02805,SHP-02805,,0,Dispatch Delay,0,133,130,Severe Weather,True,False,Active Cascade
CAS-0133,DIS-0133,SHP-02805,SHP-02805,,0,Customer Delivery Risk,0,133,130,Severe Weather,True,False,Severe Delay Breached
CAS-0133,DIS-0133,SHP-02805,SHP-09898,SHP-02805,1,Warehouse Congestion Transfer,105,0,108,Warehouse Congestion,False,True,Active Cascade
CAS-0133,DIS-0133,SHP-02805,SHP-09898,SHP-02805,1,Departure Delay,0,0,108,Warehouse Congestion,False,True,Active Cascade
CAS-0133,DIS-0133,SHP-02805,SHP-09898,SHP-02805,1,Customer Delivery Risk,0,0,108,Warehouse Congestion,False,True,Partially Absorbed
CAS-0134,DIS-0134,SHP-01661,SHP-01661,,0,Root Disruption,126,0,121,Equipment Failure,True,False,Active Cascade
CAS-0134,DIS-0134,SHP-01661,SHP-01661,,0,Dispatch Delay,0,126,121,Equipment Failure,True,False,Active Cascade
CAS-0134,DIS-0134,SHP-01661,SHP-01661,,0,Customer Delivery Risk,0,126,121,Equipment Failure,True,False,Severe Delay Breached
CAS-0134,DIS-0134,SHP-01661,SHP-07132,SHP-01661,1,Route Connection,0,31,32,Equipment Failure,False,True,Active Cascade
CAS-0134,DIS-0134,SHP-01661,SHP-07132,SHP-01661,1,Departure Delay,0,31,32,Equipment Failure,False,True,Active Cascade
CAS-0134,DIS-0134,SHP-01661,SHP-07132,SHP-01661,1,Customer Delivery Risk,0,31,32,Equipment Failure,False,True,Partially Absorbed
CAS-0135,DIS-0135,SHP-00672,SHP-00672,,0,Root Disruption,142,0,141,State Border Checkpoint Hold,True,False,Active Cascade
CAS-0135,DIS-0135,SHP-00672,SHP-00672,,0,Dispatch Delay,0,142,141,State Border Checkpoint Hold,True,False,Active Cascade
CAS-0135,DIS-0135,SHP-00672,SHP-00672,,0,Customer Delivery Risk,0,142,141,State Border Checkpoint Hold,True,False,Severe Delay Breached
CAS-0135,DIS-0135,SHP-00672,SHP-05193,SHP-00672,1,Warehouse Congestion Transfer,47,0,47,Warehouse Congestion,False,True,Active Cascade
CAS-0135,DIS-0135,SHP-00672,SHP-05193,SHP-00672,1,Departure Delay,0,0,47,Warehouse Congestion,False,True,Active Cascade
CAS-0135,DIS-0135,SHP-00672,SHP-05193,SHP-00672,1,Customer Delivery Risk,0,0,47,Warehouse Congestion,False,True,Partially Absorbed
CAS-0135,DIS-0135,SHP-00672,SHP-10318,SHP-00672,1,Warehouse Congestion Transfer,110,0,118,Warehouse Congestion,False,True,Active Cascade
CAS-0135,DIS-0135,SHP-00672,SHP-10318,SHP-00672,1,Departure Delay,0,0,118,Warehouse Congestion,False,True,Active Cascade
CAS-0135,DIS-0135,SHP-00672,SHP-10318,SHP-00672,1,Customer Delivery Risk,0,0,118,Warehouse Congestion,False,True,Partially Absorbed
CAS-0135,DIS-0135,SHP-00672,SHP-09681,SHP-00672,1,Warehouse Congestion Transfer,116,0,125,Warehouse Congestion,False,True,Active Cascade
CAS-0135,DIS-0135,SHP-00672,SHP-09681,SHP-00672,1,Departure Delay,0,0,125,Warehouse Congestion,False,True,Active Cascade
CAS-0135,DIS-0135,SHP-00672,SHP-09681,SHP-00672,1,Customer Delivery Risk,0,0,125,Warehouse Congestion,False,True,Severe Delay Breached
CAS-0135,DIS-0135,SHP-00672,SHP-09512,SHP-00672,1,Warehouse Congestion Transfer,66,0,72,Warehouse Congestion,False,True,Active Cascade
CAS-0135,DIS-0135,SHP-00672,SHP-09512,SHP-00672,1,Departure Delay,0,0,72,Warehouse Congestion,False,True,Active Cascade
CAS-0135,DIS-0135,SHP-00672,SHP-09512,SHP-00672,1,Customer Delivery Risk,0,0,72,Warehouse Congestion,False,True,Partially Absorbed
CAS-0136,DIS-0136,SHP-07413,SHP-07413,,0,Root Disruption,126,0,132,State Border Checkpoint Hold,True,False,Active Cascade
CAS-0136,DIS-0136,SHP-07413,SHP-07413,,0,Dispatch Delay,0,126,132,State Border Checkpoint Hold,True,False,Active Cascade
CAS-0136,DIS-0136,SHP-07413,SHP-07413,,0,Customer Delivery Risk,0,126,132,State Border Checkpoint Hold,True,False,Severe Delay Breached
CAS-0136,DIS-0136,SHP-07413,SHP-07041,SHP-07413,1,Warehouse Congestion Transfer,67,0,63,Warehouse Congestion,False,True,Active Cascade
CAS-0136,DIS-0136,SHP-07413,SHP-07041,SHP-07413,1,Departure Delay,0,0,63,Warehouse Congestion,False,True,Active Cascade
CAS-0136,DIS-0136,SHP-07413,SHP-07041,SHP-07413,1,Customer Delivery Risk,0,0,63,Warehouse Congestion,False,True,Partially Absorbed
CAS-0136,DIS-0136,SHP-07413,SHP-00613,SHP-07413,1,Warehouse Congestion Transfer,55,0,57,Warehouse Congestion,False,True,Active Cascade
CAS-0136,DIS-0136,SHP-07413,SHP-00613,SHP-07413,1,Departure Delay,0,0,57,Warehouse Congestion,False,True,Active Cascade
CAS-0136,DIS-0136,SHP-07413,SHP-00613,SHP-07413,1,Customer Delivery Risk,0,0,57,Warehouse Congestion,False,True,Partially Absorbed
CAS-0137,DIS-0137,SHP-02660,SHP-02660,,0,Root Disruption,194,0,200,Severe Weather,True,False,Active Cascade
CAS-0137,DIS-0137,SHP-02660,SHP-02660,,0,Dispatch Delay,0,194,200,Severe Weather,True,False,Active Cascade
CAS-0137,DIS-0137,SHP-02660,SHP-02660,,0,Customer Delivery Risk,0,194,200,Severe Weather,True,False,Severe Delay Breached
CAS-0137,DIS-0137,SHP-02660,SHP-04116,SHP-02660,1,Waiting for Inbound Shipment,0,41,45,Severe Weather,False,True,Active Cascade
CAS-0137,DIS-0137,SHP-02660,SHP-04116,SHP-02660,1,Departure Delay,0,41,45,Severe Weather,False,True,Active Cascade
CAS-0137,DIS-0137,SHP-02660,SHP-04116,SHP-02660,1,Customer Delivery Risk,0,41,45,Severe Weather,False,True,Partially Absorbed
CAS-0137,DIS-0137,SHP-02660,SHP-01300,SHP-04116,2,Warehouse Transfer,0,16,14,Severe Weather,False,True,Active Cascade
CAS-0137,DIS-0137,SHP-02660,SHP-01300,SHP-04116,2,Departure Delay,0,16,14,Severe Weather,False,True,Active Cascade
CAS-0137,DIS-0137,SHP-02660,SHP-01300,SHP-04116,2,Customer Delivery Risk,0,16,14,Severe Weather,False,True,Partially Absorbed
CAS-0138,DIS-0138,SHP-02571,SHP-02571,,0,Root Disruption,98,0,95,Road Closure,True,False,Active Cascade
CAS-0138,DIS-0138,SHP-02571,SHP-02571,,0,Dispatch Delay,0,98,95,Road Closure,True,False,Active Cascade
CAS-0138,DIS-0138,SHP-02571,SHP-02571,,0,Customer Delivery Risk,0,98,95,Road Closure,True,False,Partially Absorbed
CAS-0138,DIS-0138,SHP-02571,SHP-08174,SHP-02571,1,Shared Vehicle Turnaround,0,20,18,Vehicle Breakdown,False,True,Active Cascade
CAS-0138,DIS-0138,SHP-02571,SHP-08174,SHP-02571,1,Departure Delay,0,20,18,Vehicle Breakdown,False,True,Active Cascade
CAS-0138,DIS-0138,SHP-02571,SHP-08174,SHP-02571,1,Customer Delivery Risk,0,20,18,Vehicle Breakdown,False,True,Partially Absorbed
CAS-0139,DIS-0139,SHP-12724,SHP-12724,,0,Root Disruption,156,0,162,Equipment Failure,True,False,Active Cascade
CAS-0139,DIS-0139,SHP-12724,SHP-12724,,0,Dispatch Delay,0,156,162,Equipment Failure,True,False,Active Cascade
CAS-0139,DIS-0139,SHP-12724,SHP-12724,,0,Customer Delivery Risk,0,156,162,Equipment Failure,True,False,Severe Delay Breached
CAS-0139,DIS-0139,SHP-12724,SHP-03791,SHP-12724,1,Route Connection,0,20,28,Equipment Failure,False,True,Active Cascade
CAS-0139,DIS-0139,SHP-12724,SHP-03791,SHP-12724,1,Departure Delay,0,20,28,Equipment Failure,False,True,Active Cascade
CAS-0139,DIS-0139,SHP-12724,SHP-03791,SHP-12724,1,Customer Delivery Risk,0,20,28,Equipment Failure,False,True,Partially Absorbed
CAS-0140,DIS-0140,SHP-03615,SHP-03615,,0,Root Disruption,200,0,210,Road Closure,True,False,Active Cascade
CAS-0140,DIS-0140,SHP-03615,SHP-03615,,0,Dispatch Delay,0,200,210,Road Closure,True,False,Active Cascade
CAS-0140,DIS-0140,SHP-03615,SHP-03615,,0,Customer Delivery Risk,0,200,210,Road Closure,True,False,Severe Delay Breached
CAS-0140,DIS-0140,SHP-03615,SHP-06143,SHP-03615,1,Waiting for Inbound Shipment,0,20,16,Road Closure,False,True,Active Cascade
CAS-0140,DIS-0140,SHP-03615,SHP-06143,SHP-03615,1,Departure Delay,0,20,16,Road Closure,False,True,Active Cascade
CAS-0140,DIS-0140,SHP-03615,SHP-06143,SHP-03615,1,Customer Delivery Risk,0,20,16,Road Closure,False,True,Partially Absorbed
CAS-0140,DIS-0140,SHP-03615,SHP-10706,SHP-06143,2,Warehouse Transfer,0,16,18,Road Closure,False,True,Active Cascade
CAS-0140,DIS-0140,SHP-03615,SHP-10706,SHP-06143,2,Departure Delay,0,16,18,Road Closure,False,True,Active Cascade
CAS-0140,DIS-0140,SHP-03615,SHP-10706,SHP-06143,2,Customer Delivery Risk,0,16,18,Road Closure,False,True,Partially Absorbed
CAS-0141,DIS-0141,SHP-05765,SHP-05765,,0,Root Disruption,116,0,114,Equipment Failure,True,False,Active Cascade
CAS-0141,DIS-0141,SHP-05765,SHP-05765,,0,Dispatch Delay,0,116,114,Equipment Failure,True,False,Active Cascade
CAS-0141,DIS-0141,SHP-05765,SHP-05765,,0,Customer Delivery Risk,0,116,114,Equipment Failure,True,False,Partially Absorbed
CAS-0141,DIS-0141,SHP-05765,SHP-00841,SHP-05765,1,Warehouse Congestion Transfer,70,0,68,Warehouse Congestion,False,True,Active Cascade
CAS-0141,DIS-0141,SHP-05765,SHP-00841,SHP-05765,1,Departure Delay,0,0,68,Warehouse Congestion,False,True,Active Cascade
CAS-0141,DIS-0141,SHP-05765,SHP-00841,SHP-05765,1,Customer Delivery Risk,0,0,68,Warehouse Congestion,False,True,Partially Absorbed
CAS-0141,DIS-0141,SHP-05765,SHP-08552,SHP-05765,1,Warehouse Congestion Transfer,60,0,59,Warehouse Congestion,False,True,Active Cascade
CAS-0141,DIS-0141,SHP-05765,SHP-08552,SHP-05765,1,Departure Delay,0,0,59,Warehouse Congestion,False,True,Active Cascade
CAS-0141,DIS-0141,SHP-05765,SHP-08552,SHP-05765,1,Customer Delivery Risk,0,0,59,Warehouse Congestion,False,True,Partially Absorbed
CAS-0142,DIS-0142,SHP-04153,SHP-04153,,0,Root Disruption,109,0,108,Warehouse Congestion,True,False,Active Cascade
CAS-0142,DIS-0142,SHP-04153,SHP-04153,,0,Dispatch Delay,0,109,108,Warehouse Congestion,True,False,Active Cascade
CAS-0142,DIS-0142,SHP-04153,SHP-04153,,0,Customer Delivery Risk,0,109,108,Warehouse Congestion,True,False,Partially Absorbed
CAS-0142,DIS-0142,SHP-04153,SHP-09596,SHP-04153,1,Route Connection,0,20,30,Warehouse Congestion,False,True,Active Cascade
CAS-0142,DIS-0142,SHP-04153,SHP-09596,SHP-04153,1,Departure Delay,0,20,30,Warehouse Congestion,False,True,Active Cascade
CAS-0142,DIS-0142,SHP-04153,SHP-09596,SHP-04153,1,Customer Delivery Risk,0,20,30,Warehouse Congestion,False,True,Partially Absorbed
CAS-0142,DIS-0142,SHP-04153,SHP-10853,SHP-09596,2,Warehouse Transfer,0,16,18,Warehouse Congestion,False,True,Active Cascade
CAS-0142,DIS-0142,SHP-04153,SHP-10853,SHP-09596,2,Departure Delay,0,16,18,Warehouse Congestion,False,True,Active Cascade
CAS-0142,DIS-0142,SHP-04153,SHP-10853,SHP-09596,2,Customer Delivery Risk,0,16,18,Warehouse Congestion,False,True,Partially Absorbed
CAS-0143,DIS-0143,SHP-10188,SHP-10188,,0,Root Disruption,125,0,120,State Border Checkpoint Hold,True,False,Active Cascade
CAS-0143,DIS-0143,SHP-10188,SHP-10188,,0,Dispatch Delay,0,125,120,State Border Checkpoint Hold,True,False,Active Cascade
CAS-0143,DIS-0143,SHP-10188,SHP-10188,,0,Customer Delivery Risk,0,125,120,State Border Checkpoint Hold,True,False,Partially Absorbed
CAS-0143,DIS-0143,SHP-10188,SHP-03917,SHP-10188,1,Route Connection,0,20,19,State Border Checkpoint Hold,False,True,Active Cascade
CAS-0143,DIS-0143,SHP-10188,SHP-03917,SHP-10188,1,Departure Delay,0,20,19,State Border Checkpoint Hold,False,True,Active Cascade
CAS-0143,DIS-0143,SHP-10188,SHP-03917,SHP-10188,1,Customer Delivery Risk,0,20,19,State Border Checkpoint Hold,False,True,Partially Absorbed
CAS-0144,DIS-0144,SHP-10584,SHP-10584,,0,Root Disruption,138,0,134,Vehicle Breakdown,True,False,Active Cascade
CAS-0144,DIS-0144,SHP-10584,SHP-10584,,0,Dispatch Delay,0,138,134,Vehicle Breakdown,True,False,Active Cascade
CAS-0144,DIS-0144,SHP-10584,SHP-10584,,0,Customer Delivery Risk,0,138,134,Vehicle Breakdown,True,False,Severe Delay Breached
CAS-0144,DIS-0144,SHP-10584,SHP-02468,SHP-10584,1,Waiting for Inbound Shipment,0,20,23,Vehicle Breakdown,False,True,Active Cascade
CAS-0144,DIS-0144,SHP-10584,SHP-02468,SHP-10584,1,Departure Delay,0,20,23,Vehicle Breakdown,False,True,Active Cascade
CAS-0144,DIS-0144,SHP-10584,SHP-02468,SHP-10584,1,Customer Delivery Risk,0,20,23,Vehicle Breakdown,False,True,Partially Absorbed
CAS-0144,DIS-0144,SHP-10584,SHP-01477,SHP-02468,2,Warehouse Transfer,0,16,11,Vehicle Breakdown,False,True,Active Cascade
CAS-0144,DIS-0144,SHP-10584,SHP-01477,SHP-02468,2,Departure Delay,0,16,11,Vehicle Breakdown,False,True,Active Cascade
CAS-0144,DIS-0144,SHP-10584,SHP-01477,SHP-02468,2,Customer Delivery Risk,0,16,11,Vehicle Breakdown,False,True,Partially Absorbed
CAS-0145,DIS-0145,SHP-13523,SHP-13523,,0,Root Disruption,103,0,101,Equipment Failure,True,False,Active Cascade
CAS-0145,DIS-0145,SHP-13523,SHP-13523,,0,Dispatch Delay,0,103,101,Equipment Failure,True,False,Active Cascade
CAS-0145,DIS-0145,SHP-13523,SHP-13523,,0,Customer Delivery Risk,0,103,101,Equipment Failure,True,False,Partially Absorbed
CAS-0145,DIS-0145,SHP-13523,SHP-09644,SHP-13523,1,Warehouse Congestion Transfer,73,0,79,Warehouse Congestion,False,True,Active Cascade
CAS-0145,DIS-0145,SHP-13523,SHP-09644,SHP-13523,1,Departure Delay,0,0,79,Warehouse Congestion,False,True,Active Cascade
CAS-0145,DIS-0145,SHP-13523,SHP-09644,SHP-13523,1,Customer Delivery Risk,0,0,79,Warehouse Congestion,False,True,Partially Absorbed
CAS-0145,DIS-0145,SHP-13523,SHP-06191,SHP-13523,1,Warehouse Congestion Transfer,50,0,58,Warehouse Congestion,False,True,Active Cascade
CAS-0145,DIS-0145,SHP-13523,SHP-06191,SHP-13523,1,Departure Delay,0,0,58,Warehouse Congestion,False,True,Active Cascade
CAS-0145,DIS-0145,SHP-13523,SHP-06191,SHP-13523,1,Customer Delivery Risk,0,0,58,Warehouse Congestion,False,True,Partially Absorbed
CAS-0145,DIS-0145,SHP-13523,SHP-09921,SHP-13523,1,Warehouse Congestion Transfer,46,0,56,Warehouse Congestion,False,True,Active Cascade
CAS-0145,DIS-0145,SHP-13523,SHP-09921,SHP-13523,1,Departure Delay,0,0,56,Warehouse Congestion,False,True,Active Cascade
CAS-0145,DIS-0145,SHP-13523,SHP-09921,SHP-13523,1,Customer Delivery Risk,0,0,56,Warehouse Congestion,False,True,Partially Absorbed
CAS-0145,DIS-0145,SHP-13523,SHP-00435,SHP-13523,1,Warehouse Congestion Transfer,70,0,78,Warehouse Congestion,False,True,Active Cascade
CAS-0145,DIS-0145,SHP-13523,SHP-00435,SHP-13523,1,Departure Delay,0,0,78,Warehouse Congestion,False,True,Active Cascade
CAS-0145,DIS-0145,SHP-13523,SHP-00435,SHP-13523,1,Customer Delivery Risk,0,0,78,Warehouse Congestion,False,True,Partially Absorbed
CAS-0146,DIS-0146,SHP-13893,SHP-13893,,0,Root Disruption,92,0,94,Equipment Failure,True,False,Active Cascade
CAS-0146,DIS-0146,SHP-13893,SHP-13893,,0,Dispatch Delay,0,92,94,Equipment Failure,True,False,Active Cascade
CAS-0146,DIS-0146,SHP-13893,SHP-13893,,0,Customer Delivery Risk,0,92,94,Equipment Failure,True,False,Partially Absorbed
CAS-0146,DIS-0146,SHP-13893,SHP-09916,SHP-13893,1,Warehouse Congestion Transfer,56,0,55,Warehouse Congestion,False,True,Active Cascade
CAS-0146,DIS-0146,SHP-13893,SHP-09916,SHP-13893,1,Departure Delay,0,0,55,Warehouse Congestion,False,True,Active Cascade
CAS-0146,DIS-0146,SHP-13893,SHP-09916,SHP-13893,1,Customer Delivery Risk,0,0,55,Warehouse Congestion,False,True,Partially Absorbed
CAS-0146,DIS-0146,SHP-13893,SHP-03168,SHP-13893,1,Warehouse Congestion Transfer,53,0,54,Warehouse Congestion,False,True,Active Cascade
CAS-0146,DIS-0146,SHP-13893,SHP-03168,SHP-13893,1,Departure Delay,0,0,54,Warehouse Congestion,False,True,Active Cascade
CAS-0146,DIS-0146,SHP-13893,SHP-03168,SHP-13893,1,Customer Delivery Risk,0,0,54,Warehouse Congestion,False,True,Partially Absorbed
CAS-0146,DIS-0146,SHP-13893,SHP-01709,SHP-13893,1,Warehouse Congestion Transfer,73,0,75,Warehouse Congestion,False,True,Active Cascade
CAS-0146,DIS-0146,SHP-13893,SHP-01709,SHP-13893,1,Departure Delay,0,0,75,Warehouse Congestion,False,True,Active Cascade
CAS-0146,DIS-0146,SHP-13893,SHP-01709,SHP-13893,1,Customer Delivery Risk,0,0,75,Warehouse Congestion,False,True,Partially Absorbed
CAS-0146,DIS-0146,SHP-13893,SHP-02946,SHP-13893,1,Warehouse Congestion Transfer,49,0,58,Warehouse Congestion,False,True,Active Cascade
CAS-0146,DIS-0146,SHP-13893,SHP-02946,SHP-13893,1,Departure Delay,0,0,58,Warehouse Congestion,False,True,Active Cascade
CAS-0146,DIS-0146,SHP-13893,SHP-02946,SHP-13893,1,Customer Delivery Risk,0,0,58,Warehouse Congestion,False,True,Partially Absorbed
CAS-0147,DIS-0147,SHP-11736,SHP-11736,,0,Root Disruption,145,0,152,State Border Checkpoint Hold,True,False,Active Cascade
CAS-0147,DIS-0147,SHP-11736,SHP-11736,,0,Dispatch Delay,0,145,152,State Border Checkpoint Hold,True,False,Active Cascade
CAS-0147,DIS-0147,SHP-11736,SHP-11736,,0,Customer Delivery Risk,0,145,152,State Border Checkpoint Hold,True,False,Severe Delay Breached
CAS-0147,DIS-0147,SHP-11736,SHP-04092,SHP-11736,1,Warehouse Congestion Transfer,71,0,81,Warehouse Congestion,False,True,Active Cascade
CAS-0147,DIS-0147,SHP-11736,SHP-04092,SHP-11736,1,Departure Delay,0,0,81,Warehouse Congestion,False,True,Active Cascade
CAS-0147,DIS-0147,SHP-11736,SHP-04092,SHP-11736,1,Customer Delivery Risk,0,0,81,Warehouse Congestion,False,True,Partially Absorbed
CAS-0147,DIS-0147,SHP-11736,SHP-00983,SHP-11736,1,Warehouse Congestion Transfer,100,0,107,Warehouse Congestion,False,True,Active Cascade
CAS-0147,DIS-0147,SHP-11736,SHP-00983,SHP-11736,1,Departure Delay,0,0,107,Warehouse Congestion,False,True,Active Cascade
CAS-0147,DIS-0147,SHP-11736,SHP-00983,SHP-11736,1,Customer Delivery Risk,0,0,107,Warehouse Congestion,False,True,Partially Absorbed
CAS-0147,DIS-0147,SHP-11736,SHP-04686,SHP-11736,1,Warehouse Congestion Transfer,59,0,55,Warehouse Congestion,False,True,Active Cascade
CAS-0147,DIS-0147,SHP-11736,SHP-04686,SHP-11736,1,Departure Delay,0,0,55,Warehouse Congestion,False,True,Active Cascade
CAS-0147,DIS-0147,SHP-11736,SHP-04686,SHP-11736,1,Customer Delivery Risk,0,0,55,Warehouse Congestion,False,True,Partially Absorbed
CAS-0148,DIS-0148,SHP-04819,SHP-04819,,0,Root Disruption,165,0,162,Warehouse Congestion,True,False,Active Cascade
CAS-0148,DIS-0148,SHP-04819,SHP-04819,,0,Dispatch Delay,0,165,162,Warehouse Congestion,True,False,Active Cascade
CAS-0148,DIS-0148,SHP-04819,SHP-04819,,0,Customer Delivery Risk,0,165,162,Warehouse Congestion,True,False,Severe Delay Breached
CAS-0148,DIS-0148,SHP-04819,SHP-04499,SHP-04819,1,Warehouse Congestion Transfer,89,0,84,Warehouse Congestion,False,True,Active Cascade
CAS-0148,DIS-0148,SHP-04819,SHP-04499,SHP-04819,1,Departure Delay,0,0,84,Warehouse Congestion,False,True,Active Cascade
CAS-0148,DIS-0148,SHP-04819,SHP-04499,SHP-04819,1,Customer Delivery Risk,0,0,84,Warehouse Congestion,False,True,Partially Absorbed
CAS-0148,DIS-0148,SHP-04819,SHP-06103,SHP-04819,1,Warehouse Congestion Transfer,70,0,80,Warehouse Congestion,False,True,Active Cascade
CAS-0148,DIS-0148,SHP-04819,SHP-06103,SHP-04819,1,Departure Delay,0,0,80,Warehouse Congestion,False,True,Active Cascade
CAS-0148,DIS-0148,SHP-04819,SHP-06103,SHP-04819,1,Customer Delivery Risk,0,0,80,Warehouse Congestion,False,True,Partially Absorbed
CAS-0149,DIS-0149,SHP-11698,SHP-11698,,0,Root Disruption,123,0,120,Equipment Failure,True,False,Active Cascade
CAS-0149,DIS-0149,SHP-11698,SHP-11698,,0,Dispatch Delay,0,123,120,Equipment Failure,True,False,Active Cascade
CAS-0149,DIS-0149,SHP-11698,SHP-11698,,0,Customer Delivery Risk,0,123,120,Equipment Failure,True,False,Partially Absorbed
CAS-0149,DIS-0149,SHP-11698,SHP-01218,SHP-11698,1,Shared Vehicle Turnaround,0,20,15,Vehicle Breakdown,False,True,Active Cascade
CAS-0149,DIS-0149,SHP-11698,SHP-01218,SHP-11698,1,Departure Delay,0,20,15,Vehicle Breakdown,False,True,Active Cascade
CAS-0149,DIS-0149,SHP-11698,SHP-01218,SHP-11698,1,Customer Delivery Risk,0,20,15,Vehicle Breakdown,False,True,Partially Absorbed
CAS-0150,DIS-0150,SHP-12737,SHP-12737,,0,Root Disruption,233,0,243,Warehouse Congestion,True,False,Active Cascade
CAS-0150,DIS-0150,SHP-12737,SHP-12737,,0,Dispatch Delay,0,233,243,Warehouse Congestion,True,False,Active Cascade
CAS-0150,DIS-0150,SHP-12737,SHP-12737,,0,Customer Delivery Risk,0,233,243,Warehouse Congestion,True,False,Severe Delay Breached
CAS-0150,DIS-0150,SHP-12737,SHP-13031,SHP-12737,1,Shared Vehicle Turnaround,0,20,29,Vehicle Breakdown,False,True,Active Cascade
CAS-0150,DIS-0150,SHP-12737,SHP-13031,SHP-12737,1,Departure Delay,0,20,29,Vehicle Breakdown,False,True,Active Cascade
CAS-0150,DIS-0150,SHP-12737,SHP-13031,SHP-12737,1,Customer Delivery Risk,0,20,29,Vehicle Breakdown,False,True,Partially Absorbed
CAS-0151,DIS-0151,SHP-01700,SHP-01700,,0,Root Disruption,195,0,192,Severe Weather,True,False,Active Cascade
CAS-0151,DIS-0151,SHP-01700,SHP-01700,,0,Dispatch Delay,0,195,192,Severe Weather,True,False,Active Cascade
CAS-0151,DIS-0151,SHP-01700,SHP-01700,,0,Customer Delivery Risk,0,195,192,Severe Weather,True,False,Severe Delay Breached
CAS-0151,DIS-0151,SHP-01700,SHP-00485,SHP-01700,1,Waiting for Inbound Shipment,0,26,28,Severe Weather,False,True,Active Cascade
CAS-0151,DIS-0151,SHP-01700,SHP-00485,SHP-01700,1,Departure Delay,0,26,28,Severe Weather,False,True,Active Cascade
CAS-0151,DIS-0151,SHP-01700,SHP-00485,SHP-01700,1,Customer Delivery Risk,0,26,28,Severe Weather,False,True,Partially Absorbed
CAS-0151,DIS-0151,SHP-01700,SHP-03093,SHP-00485,2,Warehouse Transfer,0,16,13,Severe Weather,False,True,Active Cascade
CAS-0151,DIS-0151,SHP-01700,SHP-03093,SHP-00485,2,Departure Delay,0,16,13,Severe Weather,False,True,Active Cascade
CAS-0151,DIS-0151,SHP-01700,SHP-03093,SHP-00485,2,Customer Delivery Risk,0,16,13,Severe Weather,False,True,Partially Absorbed
CAS-0152,DIS-0152,SHP-02548,SHP-02548,,0,Root Disruption,136,0,135,Labor Shortage,True,False,Active Cascade
CAS-0152,DIS-0152,SHP-02548,SHP-02548,,0,Dispatch Delay,0,136,135,Labor Shortage,True,False,Active Cascade
CAS-0152,DIS-0152,SHP-02548,SHP-02548,,0,Customer Delivery Risk,0,136,135,Labor Shortage,True,False,Severe Delay Breached
CAS-0152,DIS-0152,SHP-02548,SHP-00346,SHP-02548,1,Cross-Dock Transfer,0,58,60,Labor Shortage,False,True,Active Cascade
CAS-0152,DIS-0152,SHP-02548,SHP-00346,SHP-02548,1,Departure Delay,0,58,60,Labor Shortage,False,True,Active Cascade
CAS-0152,DIS-0152,SHP-02548,SHP-00346,SHP-02548,1,Customer Delivery Risk,0,58,60,Labor Shortage,False,True,Partially Absorbed
CAS-0152,DIS-0152,SHP-02548,SHP-00321,SHP-02548,1,Cross-Dock Transfer,0,16,13,Labor Shortage,False,True,Active Cascade
CAS-0152,DIS-0152,SHP-02548,SHP-00321,SHP-02548,1,Departure Delay,0,16,13,Labor Shortage,False,True,Active Cascade
CAS-0152,DIS-0152,SHP-02548,SHP-00321,SHP-02548,1,Customer Delivery Risk,0,16,13,Labor Shortage,False,True,Partially Absorbed
CAS-0153,DIS-0153,SHP-03017,SHP-03017,,0,Root Disruption,269,0,272,Vehicle Breakdown,True,False,Active Cascade
CAS-0153,DIS-0153,SHP-03017,SHP-03017,,0,Dispatch Delay,0,269,272,Vehicle Breakdown,True,False,Active Cascade
CAS-0153,DIS-0153,SHP-03017,SHP-03017,,0,Customer Delivery Risk,0,269,272,Vehicle Breakdown,True,False,Severe Delay Breached
CAS-0153,DIS-0153,SHP-03017,SHP-05776,SHP-03017,1,Warehouse Congestion Transfer,200,0,196,Warehouse Congestion,False,True,Active Cascade
CAS-0153,DIS-0153,SHP-03017,SHP-05776,SHP-03017,1,Departure Delay,0,0,196,Warehouse Congestion,False,True,Active Cascade
CAS-0153,DIS-0153,SHP-03017,SHP-05776,SHP-03017,1,Customer Delivery Risk,0,0,196,Warehouse Congestion,False,True,Severe Delay Breached
CAS-0154,DIS-0154,SHP-11235,SHP-11235,,0,Root Disruption,217,0,216,Warehouse Congestion,True,False,Active Cascade
CAS-0154,DIS-0154,SHP-11235,SHP-11235,,0,Dispatch Delay,0,217,216,Warehouse Congestion,True,False,Active Cascade
CAS-0154,DIS-0154,SHP-11235,SHP-11235,,0,Customer Delivery Risk,0,217,216,Warehouse Congestion,True,False,Severe Delay Breached
CAS-0154,DIS-0154,SHP-11235,SHP-07407,SHP-11235,1,Route Connection,0,132,136,Warehouse Congestion,False,True,Active Cascade
CAS-0154,DIS-0154,SHP-11235,SHP-07407,SHP-11235,1,Departure Delay,0,132,136,Warehouse Congestion,False,True,Active Cascade
CAS-0154,DIS-0154,SHP-11235,SHP-07407,SHP-11235,1,Customer Delivery Risk,0,132,136,Warehouse Congestion,False,True,Severe Delay Breached
CAS-0154,DIS-0154,SHP-11235,SHP-12073,SHP-07407,2,Warehouse Transfer,0,69,77,Warehouse Congestion,False,True,Active Cascade
CAS-0154,DIS-0154,SHP-11235,SHP-12073,SHP-07407,2,Departure Delay,0,69,77,Warehouse Congestion,False,True,Active Cascade
CAS-0154,DIS-0154,SHP-11235,SHP-12073,SHP-07407,2,Customer Delivery Risk,0,69,77,Warehouse Congestion,False,True,Partially Absorbed
CAS-0154,DIS-0154,SHP-11235,SHP-09461,SHP-12073,3,Route Connection,0,16,11,Warehouse Congestion,False,True,Active Cascade
CAS-0154,DIS-0154,SHP-11235,SHP-09461,SHP-12073,3,Departure Delay,0,16,11,Warehouse Congestion,False,True,Active Cascade
CAS-0154,DIS-0154,SHP-11235,SHP-09461,SHP-12073,3,Customer Delivery Risk,0,16,11,Warehouse Congestion,False,True,Partially Absorbed
CAS-0154,DIS-0154,SHP-11235,SHP-12608,SHP-07407,2,Warehouse Transfer,0,36,33,Warehouse Congestion,False,True,Active Cascade
CAS-0154,DIS-0154,SHP-11235,SHP-12608,SHP-07407,2,Departure Delay,0,36,33,Warehouse Congestion,False,True,Active Cascade
CAS-0154,DIS-0154,SHP-11235,SHP-12608,SHP-07407,2,Customer Delivery Risk,0,36,33,Warehouse Congestion,False,True,Partially Absorbed
CAS-0155,DIS-0155,SHP-08201,SHP-08201,,0,Root Disruption,145,0,145,Warehouse Congestion,True,False,Active Cascade
CAS-0155,DIS-0155,SHP-08201,SHP-08201,,0,Dispatch Delay,0,145,145,Warehouse Congestion,True,False,Active Cascade
CAS-0155,DIS-0155,SHP-08201,SHP-08201,,0,Customer Delivery Risk,0,145,145,Warehouse Congestion,True,False,Severe Delay Breached
CAS-0155,DIS-0155,SHP-08201,SHP-03023,SHP-08201,1,Waiting for Inbound Shipment,0,131,131,Warehouse Congestion,False,True,Active Cascade
CAS-0155,DIS-0155,SHP-08201,SHP-03023,SHP-08201,1,Departure Delay,0,131,131,Warehouse Congestion,False,True,Active Cascade
CAS-0155,DIS-0155,SHP-08201,SHP-03023,SHP-08201,1,Customer Delivery Risk,0,131,131,Warehouse Congestion,False,True,Severe Delay Breached
CAS-0155,DIS-0155,SHP-08201,SHP-09180,SHP-03023,2,Warehouse Transfer,0,97,98,Warehouse Congestion,False,True,Active Cascade
CAS-0155,DIS-0155,SHP-08201,SHP-09180,SHP-03023,2,Departure Delay,0,97,98,Warehouse Congestion,False,True,Active Cascade
CAS-0155,DIS-0155,SHP-08201,SHP-09180,SHP-03023,2,Customer Delivery Risk,0,97,98,Warehouse Congestion,False,True,Partially Absorbed
CAS-0156,DIS-0156,SHP-08035,SHP-08035,,0,Root Disruption,199,0,207,Road Closure,True,False,Active Cascade
CAS-0156,DIS-0156,SHP-08035,SHP-08035,,0,Dispatch Delay,0,199,207,Road Closure,True,False,Active Cascade
CAS-0156,DIS-0156,SHP-08035,SHP-08035,,0,Customer Delivery Risk,0,199,207,Road Closure,True,False,Severe Delay Breached
CAS-0156,DIS-0156,SHP-08035,SHP-05330,SHP-08035,1,Cross-Dock Transfer,0,16,16,Road Closure,False,True,Active Cascade
CAS-0156,DIS-0156,SHP-08035,SHP-05330,SHP-08035,1,Departure Delay,0,16,16,Road Closure,False,True,Active Cascade
CAS-0156,DIS-0156,SHP-08035,SHP-05330,SHP-08035,1,Customer Delivery Risk,0,16,16,Road Closure,False,True,Partially Absorbed
CAS-0157,DIS-0157,SHP-01508,SHP-01508,,0,Root Disruption,125,0,129,Equipment Failure,True,False,Active Cascade
CAS-0157,DIS-0157,SHP-01508,SHP-01508,,0,Dispatch Delay,0,125,129,Equipment Failure,True,False,Active Cascade
CAS-0157,DIS-0157,SHP-01508,SHP-01508,,0,Customer Delivery Risk,0,125,129,Equipment Failure,True,False,Severe Delay Breached
CAS-0157,DIS-0157,SHP-01508,SHP-12479,SHP-01508,1,Cross-Dock Transfer,0,16,16,Equipment Failure,False,True,Active Cascade
CAS-0157,DIS-0157,SHP-01508,SHP-12479,SHP-01508,1,Departure Delay,0,16,16,Equipment Failure,False,True,Active Cascade
CAS-0157,DIS-0157,SHP-01508,SHP-12479,SHP-01508,1,Customer Delivery Risk,0,16,16,Equipment Failure,False,True,Partially Absorbed
CAS-0158,DIS-0158,SHP-04025,SHP-04025,,0,Root Disruption,208,0,210,Severe Weather,True,False,Active Cascade
CAS-0158,DIS-0158,SHP-04025,SHP-04025,,0,Dispatch Delay,0,208,210,Severe Weather,True,False,Active Cascade
CAS-0158,DIS-0158,SHP-04025,SHP-04025,,0,Customer Delivery Risk,0,208,210,Severe Weather,True,False,Severe Delay Breached
CAS-0158,DIS-0158,SHP-04025,SHP-01756,SHP-04025,1,Shared Vehicle Turnaround,0,130,137,Vehicle Breakdown,False,True,Active Cascade
CAS-0158,DIS-0158,SHP-04025,SHP-01756,SHP-04025,1,Departure Delay,0,130,137,Vehicle Breakdown,False,True,Active Cascade
CAS-0158,DIS-0158,SHP-04025,SHP-01756,SHP-04025,1,Customer Delivery Risk,0,130,137,Vehicle Breakdown,False,True,Severe Delay Breached
CAS-0159,DIS-0159,SHP-02811,SHP-02811,,0,Root Disruption,159,0,167,Vehicle Breakdown,True,False,Active Cascade
CAS-0159,DIS-0159,SHP-02811,SHP-02811,,0,Dispatch Delay,0,159,167,Vehicle Breakdown,True,False,Active Cascade
CAS-0159,DIS-0159,SHP-02811,SHP-02811,,0,Customer Delivery Risk,0,159,167,Vehicle Breakdown,True,False,Severe Delay Breached
CAS-0159,DIS-0159,SHP-02811,SHP-01999,SHP-02811,1,Cross-Dock Transfer,0,132,128,Vehicle Breakdown,False,True,Active Cascade
CAS-0159,DIS-0159,SHP-02811,SHP-01999,SHP-02811,1,Departure Delay,0,132,128,Vehicle Breakdown,False,True,Active Cascade
CAS-0159,DIS-0159,SHP-02811,SHP-01999,SHP-02811,1,Customer Delivery Risk,0,132,128,Vehicle Breakdown,False,True,Severe Delay Breached
CAS-0159,DIS-0159,SHP-02811,SHP-06708,SHP-02811,1,Cross-Dock Transfer,0,139,145,Vehicle Breakdown,False,True,Active Cascade
CAS-0159,DIS-0159,SHP-02811,SHP-06708,SHP-02811,1,Departure Delay,0,139,145,Vehicle Breakdown,False,True,Active Cascade
CAS-0159,DIS-0159,SHP-02811,SHP-06708,SHP-02811,1,Customer Delivery Risk,0,139,145,Vehicle Breakdown,False,True,Severe Delay Breached
CAS-0160,DIS-0160,SHP-08583,SHP-08583,,0,Root Disruption,143,0,139,Road Closure,True,False,Active Cascade
CAS-0160,DIS-0160,SHP-08583,SHP-08583,,0,Dispatch Delay,0,143,139,Road Closure,True,False,Active Cascade
CAS-0160,DIS-0160,SHP-08583,SHP-08583,,0,Customer Delivery Risk,0,143,139,Road Closure,True,False,Severe Delay Breached
CAS-0160,DIS-0160,SHP-08583,SHP-00997,SHP-08583,1,Waiting for Inbound Shipment,0,62,62,Road Closure,False,True,Active Cascade
CAS-0160,DIS-0160,SHP-08583,SHP-00997,SHP-08583,1,Departure Delay,0,62,62,Road Closure,False,True,Active Cascade
CAS-0160,DIS-0160,SHP-08583,SHP-00997,SHP-08583,1,Customer Delivery Risk,0,62,62,Road Closure,False,True,Partially Absorbed
CAS-0160,DIS-0160,SHP-08583,SHP-03722,SHP-00997,2,Warehouse Transfer,0,25,28,Road Closure,False,True,Active Cascade
CAS-0160,DIS-0160,SHP-08583,SHP-03722,SHP-00997,2,Departure Delay,0,25,28,Road Closure,False,True,Active Cascade
CAS-0160,DIS-0160,SHP-08583,SHP-03722,SHP-00997,2,Customer Delivery Risk,0,25,28,Road Closure,False,True,Partially Absorbed
CAS-0161,DIS-0161,SHP-00567,SHP-00567,,0,Root Disruption,258,0,254,Severe Weather,True,False,Active Cascade
CAS-0161,DIS-0161,SHP-00567,SHP-00567,,0,Dispatch Delay,0,258,254,Severe Weather,True,False,Active Cascade
CAS-0161,DIS-0161,SHP-00567,SHP-00567,,0,Customer Delivery Risk,0,258,254,Severe Weather,True,False,Severe Delay Breached
CAS-0161,DIS-0161,SHP-00567,SHP-09612,SHP-00567,1,Waiting for Inbound Shipment,0,250,254,Severe Weather,False,True,Active Cascade
CAS-0161,DIS-0161,SHP-00567,SHP-09612,SHP-00567,1,Departure Delay,0,250,254,Severe Weather,False,True,Active Cascade
CAS-0161,DIS-0161,SHP-00567,SHP-09612,SHP-00567,1,Customer Delivery Risk,0,250,254,Severe Weather,False,True,Severe Delay Breached
CAS-0161,DIS-0161,SHP-00567,SHP-01884,SHP-09612,2,Warehouse Transfer,0,228,226,Severe Weather,False,True,Active Cascade
CAS-0161,DIS-0161,SHP-00567,SHP-01884,SHP-09612,2,Departure Delay,0,228,226,Severe Weather,False,True,Active Cascade
CAS-0161,DIS-0161,SHP-00567,SHP-01884,SHP-09612,2,Customer Delivery Risk,0,228,226,Severe Weather,False,True,Severe Delay Breached
CAS-0162,DIS-0162,SHP-11345,SHP-11345,,0,Root Disruption,181,0,188,Vehicle Breakdown,True,False,Active Cascade
CAS-0162,DIS-0162,SHP-11345,SHP-11345,,0,Dispatch Delay,0,181,188,Vehicle Breakdown,True,False,Active Cascade
CAS-0162,DIS-0162,SHP-11345,SHP-11345,,0,Customer Delivery Risk,0,181,188,Vehicle Breakdown,True,False,Severe Delay Breached
CAS-0162,DIS-0162,SHP-11345,SHP-11839,SHP-11345,1,Shared Vehicle Turnaround,0,105,113,Vehicle Breakdown,False,True,Active Cascade
CAS-0162,DIS-0162,SHP-11345,SHP-11839,SHP-11345,1,Departure Delay,0,105,113,Vehicle Breakdown,False,True,Active Cascade
CAS-0162,DIS-0162,SHP-11345,SHP-11839,SHP-11345,1,Customer Delivery Risk,0,105,113,Vehicle Breakdown,False,True,Partially Absorbed
CAS-0163,DIS-0163,SHP-11461,SHP-11461,,0,Root Disruption,151,0,152,Vehicle Breakdown,True,False,Active Cascade
CAS-0163,DIS-0163,SHP-11461,SHP-11461,,0,Dispatch Delay,0,151,152,Vehicle Breakdown,True,False,Active Cascade
CAS-0163,DIS-0163,SHP-11461,SHP-11461,,0,Customer Delivery Risk,0,151,152,Vehicle Breakdown,True,False,Severe Delay Breached
CAS-0163,DIS-0163,SHP-11461,SHP-02122,SHP-11461,1,Warehouse Congestion Transfer,92,0,102,Warehouse Congestion,False,True,Active Cascade
CAS-0163,DIS-0163,SHP-11461,SHP-02122,SHP-11461,1,Departure Delay,0,0,102,Warehouse Congestion,False,True,Active Cascade
CAS-0163,DIS-0163,SHP-11461,SHP-02122,SHP-11461,1,Customer Delivery Risk,0,0,102,Warehouse Congestion,False,True,Partially Absorbed
CAS-0163,DIS-0163,SHP-11461,SHP-08268,SHP-11461,1,Warehouse Congestion Transfer,70,0,78,Warehouse Congestion,False,True,Active Cascade
CAS-0163,DIS-0163,SHP-11461,SHP-08268,SHP-11461,1,Departure Delay,0,0,78,Warehouse Congestion,False,True,Active Cascade
CAS-0163,DIS-0163,SHP-11461,SHP-08268,SHP-11461,1,Customer Delivery Risk,0,0,78,Warehouse Congestion,False,True,Partially Absorbed
CAS-0164,DIS-0164,SHP-12042,SHP-12042,,0,Root Disruption,71,0,68,State Border Checkpoint Hold,True,False,Active Cascade
CAS-0164,DIS-0164,SHP-12042,SHP-12042,,0,Dispatch Delay,0,71,68,State Border Checkpoint Hold,True,False,Active Cascade
CAS-0164,DIS-0164,SHP-12042,SHP-12042,,0,Customer Delivery Risk,0,71,68,State Border Checkpoint Hold,True,False,Partially Absorbed
CAS-0164,DIS-0164,SHP-12042,SHP-02696,SHP-12042,1,Cross-Dock Transfer,0,16,17,State Border Checkpoint Hold,False,True,Active Cascade
CAS-0164,DIS-0164,SHP-12042,SHP-02696,SHP-12042,1,Departure Delay,0,16,17,State Border Checkpoint Hold,False,True,Active Cascade
CAS-0164,DIS-0164,SHP-12042,SHP-02696,SHP-12042,1,Customer Delivery Risk,0,16,17,State Border Checkpoint Hold,False,True,Partially Absorbed
CAS-0164,DIS-0164,SHP-12042,SHP-07404,SHP-12042,1,Cross-Dock Transfer,0,16,23,State Border Checkpoint Hold,False,True,Active Cascade
CAS-0164,DIS-0164,SHP-12042,SHP-07404,SHP-12042,1,Departure Delay,0,16,23,State Border Checkpoint Hold,False,True,Active Cascade
CAS-0164,DIS-0164,SHP-12042,SHP-07404,SHP-12042,1,Customer Delivery Risk,0,16,23,State Border Checkpoint Hold,False,True,Partially Absorbed
CAS-0165,DIS-0165,SHP-00396,SHP-00396,,0,Root Disruption,151,0,158,Equipment Failure,True,False,Active Cascade
CAS-0165,DIS-0165,SHP-00396,SHP-00396,,0,Dispatch Delay,0,151,158,Equipment Failure,True,False,Active Cascade
CAS-0165,DIS-0165,SHP-00396,SHP-00396,,0,Customer Delivery Risk,0,151,158,Equipment Failure,True,False,Severe Delay Breached
CAS-0165,DIS-0165,SHP-00396,SHP-02516,SHP-00396,1,Route Connection,0,114,118,Equipment Failure,False,True,Active Cascade
CAS-0165,DIS-0165,SHP-00396,SHP-02516,SHP-00396,1,Departure Delay,0,114,118,Equipment Failure,False,True,Active Cascade
CAS-0165,DIS-0165,SHP-00396,SHP-02516,SHP-00396,1,Customer Delivery Risk,0,114,118,Equipment Failure,False,True,Partially Absorbed
CAS-0166,DIS-0166,SHP-08824,SHP-08824,,0,Root Disruption,173,0,171,Vehicle Breakdown,True,False,Active Cascade
CAS-0166,DIS-0166,SHP-08824,SHP-08824,,0,Dispatch Delay,0,173,171,Vehicle Breakdown,True,False,Active Cascade
CAS-0166,DIS-0166,SHP-08824,SHP-08824,,0,Customer Delivery Risk,0,173,171,Vehicle Breakdown,True,False,Severe Delay Breached
CAS-0166,DIS-0166,SHP-08824,SHP-05447,SHP-08824,1,Warehouse Congestion Transfer,91,0,89,Warehouse Congestion,False,True,Active Cascade
CAS-0166,DIS-0166,SHP-08824,SHP-05447,SHP-08824,1,Departure Delay,0,0,89,Warehouse Congestion,False,True,Active Cascade
CAS-0166,DIS-0166,SHP-08824,SHP-05447,SHP-08824,1,Customer Delivery Risk,0,0,89,Warehouse Congestion,False,True,Partially Absorbed
CAS-0166,DIS-0166,SHP-08824,SHP-04526,SHP-08824,1,Warehouse Congestion Transfer,48,0,52,Warehouse Congestion,False,True,Active Cascade
CAS-0166,DIS-0166,SHP-08824,SHP-04526,SHP-08824,1,Departure Delay,0,0,52,Warehouse Congestion,False,True,Active Cascade
CAS-0166,DIS-0166,SHP-08824,SHP-04526,SHP-08824,1,Customer Delivery Risk,0,0,52,Warehouse Congestion,False,True,Partially Absorbed
CAS-0166,DIS-0166,SHP-08824,SHP-06420,SHP-08824,1,Warehouse Congestion Transfer,117,0,113,Warehouse Congestion,False,True,Active Cascade
CAS-0166,DIS-0166,SHP-08824,SHP-06420,SHP-08824,1,Departure Delay,0,0,113,Warehouse Congestion,False,True,Active Cascade
CAS-0166,DIS-0166,SHP-08824,SHP-06420,SHP-08824,1,Customer Delivery Risk,0,0,113,Warehouse Congestion,False,True,Partially Absorbed
CAS-0166,DIS-0166,SHP-08824,SHP-09926,SHP-08824,1,Warehouse Congestion Transfer,75,0,79,Warehouse Congestion,False,True,Active Cascade
CAS-0166,DIS-0166,SHP-08824,SHP-09926,SHP-08824,1,Departure Delay,0,0,79,Warehouse Congestion,False,True,Active Cascade
CAS-0166,DIS-0166,SHP-08824,SHP-09926,SHP-08824,1,Customer Delivery Risk,0,0,79,Warehouse Congestion,False,True,Partially Absorbed
CAS-0167,DIS-0167,SHP-04114,SHP-04114,,0,Root Disruption,146,0,156,Severe Weather,True,False,Active Cascade
CAS-0167,DIS-0167,SHP-04114,SHP-04114,,0,Dispatch Delay,0,146,156,Severe Weather,True,False,Active Cascade
CAS-0167,DIS-0167,SHP-04114,SHP-04114,,0,Customer Delivery Risk,0,146,156,Severe Weather,True,False,Severe Delay Breached
CAS-0167,DIS-0167,SHP-04114,SHP-03972,SHP-04114,1,Shared Vehicle Turnaround,0,142,146,Vehicle Breakdown,False,True,Active Cascade
CAS-0167,DIS-0167,SHP-04114,SHP-03972,SHP-04114,1,Departure Delay,0,142,146,Vehicle Breakdown,False,True,Active Cascade
CAS-0167,DIS-0167,SHP-04114,SHP-03972,SHP-04114,1,Customer Delivery Risk,0,142,146,Vehicle Breakdown,False,True,Severe Delay Breached
CAS-0168,DIS-0168,SHP-04624,SHP-04624,,0,Root Disruption,82,0,84,Equipment Failure,True,False,Active Cascade
CAS-0168,DIS-0168,SHP-04624,SHP-04624,,0,Dispatch Delay,0,82,84,Equipment Failure,True,False,Active Cascade
CAS-0168,DIS-0168,SHP-04624,SHP-04624,,0,Customer Delivery Risk,0,82,84,Equipment Failure,True,False,Partially Absorbed
CAS-0168,DIS-0168,SHP-04624,SHP-04280,SHP-04624,1,Cross-Dock Transfer,0,16,15,Equipment Failure,False,True,Active Cascade
CAS-0168,DIS-0168,SHP-04624,SHP-04280,SHP-04624,1,Departure Delay,0,16,15,Equipment Failure,False,True,Active Cascade
CAS-0168,DIS-0168,SHP-04624,SHP-04280,SHP-04624,1,Customer Delivery Risk,0,16,15,Equipment Failure,False,True,Partially Absorbed
CAS-0169,DIS-0169,SHP-12105,SHP-12105,,0,Root Disruption,203,0,208,Warehouse Congestion,True,False,Active Cascade
CAS-0169,DIS-0169,SHP-12105,SHP-12105,,0,Dispatch Delay,0,203,208,Warehouse Congestion,True,False,Active Cascade
CAS-0169,DIS-0169,SHP-12105,SHP-12105,,0,Customer Delivery Risk,0,203,208,Warehouse Congestion,True,False,Severe Delay Breached
CAS-0169,DIS-0169,SHP-12105,SHP-04732,SHP-12105,1,Route Connection,0,187,197,Warehouse Congestion,False,True,Active Cascade
CAS-0169,DIS-0169,SHP-12105,SHP-04732,SHP-12105,1,Departure Delay,0,187,197,Warehouse Congestion,False,True,Active Cascade
CAS-0169,DIS-0169,SHP-12105,SHP-04732,SHP-12105,1,Customer Delivery Risk,0,187,197,Warehouse Congestion,False,True,Severe Delay Breached
CAS-0169,DIS-0169,SHP-12105,SHP-06711,SHP-04732,2,Warehouse Transfer,0,16,20,Warehouse Congestion,False,True,Active Cascade
CAS-0169,DIS-0169,SHP-12105,SHP-06711,SHP-04732,2,Departure Delay,0,16,20,Warehouse Congestion,False,True,Active Cascade
CAS-0169,DIS-0169,SHP-12105,SHP-06711,SHP-04732,2,Customer Delivery Risk,0,16,20,Warehouse Congestion,False,True,Partially Absorbed
CAS-0169,DIS-0169,SHP-12105,SHP-09582,SHP-06711,3,Route Connection,0,16,14,Warehouse Congestion,False,True,Active Cascade
CAS-0169,DIS-0169,SHP-12105,SHP-09582,SHP-06711,3,Departure Delay,0,16,14,Warehouse Congestion,False,True,Active Cascade
CAS-0169,DIS-0169,SHP-12105,SHP-09582,SHP-06711,3,Customer Delivery Risk,0,16,14,Warehouse Congestion,False,True,Partially Absorbed
CAS-0170,DIS-0170,SHP-10754,SHP-10754,,0,Root Disruption,113,0,119,Labor Shortage,True,False,Active Cascade
CAS-0170,DIS-0170,SHP-10754,SHP-10754,,0,Dispatch Delay,0,113,119,Labor Shortage,True,False,Active Cascade
CAS-0170,DIS-0170,SHP-10754,SHP-10754,,0,Customer Delivery Risk,0,113,119,Labor Shortage,True,False,Partially Absorbed
CAS-0170,DIS-0170,SHP-10754,SHP-12254,SHP-10754,1,Waiting for Inbound Shipment,0,20,24,Labor Shortage,False,True,Active Cascade
CAS-0170,DIS-0170,SHP-10754,SHP-12254,SHP-10754,1,Departure Delay,0,20,24,Labor Shortage,False,True,Active Cascade
CAS-0170,DIS-0170,SHP-10754,SHP-12254,SHP-10754,1,Customer Delivery Risk,0,20,24,Labor Shortage,False,True,Partially Absorbed
CAS-0170,DIS-0170,SHP-10754,SHP-00023,SHP-12254,2,Warehouse Transfer,0,16,13,Labor Shortage,False,True,Active Cascade
CAS-0170,DIS-0170,SHP-10754,SHP-00023,SHP-12254,2,Departure Delay,0,16,13,Labor Shortage,False,True,Active Cascade
CAS-0170,DIS-0170,SHP-10754,SHP-00023,SHP-12254,2,Customer Delivery Risk,0,16,13,Labor Shortage,False,True,Partially Absorbed
CAS-0171,DIS-0171,SHP-02097,SHP-02097,,0,Root Disruption,85,0,93,Road Closure,True,False,Active Cascade
CAS-0171,DIS-0171,SHP-02097,SHP-02097,,0,Dispatch Delay,0,85,93,Road Closure,True,False,Active Cascade
CAS-0171,DIS-0171,SHP-02097,SHP-02097,,0,Customer Delivery Risk,0,85,93,Road Closure,True,False,Partially Absorbed
CAS-0171,DIS-0171,SHP-02097,SHP-13071,SHP-02097,1,Shared Vehicle Turnaround,0,20,26,Vehicle Breakdown,False,True,Active Cascade
CAS-0171,DIS-0171,SHP-02097,SHP-13071,SHP-02097,1,Departure Delay,0,20,26,Vehicle Breakdown,False,True,Active Cascade
CAS-0171,DIS-0171,SHP-02097,SHP-13071,SHP-02097,1,Customer Delivery Risk,0,20,26,Vehicle Breakdown,False,True,Partially Absorbed
CAS-0172,DIS-0172,SHP-04329,SHP-04329,,0,Root Disruption,121,0,118,Equipment Failure,True,False,Active Cascade
CAS-0172,DIS-0172,SHP-04329,SHP-04329,,0,Dispatch Delay,0,121,118,Equipment Failure,True,False,Active Cascade
CAS-0172,DIS-0172,SHP-04329,SHP-04329,,0,Customer Delivery Risk,0,121,118,Equipment Failure,True,False,Partially Absorbed
CAS-0172,DIS-0172,SHP-04329,SHP-01195,SHP-04329,1,Route Connection,0,20,21,Equipment Failure,False,True,Active Cascade
CAS-0172,DIS-0172,SHP-04329,SHP-01195,SHP-04329,1,Departure Delay,0,20,21,Equipment Failure,False,True,Active Cascade
CAS-0172,DIS-0172,SHP-04329,SHP-01195,SHP-04329,1,Customer Delivery Risk,0,20,21,Equipment Failure,False,True,Partially Absorbed
CAS-0173,DIS-0173,SHP-07147,SHP-07147,,0,Root Disruption,261,0,270,Vehicle Breakdown,True,False,Active Cascade
CAS-0173,DIS-0173,SHP-07147,SHP-07147,,0,Dispatch Delay,0,261,270,Vehicle Breakdown,True,False,Active Cascade
CAS-0173,DIS-0173,SHP-07147,SHP-07147,,0,Customer Delivery Risk,0,261,270,Vehicle Breakdown,True,False,Severe Delay Breached
CAS-0173,DIS-0173,SHP-07147,SHP-11917,SHP-07147,1,Route Connection,0,20,16,Vehicle Breakdown,False,True,Active Cascade
CAS-0173,DIS-0173,SHP-07147,SHP-11917,SHP-07147,1,Departure Delay,0,20,16,Vehicle Breakdown,False,True,Active Cascade
CAS-0173,DIS-0173,SHP-07147,SHP-11917,SHP-07147,1,Customer Delivery Risk,0,20,16,Vehicle Breakdown,False,True,Partially Absorbed
CAS-0173,DIS-0173,SHP-07147,SHP-06927,SHP-11917,2,Warehouse Transfer,0,16,12,Vehicle Breakdown,False,True,Active Cascade
CAS-0173,DIS-0173,SHP-07147,SHP-06927,SHP-11917,2,Departure Delay,0,16,12,Vehicle Breakdown,False,True,Active Cascade
CAS-0173,DIS-0173,SHP-07147,SHP-06927,SHP-11917,2,Customer Delivery Risk,0,16,12,Vehicle Breakdown,False,True,Partially Absorbed
CAS-0173,DIS-0173,SHP-07147,SHP-03874,SHP-06927,3,Route Connection,0,16,19,Vehicle Breakdown,False,True,Active Cascade
CAS-0173,DIS-0173,SHP-07147,SHP-03874,SHP-06927,3,Departure Delay,0,16,19,Vehicle Breakdown,False,True,Active Cascade
CAS-0173,DIS-0173,SHP-07147,SHP-03874,SHP-06927,3,Customer Delivery Risk,0,16,19,Vehicle Breakdown,False,True,Partially Absorbed
CAS-0173,DIS-0173,SHP-07147,SHP-09426,SHP-11917,2,Warehouse Transfer,0,16,12,Vehicle Breakdown,False,True,Active Cascade
CAS-0173,DIS-0173,SHP-07147,SHP-09426,SHP-11917,2,Departure Delay,0,16,12,Vehicle Breakdown,False,True,Active Cascade
CAS-0173,DIS-0173,SHP-07147,SHP-09426,SHP-11917,2,Customer Delivery Risk,0,16,12,Vehicle Breakdown,False,True,Partially Absorbed
CAS-0174,DIS-0174,SHP-12848,SHP-12848,,0,Root Disruption,121,0,118,Road Closure,True,False,Active Cascade
CAS-0174,DIS-0174,SHP-12848,SHP-12848,,0,Dispatch Delay,0,121,118,Road Closure,True,False,Active Cascade
CAS-0174,DIS-0174,SHP-12848,SHP-12848,,0,Customer Delivery Risk,0,121,118,Road Closure,True,False,Partially Absorbed
CAS-0174,DIS-0174,SHP-12848,SHP-05100,SHP-12848,1,Waiting for Inbound Shipment,0,77,81,Road Closure,False,True,Active Cascade
CAS-0174,DIS-0174,SHP-12848,SHP-05100,SHP-12848,1,Departure Delay,0,77,81,Road Closure,False,True,Active Cascade
CAS-0174,DIS-0174,SHP-12848,SHP-05100,SHP-12848,1,Customer Delivery Risk,0,77,81,Road Closure,False,True,Partially Absorbed
CAS-0174,DIS-0174,SHP-12848,SHP-13978,SHP-05100,2,Warehouse Transfer,0,61,63,Road Closure,False,True,Active Cascade
CAS-0174,DIS-0174,SHP-12848,SHP-13978,SHP-05100,2,Departure Delay,0,61,63,Road Closure,False,True,Active Cascade
CAS-0174,DIS-0174,SHP-12848,SHP-13978,SHP-05100,2,Customer Delivery Risk,0,61,63,Road Closure,False,True,Partially Absorbed
CAS-0175,DIS-0175,SHP-09541,SHP-09541,,0,Root Disruption,101,0,106,Road Closure,True,False,Active Cascade
CAS-0175,DIS-0175,SHP-09541,SHP-09541,,0,Dispatch Delay,0,101,106,Road Closure,True,False,Active Cascade
CAS-0175,DIS-0175,SHP-09541,SHP-09541,,0,Customer Delivery Risk,0,101,106,Road Closure,True,False,Partially Absorbed
CAS-0175,DIS-0175,SHP-09541,SHP-02572,SHP-09541,1,Waiting for Inbound Shipment,0,20,29,Road Closure,False,True,Active Cascade
CAS-0175,DIS-0175,SHP-09541,SHP-02572,SHP-09541,1,Departure Delay,0,20,29,Road Closure,False,True,Active Cascade
CAS-0175,DIS-0175,SHP-09541,SHP-02572,SHP-09541,1,Customer Delivery Risk,0,20,29,Road Closure,False,True,Partially Absorbed
CAS-0175,DIS-0175,SHP-09541,SHP-03931,SHP-02572,2,Warehouse Transfer,0,16,13,Road Closure,False,True,Active Cascade
CAS-0175,DIS-0175,SHP-09541,SHP-03931,SHP-02572,2,Departure Delay,0,16,13,Road Closure,False,True,Active Cascade
CAS-0175,DIS-0175,SHP-09541,SHP-03931,SHP-02572,2,Customer Delivery Risk,0,16,13,Road Closure,False,True,Partially Absorbed
CAS-0176,DIS-0176,SHP-06137,SHP-06137,,0,Root Disruption,137,0,145,Labor Shortage,True,False,Active Cascade
CAS-0176,DIS-0176,SHP-06137,SHP-06137,,0,Dispatch Delay,0,137,145,Labor Shortage,True,False,Active Cascade
CAS-0176,DIS-0176,SHP-06137,SHP-06137,,0,Customer Delivery Risk,0,137,145,Labor Shortage,True,False,Severe Delay Breached
CAS-0176,DIS-0176,SHP-06137,SHP-01892,SHP-06137,1,Cross-Dock Transfer,0,48,46,Labor Shortage,False,True,Active Cascade
CAS-0176,DIS-0176,SHP-06137,SHP-01892,SHP-06137,1,Departure Delay,0,48,46,Labor Shortage,False,True,Active Cascade
CAS-0176,DIS-0176,SHP-06137,SHP-01892,SHP-06137,1,Customer Delivery Risk,0,48,46,Labor Shortage,False,True,Partially Absorbed
CAS-0176,DIS-0176,SHP-06137,SHP-01452,SHP-06137,1,Cross-Dock Transfer,0,39,42,Labor Shortage,False,True,Active Cascade
CAS-0176,DIS-0176,SHP-06137,SHP-01452,SHP-06137,1,Departure Delay,0,39,42,Labor Shortage,False,True,Active Cascade
CAS-0176,DIS-0176,SHP-06137,SHP-01452,SHP-06137,1,Customer Delivery Risk,0,39,42,Labor Shortage,False,True,Partially Absorbed
CAS-0177,DIS-0177,SHP-02825,SHP-02825,,0,Root Disruption,170,0,178,Severe Weather,True,False,Active Cascade
CAS-0177,DIS-0177,SHP-02825,SHP-02825,,0,Dispatch Delay,0,170,178,Severe Weather,True,False,Active Cascade
CAS-0177,DIS-0177,SHP-02825,SHP-02825,,0,Customer Delivery Risk,0,170,178,Severe Weather,True,False,Severe Delay Breached
CAS-0177,DIS-0177,SHP-02825,SHP-00231,SHP-02825,1,Route Connection,0,68,66,Severe Weather,False,True,Active Cascade
CAS-0177,DIS-0177,SHP-02825,SHP-00231,SHP-02825,1,Departure Delay,0,68,66,Severe Weather,False,True,Active Cascade
CAS-0177,DIS-0177,SHP-02825,SHP-00231,SHP-02825,1,Customer Delivery Risk,0,68,66,Severe Weather,False,True,Partially Absorbed
CAS-0177,DIS-0177,SHP-02825,SHP-04783,SHP-00231,2,Warehouse Transfer,0,16,26,Severe Weather,False,True,Active Cascade
CAS-0177,DIS-0177,SHP-02825,SHP-04783,SHP-00231,2,Departure Delay,0,16,26,Severe Weather,False,True,Active Cascade
CAS-0177,DIS-0177,SHP-02825,SHP-04783,SHP-00231,2,Customer Delivery Risk,0,16,26,Severe Weather,False,True,Partially Absorbed
CAS-0177,DIS-0177,SHP-02825,SHP-11421,SHP-04783,3,Route Connection,0,16,12,Severe Weather,False,True,Active Cascade
CAS-0177,DIS-0177,SHP-02825,SHP-11421,SHP-04783,3,Departure Delay,0,16,12,Severe Weather,False,True,Active Cascade
CAS-0177,DIS-0177,SHP-02825,SHP-11421,SHP-04783,3,Customer Delivery Risk,0,16,12,Severe Weather,False,True,Partially Absorbed
CAS-0177,DIS-0177,SHP-02825,SHP-05848,SHP-00231,2,Warehouse Transfer,0,16,18,Severe Weather,False,True,Active Cascade
CAS-0177,DIS-0177,SHP-02825,SHP-05848,SHP-00231,2,Departure Delay,0,16,18,Severe Weather,False,True,Active Cascade
CAS-0177,DIS-0177,SHP-02825,SHP-05848,SHP-00231,2,Customer Delivery Risk,0,16,18,Severe Weather,False,True,Partially Absorbed
CAS-0178,DIS-0178,SHP-11652,SHP-11652,,0,Root Disruption,95,0,95,State Border Checkpoint Hold,True,False,Active Cascade
CAS-0178,DIS-0178,SHP-11652,SHP-11652,,0,Dispatch Delay,0,95,95,State Border Checkpoint Hold,True,False,Active Cascade
CAS-0178,DIS-0178,SHP-11652,SHP-11652,,0,Customer Delivery Risk,0,95,95,State Border Checkpoint Hold,True,False,Partially Absorbed
CAS-0178,DIS-0178,SHP-11652,SHP-13831,SHP-11652,1,Warehouse Congestion Transfer,69,0,78,Warehouse Congestion,False,True,Active Cascade
CAS-0178,DIS-0178,SHP-11652,SHP-13831,SHP-11652,1,Departure Delay,0,0,78,Warehouse Congestion,False,True,Active Cascade
CAS-0178,DIS-0178,SHP-11652,SHP-13831,SHP-11652,1,Customer Delivery Risk,0,0,78,Warehouse Congestion,False,True,Partially Absorbed
CAS-0178,DIS-0178,SHP-11652,SHP-03829,SHP-11652,1,Warehouse Congestion Transfer,72,0,75,Warehouse Congestion,False,True,Active Cascade
CAS-0178,DIS-0178,SHP-11652,SHP-03829,SHP-11652,1,Departure Delay,0,0,75,Warehouse Congestion,False,True,Active Cascade
CAS-0178,DIS-0178,SHP-11652,SHP-03829,SHP-11652,1,Customer Delivery Risk,0,0,75,Warehouse Congestion,False,True,Partially Absorbed
CAS-0179,DIS-0179,SHP-00906,SHP-00906,,0,Root Disruption,110,0,119,Road Closure,True,False,Active Cascade
CAS-0179,DIS-0179,SHP-00906,SHP-00906,,0,Dispatch Delay,0,110,119,Road Closure,True,False,Active Cascade
CAS-0179,DIS-0179,SHP-00906,SHP-00906,,0,Customer Delivery Risk,0,110,119,Road Closure,True,False,Partially Absorbed
CAS-0179,DIS-0179,SHP-00906,SHP-12894,SHP-00906,1,Waiting for Inbound Shipment,0,29,30,Road Closure,False,True,Active Cascade
CAS-0179,DIS-0179,SHP-00906,SHP-12894,SHP-00906,1,Departure Delay,0,29,30,Road Closure,False,True,Active Cascade
CAS-0179,DIS-0179,SHP-00906,SHP-12894,SHP-00906,1,Customer Delivery Risk,0,29,30,Road Closure,False,True,Partially Absorbed
CAS-0179,DIS-0179,SHP-00906,SHP-01163,SHP-12894,2,Warehouse Transfer,0,16,14,Road Closure,False,True,Active Cascade
CAS-0179,DIS-0179,SHP-00906,SHP-01163,SHP-12894,2,Departure Delay,0,16,14,Road Closure,False,True,Active Cascade
CAS-0179,DIS-0179,SHP-00906,SHP-01163,SHP-12894,2,Customer Delivery Risk,0,16,14,Road Closure,False,True,Partially Absorbed
CAS-0180,DIS-0180,SHP-09938,SHP-09938,,0,Root Disruption,72,0,68,Labor Shortage,True,False,Active Cascade
CAS-0180,DIS-0180,SHP-09938,SHP-09938,,0,Dispatch Delay,0,72,68,Labor Shortage,True,False,Active Cascade
CAS-0180,DIS-0180,SHP-09938,SHP-09938,,0,Customer Delivery Risk,0,72,68,Labor Shortage,True,False,Partially Absorbed
CAS-0180,DIS-0180,SHP-09938,SHP-07534,SHP-09938,1,Route Connection,0,20,27,Labor Shortage,False,True,Active Cascade
CAS-0180,DIS-0180,SHP-09938,SHP-07534,SHP-09938,1,Departure Delay,0,20,27,Labor Shortage,False,True,Active Cascade
CAS-0180,DIS-0180,SHP-09938,SHP-07534,SHP-09938,1,Customer Delivery Risk,0,20,27,Labor Shortage,False,True,Partially Absorbed
CAS-0181,DIS-0181,SHP-09953,SHP-09953,,0,Root Disruption,245,0,244,Severe Weather,True,False,Active Cascade
CAS-0181,DIS-0181,SHP-09953,SHP-09953,,0,Dispatch Delay,0,245,244,Severe Weather,True,False,Active Cascade
CAS-0181,DIS-0181,SHP-09953,SHP-09953,,0,Customer Delivery Risk,0,245,244,Severe Weather,True,False,Severe Delay Breached
CAS-0181,DIS-0181,SHP-09953,SHP-12878,SHP-09953,1,Cross-Dock Transfer,0,16,13,Severe Weather,False,True,Active Cascade
CAS-0181,DIS-0181,SHP-09953,SHP-12878,SHP-09953,1,Departure Delay,0,16,13,Severe Weather,False,True,Active Cascade
CAS-0181,DIS-0181,SHP-09953,SHP-12878,SHP-09953,1,Customer Delivery Risk,0,16,13,Severe Weather,False,True,Partially Absorbed
CAS-0182,DIS-0182,SHP-01792,SHP-01792,,0,Root Disruption,119,0,128,Warehouse Congestion,True,False,Active Cascade
CAS-0182,DIS-0182,SHP-01792,SHP-01792,,0,Dispatch Delay,0,119,128,Warehouse Congestion,True,False,Active Cascade
CAS-0182,DIS-0182,SHP-01792,SHP-01792,,0,Customer Delivery Risk,0,119,128,Warehouse Congestion,True,False,Severe Delay Breached
CAS-0182,DIS-0182,SHP-01792,SHP-02455,SHP-01792,1,Shared Vehicle Turnaround,0,98,98,Vehicle Breakdown,False,True,Active Cascade
CAS-0182,DIS-0182,SHP-01792,SHP-02455,SHP-01792,1,Departure Delay,0,98,98,Vehicle Breakdown,False,True,Active Cascade
CAS-0182,DIS-0182,SHP-01792,SHP-02455,SHP-01792,1,Customer Delivery Risk,0,98,98,Vehicle Breakdown,False,True,Partially Absorbed
CAS-0183,DIS-0183,SHP-12613,SHP-12613,,0,Root Disruption,179,0,174,Road Closure,True,False,Active Cascade
CAS-0183,DIS-0183,SHP-12613,SHP-12613,,0,Dispatch Delay,0,179,174,Road Closure,True,False,Active Cascade
CAS-0183,DIS-0183,SHP-12613,SHP-12613,,0,Customer Delivery Risk,0,179,174,Road Closure,True,False,Severe Delay Breached
CAS-0183,DIS-0183,SHP-12613,SHP-05536,SHP-12613,1,Route Connection,0,160,163,Road Closure,False,True,Active Cascade
CAS-0183,DIS-0183,SHP-12613,SHP-05536,SHP-12613,1,Departure Delay,0,160,163,Road Closure,False,True,Active Cascade
CAS-0183,DIS-0183,SHP-12613,SHP-05536,SHP-12613,1,Customer Delivery Risk,0,160,163,Road Closure,False,True,Severe Delay Breached
CAS-0183,DIS-0183,SHP-12613,SHP-02907,SHP-05536,2,Warehouse Transfer,0,16,26,Road Closure,False,True,Active Cascade
CAS-0183,DIS-0183,SHP-12613,SHP-02907,SHP-05536,2,Departure Delay,0,16,26,Road Closure,False,True,Active Cascade
CAS-0183,DIS-0183,SHP-12613,SHP-02907,SHP-05536,2,Customer Delivery Risk,0,16,26,Road Closure,False,True,Partially Absorbed
CAS-0183,DIS-0183,SHP-12613,SHP-09944,SHP-05536,2,Warehouse Transfer,0,16,11,Road Closure,False,True,Active Cascade
CAS-0183,DIS-0183,SHP-12613,SHP-09944,SHP-05536,2,Departure Delay,0,16,11,Road Closure,False,True,Active Cascade
CAS-0183,DIS-0183,SHP-12613,SHP-09944,SHP-05536,2,Customer Delivery Risk,0,16,11,Road Closure,False,True,Partially Absorbed
CAS-0184,DIS-0184,SHP-05219,SHP-05219,,0,Root Disruption,91,0,93,Warehouse Congestion,True,False,Active Cascade
CAS-0184,DIS-0184,SHP-05219,SHP-05219,,0,Dispatch Delay,0,91,93,Warehouse Congestion,True,False,Active Cascade
CAS-0184,DIS-0184,SHP-05219,SHP-05219,,0,Customer Delivery Risk,0,91,93,Warehouse Congestion,True,False,Partially Absorbed
CAS-0184,DIS-0184,SHP-05219,SHP-00816,SHP-05219,1,Shared Vehicle Turnaround,0,20,21,Vehicle Breakdown,False,True,Active Cascade
CAS-0184,DIS-0184,SHP-05219,SHP-00816,SHP-05219,1,Departure Delay,0,20,21,Vehicle Breakdown,False,True,Active Cascade
CAS-0184,DIS-0184,SHP-05219,SHP-00816,SHP-05219,1,Customer Delivery Risk,0,20,21,Vehicle Breakdown,False,True,Partially Absorbed
CAS-0185,DIS-0185,SHP-12017,SHP-12017,,0,Root Disruption,138,0,133,Labor Shortage,True,False,Active Cascade
CAS-0185,DIS-0185,SHP-12017,SHP-12017,,0,Dispatch Delay,0,138,133,Labor Shortage,True,False,Active Cascade
CAS-0185,DIS-0185,SHP-12017,SHP-12017,,0,Customer Delivery Risk,0,138,133,Labor Shortage,True,False,Severe Delay Breached
CAS-0185,DIS-0185,SHP-12017,SHP-11088,SHP-12017,1,Warehouse Congestion Transfer,112,0,110,Warehouse Congestion,False,True,Active Cascade
CAS-0185,DIS-0185,SHP-12017,SHP-11088,SHP-12017,1,Departure Delay,0,0,110,Warehouse Congestion,False,True,Active Cascade
CAS-0185,DIS-0185,SHP-12017,SHP-11088,SHP-12017,1,Customer Delivery Risk,0,0,110,Warehouse Congestion,False,True,Partially Absorbed
CAS-0185,DIS-0185,SHP-12017,SHP-04211,SHP-12017,1,Warehouse Congestion Transfer,88,0,87,Warehouse Congestion,False,True,Active Cascade
CAS-0185,DIS-0185,SHP-12017,SHP-04211,SHP-12017,1,Departure Delay,0,0,87,Warehouse Congestion,False,True,Active Cascade
CAS-0185,DIS-0185,SHP-12017,SHP-04211,SHP-12017,1,Customer Delivery Risk,0,0,87,Warehouse Congestion,False,True,Partially Absorbed
CAS-0186,DIS-0186,SHP-04628,SHP-04628,,0,Root Disruption,136,0,135,State Border Checkpoint Hold,True,False,Active Cascade
CAS-0186,DIS-0186,SHP-04628,SHP-04628,,0,Dispatch Delay,0,136,135,State Border Checkpoint Hold,True,False,Active Cascade
CAS-0186,DIS-0186,SHP-04628,SHP-04628,,0,Customer Delivery Risk,0,136,135,State Border Checkpoint Hold,True,False,Severe Delay Breached
CAS-0186,DIS-0186,SHP-04628,SHP-10281,SHP-04628,1,Route Connection,0,110,112,State Border Checkpoint Hold,False,True,Active Cascade
CAS-0186,DIS-0186,SHP-04628,SHP-10281,SHP-04628,1,Departure Delay,0,110,112,State Border Checkpoint Hold,False,True,Active Cascade
CAS-0186,DIS-0186,SHP-04628,SHP-10281,SHP-04628,1,Customer Delivery Risk,0,110,112,State Border Checkpoint Hold,False,True,Partially Absorbed
CAS-0186,DIS-0186,SHP-04628,SHP-01170,SHP-10281,2,Warehouse Transfer,0,16,11,State Border Checkpoint Hold,False,True,Active Cascade
CAS-0186,DIS-0186,SHP-04628,SHP-01170,SHP-10281,2,Departure Delay,0,16,11,State Border Checkpoint Hold,False,True,Active Cascade
CAS-0186,DIS-0186,SHP-04628,SHP-01170,SHP-10281,2,Customer Delivery Risk,0,16,11,State Border Checkpoint Hold,False,True,Partially Absorbed
CAS-0186,DIS-0186,SHP-04628,SHP-07279,SHP-01170,3,Route Connection,0,16,16,State Border Checkpoint Hold,False,True,Active Cascade
CAS-0186,DIS-0186,SHP-04628,SHP-07279,SHP-01170,3,Departure Delay,0,16,16,State Border Checkpoint Hold,False,True,Active Cascade
CAS-0186,DIS-0186,SHP-04628,SHP-07279,SHP-01170,3,Customer Delivery Risk,0,16,16,State Border Checkpoint Hold,False,True,Partially Absorbed
CAS-0186,DIS-0186,SHP-04628,SHP-11082,SHP-10281,2,Warehouse Transfer,0,16,23,State Border Checkpoint Hold,False,True,Active Cascade
CAS-0186,DIS-0186,SHP-04628,SHP-11082,SHP-10281,2,Departure Delay,0,16,23,State Border Checkpoint Hold,False,True,Active Cascade
CAS-0186,DIS-0186,SHP-04628,SHP-11082,SHP-10281,2,Customer Delivery Risk,0,16,23,State Border Checkpoint Hold,False,True,Partially Absorbed
CAS-0187,DIS-0187,SHP-04941,SHP-04941,,0,Root Disruption,88,0,89,Road Closure,True,False,Active Cascade
CAS-0187,DIS-0187,SHP-04941,SHP-04941,,0,Dispatch Delay,0,88,89,Road Closure,True,False,Active Cascade
CAS-0187,DIS-0187,SHP-04941,SHP-04941,,0,Customer Delivery Risk,0,88,89,Road Closure,True,False,Partially Absorbed
CAS-0187,DIS-0187,SHP-04941,SHP-01494,SHP-04941,1,Warehouse Congestion Transfer,56,0,55,Warehouse Congestion,False,True,Active Cascade
CAS-0187,DIS-0187,SHP-04941,SHP-01494,SHP-04941,1,Departure Delay,0,0,55,Warehouse Congestion,False,True,Active Cascade
CAS-0187,DIS-0187,SHP-04941,SHP-01494,SHP-04941,1,Customer Delivery Risk,0,0,55,Warehouse Congestion,False,True,Partially Absorbed
CAS-0188,DIS-0188,SHP-11084,SHP-11084,,0,Root Disruption,136,0,142,Vehicle Breakdown,True,False,Active Cascade
CAS-0188,DIS-0188,SHP-11084,SHP-11084,,0,Dispatch Delay,0,136,142,Vehicle Breakdown,True,False,Active Cascade
CAS-0188,DIS-0188,SHP-11084,SHP-11084,,0,Customer Delivery Risk,0,136,142,Vehicle Breakdown,True,False,Severe Delay Breached
CAS-0188,DIS-0188,SHP-11084,SHP-05912,SHP-11084,1,Route Connection,0,111,111,Vehicle Breakdown,False,True,Active Cascade
CAS-0188,DIS-0188,SHP-11084,SHP-05912,SHP-11084,1,Departure Delay,0,111,111,Vehicle Breakdown,False,True,Active Cascade
CAS-0188,DIS-0188,SHP-11084,SHP-05912,SHP-11084,1,Customer Delivery Risk,0,111,111,Vehicle Breakdown,False,True,Partially Absorbed
CAS-0189,DIS-0189,SHP-01296,SHP-01296,,0,Root Disruption,152,0,153,Severe Weather,True,False,Active Cascade
CAS-0189,DIS-0189,SHP-01296,SHP-01296,,0,Dispatch Delay,0,152,153,Severe Weather,True,False,Active Cascade
CAS-0189,DIS-0189,SHP-01296,SHP-01296,,0,Customer Delivery Risk,0,152,153,Severe Weather,True,False,Severe Delay Breached
CAS-0189,DIS-0189,SHP-01296,SHP-07400,SHP-01296,1,Waiting for Inbound Shipment,0,24,32,Severe Weather,False,True,Active Cascade
CAS-0189,DIS-0189,SHP-01296,SHP-07400,SHP-01296,1,Departure Delay,0,24,32,Severe Weather,False,True,Active Cascade
CAS-0189,DIS-0189,SHP-01296,SHP-07400,SHP-01296,1,Customer Delivery Risk,0,24,32,Severe Weather,False,True,Partially Absorbed
CAS-0189,DIS-0189,SHP-01296,SHP-10306,SHP-07400,2,Warehouse Transfer,0,16,19,Severe Weather,False,True,Active Cascade
CAS-0189,DIS-0189,SHP-01296,SHP-10306,SHP-07400,2,Departure Delay,0,16,19,Severe Weather,False,True,Active Cascade
CAS-0189,DIS-0189,SHP-01296,SHP-10306,SHP-07400,2,Customer Delivery Risk,0,16,19,Severe Weather,False,True,Partially Absorbed
CAS-0190,DIS-0190,SHP-02151,SHP-02151,,0,Root Disruption,108,0,118,Warehouse Congestion,True,False,Active Cascade
CAS-0190,DIS-0190,SHP-02151,SHP-02151,,0,Dispatch Delay,0,108,118,Warehouse Congestion,True,False,Active Cascade
CAS-0190,DIS-0190,SHP-02151,SHP-02151,,0,Customer Delivery Risk,0,108,118,Warehouse Congestion,True,False,Partially Absorbed
CAS-0190,DIS-0190,SHP-02151,SHP-01258,SHP-02151,1,Cross-Dock Transfer,0,97,104,Warehouse Congestion,False,True,Active Cascade
CAS-0190,DIS-0190,SHP-02151,SHP-01258,SHP-02151,1,Departure Delay,0,97,104,Warehouse Congestion,False,True,Active Cascade
CAS-0190,DIS-0190,SHP-02151,SHP-01258,SHP-02151,1,Customer Delivery Risk,0,97,104,Warehouse Congestion,False,True,Partially Absorbed
CAS-0190,DIS-0190,SHP-02151,SHP-05508,SHP-02151,1,Cross-Dock Transfer,0,80,84,Warehouse Congestion,False,True,Active Cascade
CAS-0190,DIS-0190,SHP-02151,SHP-05508,SHP-02151,1,Departure Delay,0,80,84,Warehouse Congestion,False,True,Active Cascade
CAS-0190,DIS-0190,SHP-02151,SHP-05508,SHP-02151,1,Customer Delivery Risk,0,80,84,Warehouse Congestion,False,True,Partially Absorbed
CAS-0191,DIS-0191,SHP-05061,SHP-05061,,0,Root Disruption,160,0,166,Warehouse Congestion,True,False,Active Cascade
CAS-0191,DIS-0191,SHP-05061,SHP-05061,,0,Dispatch Delay,0,160,166,Warehouse Congestion,True,False,Active Cascade
CAS-0191,DIS-0191,SHP-05061,SHP-05061,,0,Customer Delivery Risk,0,160,166,Warehouse Congestion,True,False,Severe Delay Breached
CAS-0191,DIS-0191,SHP-05061,SHP-03327,SHP-05061,1,Route Connection,0,97,107,Warehouse Congestion,False,True,Active Cascade
CAS-0191,DIS-0191,SHP-05061,SHP-03327,SHP-05061,1,Departure Delay,0,97,107,Warehouse Congestion,False,True,Active Cascade
CAS-0191,DIS-0191,SHP-05061,SHP-03327,SHP-05061,1,Customer Delivery Risk,0,97,107,Warehouse Congestion,False,True,Partially Absorbed
CAS-0192,DIS-0192,SHP-03097,SHP-03097,,0,Root Disruption,254,0,256,Vehicle Breakdown,True,False,Active Cascade
CAS-0192,DIS-0192,SHP-03097,SHP-03097,,0,Dispatch Delay,0,254,256,Vehicle Breakdown,True,False,Active Cascade
CAS-0192,DIS-0192,SHP-03097,SHP-03097,,0,Customer Delivery Risk,0,254,256,Vehicle Breakdown,True,False,Severe Delay Breached
CAS-0192,DIS-0192,SHP-03097,SHP-00479,SHP-03097,1,Cross-Dock Transfer,0,16,13,Vehicle Breakdown,False,True,Active Cascade
CAS-0192,DIS-0192,SHP-03097,SHP-00479,SHP-03097,1,Departure Delay,0,16,13,Vehicle Breakdown,False,True,Active Cascade
CAS-0192,DIS-0192,SHP-03097,SHP-00479,SHP-03097,1,Customer Delivery Risk,0,16,13,Vehicle Breakdown,False,True,Partially Absorbed
CAS-0193,DIS-0193,SHP-09948,SHP-09948,,0,Root Disruption,158,0,160,Labor Shortage,True,False,Active Cascade
CAS-0193,DIS-0193,SHP-09948,SHP-09948,,0,Dispatch Delay,0,158,160,Labor Shortage,True,False,Active Cascade
CAS-0193,DIS-0193,SHP-09948,SHP-09948,,0,Customer Delivery Risk,0,158,160,Labor Shortage,True,False,Severe Delay Breached
CAS-0193,DIS-0193,SHP-09948,SHP-01373,SHP-09948,1,Warehouse Congestion Transfer,120,0,130,Warehouse Congestion,False,True,Active Cascade
CAS-0193,DIS-0193,SHP-09948,SHP-01373,SHP-09948,1,Departure Delay,0,0,130,Warehouse Congestion,False,True,Active Cascade
CAS-0193,DIS-0193,SHP-09948,SHP-01373,SHP-09948,1,Customer Delivery Risk,0,0,130,Warehouse Congestion,False,True,Severe Delay Breached
CAS-0193,DIS-0193,SHP-09948,SHP-04742,SHP-09948,1,Warehouse Congestion Transfer,86,0,95,Warehouse Congestion,False,True,Active Cascade
CAS-0193,DIS-0193,SHP-09948,SHP-04742,SHP-09948,1,Departure Delay,0,0,95,Warehouse Congestion,False,True,Active Cascade
CAS-0193,DIS-0193,SHP-09948,SHP-04742,SHP-09948,1,Customer Delivery Risk,0,0,95,Warehouse Congestion,False,True,Partially Absorbed
CAS-0194,DIS-0194,SHP-07695,SHP-07695,,0,Root Disruption,154,0,149,Road Closure,True,False,Active Cascade
CAS-0194,DIS-0194,SHP-07695,SHP-07695,,0,Dispatch Delay,0,154,149,Road Closure,True,False,Active Cascade
CAS-0194,DIS-0194,SHP-07695,SHP-07695,,0,Customer Delivery Risk,0,154,149,Road Closure,True,False,Severe Delay Breached
CAS-0194,DIS-0194,SHP-07695,SHP-05451,SHP-07695,1,Route Connection,0,40,39,Road Closure,False,True,Active Cascade
CAS-0194,DIS-0194,SHP-07695,SHP-05451,SHP-07695,1,Departure Delay,0,40,39,Road Closure,False,True,Active Cascade
CAS-0194,DIS-0194,SHP-07695,SHP-05451,SHP-07695,1,Customer Delivery Risk,0,40,39,Road Closure,False,True,Partially Absorbed
CAS-0194,DIS-0194,SHP-07695,SHP-09437,SHP-05451,2,Warehouse Transfer,0,16,20,Road Closure,False,True,Active Cascade
CAS-0194,DIS-0194,SHP-07695,SHP-09437,SHP-05451,2,Departure Delay,0,16,20,Road Closure,False,True,Active Cascade
CAS-0194,DIS-0194,SHP-07695,SHP-09437,SHP-05451,2,Customer Delivery Risk,0,16,20,Road Closure,False,True,Partially Absorbed
CAS-0194,DIS-0194,SHP-07695,SHP-06203,SHP-09437,3,Route Connection,0,16,12,Road Closure,False,True,Active Cascade
CAS-0194,DIS-0194,SHP-07695,SHP-06203,SHP-09437,3,Departure Delay,0,16,12,Road Closure,False,True,Active Cascade
CAS-0194,DIS-0194,SHP-07695,SHP-06203,SHP-09437,3,Customer Delivery Risk,0,16,12,Road Closure,False,True,Partially Absorbed
CAS-0194,DIS-0194,SHP-07695,SHP-04041,SHP-05451,2,Warehouse Transfer,0,16,15,Road Closure,False,True,Active Cascade
CAS-0194,DIS-0194,SHP-07695,SHP-04041,SHP-05451,2,Departure Delay,0,16,15,Road Closure,False,True,Active Cascade
CAS-0194,DIS-0194,SHP-07695,SHP-04041,SHP-05451,2,Customer Delivery Risk,0,16,15,Road Closure,False,True,Partially Absorbed
CAS-0195,DIS-0195,SHP-04625,SHP-04625,,0,Root Disruption,150,0,150,Road Closure,True,False,Active Cascade
CAS-0195,DIS-0195,SHP-04625,SHP-04625,,0,Dispatch Delay,0,150,150,Road Closure,True,False,Active Cascade
CAS-0195,DIS-0195,SHP-04625,SHP-04625,,0,Customer Delivery Risk,0,150,150,Road Closure,True,False,Severe Delay Breached
CAS-0195,DIS-0195,SHP-04625,SHP-10915,SHP-04625,1,Cross-Dock Transfer,0,16,25,Road Closure,False,True,Active Cascade
CAS-0195,DIS-0195,SHP-04625,SHP-10915,SHP-04625,1,Departure Delay,0,16,25,Road Closure,False,True,Active Cascade
CAS-0195,DIS-0195,SHP-04625,SHP-10915,SHP-04625,1,Customer Delivery Risk,0,16,25,Road Closure,False,True,Partially Absorbed
CAS-0195,DIS-0195,SHP-04625,SHP-06860,SHP-04625,1,Cross-Dock Transfer,0,16,19,Road Closure,False,True,Active Cascade
CAS-0195,DIS-0195,SHP-04625,SHP-06860,SHP-04625,1,Departure Delay,0,16,19,Road Closure,False,True,Active Cascade
CAS-0195,DIS-0195,SHP-04625,SHP-06860,SHP-04625,1,Customer Delivery Risk,0,16,19,Road Closure,False,True,Partially Absorbed
CAS-0196,DIS-0196,SHP-05992,SHP-05992,,0,Root Disruption,173,0,177,Road Closure,True,False,Active Cascade
CAS-0196,DIS-0196,SHP-05992,SHP-05992,,0,Dispatch Delay,0,173,177,Road Closure,True,False,Active Cascade
CAS-0196,DIS-0196,SHP-05992,SHP-05992,,0,Customer Delivery Risk,0,173,177,Road Closure,True,False,Severe Delay Breached
CAS-0196,DIS-0196,SHP-05992,SHP-07024,SHP-05992,1,Cross-Dock Transfer,0,16,23,Road Closure,False,True,Active Cascade
CAS-0196,DIS-0196,SHP-05992,SHP-07024,SHP-05992,1,Departure Delay,0,16,23,Road Closure,False,True,Active Cascade
CAS-0196,DIS-0196,SHP-05992,SHP-07024,SHP-05992,1,Customer Delivery Risk,0,16,23,Road Closure,False,True,Partially Absorbed
CAS-0196,DIS-0196,SHP-05992,SHP-07746,SHP-05992,1,Cross-Dock Transfer,0,16,16,Road Closure,False,True,Active Cascade
CAS-0196,DIS-0196,SHP-05992,SHP-07746,SHP-05992,1,Departure Delay,0,16,16,Road Closure,False,True,Active Cascade
CAS-0196,DIS-0196,SHP-05992,SHP-07746,SHP-05992,1,Customer Delivery Risk,0,16,16,Road Closure,False,True,Partially Absorbed
CAS-0197,DIS-0197,SHP-06240,SHP-06240,,0,Root Disruption,77,0,72,State Border Checkpoint Hold,True,False,Active Cascade
CAS-0197,DIS-0197,SHP-06240,SHP-06240,,0,Dispatch Delay,0,77,72,State Border Checkpoint Hold,True,False,Active Cascade
CAS-0197,DIS-0197,SHP-06240,SHP-06240,,0,Customer Delivery Risk,0,77,72,State Border Checkpoint Hold,True,False,Partially Absorbed
CAS-0197,DIS-0197,SHP-06240,SHP-00063,SHP-06240,1,Waiting for Inbound Shipment,0,20,28,State Border Checkpoint Hold,False,True,Active Cascade
CAS-0197,DIS-0197,SHP-06240,SHP-00063,SHP-06240,1,Departure Delay,0,20,28,State Border Checkpoint Hold,False,True,Active Cascade
CAS-0197,DIS-0197,SHP-06240,SHP-00063,SHP-06240,1,Customer Delivery Risk,0,20,28,State Border Checkpoint Hold,False,True,Partially Absorbed
CAS-0198,DIS-0198,SHP-04145,SHP-04145,,0,Root Disruption,100,0,96,Equipment Failure,True,False,Active Cascade
CAS-0198,DIS-0198,SHP-04145,SHP-04145,,0,Dispatch Delay,0,100,96,Equipment Failure,True,False,Active Cascade
CAS-0198,DIS-0198,SHP-04145,SHP-04145,,0,Customer Delivery Risk,0,100,96,Equipment Failure,True,False,Partially Absorbed
CAS-0198,DIS-0198,SHP-04145,SHP-09717,SHP-04145,1,Warehouse Congestion Transfer,78,0,87,Warehouse Congestion,False,True,Active Cascade
CAS-0198,DIS-0198,SHP-04145,SHP-09717,SHP-04145,1,Departure Delay,0,0,87,Warehouse Congestion,False,True,Active Cascade
CAS-0198,DIS-0198,SHP-04145,SHP-09717,SHP-04145,1,Customer Delivery Risk,0,0,87,Warehouse Congestion,False,True,Partially Absorbed
CAS-0199,DIS-0199,SHP-04748,SHP-04748,,0,Root Disruption,231,0,229,Warehouse Congestion,True,False,Active Cascade
CAS-0199,DIS-0199,SHP-04748,SHP-04748,,0,Dispatch Delay,0,231,229,Warehouse Congestion,True,False,Active Cascade
CAS-0199,DIS-0199,SHP-04748,SHP-04748,,0,Customer Delivery Risk,0,231,229,Warehouse Congestion,True,False,Severe Delay Breached
CAS-0199,DIS-0199,SHP-04748,SHP-12209,SHP-04748,1,Waiting for Inbound Shipment,0,20,23,Warehouse Congestion,False,True,Active Cascade
CAS-0199,DIS-0199,SHP-04748,SHP-12209,SHP-04748,1,Departure Delay,0,20,23,Warehouse Congestion,False,True,Active Cascade
CAS-0199,DIS-0199,SHP-04748,SHP-12209,SHP-04748,1,Customer Delivery Risk,0,20,23,Warehouse Congestion,False,True,Partially Absorbed
CAS-0199,DIS-0199,SHP-04748,SHP-01411,SHP-12209,2,Warehouse Transfer,0,16,17,Warehouse Congestion,False,True,Active Cascade
CAS-0199,DIS-0199,SHP-04748,SHP-01411,SHP-12209,2,Departure Delay,0,16,17,Warehouse Congestion,False,True,Active Cascade
CAS-0199,DIS-0199,SHP-04748,SHP-01411,SHP-12209,2,Customer Delivery Risk,0,16,17,Warehouse Congestion,False,True,Partially Absorbed
CAS-0200,DIS-0200,SHP-08532,SHP-08532,,0,Root Disruption,161,0,167,Warehouse Congestion,True,False,Active Cascade
CAS-0200,DIS-0200,SHP-08532,SHP-08532,,0,Dispatch Delay,0,161,167,Warehouse Congestion,True,False,Active Cascade
CAS-0200,DIS-0200,SHP-08532,SHP-08532,,0,Customer Delivery Risk,0,161,167,Warehouse Congestion,True,False,Severe Delay Breached
CAS-0200,DIS-0200,SHP-08532,SHP-05825,SHP-08532,1,Shared Vehicle Turnaround,0,134,140,Vehicle Breakdown,False,True,Active Cascade
CAS-0200,DIS-0200,SHP-08532,SHP-05825,SHP-08532,1,Departure Delay,0,134,140,Vehicle Breakdown,False,True,Active Cascade
CAS-0200,DIS-0200,SHP-08532,SHP-05825,SHP-08532,1,Customer Delivery Risk,0,134,140,Vehicle Breakdown,False,True,Severe Delay Breached
CAS-0201,DIS-0201,SHP-12456,SHP-12456,,0,Root Disruption,131,0,140,Warehouse Congestion,True,False,Active Cascade
CAS-0201,DIS-0201,SHP-12456,SHP-12456,,0,Dispatch Delay,0,131,140,Warehouse Congestion,True,False,Active Cascade
CAS-0201,DIS-0201,SHP-12456,SHP-12456,,0,Customer Delivery Risk,0,131,140,Warehouse Congestion,True,False,Severe Delay Breached
CAS-0201,DIS-0201,SHP-12456,SHP-03153,SHP-12456,1,Route Connection,0,38,40,Warehouse Congestion,False,True,Active Cascade
CAS-0201,DIS-0201,SHP-12456,SHP-03153,SHP-12456,1,Departure Delay,0,38,40,Warehouse Congestion,False,True,Active Cascade
CAS-0201,DIS-0201,SHP-12456,SHP-03153,SHP-12456,1,Customer Delivery Risk,0,38,40,Warehouse Congestion,False,True,Partially Absorbed
CAS-0201,DIS-0201,SHP-12456,SHP-00026,SHP-03153,2,Warehouse Transfer,0,16,16,Warehouse Congestion,False,True,Active Cascade
CAS-0201,DIS-0201,SHP-12456,SHP-00026,SHP-03153,2,Departure Delay,0,16,16,Warehouse Congestion,False,True,Active Cascade
CAS-0201,DIS-0201,SHP-12456,SHP-00026,SHP-03153,2,Customer Delivery Risk,0,16,16,Warehouse Congestion,False,True,Partially Absorbed
CAS-0201,DIS-0201,SHP-12456,SHP-12343,SHP-00026,3,Route Connection,0,16,21,Warehouse Congestion,False,True,Active Cascade
CAS-0201,DIS-0201,SHP-12456,SHP-12343,SHP-00026,3,Departure Delay,0,16,21,Warehouse Congestion,False,True,Active Cascade
CAS-0201,DIS-0201,SHP-12456,SHP-12343,SHP-00026,3,Customer Delivery Risk,0,16,21,Warehouse Congestion,False,True,Partially Absorbed
CAS-0201,DIS-0201,SHP-12456,SHP-00249,SHP-03153,2,Warehouse Transfer,0,16,15,Warehouse Congestion,False,True,Active Cascade
CAS-0201,DIS-0201,SHP-12456,SHP-00249,SHP-03153,2,Departure Delay,0,16,15,Warehouse Congestion,False,True,Active Cascade
CAS-0201,DIS-0201,SHP-12456,SHP-00249,SHP-03153,2,Customer Delivery Risk,0,16,15,Warehouse Congestion,False,True,Partially Absorbed
CAS-0202,DIS-0202,SHP-13581,SHP-13581,,0,Root Disruption,160,0,155,Equipment Failure,True,False,Active Cascade
CAS-0202,DIS-0202,SHP-13581,SHP-13581,,0,Dispatch Delay,0,160,155,Equipment Failure,True,False,Active Cascade
CAS-0202,DIS-0202,SHP-13581,SHP-13581,,0,Customer Delivery Risk,0,160,155,Equipment Failure,True,False,Severe Delay Breached
CAS-0202,DIS-0202,SHP-13581,SHP-01361,SHP-13581,1,Cross-Dock Transfer,0,106,103,Equipment Failure,False,True,Active Cascade
CAS-0202,DIS-0202,SHP-13581,SHP-01361,SHP-13581,1,Departure Delay,0,106,103,Equipment Failure,False,True,Active Cascade
CAS-0202,DIS-0202,SHP-13581,SHP-01361,SHP-13581,1,Customer Delivery Risk,0,106,103,Equipment Failure,False,True,Partially Absorbed
CAS-0202,DIS-0202,SHP-13581,SHP-05153,SHP-13581,1,Cross-Dock Transfer,0,92,97,Equipment Failure,False,True,Active Cascade
CAS-0202,DIS-0202,SHP-13581,SHP-05153,SHP-13581,1,Departure Delay,0,92,97,Equipment Failure,False,True,Active Cascade
CAS-0202,DIS-0202,SHP-13581,SHP-05153,SHP-13581,1,Customer Delivery Risk,0,92,97,Equipment Failure,False,True,Partially Absorbed
CAS-0203,DIS-0203,SHP-04797,SHP-04797,,0,Root Disruption,80,0,77,Equipment Failure,True,False,Active Cascade
CAS-0203,DIS-0203,SHP-04797,SHP-04797,,0,Dispatch Delay,0,80,77,Equipment Failure,True,False,Active Cascade
CAS-0203,DIS-0203,SHP-04797,SHP-04797,,0,Customer Delivery Risk,0,80,77,Equipment Failure,True,False,Partially Absorbed
CAS-0203,DIS-0203,SHP-04797,SHP-13081,SHP-04797,1,Waiting for Inbound Shipment,0,24,31,Equipment Failure,False,True,Active Cascade
CAS-0203,DIS-0203,SHP-04797,SHP-13081,SHP-04797,1,Departure Delay,0,24,31,Equipment Failure,False,True,Active Cascade
CAS-0203,DIS-0203,SHP-04797,SHP-13081,SHP-04797,1,Customer Delivery Risk,0,24,31,Equipment Failure,False,True,Partially Absorbed
CAS-0204,DIS-0204,SHP-04545,SHP-04545,,0,Root Disruption,139,0,139,Labor Shortage,True,False,Active Cascade
CAS-0204,DIS-0204,SHP-04545,SHP-04545,,0,Dispatch Delay,0,139,139,Labor Shortage,True,False,Active Cascade
CAS-0204,DIS-0204,SHP-04545,SHP-04545,,0,Customer Delivery Risk,0,139,139,Labor Shortage,True,False,Severe Delay Breached
CAS-0204,DIS-0204,SHP-04545,SHP-00384,SHP-04545,1,Waiting for Inbound Shipment,0,118,123,Labor Shortage,False,True,Active Cascade
CAS-0204,DIS-0204,SHP-04545,SHP-00384,SHP-04545,1,Departure Delay,0,118,123,Labor Shortage,False,True,Active Cascade
CAS-0204,DIS-0204,SHP-04545,SHP-00384,SHP-04545,1,Customer Delivery Risk,0,118,123,Labor Shortage,False,True,Severe Delay Breached
CAS-0205,DIS-0205,SHP-11590,SHP-11590,,0,Root Disruption,202,0,209,Vehicle Breakdown,True,False,Active Cascade
CAS-0205,DIS-0205,SHP-11590,SHP-11590,,0,Dispatch Delay,0,202,209,Vehicle Breakdown,True,False,Active Cascade
CAS-0205,DIS-0205,SHP-11590,SHP-11590,,0,Customer Delivery Risk,0,202,209,Vehicle Breakdown,True,False,Severe Delay Breached
CAS-0205,DIS-0205,SHP-11590,SHP-03193,SHP-11590,1,Cross-Dock Transfer,0,16,20,Vehicle Breakdown,False,True,Active Cascade
CAS-0205,DIS-0205,SHP-11590,SHP-03193,SHP-11590,1,Departure Delay,0,16,20,Vehicle Breakdown,False,True,Active Cascade
CAS-0205,DIS-0205,SHP-11590,SHP-03193,SHP-11590,1,Customer Delivery Risk,0,16,20,Vehicle Breakdown,False,True,Partially Absorbed
CAS-0205,DIS-0205,SHP-11590,SHP-03736,SHP-11590,1,Cross-Dock Transfer,0,16,11,Vehicle Breakdown,False,True,Active Cascade
CAS-0205,DIS-0205,SHP-11590,SHP-03736,SHP-11590,1,Departure Delay,0,16,11,Vehicle Breakdown,False,True,Active Cascade
CAS-0205,DIS-0205,SHP-11590,SHP-03736,SHP-11590,1,Customer Delivery Risk,0,16,11,Vehicle Breakdown,False,True,Partially Absorbed
CAS-0206,DIS-0206,SHP-09054,SHP-09054,,0,Root Disruption,109,0,119,State Border Checkpoint Hold,True,False,Active Cascade
CAS-0206,DIS-0206,SHP-09054,SHP-09054,,0,Dispatch Delay,0,109,119,State Border Checkpoint Hold,True,False,Active Cascade
CAS-0206,DIS-0206,SHP-09054,SHP-09054,,0,Customer Delivery Risk,0,109,119,State Border Checkpoint Hold,True,False,Partially Absorbed
CAS-0206,DIS-0206,SHP-09054,SHP-13835,SHP-09054,1,Shared Vehicle Turnaround,0,20,30,Vehicle Breakdown,False,True,Active Cascade
CAS-0206,DIS-0206,SHP-09054,SHP-13835,SHP-09054,1,Departure Delay,0,20,30,Vehicle Breakdown,False,True,Active Cascade
CAS-0206,DIS-0206,SHP-09054,SHP-13835,SHP-09054,1,Customer Delivery Risk,0,20,30,Vehicle Breakdown,False,True,Partially Absorbed
CAS-0207,DIS-0207,SHP-05973,SHP-05973,,0,Root Disruption,80,0,89,Equipment Failure,True,False,Active Cascade
CAS-0207,DIS-0207,SHP-05973,SHP-05973,,0,Dispatch Delay,0,80,89,Equipment Failure,True,False,Active Cascade
CAS-0207,DIS-0207,SHP-05973,SHP-05973,,0,Customer Delivery Risk,0,80,89,Equipment Failure,True,False,Partially Absorbed
CAS-0207,DIS-0207,SHP-05973,SHP-12764,SHP-05973,1,Route Connection,0,20,15,Equipment Failure,False,True,Active Cascade
CAS-0207,DIS-0207,SHP-05973,SHP-12764,SHP-05973,1,Departure Delay,0,20,15,Equipment Failure,False,True,Active Cascade
CAS-0207,DIS-0207,SHP-05973,SHP-12764,SHP-05973,1,Customer Delivery Risk,0,20,15,Equipment Failure,False,True,Partially Absorbed
CAS-0208,DIS-0208,SHP-10980,SHP-10980,,0,Root Disruption,147,0,156,Vehicle Breakdown,True,False,Active Cascade
CAS-0208,DIS-0208,SHP-10980,SHP-10980,,0,Dispatch Delay,0,147,156,Vehicle Breakdown,True,False,Active Cascade
CAS-0208,DIS-0208,SHP-10980,SHP-10980,,0,Customer Delivery Risk,0,147,156,Vehicle Breakdown,True,False,Severe Delay Breached
CAS-0208,DIS-0208,SHP-10980,SHP-09766,SHP-10980,1,Route Connection,0,56,62,Vehicle Breakdown,False,True,Active Cascade
CAS-0208,DIS-0208,SHP-10980,SHP-09766,SHP-10980,1,Departure Delay,0,56,62,Vehicle Breakdown,False,True,Active Cascade
CAS-0208,DIS-0208,SHP-10980,SHP-09766,SHP-10980,1,Customer Delivery Risk,0,56,62,Vehicle Breakdown,False,True,Partially Absorbed
CAS-0209,DIS-0209,SHP-08547,SHP-08547,,0,Root Disruption,102,0,107,State Border Checkpoint Hold,True,False,Active Cascade
CAS-0209,DIS-0209,SHP-08547,SHP-08547,,0,Dispatch Delay,0,102,107,State Border Checkpoint Hold,True,False,Active Cascade
CAS-0209,DIS-0209,SHP-08547,SHP-08547,,0,Customer Delivery Risk,0,102,107,State Border Checkpoint Hold,True,False,Partially Absorbed
CAS-0209,DIS-0209,SHP-08547,SHP-04533,SHP-08547,1,Route Connection,0,68,76,State Border Checkpoint Hold,False,True,Active Cascade
CAS-0209,DIS-0209,SHP-08547,SHP-04533,SHP-08547,1,Departure Delay,0,68,76,State Border Checkpoint Hold,False,True,Active Cascade
CAS-0209,DIS-0209,SHP-08547,SHP-04533,SHP-08547,1,Customer Delivery Risk,0,68,76,State Border Checkpoint Hold,False,True,Partially Absorbed
CAS-0210,DIS-0210,SHP-04266,SHP-04266,,0,Root Disruption,111,0,111,State Border Checkpoint Hold,True,False,Active Cascade
CAS-0210,DIS-0210,SHP-04266,SHP-04266,,0,Dispatch Delay,0,111,111,State Border Checkpoint Hold,True,False,Active Cascade
CAS-0210,DIS-0210,SHP-04266,SHP-04266,,0,Customer Delivery Risk,0,111,111,State Border Checkpoint Hold,True,False,Partially Absorbed
CAS-0210,DIS-0210,SHP-04266,SHP-06158,SHP-04266,1,Route Connection,0,20,18,State Border Checkpoint Hold,False,True,Active Cascade
CAS-0210,DIS-0210,SHP-04266,SHP-06158,SHP-04266,1,Departure Delay,0,20,18,State Border Checkpoint Hold,False,True,Active Cascade
CAS-0210,DIS-0210,SHP-04266,SHP-06158,SHP-04266,1,Customer Delivery Risk,0,20,18,State Border Checkpoint Hold,False,True,Partially Absorbed
CAS-0210,DIS-0210,SHP-04266,SHP-09132,SHP-06158,2,Warehouse Transfer,0,16,20,State Border Checkpoint Hold,False,True,Active Cascade
CAS-0210,DIS-0210,SHP-04266,SHP-09132,SHP-06158,2,Departure Delay,0,16,20,State Border Checkpoint Hold,False,True,Active Cascade
CAS-0210,DIS-0210,SHP-04266,SHP-09132,SHP-06158,2,Customer Delivery Risk,0,16,20,State Border Checkpoint Hold,False,True,Partially Absorbed
CAS-0210,DIS-0210,SHP-04266,SHP-04291,SHP-09132,3,Route Connection,0,16,12,State Border Checkpoint Hold,False,True,Active Cascade
CAS-0210,DIS-0210,SHP-04266,SHP-04291,SHP-09132,3,Departure Delay,0,16,12,State Border Checkpoint Hold,False,True,Active Cascade
CAS-0210,DIS-0210,SHP-04266,SHP-04291,SHP-09132,3,Customer Delivery Risk,0,16,12,State Border Checkpoint Hold,False,True,Partially Absorbed
CAS-0210,DIS-0210,SHP-04266,SHP-02850,SHP-06158,2,Warehouse Transfer,0,16,16,State Border Checkpoint Hold,False,True,Active Cascade
CAS-0210,DIS-0210,SHP-04266,SHP-02850,SHP-06158,2,Departure Delay,0,16,16,State Border Checkpoint Hold,False,True,Active Cascade
CAS-0210,DIS-0210,SHP-04266,SHP-02850,SHP-06158,2,Customer Delivery Risk,0,16,16,State Border Checkpoint Hold,False,True,Partially Absorbed
CAS-0211,DIS-0211,SHP-06167,SHP-06167,,0,Root Disruption,165,0,172,Labor Shortage,True,False,Active Cascade
CAS-0211,DIS-0211,SHP-06167,SHP-06167,,0,Dispatch Delay,0,165,172,Labor Shortage,True,False,Active Cascade
CAS-0211,DIS-0211,SHP-06167,SHP-06167,,0,Customer Delivery Risk,0,165,172,Labor Shortage,True,False,Severe Delay Breached
CAS-0211,DIS-0211,SHP-06167,SHP-05210,SHP-06167,1,Waiting for Inbound Shipment,0,116,111,Labor Shortage,False,True,Active Cascade
CAS-0211,DIS-0211,SHP-06167,SHP-05210,SHP-06167,1,Departure Delay,0,116,111,Labor Shortage,False,True,Active Cascade
CAS-0211,DIS-0211,SHP-06167,SHP-05210,SHP-06167,1,Customer Delivery Risk,0,116,111,Labor Shortage,False,True,Partially Absorbed
CAS-0211,DIS-0211,SHP-06167,SHP-12280,SHP-05210,2,Warehouse Transfer,0,16,15,Labor Shortage,False,True,Active Cascade
CAS-0211,DIS-0211,SHP-06167,SHP-12280,SHP-05210,2,Departure Delay,0,16,15,Labor Shortage,False,True,Active Cascade
CAS-0211,DIS-0211,SHP-06167,SHP-12280,SHP-05210,2,Customer Delivery Risk,0,16,15,Labor Shortage,False,True,Partially Absorbed
CAS-0212,DIS-0212,SHP-06304,SHP-06304,,0,Root Disruption,165,0,160,Equipment Failure,True,False,Active Cascade
CAS-0212,DIS-0212,SHP-06304,SHP-06304,,0,Dispatch Delay,0,165,160,Equipment Failure,True,False,Active Cascade
CAS-0212,DIS-0212,SHP-06304,SHP-06304,,0,Customer Delivery Risk,0,165,160,Equipment Failure,True,False,Severe Delay Breached
CAS-0212,DIS-0212,SHP-06304,SHP-11164,SHP-06304,1,Cross-Dock Transfer,0,83,89,Equipment Failure,False,True,Active Cascade
CAS-0212,DIS-0212,SHP-06304,SHP-11164,SHP-06304,1,Departure Delay,0,83,89,Equipment Failure,False,True,Active Cascade
CAS-0212,DIS-0212,SHP-06304,SHP-11164,SHP-06304,1,Customer Delivery Risk,0,83,89,Equipment Failure,False,True,Partially Absorbed
CAS-0212,DIS-0212,SHP-06304,SHP-01838,SHP-06304,1,Cross-Dock Transfer,0,16,11,Equipment Failure,False,True,Active Cascade
CAS-0212,DIS-0212,SHP-06304,SHP-01838,SHP-06304,1,Departure Delay,0,16,11,Equipment Failure,False,True,Active Cascade
CAS-0212,DIS-0212,SHP-06304,SHP-01838,SHP-06304,1,Customer Delivery Risk,0,16,11,Equipment Failure,False,True,Partially Absorbed
CAS-0212,DIS-0212,SHP-06304,SHP-03758,SHP-06304,1,Cross-Dock Transfer,0,16,16,Equipment Failure,False,True,Active Cascade
CAS-0212,DIS-0212,SHP-06304,SHP-03758,SHP-06304,1,Departure Delay,0,16,16,Equipment Failure,False,True,Active Cascade
CAS-0212,DIS-0212,SHP-06304,SHP-03758,SHP-06304,1,Customer Delivery Risk,0,16,16,Equipment Failure,False,True,Partially Absorbed
CAS-0213,DIS-0213,SHP-07275,SHP-07275,,0,Root Disruption,132,0,133,Vehicle Breakdown,True,False,Active Cascade
CAS-0213,DIS-0213,SHP-07275,SHP-07275,,0,Dispatch Delay,0,132,133,Vehicle Breakdown,True,False,Active Cascade
CAS-0213,DIS-0213,SHP-07275,SHP-07275,,0,Customer Delivery Risk,0,132,133,Vehicle Breakdown,True,False,Severe Delay Breached
CAS-0213,DIS-0213,SHP-07275,SHP-11972,SHP-07275,1,Cross-Dock Transfer,0,16,15,Vehicle Breakdown,False,True,Active Cascade
CAS-0213,DIS-0213,SHP-07275,SHP-11972,SHP-07275,1,Departure Delay,0,16,15,Vehicle Breakdown,False,True,Active Cascade
CAS-0213,DIS-0213,SHP-07275,SHP-11972,SHP-07275,1,Customer Delivery Risk,0,16,15,Vehicle Breakdown,False,True,Partially Absorbed
CAS-0214,DIS-0214,SHP-02610,SHP-02610,,0,Root Disruption,188,0,194,Road Closure,True,False,Active Cascade
CAS-0214,DIS-0214,SHP-02610,SHP-02610,,0,Dispatch Delay,0,188,194,Road Closure,True,False,Active Cascade
CAS-0214,DIS-0214,SHP-02610,SHP-02610,,0,Customer Delivery Risk,0,188,194,Road Closure,True,False,Severe Delay Breached
CAS-0214,DIS-0214,SHP-02610,SHP-05039,SHP-02610,1,Route Connection,0,20,15,Road Closure,False,True,Active Cascade
CAS-0214,DIS-0214,SHP-02610,SHP-05039,SHP-02610,1,Departure Delay,0,20,15,Road Closure,False,True,Active Cascade
CAS-0214,DIS-0214,SHP-02610,SHP-05039,SHP-02610,1,Customer Delivery Risk,0,20,15,Road Closure,False,True,Partially Absorbed
CAS-0214,DIS-0214,SHP-02610,SHP-09278,SHP-05039,2,Warehouse Transfer,0,16,11,Road Closure,False,True,Active Cascade
CAS-0214,DIS-0214,SHP-02610,SHP-09278,SHP-05039,2,Departure Delay,0,16,11,Road Closure,False,True,Active Cascade
CAS-0214,DIS-0214,SHP-02610,SHP-09278,SHP-05039,2,Customer Delivery Risk,0,16,11,Road Closure,False,True,Partially Absorbed
CAS-0214,DIS-0214,SHP-02610,SHP-12352,SHP-09278,3,Route Connection,0,16,15,Road Closure,False,True,Active Cascade
CAS-0214,DIS-0214,SHP-02610,SHP-12352,SHP-09278,3,Departure Delay,0,16,15,Road Closure,False,True,Active Cascade
CAS-0214,DIS-0214,SHP-02610,SHP-12352,SHP-09278,3,Customer Delivery Risk,0,16,15,Road Closure,False,True,Partially Absorbed
CAS-0214,DIS-0214,SHP-02610,SHP-00698,SHP-05039,2,Warehouse Transfer,0,16,17,Road Closure,False,True,Active Cascade
CAS-0214,DIS-0214,SHP-02610,SHP-00698,SHP-05039,2,Departure Delay,0,16,17,Road Closure,False,True,Active Cascade
CAS-0214,DIS-0214,SHP-02610,SHP-00698,SHP-05039,2,Customer Delivery Risk,0,16,17,Road Closure,False,True,Partially Absorbed
CAS-0215,DIS-0215,SHP-02173,SHP-02173,,0,Root Disruption,175,0,174,Warehouse Congestion,True,False,Active Cascade
CAS-0215,DIS-0215,SHP-02173,SHP-02173,,0,Dispatch Delay,0,175,174,Warehouse Congestion,True,False,Active Cascade
CAS-0215,DIS-0215,SHP-02173,SHP-02173,,0,Customer Delivery Risk,0,175,174,Warehouse Congestion,True,False,Severe Delay Breached
CAS-0215,DIS-0215,SHP-02173,SHP-07933,SHP-02173,1,Cross-Dock Transfer,0,69,64,Warehouse Congestion,False,True,Active Cascade
CAS-0215,DIS-0215,SHP-02173,SHP-07933,SHP-02173,1,Departure Delay,0,69,64,Warehouse Congestion,False,True,Active Cascade
CAS-0215,DIS-0215,SHP-02173,SHP-07933,SHP-02173,1,Customer Delivery Risk,0,69,64,Warehouse Congestion,False,True,Partially Absorbed
CAS-0215,DIS-0215,SHP-02173,SHP-07833,SHP-02173,1,Cross-Dock Transfer,0,16,12,Warehouse Congestion,False,True,Active Cascade
CAS-0215,DIS-0215,SHP-02173,SHP-07833,SHP-02173,1,Departure Delay,0,16,12,Warehouse Congestion,False,True,Active Cascade
CAS-0215,DIS-0215,SHP-02173,SHP-07833,SHP-02173,1,Customer Delivery Risk,0,16,12,Warehouse Congestion,False,True,Partially Absorbed
CAS-0216,DIS-0216,SHP-06063,SHP-06063,,0,Root Disruption,97,0,93,Road Closure,True,False,Active Cascade
CAS-0216,DIS-0216,SHP-06063,SHP-06063,,0,Dispatch Delay,0,97,93,Road Closure,True,False,Active Cascade
CAS-0216,DIS-0216,SHP-06063,SHP-06063,,0,Customer Delivery Risk,0,97,93,Road Closure,True,False,Partially Absorbed
CAS-0216,DIS-0216,SHP-06063,SHP-06957,SHP-06063,1,Waiting for Inbound Shipment,0,20,17,Road Closure,False,True,Active Cascade
CAS-0216,DIS-0216,SHP-06063,SHP-06957,SHP-06063,1,Departure Delay,0,20,17,Road Closure,False,True,Active Cascade
CAS-0216,DIS-0216,SHP-06063,SHP-06957,SHP-06063,1,Customer Delivery Risk,0,20,17,Road Closure,False,True,Partially Absorbed
CAS-0216,DIS-0216,SHP-06063,SHP-03955,SHP-06957,2,Warehouse Transfer,0,16,17,Road Closure,False,True,Active Cascade
CAS-0216,DIS-0216,SHP-06063,SHP-03955,SHP-06957,2,Departure Delay,0,16,17,Road Closure,False,True,Active Cascade
CAS-0216,DIS-0216,SHP-06063,SHP-03955,SHP-06957,2,Customer Delivery Risk,0,16,17,Road Closure,False,True,Partially Absorbed
CAS-0217,DIS-0217,SHP-08369,SHP-08369,,0,Root Disruption,95,0,99,Equipment Failure,True,False,Active Cascade
CAS-0217,DIS-0217,SHP-08369,SHP-08369,,0,Dispatch Delay,0,95,99,Equipment Failure,True,False,Active Cascade
CAS-0217,DIS-0217,SHP-08369,SHP-08369,,0,Customer Delivery Risk,0,95,99,Equipment Failure,True,False,Partially Absorbed
CAS-0217,DIS-0217,SHP-08369,SHP-13728,SHP-08369,1,Route Connection,0,20,16,Equipment Failure,False,True,Active Cascade
CAS-0217,DIS-0217,SHP-08369,SHP-13728,SHP-08369,1,Departure Delay,0,20,16,Equipment Failure,False,True,Active Cascade
CAS-0217,DIS-0217,SHP-08369,SHP-13728,SHP-08369,1,Customer Delivery Risk,0,20,16,Equipment Failure,False,True,Partially Absorbed
CAS-0217,DIS-0217,SHP-08369,SHP-04633,SHP-13728,2,Warehouse Transfer,0,16,17,Equipment Failure,False,True,Active Cascade
CAS-0217,DIS-0217,SHP-08369,SHP-04633,SHP-13728,2,Departure Delay,0,16,17,Equipment Failure,False,True,Active Cascade
CAS-0217,DIS-0217,SHP-08369,SHP-04633,SHP-13728,2,Customer Delivery Risk,0,16,17,Equipment Failure,False,True,Partially Absorbed
CAS-0218,DIS-0218,SHP-01808,SHP-01808,,0,Root Disruption,80,0,82,Equipment Failure,True,False,Active Cascade
CAS-0218,DIS-0218,SHP-01808,SHP-01808,,0,Dispatch Delay,0,80,82,Equipment Failure,True,False,Active Cascade
CAS-0218,DIS-0218,SHP-01808,SHP-01808,,0,Customer Delivery Risk,0,80,82,Equipment Failure,True,False,Partially Absorbed
CAS-0218,DIS-0218,SHP-01808,SHP-01941,SHP-01808,1,Shared Vehicle Turnaround,0,20,30,Vehicle Breakdown,False,True,Active Cascade
CAS-0218,DIS-0218,SHP-01808,SHP-01941,SHP-01808,1,Departure Delay,0,20,30,Vehicle Breakdown,False,True,Active Cascade
CAS-0218,DIS-0218,SHP-01808,SHP-01941,SHP-01808,1,Customer Delivery Risk,0,20,30,Vehicle Breakdown,False,True,Partially Absorbed
CAS-0219,DIS-0219,SHP-04948,SHP-04948,,0,Root Disruption,102,0,107,State Border Checkpoint Hold,True,False,Active Cascade
CAS-0219,DIS-0219,SHP-04948,SHP-04948,,0,Dispatch Delay,0,102,107,State Border Checkpoint Hold,True,False,Active Cascade
CAS-0219,DIS-0219,SHP-04948,SHP-04948,,0,Customer Delivery Risk,0,102,107,State Border Checkpoint Hold,True,False,Partially Absorbed
CAS-0219,DIS-0219,SHP-04948,SHP-10617,SHP-04948,1,Route Connection,0,39,39,State Border Checkpoint Hold,False,True,Active Cascade
CAS-0219,DIS-0219,SHP-04948,SHP-10617,SHP-04948,1,Departure Delay,0,39,39,State Border Checkpoint Hold,False,True,Active Cascade
CAS-0219,DIS-0219,SHP-04948,SHP-10617,SHP-04948,1,Customer Delivery Risk,0,39,39,State Border Checkpoint Hold,False,True,Partially Absorbed
CAS-0219,DIS-0219,SHP-04948,SHP-07661,SHP-10617,2,Warehouse Transfer,0,16,20,State Border Checkpoint Hold,False,True,Active Cascade
CAS-0219,DIS-0219,SHP-04948,SHP-07661,SHP-10617,2,Departure Delay,0,16,20,State Border Checkpoint Hold,False,True,Active Cascade
CAS-0219,DIS-0219,SHP-04948,SHP-07661,SHP-10617,2,Customer Delivery Risk,0,16,20,State Border Checkpoint Hold,False,True,Partially Absorbed
CAS-0219,DIS-0219,SHP-04948,SHP-08664,SHP-07661,3,Route Connection,0,16,21,State Border Checkpoint Hold,False,True,Active Cascade
CAS-0219,DIS-0219,SHP-04948,SHP-08664,SHP-07661,3,Departure Delay,0,16,21,State Border Checkpoint Hold,False,True,Active Cascade
CAS-0219,DIS-0219,SHP-04948,SHP-08664,SHP-07661,3,Customer Delivery Risk,0,16,21,State Border Checkpoint Hold,False,True,Partially Absorbed
CAS-0219,DIS-0219,SHP-04948,SHP-05189,SHP-10617,2,Warehouse Transfer,0,16,20,State Border Checkpoint Hold,False,True,Active Cascade
CAS-0219,DIS-0219,SHP-04948,SHP-05189,SHP-10617,2,Departure Delay,0,16,20,State Border Checkpoint Hold,False,True,Active Cascade
CAS-0219,DIS-0219,SHP-04948,SHP-05189,SHP-10617,2,Customer Delivery Risk,0,16,20,State Border Checkpoint Hold,False,True,Partially Absorbed
CAS-0220,DIS-0220,SHP-08740,SHP-08740,,0,Root Disruption,180,0,184,Warehouse Congestion,True,False,Active Cascade
CAS-0220,DIS-0220,SHP-08740,SHP-08740,,0,Dispatch Delay,0,180,184,Warehouse Congestion,True,False,Active Cascade
CAS-0220,DIS-0220,SHP-08740,SHP-08740,,0,Customer Delivery Risk,0,180,184,Warehouse Congestion,True,False,Severe Delay Breached
CAS-0220,DIS-0220,SHP-08740,SHP-00079,SHP-08740,1,Waiting for Inbound Shipment,0,20,16,Warehouse Congestion,False,True,Active Cascade
CAS-0220,DIS-0220,SHP-08740,SHP-00079,SHP-08740,1,Departure Delay,0,20,16,Warehouse Congestion,False,True,Active Cascade
CAS-0220,DIS-0220,SHP-08740,SHP-00079,SHP-08740,1,Customer Delivery Risk,0,20,16,Warehouse Congestion,False,True,Partially Absorbed
CAS-0221,DIS-0221,SHP-10597,SHP-10597,,0,Root Disruption,259,0,265,Severe Weather,True,False,Active Cascade
CAS-0221,DIS-0221,SHP-10597,SHP-10597,,0,Dispatch Delay,0,259,265,Severe Weather,True,False,Active Cascade
CAS-0221,DIS-0221,SHP-10597,SHP-10597,,0,Customer Delivery Risk,0,259,265,Severe Weather,True,False,Severe Delay Breached
CAS-0221,DIS-0221,SHP-10597,SHP-06332,SHP-10597,1,Waiting for Inbound Shipment,0,20,30,Severe Weather,False,True,Active Cascade
CAS-0221,DIS-0221,SHP-10597,SHP-06332,SHP-10597,1,Departure Delay,0,20,30,Severe Weather,False,True,Active Cascade
CAS-0221,DIS-0221,SHP-10597,SHP-06332,SHP-10597,1,Customer Delivery Risk,0,20,30,Severe Weather,False,True,Partially Absorbed
CAS-0221,DIS-0221,SHP-10597,SHP-09072,SHP-06332,2,Warehouse Transfer,0,16,18,Severe Weather,False,True,Active Cascade
CAS-0221,DIS-0221,SHP-10597,SHP-09072,SHP-06332,2,Departure Delay,0,16,18,Severe Weather,False,True,Active Cascade
CAS-0221,DIS-0221,SHP-10597,SHP-09072,SHP-06332,2,Customer Delivery Risk,0,16,18,Severe Weather,False,True,Partially Absorbed
CAS-0222,DIS-0222,SHP-08191,SHP-08191,,0,Root Disruption,153,0,154,Labor Shortage,True,False,Active Cascade
CAS-0222,DIS-0222,SHP-08191,SHP-08191,,0,Dispatch Delay,0,153,154,Labor Shortage,True,False,Active Cascade
CAS-0222,DIS-0222,SHP-08191,SHP-08191,,0,Customer Delivery Risk,0,153,154,Labor Shortage,True,False,Severe Delay Breached
CAS-0222,DIS-0222,SHP-08191,SHP-10940,SHP-08191,1,Route Connection,0,91,95,Labor Shortage,False,True,Active Cascade
CAS-0222,DIS-0222,SHP-08191,SHP-10940,SHP-08191,1,Departure Delay,0,91,95,Labor Shortage,False,True,Active Cascade
CAS-0222,DIS-0222,SHP-08191,SHP-10940,SHP-08191,1,Customer Delivery Risk,0,91,95,Labor Shortage,False,True,Partially Absorbed
CAS-0223,DIS-0223,SHP-07783,SHP-07783,,0,Root Disruption,133,0,134,Road Closure,True,False,Active Cascade
CAS-0223,DIS-0223,SHP-07783,SHP-07783,,0,Dispatch Delay,0,133,134,Road Closure,True,False,Active Cascade
CAS-0223,DIS-0223,SHP-07783,SHP-07783,,0,Customer Delivery Risk,0,133,134,Road Closure,True,False,Severe Delay Breached
CAS-0223,DIS-0223,SHP-07783,SHP-09508,SHP-07783,1,Warehouse Congestion Transfer,46,0,42,Warehouse Congestion,False,True,Active Cascade
CAS-0223,DIS-0223,SHP-07783,SHP-09508,SHP-07783,1,Departure Delay,0,0,42,Warehouse Congestion,False,True,Active Cascade
CAS-0223,DIS-0223,SHP-07783,SHP-09508,SHP-07783,1,Customer Delivery Risk,0,0,42,Warehouse Congestion,False,True,Partially Absorbed
CAS-0223,DIS-0223,SHP-07783,SHP-04454,SHP-07783,1,Warehouse Congestion Transfer,96,0,102,Warehouse Congestion,False,True,Active Cascade
CAS-0223,DIS-0223,SHP-07783,SHP-04454,SHP-07783,1,Departure Delay,0,0,102,Warehouse Congestion,False,True,Active Cascade
CAS-0223,DIS-0223,SHP-07783,SHP-04454,SHP-07783,1,Customer Delivery Risk,0,0,102,Warehouse Congestion,False,True,Partially Absorbed
CAS-0224,DIS-0224,SHP-07768,SHP-07768,,0,Root Disruption,194,0,204,Vehicle Breakdown,True,False,Active Cascade
CAS-0224,DIS-0224,SHP-07768,SHP-07768,,0,Dispatch Delay,0,194,204,Vehicle Breakdown,True,False,Active Cascade
CAS-0224,DIS-0224,SHP-07768,SHP-07768,,0,Customer Delivery Risk,0,194,204,Vehicle Breakdown,True,False,Severe Delay Breached
CAS-0224,DIS-0224,SHP-07768,SHP-04615,SHP-07768,1,Shared Vehicle Turnaround,0,99,97,Vehicle Breakdown,False,True,Active Cascade
CAS-0224,DIS-0224,SHP-07768,SHP-04615,SHP-07768,1,Departure Delay,0,99,97,Vehicle Breakdown,False,True,Active Cascade
CAS-0224,DIS-0224,SHP-07768,SHP-04615,SHP-07768,1,Customer Delivery Risk,0,99,97,Vehicle Breakdown,False,True,Partially Absorbed
CAS-0225,DIS-0225,SHP-01261,SHP-01261,,0,Root Disruption,227,0,227,Vehicle Breakdown,True,False,Active Cascade
CAS-0225,DIS-0225,SHP-01261,SHP-01261,,0,Dispatch Delay,0,227,227,Vehicle Breakdown,True,False,Active Cascade
CAS-0225,DIS-0225,SHP-01261,SHP-01261,,0,Customer Delivery Risk,0,227,227,Vehicle Breakdown,True,False,Severe Delay Breached
CAS-0225,DIS-0225,SHP-01261,SHP-12394,SHP-01261,1,Warehouse Congestion Transfer,51,0,47,Warehouse Congestion,False,True,Active Cascade
CAS-0225,DIS-0225,SHP-01261,SHP-12394,SHP-01261,1,Departure Delay,0,0,47,Warehouse Congestion,False,True,Active Cascade
CAS-0225,DIS-0225,SHP-01261,SHP-12394,SHP-01261,1,Customer Delivery Risk,0,0,47,Warehouse Congestion,False,True,Partially Absorbed
CAS-0225,DIS-0225,SHP-01261,SHP-06530,SHP-01261,1,Warehouse Congestion Transfer,107,0,115,Warehouse Congestion,False,True,Active Cascade
CAS-0225,DIS-0225,SHP-01261,SHP-06530,SHP-01261,1,Departure Delay,0,0,115,Warehouse Congestion,False,True,Active Cascade
CAS-0225,DIS-0225,SHP-01261,SHP-06530,SHP-01261,1,Customer Delivery Risk,0,0,115,Warehouse Congestion,False,True,Partially Absorbed
CAS-0226,DIS-0226,SHP-03614,SHP-03614,,0,Root Disruption,119,0,116,State Border Checkpoint Hold,True,False,Active Cascade
CAS-0226,DIS-0226,SHP-03614,SHP-03614,,0,Dispatch Delay,0,119,116,State Border Checkpoint Hold,True,False,Active Cascade
CAS-0226,DIS-0226,SHP-03614,SHP-03614,,0,Customer Delivery Risk,0,119,116,State Border Checkpoint Hold,True,False,Partially Absorbed
CAS-0226,DIS-0226,SHP-03614,SHP-05817,SHP-03614,1,Route Connection,0,107,113,State Border Checkpoint Hold,False,True,Active Cascade
CAS-0226,DIS-0226,SHP-03614,SHP-05817,SHP-03614,1,Departure Delay,0,107,113,State Border Checkpoint Hold,False,True,Active Cascade
CAS-0226,DIS-0226,SHP-03614,SHP-05817,SHP-03614,1,Customer Delivery Risk,0,107,113,State Border Checkpoint Hold,False,True,Partially Absorbed
CAS-0227,DIS-0227,SHP-06279,SHP-06279,,0,Root Disruption,247,0,244,Severe Weather,True,False,Active Cascade
CAS-0227,DIS-0227,SHP-06279,SHP-06279,,0,Dispatch Delay,0,247,244,Severe Weather,True,False,Active Cascade
CAS-0227,DIS-0227,SHP-06279,SHP-06279,,0,Customer Delivery Risk,0,247,244,Severe Weather,True,False,Severe Delay Breached
CAS-0227,DIS-0227,SHP-06279,SHP-12961,SHP-06279,1,Cross-Dock Transfer,0,16,11,Severe Weather,False,True,Active Cascade
CAS-0227,DIS-0227,SHP-06279,SHP-12961,SHP-06279,1,Departure Delay,0,16,11,Severe Weather,False,True,Active Cascade
CAS-0227,DIS-0227,SHP-06279,SHP-12961,SHP-06279,1,Customer Delivery Risk,0,16,11,Severe Weather,False,True,Partially Absorbed
CAS-0227,DIS-0227,SHP-06279,SHP-00275,SHP-06279,1,Cross-Dock Transfer,0,16,13,Severe Weather,False,True,Active Cascade
CAS-0227,DIS-0227,SHP-06279,SHP-00275,SHP-06279,1,Departure Delay,0,16,13,Severe Weather,False,True,Active Cascade
CAS-0227,DIS-0227,SHP-06279,SHP-00275,SHP-06279,1,Customer Delivery Risk,0,16,13,Severe Weather,False,True,Partially Absorbed
CAS-0228,DIS-0228,SHP-02163,SHP-02163,,0,Root Disruption,163,0,172,Equipment Failure,True,False,Active Cascade
CAS-0228,DIS-0228,SHP-02163,SHP-02163,,0,Dispatch Delay,0,163,172,Equipment Failure,True,False,Active Cascade
CAS-0228,DIS-0228,SHP-02163,SHP-02163,,0,Customer Delivery Risk,0,163,172,Equipment Failure,True,False,Severe Delay Breached
CAS-0228,DIS-0228,SHP-02163,SHP-08536,SHP-02163,1,Waiting for Inbound Shipment,0,119,124,Equipment Failure,False,True,Active Cascade
CAS-0228,DIS-0228,SHP-02163,SHP-08536,SHP-02163,1,Departure Delay,0,119,124,Equipment Failure,False,True,Active Cascade
CAS-0228,DIS-0228,SHP-02163,SHP-08536,SHP-02163,1,Customer Delivery Risk,0,119,124,Equipment Failure,False,True,Severe Delay Breached
CAS-0229,DIS-0229,SHP-13506,SHP-13506,,0,Root Disruption,64,0,60,Labor Shortage,True,False,Active Cascade
CAS-0229,DIS-0229,SHP-13506,SHP-13506,,0,Dispatch Delay,0,64,60,Labor Shortage,True,False,Active Cascade
CAS-0229,DIS-0229,SHP-13506,SHP-13506,,0,Customer Delivery Risk,0,64,60,Labor Shortage,True,False,Partially Absorbed
CAS-0229,DIS-0229,SHP-13506,SHP-08476,SHP-13506,1,Waiting for Inbound Shipment,0,20,24,Labor Shortage,False,True,Active Cascade
CAS-0229,DIS-0229,SHP-13506,SHP-08476,SHP-13506,1,Departure Delay,0,20,24,Labor Shortage,False,True,Active Cascade
CAS-0229,DIS-0229,SHP-13506,SHP-08476,SHP-13506,1,Customer Delivery Risk,0,20,24,Labor Shortage,False,True,Partially Absorbed
CAS-0229,DIS-0229,SHP-13506,SHP-08942,SHP-08476,2,Warehouse Transfer,0,16,19,Labor Shortage,False,True,Active Cascade
CAS-0229,DIS-0229,SHP-13506,SHP-08942,SHP-08476,2,Departure Delay,0,16,19,Labor Shortage,False,True,Active Cascade
CAS-0229,DIS-0229,SHP-13506,SHP-08942,SHP-08476,2,Customer Delivery Risk,0,16,19,Labor Shortage,False,True,Partially Absorbed
CAS-0230,DIS-0230,SHP-03216,SHP-03216,,0,Root Disruption,174,0,177,Equipment Failure,True,False,Active Cascade
CAS-0230,DIS-0230,SHP-03216,SHP-03216,,0,Dispatch Delay,0,174,177,Equipment Failure,True,False,Active Cascade
CAS-0230,DIS-0230,SHP-03216,SHP-03216,,0,Customer Delivery Risk,0,174,177,Equipment Failure,True,False,Severe Delay Breached
CAS-0230,DIS-0230,SHP-03216,SHP-03783,SHP-03216,1,Cross-Dock Transfer,0,159,168,Equipment Failure,False,True,Active Cascade
CAS-0230,DIS-0230,SHP-03216,SHP-03783,SHP-03216,1,Departure Delay,0,159,168,Equipment Failure,False,True,Active Cascade
CAS-0230,DIS-0230,SHP-03216,SHP-03783,SHP-03216,1,Customer Delivery Risk,0,159,168,Equipment Failure,False,True,Severe Delay Breached
CAS-0230,DIS-0230,SHP-03216,SHP-12634,SHP-03216,1,Cross-Dock Transfer,0,164,168,Equipment Failure,False,True,Active Cascade
CAS-0230,DIS-0230,SHP-03216,SHP-12634,SHP-03216,1,Departure Delay,0,164,168,Equipment Failure,False,True,Active Cascade
CAS-0230,DIS-0230,SHP-03216,SHP-12634,SHP-03216,1,Customer Delivery Risk,0,164,168,Equipment Failure,False,True,Severe Delay Breached
CAS-0231,DIS-0231,SHP-11019,SHP-11019,,0,Root Disruption,148,0,149,Severe Weather,True,False,Active Cascade
CAS-0231,DIS-0231,SHP-11019,SHP-11019,,0,Dispatch Delay,0,148,149,Severe Weather,True,False,Active Cascade
CAS-0231,DIS-0231,SHP-11019,SHP-11019,,0,Customer Delivery Risk,0,148,149,Severe Weather,True,False,Severe Delay Breached
CAS-0231,DIS-0231,SHP-11019,SHP-01478,SHP-11019,1,Waiting for Inbound Shipment,0,20,18,Severe Weather,False,True,Active Cascade
CAS-0231,DIS-0231,SHP-11019,SHP-01478,SHP-11019,1,Departure Delay,0,20,18,Severe Weather,False,True,Active Cascade
CAS-0231,DIS-0231,SHP-11019,SHP-01478,SHP-11019,1,Customer Delivery Risk,0,20,18,Severe Weather,False,True,Partially Absorbed
CAS-0231,DIS-0231,SHP-11019,SHP-03611,SHP-01478,2,Warehouse Transfer,0,16,15,Severe Weather,False,True,Active Cascade
CAS-0231,DIS-0231,SHP-11019,SHP-03611,SHP-01478,2,Departure Delay,0,16,15,Severe Weather,False,True,Active Cascade
CAS-0231,DIS-0231,SHP-11019,SHP-03611,SHP-01478,2,Customer Delivery Risk,0,16,15,Severe Weather,False,True,Partially Absorbed
CAS-0232,DIS-0232,SHP-04091,SHP-04091,,0,Root Disruption,177,0,185,Equipment Failure,True,False,Active Cascade
CAS-0232,DIS-0232,SHP-04091,SHP-04091,,0,Dispatch Delay,0,177,185,Equipment Failure,True,False,Active Cascade
CAS-0232,DIS-0232,SHP-04091,SHP-04091,,0,Customer Delivery Risk,0,177,185,Equipment Failure,True,False,Severe Delay Breached
CAS-0232,DIS-0232,SHP-04091,SHP-07845,SHP-04091,1,Cross-Dock Transfer,0,16,17,Equipment Failure,False,True,Active Cascade
CAS-0232,DIS-0232,SHP-04091,SHP-07845,SHP-04091,1,Departure Delay,0,16,17,Equipment Failure,False,True,Active Cascade
CAS-0232,DIS-0232,SHP-04091,SHP-07845,SHP-04091,1,Customer Delivery Risk,0,16,17,Equipment Failure,False,True,Partially Absorbed
CAS-0232,DIS-0232,SHP-04091,SHP-08464,SHP-04091,1,Cross-Dock Transfer,0,16,21,Equipment Failure,False,True,Active Cascade
CAS-0232,DIS-0232,SHP-04091,SHP-08464,SHP-04091,1,Departure Delay,0,16,21,Equipment Failure,False,True,Active Cascade
CAS-0232,DIS-0232,SHP-04091,SHP-08464,SHP-04091,1,Customer Delivery Risk,0,16,21,Equipment Failure,False,True,Partially Absorbed
CAS-0232,DIS-0232,SHP-04091,SHP-01775,SHP-04091,1,Cross-Dock Transfer,0,16,22,Equipment Failure,False,True,Active Cascade
CAS-0232,DIS-0232,SHP-04091,SHP-01775,SHP-04091,1,Departure Delay,0,16,22,Equipment Failure,False,True,Active Cascade
CAS-0232,DIS-0232,SHP-04091,SHP-01775,SHP-04091,1,Customer Delivery Risk,0,16,22,Equipment Failure,False,True,Partially Absorbed
CAS-0233,DIS-0233,SHP-08286,SHP-08286,,0,Root Disruption,143,0,150,Warehouse Congestion,True,False,Active Cascade
CAS-0233,DIS-0233,SHP-08286,SHP-08286,,0,Dispatch Delay,0,143,150,Warehouse Congestion,True,False,Active Cascade
CAS-0233,DIS-0233,SHP-08286,SHP-08286,,0,Customer Delivery Risk,0,143,150,Warehouse Congestion,True,False,Severe Delay Breached
CAS-0233,DIS-0233,SHP-08286,SHP-10640,SHP-08286,1,Waiting for Inbound Shipment,0,20,15,Warehouse Congestion,False,True,Active Cascade
CAS-0233,DIS-0233,SHP-08286,SHP-10640,SHP-08286,1,Departure Delay,0,20,15,Warehouse Congestion,False,True,Active Cascade
CAS-0233,DIS-0233,SHP-08286,SHP-10640,SHP-08286,1,Customer Delivery Risk,0,20,15,Warehouse Congestion,False,True,Partially Absorbed
CAS-0233,DIS-0233,SHP-08286,SHP-13708,SHP-10640,2,Warehouse Transfer,0,16,12,Warehouse Congestion,False,True,Active Cascade
CAS-0233,DIS-0233,SHP-08286,SHP-13708,SHP-10640,2,Departure Delay,0,16,12,Warehouse Congestion,False,True,Active Cascade
CAS-0233,DIS-0233,SHP-08286,SHP-13708,SHP-10640,2,Customer Delivery Risk,0,16,12,Warehouse Congestion,False,True,Partially Absorbed
CAS-0234,DIS-0234,SHP-04142,SHP-04142,,0,Root Disruption,143,0,139,State Border Checkpoint Hold,True,False,Active Cascade
CAS-0234,DIS-0234,SHP-04142,SHP-04142,,0,Dispatch Delay,0,143,139,State Border Checkpoint Hold,True,False,Active Cascade
CAS-0234,DIS-0234,SHP-04142,SHP-04142,,0,Customer Delivery Risk,0,143,139,State Border Checkpoint Hold,True,False,Severe Delay Breached
CAS-0234,DIS-0234,SHP-04142,SHP-02777,SHP-04142,1,Waiting for Inbound Shipment,0,43,40,State Border Checkpoint Hold,False,True,Active Cascade
CAS-0234,DIS-0234,SHP-04142,SHP-02777,SHP-04142,1,Departure Delay,0,43,40,State Border Checkpoint Hold,False,True,Active Cascade
CAS-0234,DIS-0234,SHP-04142,SHP-02777,SHP-04142,1,Customer Delivery Risk,0,43,40,State Border Checkpoint Hold,False,True,Partially Absorbed
CAS-0234,DIS-0234,SHP-04142,SHP-09704,SHP-02777,2,Warehouse Transfer,0,16,11,State Border Checkpoint Hold,False,True,Active Cascade
CAS-0234,DIS-0234,SHP-04142,SHP-09704,SHP-02777,2,Departure Delay,0,16,11,State Border Checkpoint Hold,False,True,Active Cascade
CAS-0234,DIS-0234,SHP-04142,SHP-09704,SHP-02777,2,Customer Delivery Risk,0,16,11,State Border Checkpoint Hold,False,True,Partially Absorbed
CAS-0235,DIS-0235,SHP-13554,SHP-13554,,0,Root Disruption,113,0,111,Warehouse Congestion,True,False,Active Cascade
CAS-0235,DIS-0235,SHP-13554,SHP-13554,,0,Dispatch Delay,0,113,111,Warehouse Congestion,True,False,Active Cascade
CAS-0235,DIS-0235,SHP-13554,SHP-13554,,0,Customer Delivery Risk,0,113,111,Warehouse Congestion,True,False,Partially Absorbed
CAS-0235,DIS-0235,SHP-13554,SHP-04406,SHP-13554,1,Warehouse Congestion Transfer,82,0,81,Warehouse Congestion,False,True,Active Cascade
CAS-0235,DIS-0235,SHP-13554,SHP-04406,SHP-13554,1,Departure Delay,0,0,81,Warehouse Congestion,False,True,Active Cascade
CAS-0235,DIS-0235,SHP-13554,SHP-04406,SHP-13554,1,Customer Delivery Risk,0,0,81,Warehouse Congestion,False,True,Partially Absorbed
CAS-0235,DIS-0235,SHP-13554,SHP-05419,SHP-13554,1,Warehouse Congestion Transfer,60,0,62,Warehouse Congestion,False,True,Active Cascade
CAS-0235,DIS-0235,SHP-13554,SHP-05419,SHP-13554,1,Departure Delay,0,0,62,Warehouse Congestion,False,True,Active Cascade
CAS-0235,DIS-0235,SHP-13554,SHP-05419,SHP-13554,1,Customer Delivery Risk,0,0,62,Warehouse Congestion,False,True,Partially Absorbed
CAS-0236,DIS-0236,SHP-00581,SHP-00581,,0,Root Disruption,209,0,206,Severe Weather,True,False,Active Cascade
CAS-0236,DIS-0236,SHP-00581,SHP-00581,,0,Dispatch Delay,0,209,206,Severe Weather,True,False,Active Cascade
CAS-0236,DIS-0236,SHP-00581,SHP-00581,,0,Customer Delivery Risk,0,209,206,Severe Weather,True,False,Severe Delay Breached
CAS-0236,DIS-0236,SHP-00581,SHP-00130,SHP-00581,1,Warehouse Congestion Transfer,76,0,72,Warehouse Congestion,False,True,Active Cascade
CAS-0236,DIS-0236,SHP-00581,SHP-00130,SHP-00581,1,Departure Delay,0,0,72,Warehouse Congestion,False,True,Active Cascade
CAS-0236,DIS-0236,SHP-00581,SHP-00130,SHP-00581,1,Customer Delivery Risk,0,0,72,Warehouse Congestion,False,True,Partially Absorbed
CAS-0236,DIS-0236,SHP-00581,SHP-05691,SHP-00581,1,Warehouse Congestion Transfer,156,0,164,Warehouse Congestion,False,True,Active Cascade
CAS-0236,DIS-0236,SHP-00581,SHP-05691,SHP-00581,1,Departure Delay,0,0,164,Warehouse Congestion,False,True,Active Cascade
CAS-0236,DIS-0236,SHP-00581,SHP-05691,SHP-00581,1,Customer Delivery Risk,0,0,164,Warehouse Congestion,False,True,Severe Delay Breached
CAS-0237,DIS-0237,SHP-01291,SHP-01291,,0,Root Disruption,204,0,204,Vehicle Breakdown,True,False,Active Cascade
CAS-0237,DIS-0237,SHP-01291,SHP-01291,,0,Dispatch Delay,0,204,204,Vehicle Breakdown,True,False,Active Cascade
CAS-0237,DIS-0237,SHP-01291,SHP-01291,,0,Customer Delivery Risk,0,204,204,Vehicle Breakdown,True,False,Severe Delay Breached
CAS-0237,DIS-0237,SHP-01291,SHP-06830,SHP-01291,1,Warehouse Congestion Transfer,125,0,128,Warehouse Congestion,False,True,Active Cascade
CAS-0237,DIS-0237,SHP-01291,SHP-06830,SHP-01291,1,Departure Delay,0,0,128,Warehouse Congestion,False,True,Active Cascade
CAS-0237,DIS-0237,SHP-01291,SHP-06830,SHP-01291,1,Customer Delivery Risk,0,0,128,Warehouse Congestion,False,True,Severe Delay Breached
CAS-0237,DIS-0237,SHP-01291,SHP-07848,SHP-01291,1,Warehouse Congestion Transfer,115,0,121,Warehouse Congestion,False,True,Active Cascade
CAS-0237,DIS-0237,SHP-01291,SHP-07848,SHP-01291,1,Departure Delay,0,0,121,Warehouse Congestion,False,True,Active Cascade
CAS-0237,DIS-0237,SHP-01291,SHP-07848,SHP-01291,1,Customer Delivery Risk,0,0,121,Warehouse Congestion,False,True,Severe Delay Breached
CAS-0237,DIS-0237,SHP-01291,SHP-07374,SHP-01291,1,Warehouse Congestion Transfer,75,0,85,Warehouse Congestion,False,True,Active Cascade
CAS-0237,DIS-0237,SHP-01291,SHP-07374,SHP-01291,1,Departure Delay,0,0,85,Warehouse Congestion,False,True,Active Cascade
CAS-0237,DIS-0237,SHP-01291,SHP-07374,SHP-01291,1,Customer Delivery Risk,0,0,85,Warehouse Congestion,False,True,Partially Absorbed
CAS-0238,DIS-0238,SHP-00280,SHP-00280,,0,Root Disruption,82,0,78,State Border Checkpoint Hold,True,False,Active Cascade
CAS-0238,DIS-0238,SHP-00280,SHP-00280,,0,Dispatch Delay,0,82,78,State Border Checkpoint Hold,True,False,Active Cascade
CAS-0238,DIS-0238,SHP-00280,SHP-00280,,0,Customer Delivery Risk,0,82,78,State Border Checkpoint Hold,True,False,Partially Absorbed
CAS-0238,DIS-0238,SHP-00280,SHP-03733,SHP-00280,1,Warehouse Congestion Transfer,61,0,65,Warehouse Congestion,False,True,Active Cascade
CAS-0238,DIS-0238,SHP-00280,SHP-03733,SHP-00280,1,Departure Delay,0,0,65,Warehouse Congestion,False,True,Active Cascade
CAS-0238,DIS-0238,SHP-00280,SHP-03733,SHP-00280,1,Customer Delivery Risk,0,0,65,Warehouse Congestion,False,True,Partially Absorbed
CAS-0238,DIS-0238,SHP-00280,SHP-03585,SHP-00280,1,Warehouse Congestion Transfer,52,0,57,Warehouse Congestion,False,True,Active Cascade
CAS-0238,DIS-0238,SHP-00280,SHP-03585,SHP-00280,1,Departure Delay,0,0,57,Warehouse Congestion,False,True,Active Cascade
CAS-0238,DIS-0238,SHP-00280,SHP-03585,SHP-00280,1,Customer Delivery Risk,0,0,57,Warehouse Congestion,False,True,Partially Absorbed
CAS-0239,DIS-0239,SHP-12857,SHP-12857,,0,Root Disruption,218,0,216,Severe Weather,True,False,Active Cascade
CAS-0239,DIS-0239,SHP-12857,SHP-12857,,0,Dispatch Delay,0,218,216,Severe Weather,True,False,Active Cascade
CAS-0239,DIS-0239,SHP-12857,SHP-12857,,0,Customer Delivery Risk,0,218,216,Severe Weather,True,False,Severe Delay Breached
CAS-0239,DIS-0239,SHP-12857,SHP-13053,SHP-12857,1,Cross-Dock Transfer,0,69,79,Severe Weather,False,True,Active Cascade
CAS-0239,DIS-0239,SHP-12857,SHP-13053,SHP-12857,1,Departure Delay,0,69,79,Severe Weather,False,True,Active Cascade
CAS-0239,DIS-0239,SHP-12857,SHP-13053,SHP-12857,1,Customer Delivery Risk,0,69,79,Severe Weather,False,True,Partially Absorbed
CAS-0239,DIS-0239,SHP-12857,SHP-13598,SHP-12857,1,Cross-Dock Transfer,0,56,52,Severe Weather,False,True,Active Cascade
CAS-0239,DIS-0239,SHP-12857,SHP-13598,SHP-12857,1,Departure Delay,0,56,52,Severe Weather,False,True,Active Cascade
CAS-0239,DIS-0239,SHP-12857,SHP-13598,SHP-12857,1,Customer Delivery Risk,0,56,52,Severe Weather,False,True,Partially Absorbed
CAS-0240,DIS-0240,SHP-11035,SHP-11035,,0,Root Disruption,149,0,157,State Border Checkpoint Hold,True,False,Active Cascade
CAS-0240,DIS-0240,SHP-11035,SHP-11035,,0,Dispatch Delay,0,149,157,State Border Checkpoint Hold,True,False,Active Cascade
CAS-0240,DIS-0240,SHP-11035,SHP-11035,,0,Customer Delivery Risk,0,149,157,State Border Checkpoint Hold,True,False,Severe Delay Breached
CAS-0240,DIS-0240,SHP-11035,SHP-08170,SHP-11035,1,Waiting for Inbound Shipment,0,88,84,State Border Checkpoint Hold,False,True,Active Cascade
CAS-0240,DIS-0240,SHP-11035,SHP-08170,SHP-11035,1,Departure Delay,0,88,84,State Border Checkpoint Hold,False,True,Active Cascade
CAS-0240,DIS-0240,SHP-11035,SHP-08170,SHP-11035,1,Customer Delivery Risk,0,88,84,State Border Checkpoint Hold,False,True,Partially Absorbed
CAS-0240,DIS-0240,SHP-11035,SHP-01674,SHP-08170,2,Warehouse Transfer,0,16,11,State Border Checkpoint Hold,False,True,Active Cascade
CAS-0240,DIS-0240,SHP-11035,SHP-01674,SHP-08170,2,Departure Delay,0,16,11,State Border Checkpoint Hold,False,True,Active Cascade
CAS-0240,DIS-0240,SHP-11035,SHP-01674,SHP-08170,2,Customer Delivery Risk,0,16,11,State Border Checkpoint Hold,False,True,Partially Absorbed
CAS-0241,DIS-0241,SHP-04419,SHP-04419,,0,Root Disruption,242,0,243,Vehicle Breakdown,True,False,Active Cascade
CAS-0241,DIS-0241,SHP-04419,SHP-04419,,0,Dispatch Delay,0,242,243,Vehicle Breakdown,True,False,Active Cascade
CAS-0241,DIS-0241,SHP-04419,SHP-04419,,0,Customer Delivery Risk,0,242,243,Vehicle Breakdown,True,False,Severe Delay Breached
CAS-0241,DIS-0241,SHP-04419,SHP-12666,SHP-04419,1,Waiting for Inbound Shipment,0,93,100,Vehicle Breakdown,False,True,Active Cascade
CAS-0241,DIS-0241,SHP-04419,SHP-12666,SHP-04419,1,Departure Delay,0,93,100,Vehicle Breakdown,False,True,Active Cascade
CAS-0241,DIS-0241,SHP-04419,SHP-12666,SHP-04419,1,Customer Delivery Risk,0,93,100,Vehicle Breakdown,False,True,Partially Absorbed
CAS-0242,DIS-0242,SHP-00181,SHP-00181,,0,Root Disruption,169,0,177,Labor Shortage,True,False,Active Cascade
CAS-0242,DIS-0242,SHP-00181,SHP-00181,,0,Dispatch Delay,0,169,177,Labor Shortage,True,False,Active Cascade
CAS-0242,DIS-0242,SHP-00181,SHP-00181,,0,Customer Delivery Risk,0,169,177,Labor Shortage,True,False,Severe Delay Breached
CAS-0242,DIS-0242,SHP-00181,SHP-05749,SHP-00181,1,Route Connection,0,128,138,Labor Shortage,False,True,Active Cascade
CAS-0242,DIS-0242,SHP-00181,SHP-05749,SHP-00181,1,Departure Delay,0,128,138,Labor Shortage,False,True,Active Cascade
CAS-0242,DIS-0242,SHP-00181,SHP-05749,SHP-00181,1,Customer Delivery Risk,0,128,138,Labor Shortage,False,True,Severe Delay Breached
CAS-0243,DIS-0243,SHP-02284,SHP-02284,,0,Root Disruption,83,0,87,Equipment Failure,True,False,Active Cascade
CAS-0243,DIS-0243,SHP-02284,SHP-02284,,0,Dispatch Delay,0,83,87,Equipment Failure,True,False,Active Cascade
CAS-0243,DIS-0243,SHP-02284,SHP-02284,,0,Customer Delivery Risk,0,83,87,Equipment Failure,True,False,Partially Absorbed
CAS-0243,DIS-0243,SHP-02284,SHP-11878,SHP-02284,1,Route Connection,0,20,25,Equipment Failure,False,True,Active Cascade
CAS-0243,DIS-0243,SHP-02284,SHP-11878,SHP-02284,1,Departure Delay,0,20,25,Equipment Failure,False,True,Active Cascade
CAS-0243,DIS-0243,SHP-02284,SHP-11878,SHP-02284,1,Customer Delivery Risk,0,20,25,Equipment Failure,False,True,Partially Absorbed
CAS-0243,DIS-0243,SHP-02284,SHP-09275,SHP-11878,2,Warehouse Transfer,0,16,12,Equipment Failure,False,True,Active Cascade
CAS-0243,DIS-0243,SHP-02284,SHP-09275,SHP-11878,2,Departure Delay,0,16,12,Equipment Failure,False,True,Active Cascade
CAS-0243,DIS-0243,SHP-02284,SHP-09275,SHP-11878,2,Customer Delivery Risk,0,16,12,Equipment Failure,False,True,Partially Absorbed
CAS-0243,DIS-0243,SHP-02284,SHP-00212,SHP-09275,3,Route Connection,0,16,18,Equipment Failure,False,True,Active Cascade
CAS-0243,DIS-0243,SHP-02284,SHP-00212,SHP-09275,3,Departure Delay,0,16,18,Equipment Failure,False,True,Active Cascade
CAS-0243,DIS-0243,SHP-02284,SHP-00212,SHP-09275,3,Customer Delivery Risk,0,16,18,Equipment Failure,False,True,Partially Absorbed
CAS-0243,DIS-0243,SHP-02284,SHP-11581,SHP-11878,2,Warehouse Transfer,0,16,13,Equipment Failure,False,True,Active Cascade
CAS-0243,DIS-0243,SHP-02284,SHP-11581,SHP-11878,2,Departure Delay,0,16,13,Equipment Failure,False,True,Active Cascade
CAS-0243,DIS-0243,SHP-02284,SHP-11581,SHP-11878,2,Customer Delivery Risk,0,16,13,Equipment Failure,False,True,Partially Absorbed
CAS-0244,DIS-0244,SHP-09823,SHP-09823,,0,Root Disruption,232,0,231,Warehouse Congestion,True,False,Active Cascade
CAS-0244,DIS-0244,SHP-09823,SHP-09823,,0,Dispatch Delay,0,232,231,Warehouse Congestion,True,False,Active Cascade
CAS-0244,DIS-0244,SHP-09823,SHP-09823,,0,Customer Delivery Risk,0,232,231,Warehouse Congestion,True,False,Severe Delay Breached
CAS-0244,DIS-0244,SHP-09823,SHP-10441,SHP-09823,1,Waiting for Inbound Shipment,0,51,53,Warehouse Congestion,False,True,Active Cascade
CAS-0244,DIS-0244,SHP-09823,SHP-10441,SHP-09823,1,Departure Delay,0,51,53,Warehouse Congestion,False,True,Active Cascade
CAS-0244,DIS-0244,SHP-09823,SHP-10441,SHP-09823,1,Customer Delivery Risk,0,51,53,Warehouse Congestion,False,True,Partially Absorbed
CAS-0245,DIS-0245,SHP-08172,SHP-08172,,0,Root Disruption,128,0,130,Vehicle Breakdown,True,False,Active Cascade
CAS-0245,DIS-0245,SHP-08172,SHP-08172,,0,Dispatch Delay,0,128,130,Vehicle Breakdown,True,False,Active Cascade
CAS-0245,DIS-0245,SHP-08172,SHP-08172,,0,Customer Delivery Risk,0,128,130,Vehicle Breakdown,True,False,Severe Delay Breached
CAS-0245,DIS-0245,SHP-08172,SHP-10599,SHP-08172,1,Warehouse Congestion Transfer,47,0,51,Warehouse Congestion,False,True,Active Cascade
CAS-0245,DIS-0245,SHP-08172,SHP-10599,SHP-08172,1,Departure Delay,0,0,51,Warehouse Congestion,False,True,Active Cascade
CAS-0245,DIS-0245,SHP-08172,SHP-10599,SHP-08172,1,Customer Delivery Risk,0,0,51,Warehouse Congestion,False,True,Partially Absorbed
CAS-0245,DIS-0245,SHP-08172,SHP-01603,SHP-08172,1,Warehouse Congestion Transfer,63,0,71,Warehouse Congestion,False,True,Active Cascade
CAS-0245,DIS-0245,SHP-08172,SHP-01603,SHP-08172,1,Departure Delay,0,0,71,Warehouse Congestion,False,True,Active Cascade
CAS-0245,DIS-0245,SHP-08172,SHP-01603,SHP-08172,1,Customer Delivery Risk,0,0,71,Warehouse Congestion,False,True,Partially Absorbed
CAS-0245,DIS-0245,SHP-08172,SHP-11512,SHP-08172,1,Warehouse Congestion Transfer,72,0,67,Warehouse Congestion,False,True,Active Cascade
CAS-0245,DIS-0245,SHP-08172,SHP-11512,SHP-08172,1,Departure Delay,0,0,67,Warehouse Congestion,False,True,Active Cascade
CAS-0245,DIS-0245,SHP-08172,SHP-11512,SHP-08172,1,Customer Delivery Risk,0,0,67,Warehouse Congestion,False,True,Partially Absorbed
CAS-0246,DIS-0246,SHP-03052,SHP-03052,,0,Root Disruption,161,0,168,Severe Weather,True,False,Active Cascade
CAS-0246,DIS-0246,SHP-03052,SHP-03052,,0,Dispatch Delay,0,161,168,Severe Weather,True,False,Active Cascade
CAS-0246,DIS-0246,SHP-03052,SHP-03052,,0,Customer Delivery Risk,0,161,168,Severe Weather,True,False,Severe Delay Breached
CAS-0246,DIS-0246,SHP-03052,SHP-04026,SHP-03052,1,Route Connection,0,159,154,Severe Weather,False,True,Active Cascade
CAS-0246,DIS-0246,SHP-03052,SHP-04026,SHP-03052,1,Departure Delay,0,159,154,Severe Weather,False,True,Active Cascade
CAS-0246,DIS-0246,SHP-03052,SHP-04026,SHP-03052,1,Customer Delivery Risk,0,159,154,Severe Weather,False,True,Severe Delay Breached
CAS-0247,DIS-0247,SHP-08493,SHP-08493,,0,Root Disruption,251,0,255,Severe Weather,True,False,Active Cascade
CAS-0247,DIS-0247,SHP-08493,SHP-08493,,0,Dispatch Delay,0,251,255,Severe Weather,True,False,Active Cascade
CAS-0247,DIS-0247,SHP-08493,SHP-08493,,0,Customer Delivery Risk,0,251,255,Severe Weather,True,False,Severe Delay Breached
CAS-0247,DIS-0247,SHP-08493,SHP-01754,SHP-08493,1,Route Connection,0,165,172,Severe Weather,False,True,Active Cascade
CAS-0247,DIS-0247,SHP-08493,SHP-01754,SHP-08493,1,Departure Delay,0,165,172,Severe Weather,False,True,Active Cascade
CAS-0247,DIS-0247,SHP-08493,SHP-01754,SHP-08493,1,Customer Delivery Risk,0,165,172,Severe Weather,False,True,Severe Delay Breached
CAS-0247,DIS-0247,SHP-08493,SHP-10123,SHP-01754,2,Warehouse Transfer,0,160,161,Severe Weather,False,True,Active Cascade
CAS-0247,DIS-0247,SHP-08493,SHP-10123,SHP-01754,2,Departure Delay,0,160,161,Severe Weather,False,True,Active Cascade
CAS-0247,DIS-0247,SHP-08493,SHP-10123,SHP-01754,2,Customer Delivery Risk,0,160,161,Severe Weather,False,True,Severe Delay Breached
CAS-0247,DIS-0247,SHP-08493,SHP-01770,SHP-01754,2,Warehouse Transfer,0,16,24,Severe Weather,False,True,Active Cascade
CAS-0247,DIS-0247,SHP-08493,SHP-01770,SHP-01754,2,Departure Delay,0,16,24,Severe Weather,False,True,Active Cascade
CAS-0247,DIS-0247,SHP-08493,SHP-01770,SHP-01754,2,Customer Delivery Risk,0,16,24,Severe Weather,False,True,Partially Absorbed
CAS-0248,DIS-0248,SHP-13653,SHP-13653,,0,Root Disruption,185,0,190,Warehouse Congestion,True,False,Active Cascade
CAS-0248,DIS-0248,SHP-13653,SHP-13653,,0,Dispatch Delay,0,185,190,Warehouse Congestion,True,False,Active Cascade
CAS-0248,DIS-0248,SHP-13653,SHP-13653,,0,Customer Delivery Risk,0,185,190,Warehouse Congestion,True,False,Severe Delay Breached
CAS-0248,DIS-0248,SHP-13653,SHP-06026,SHP-13653,1,Warehouse Congestion Transfer,143,0,150,Warehouse Congestion,False,True,Active Cascade
CAS-0248,DIS-0248,SHP-13653,SHP-06026,SHP-13653,1,Departure Delay,0,0,150,Warehouse Congestion,False,True,Active Cascade
CAS-0248,DIS-0248,SHP-13653,SHP-06026,SHP-13653,1,Customer Delivery Risk,0,0,150,Warehouse Congestion,False,True,Severe Delay Breached
CAS-0248,DIS-0248,SHP-13653,SHP-13545,SHP-13653,1,Warehouse Congestion Transfer,112,0,115,Warehouse Congestion,False,True,Active Cascade
CAS-0248,DIS-0248,SHP-13653,SHP-13545,SHP-13653,1,Departure Delay,0,0,115,Warehouse Congestion,False,True,Active Cascade
CAS-0248,DIS-0248,SHP-13653,SHP-13545,SHP-13653,1,Customer Delivery Risk,0,0,115,Warehouse Congestion,False,True,Partially Absorbed
CAS-0248,DIS-0248,SHP-13653,SHP-07086,SHP-13653,1,Warehouse Congestion Transfer,137,0,144,Warehouse Congestion,False,True,Active Cascade
CAS-0248,DIS-0248,SHP-13653,SHP-07086,SHP-13653,1,Departure Delay,0,0,144,Warehouse Congestion,False,True,Active Cascade
CAS-0248,DIS-0248,SHP-13653,SHP-07086,SHP-13653,1,Customer Delivery Risk,0,0,144,Warehouse Congestion,False,True,Severe Delay Breached
CAS-0249,DIS-0249,SHP-13066,SHP-13066,,0,Root Disruption,178,0,184,Warehouse Congestion,True,False,Active Cascade
CAS-0249,DIS-0249,SHP-13066,SHP-13066,,0,Dispatch Delay,0,178,184,Warehouse Congestion,True,False,Active Cascade
CAS-0249,DIS-0249,SHP-13066,SHP-13066,,0,Customer Delivery Risk,0,178,184,Warehouse Congestion,True,False,Severe Delay Breached
CAS-0249,DIS-0249,SHP-13066,SHP-05533,SHP-13066,1,Cross-Dock Transfer,0,87,84,Warehouse Congestion,False,True,Active Cascade
CAS-0249,DIS-0249,SHP-13066,SHP-05533,SHP-13066,1,Departure Delay,0,87,84,Warehouse Congestion,False,True,Active Cascade
CAS-0249,DIS-0249,SHP-13066,SHP-05533,SHP-13066,1,Customer Delivery Risk,0,87,84,Warehouse Congestion,False,True,Partially Absorbed
CAS-0249,DIS-0249,SHP-13066,SHP-12386,SHP-13066,1,Cross-Dock Transfer,0,16,23,Warehouse Congestion,False,True,Active Cascade
CAS-0249,DIS-0249,SHP-13066,SHP-12386,SHP-13066,1,Departure Delay,0,16,23,Warehouse Congestion,False,True,Active Cascade
CAS-0249,DIS-0249,SHP-13066,SHP-12386,SHP-13066,1,Customer Delivery Risk,0,16,23,Warehouse Congestion,False,True,Partially Absorbed
CAS-0249,DIS-0249,SHP-13066,SHP-02159,SHP-13066,1,Cross-Dock Transfer,0,16,17,Warehouse Congestion,False,True,Active Cascade
CAS-0249,DIS-0249,SHP-13066,SHP-02159,SHP-13066,1,Departure Delay,0,16,17,Warehouse Congestion,False,True,Active Cascade
CAS-0249,DIS-0249,SHP-13066,SHP-02159,SHP-13066,1,Customer Delivery Risk,0,16,17,Warehouse Congestion,False,True,Partially Absorbed
CAS-0250,DIS-0250,SHP-02702,SHP-02702,,0,Root Disruption,110,0,107,State Border Checkpoint Hold,True,False,Active Cascade
CAS-0250,DIS-0250,SHP-02702,SHP-02702,,0,Dispatch Delay,0,110,107,State Border Checkpoint Hold,True,False,Active Cascade
CAS-0250,DIS-0250,SHP-02702,SHP-02702,,0,Customer Delivery Risk,0,110,107,State Border Checkpoint Hold,True,False,Partially Absorbed
CAS-0250,DIS-0250,SHP-02702,SHP-05166,SHP-02702,1,Cross-Dock Transfer,0,16,12,State Border Checkpoint Hold,False,True,Active Cascade
CAS-0250,DIS-0250,SHP-02702,SHP-05166,SHP-02702,1,Departure Delay,0,16,12,State Border Checkpoint Hold,False,True,Active Cascade
CAS-0250,DIS-0250,SHP-02702,SHP-05166,SHP-02702,1,Customer Delivery Risk,0,16,12,State Border Checkpoint Hold,False,True,Partially Absorbed
CAS-0251,DIS-0251,SHP-04618,SHP-04618,,0,Root Disruption,179,0,181,Warehouse Congestion,True,False,Active Cascade
CAS-0251,DIS-0251,SHP-04618,SHP-04618,,0,Dispatch Delay,0,179,181,Warehouse Congestion,True,False,Active Cascade
CAS-0251,DIS-0251,SHP-04618,SHP-04618,,0,Customer Delivery Risk,0,179,181,Warehouse Congestion,True,False,Severe Delay Breached
CAS-0251,DIS-0251,SHP-04618,SHP-05594,SHP-04618,1,Warehouse Congestion Transfer,79,0,77,Warehouse Congestion,False,True,Active Cascade
CAS-0251,DIS-0251,SHP-04618,SHP-05594,SHP-04618,1,Departure Delay,0,0,77,Warehouse Congestion,False,True,Active Cascade
CAS-0251,DIS-0251,SHP-04618,SHP-05594,SHP-04618,1,Customer Delivery Risk,0,0,77,Warehouse Congestion,False,True,Partially Absorbed
CAS-0251,DIS-0251,SHP-04618,SHP-12772,SHP-04618,1,Warehouse Congestion Transfer,71,0,72,Warehouse Congestion,False,True,Active Cascade
CAS-0251,DIS-0251,SHP-04618,SHP-12772,SHP-04618,1,Departure Delay,0,0,72,Warehouse Congestion,False,True,Active Cascade
CAS-0251,DIS-0251,SHP-04618,SHP-12772,SHP-04618,1,Customer Delivery Risk,0,0,72,Warehouse Congestion,False,True,Partially Absorbed
CAS-0252,DIS-0252,SHP-08643,SHP-08643,,0,Root Disruption,163,0,168,Severe Weather,True,False,Active Cascade
CAS-0252,DIS-0252,SHP-08643,SHP-08643,,0,Dispatch Delay,0,163,168,Severe Weather,True,False,Active Cascade
CAS-0252,DIS-0252,SHP-08643,SHP-08643,,0,Customer Delivery Risk,0,163,168,Severe Weather,True,False,Severe Delay Breached
CAS-0252,DIS-0252,SHP-08643,SHP-13487,SHP-08643,1,Route Connection,0,20,25,Severe Weather,False,True,Active Cascade
CAS-0252,DIS-0252,SHP-08643,SHP-13487,SHP-08643,1,Departure Delay,0,20,25,Severe Weather,False,True,Active Cascade
CAS-0252,DIS-0252,SHP-08643,SHP-13487,SHP-08643,1,Customer Delivery Risk,0,20,25,Severe Weather,False,True,Partially Absorbed
CAS-0253,DIS-0253,SHP-12195,SHP-12195,,0,Root Disruption,132,0,133,Road Closure,True,False,Active Cascade
CAS-0253,DIS-0253,SHP-12195,SHP-12195,,0,Dispatch Delay,0,132,133,Road Closure,True,False,Active Cascade
CAS-0253,DIS-0253,SHP-12195,SHP-12195,,0,Customer Delivery Risk,0,132,133,Road Closure,True,False,Severe Delay Breached
CAS-0253,DIS-0253,SHP-12195,SHP-11576,SHP-12195,1,Route Connection,0,54,60,Road Closure,False,True,Active Cascade
CAS-0253,DIS-0253,SHP-12195,SHP-11576,SHP-12195,1,Departure Delay,0,54,60,Road Closure,False,True,Active Cascade
CAS-0253,DIS-0253,SHP-12195,SHP-11576,SHP-12195,1,Customer Delivery Risk,0,54,60,Road Closure,False,True,Partially Absorbed
CAS-0253,DIS-0253,SHP-12195,SHP-07247,SHP-11576,2,Warehouse Transfer,0,16,14,Road Closure,False,True,Active Cascade
CAS-0253,DIS-0253,SHP-12195,SHP-07247,SHP-11576,2,Departure Delay,0,16,14,Road Closure,False,True,Active Cascade
CAS-0253,DIS-0253,SHP-12195,SHP-07247,SHP-11576,2,Customer Delivery Risk,0,16,14,Road Closure,False,True,Partially Absorbed
CAS-0253,DIS-0253,SHP-12195,SHP-01243,SHP-07247,3,Route Connection,0,16,13,Road Closure,False,True,Active Cascade
CAS-0253,DIS-0253,SHP-12195,SHP-01243,SHP-07247,3,Departure Delay,0,16,13,Road Closure,False,True,Active Cascade
CAS-0253,DIS-0253,SHP-12195,SHP-01243,SHP-07247,3,Customer Delivery Risk,0,16,13,Road Closure,False,True,Partially Absorbed
CAS-0253,DIS-0253,SHP-12195,SHP-10113,SHP-11576,2,Warehouse Transfer,0,16,18,Road Closure,False,True,Active Cascade
CAS-0253,DIS-0253,SHP-12195,SHP-10113,SHP-11576,2,Departure Delay,0,16,18,Road Closure,False,True,Active Cascade
CAS-0253,DIS-0253,SHP-12195,SHP-10113,SHP-11576,2,Customer Delivery Risk,0,16,18,Road Closure,False,True,Partially Absorbed
CAS-0254,DIS-0254,SHP-11193,SHP-11193,,0,Root Disruption,103,0,98,State Border Checkpoint Hold,True,False,Active Cascade
CAS-0254,DIS-0254,SHP-11193,SHP-11193,,0,Dispatch Delay,0,103,98,State Border Checkpoint Hold,True,False,Active Cascade
CAS-0254,DIS-0254,SHP-11193,SHP-11193,,0,Customer Delivery Risk,0,103,98,State Border Checkpoint Hold,True,False,Partially Absorbed
CAS-0254,DIS-0254,SHP-11193,SHP-07372,SHP-11193,1,Route Connection,0,29,37,State Border Checkpoint Hold,False,True,Active Cascade
CAS-0254,DIS-0254,SHP-11193,SHP-07372,SHP-11193,1,Departure Delay,0,29,37,State Border Checkpoint Hold,False,True,Active Cascade
CAS-0254,DIS-0254,SHP-11193,SHP-07372,SHP-11193,1,Customer Delivery Risk,0,29,37,State Border Checkpoint Hold,False,True,Partially Absorbed
CAS-0254,DIS-0254,SHP-11193,SHP-08972,SHP-07372,2,Warehouse Transfer,0,16,20,State Border Checkpoint Hold,False,True,Active Cascade
CAS-0254,DIS-0254,SHP-11193,SHP-08972,SHP-07372,2,Departure Delay,0,16,20,State Border Checkpoint Hold,False,True,Active Cascade
CAS-0254,DIS-0254,SHP-11193,SHP-08972,SHP-07372,2,Customer Delivery Risk,0,16,20,State Border Checkpoint Hold,False,True,Partially Absorbed
CAS-0254,DIS-0254,SHP-11193,SHP-11004,SHP-08972,3,Route Connection,0,16,15,State Border Checkpoint Hold,False,True,Active Cascade
CAS-0254,DIS-0254,SHP-11193,SHP-11004,SHP-08972,3,Departure Delay,0,16,15,State Border Checkpoint Hold,False,True,Active Cascade
CAS-0254,DIS-0254,SHP-11193,SHP-11004,SHP-08972,3,Customer Delivery Risk,0,16,15,State Border Checkpoint Hold,False,True,Partially Absorbed
CAS-0254,DIS-0254,SHP-11193,SHP-12991,SHP-07372,2,Warehouse Transfer,0,16,15,State Border Checkpoint Hold,False,True,Active Cascade
CAS-0254,DIS-0254,SHP-11193,SHP-12991,SHP-07372,2,Departure Delay,0,16,15,State Border Checkpoint Hold,False,True,Active Cascade
CAS-0254,DIS-0254,SHP-11193,SHP-12991,SHP-07372,2,Customer Delivery Risk,0,16,15,State Border Checkpoint Hold,False,True,Partially Absorbed
CAS-0255,DIS-0255,SHP-02081,SHP-02081,,0,Root Disruption,169,0,178,Road Closure,True,False,Active Cascade
CAS-0255,DIS-0255,SHP-02081,SHP-02081,,0,Dispatch Delay,0,169,178,Road Closure,True,False,Active Cascade
CAS-0255,DIS-0255,SHP-02081,SHP-02081,,0,Customer Delivery Risk,0,169,178,Road Closure,True,False,Severe Delay Breached
CAS-0255,DIS-0255,SHP-02081,SHP-08251,SHP-02081,1,Shared Vehicle Turnaround,0,20,23,Vehicle Breakdown,False,True,Active Cascade
CAS-0255,DIS-0255,SHP-02081,SHP-08251,SHP-02081,1,Departure Delay,0,20,23,Vehicle Breakdown,False,True,Active Cascade
CAS-0255,DIS-0255,SHP-02081,SHP-08251,SHP-02081,1,Customer Delivery Risk,0,20,23,Vehicle Breakdown,False,True,Partially Absorbed
CAS-0256,DIS-0256,SHP-05482,SHP-05482,,0,Root Disruption,162,0,162,Vehicle Breakdown,True,False,Active Cascade
CAS-0256,DIS-0256,SHP-05482,SHP-05482,,0,Dispatch Delay,0,162,162,Vehicle Breakdown,True,False,Active Cascade
CAS-0256,DIS-0256,SHP-05482,SHP-05482,,0,Customer Delivery Risk,0,162,162,Vehicle Breakdown,True,False,Severe Delay Breached
CAS-0256,DIS-0256,SHP-05482,SHP-00060,SHP-05482,1,Warehouse Congestion Transfer,80,0,87,Warehouse Congestion,False,True,Active Cascade
CAS-0256,DIS-0256,SHP-05482,SHP-00060,SHP-05482,1,Departure Delay,0,0,87,Warehouse Congestion,False,True,Active Cascade
CAS-0256,DIS-0256,SHP-05482,SHP-00060,SHP-05482,1,Customer Delivery Risk,0,0,87,Warehouse Congestion,False,True,Partially Absorbed
CAS-0256,DIS-0256,SHP-05482,SHP-04825,SHP-05482,1,Warehouse Congestion Transfer,58,0,68,Warehouse Congestion,False,True,Active Cascade
CAS-0256,DIS-0256,SHP-05482,SHP-04825,SHP-05482,1,Departure Delay,0,0,68,Warehouse Congestion,False,True,Active Cascade
CAS-0256,DIS-0256,SHP-05482,SHP-04825,SHP-05482,1,Customer Delivery Risk,0,0,68,Warehouse Congestion,False,True,Partially Absorbed
CAS-0257,DIS-0257,SHP-12980,SHP-12980,,0,Root Disruption,144,0,143,Equipment Failure,True,False,Active Cascade
CAS-0257,DIS-0257,SHP-12980,SHP-12980,,0,Dispatch Delay,0,144,143,Equipment Failure,True,False,Active Cascade
CAS-0257,DIS-0257,SHP-12980,SHP-12980,,0,Customer Delivery Risk,0,144,143,Equipment Failure,True,False,Severe Delay Breached
CAS-0257,DIS-0257,SHP-12980,SHP-01102,SHP-12980,1,Route Connection,0,54,57,Equipment Failure,False,True,Active Cascade
CAS-0257,DIS-0257,SHP-12980,SHP-01102,SHP-12980,1,Departure Delay,0,54,57,Equipment Failure,False,True,Active Cascade
CAS-0257,DIS-0257,SHP-12980,SHP-01102,SHP-12980,1,Customer Delivery Risk,0,54,57,Equipment Failure,False,True,Partially Absorbed
CAS-0257,DIS-0257,SHP-12980,SHP-04171,SHP-01102,2,Warehouse Transfer,0,38,48,Equipment Failure,False,True,Active Cascade
CAS-0257,DIS-0257,SHP-12980,SHP-04171,SHP-01102,2,Departure Delay,0,38,48,Equipment Failure,False,True,Active Cascade
CAS-0257,DIS-0257,SHP-12980,SHP-04171,SHP-01102,2,Customer Delivery Risk,0,38,48,Equipment Failure,False,True,Partially Absorbed
CAS-0257,DIS-0257,SHP-12980,SHP-13434,SHP-04171,3,Route Connection,0,16,20,Equipment Failure,False,True,Active Cascade
CAS-0257,DIS-0257,SHP-12980,SHP-13434,SHP-04171,3,Departure Delay,0,16,20,Equipment Failure,False,True,Active Cascade
CAS-0257,DIS-0257,SHP-12980,SHP-13434,SHP-04171,3,Customer Delivery Risk,0,16,20,Equipment Failure,False,True,Partially Absorbed
CAS-0257,DIS-0257,SHP-12980,SHP-04767,SHP-01102,2,Warehouse Transfer,0,16,25,Equipment Failure,False,True,Active Cascade
CAS-0257,DIS-0257,SHP-12980,SHP-04767,SHP-01102,2,Departure Delay,0,16,25,Equipment Failure,False,True,Active Cascade
CAS-0257,DIS-0257,SHP-12980,SHP-04767,SHP-01102,2,Customer Delivery Risk,0,16,25,Equipment Failure,False,True,Partially Absorbed
CAS-0258,DIS-0258,SHP-03346,SHP-03346,,0,Root Disruption,120,0,123,Severe Weather,True,False,Active Cascade
CAS-0258,DIS-0258,SHP-03346,SHP-03346,,0,Dispatch Delay,0,120,123,Severe Weather,True,False,Active Cascade
CAS-0258,DIS-0258,SHP-03346,SHP-03346,,0,Customer Delivery Risk,0,120,123,Severe Weather,True,False,Severe Delay Breached
CAS-0258,DIS-0258,SHP-03346,SHP-09420,SHP-03346,1,Cross-Dock Transfer,0,107,106,Severe Weather,False,True,Active Cascade
CAS-0258,DIS-0258,SHP-03346,SHP-09420,SHP-03346,1,Departure Delay,0,107,106,Severe Weather,False,True,Active Cascade
CAS-0258,DIS-0258,SHP-03346,SHP-09420,SHP-03346,1,Customer Delivery Risk,0,107,106,Severe Weather,False,True,Partially Absorbed
CAS-0258,DIS-0258,SHP-03346,SHP-00813,SHP-03346,1,Cross-Dock Transfer,0,96,94,Severe Weather,False,True,Active Cascade
CAS-0258,DIS-0258,SHP-03346,SHP-00813,SHP-03346,1,Departure Delay,0,96,94,Severe Weather,False,True,Active Cascade
CAS-0258,DIS-0258,SHP-03346,SHP-00813,SHP-03346,1,Customer Delivery Risk,0,96,94,Severe Weather,False,True,Partially Absorbed
CAS-0258,DIS-0258,SHP-03346,SHP-08925,SHP-03346,1,Cross-Dock Transfer,0,16,25,Severe Weather,False,True,Active Cascade
CAS-0258,DIS-0258,SHP-03346,SHP-08925,SHP-03346,1,Departure Delay,0,16,25,Severe Weather,False,True,Active Cascade
CAS-0258,DIS-0258,SHP-03346,SHP-08925,SHP-03346,1,Customer Delivery Risk,0,16,25,Severe Weather,False,True,Partially Absorbed
CAS-0259,DIS-0259,SHP-13157,SHP-13157,,0,Root Disruption,129,0,136,Equipment Failure,True,False,Active Cascade
CAS-0259,DIS-0259,SHP-13157,SHP-13157,,0,Dispatch Delay,0,129,136,Equipment Failure,True,False,Active Cascade
CAS-0259,DIS-0259,SHP-13157,SHP-13157,,0,Customer Delivery Risk,0,129,136,Equipment Failure,True,False,Severe Delay Breached
CAS-0259,DIS-0259,SHP-13157,SHP-12596,SHP-13157,1,Warehouse Congestion Transfer,61,0,60,Warehouse Congestion,False,True,Active Cascade
CAS-0259,DIS-0259,SHP-13157,SHP-12596,SHP-13157,1,Departure Delay,0,0,60,Warehouse Congestion,False,True,Active Cascade
CAS-0259,DIS-0259,SHP-13157,SHP-12596,SHP-13157,1,Customer Delivery Risk,0,0,60,Warehouse Congestion,False,True,Partially Absorbed
CAS-0259,DIS-0259,SHP-13157,SHP-09300,SHP-13157,1,Warehouse Congestion Transfer,91,0,96,Warehouse Congestion,False,True,Active Cascade
CAS-0259,DIS-0259,SHP-13157,SHP-09300,SHP-13157,1,Departure Delay,0,0,96,Warehouse Congestion,False,True,Active Cascade
CAS-0259,DIS-0259,SHP-13157,SHP-09300,SHP-13157,1,Customer Delivery Risk,0,0,96,Warehouse Congestion,False,True,Partially Absorbed
CAS-0259,DIS-0259,SHP-13157,SHP-05574,SHP-13157,1,Warehouse Congestion Transfer,60,0,61,Warehouse Congestion,False,True,Active Cascade
CAS-0259,DIS-0259,SHP-13157,SHP-05574,SHP-13157,1,Departure Delay,0,0,61,Warehouse Congestion,False,True,Active Cascade
CAS-0259,DIS-0259,SHP-13157,SHP-05574,SHP-13157,1,Customer Delivery Risk,0,0,61,Warehouse Congestion,False,True,Partially Absorbed
CAS-0260,DIS-0260,SHP-03060,SHP-03060,,0,Root Disruption,74,0,81,Labor Shortage,True,False,Active Cascade
CAS-0260,DIS-0260,SHP-03060,SHP-03060,,0,Dispatch Delay,0,74,81,Labor Shortage,True,False,Active Cascade
CAS-0260,DIS-0260,SHP-03060,SHP-03060,,0,Customer Delivery Risk,0,74,81,Labor Shortage,True,False,Partially Absorbed
CAS-0260,DIS-0260,SHP-03060,SHP-00107,SHP-03060,1,Shared Vehicle Turnaround,0,20,24,Vehicle Breakdown,False,True,Active Cascade
CAS-0260,DIS-0260,SHP-03060,SHP-00107,SHP-03060,1,Departure Delay,0,20,24,Vehicle Breakdown,False,True,Active Cascade
CAS-0260,DIS-0260,SHP-03060,SHP-00107,SHP-03060,1,Customer Delivery Risk,0,20,24,Vehicle Breakdown,False,True,Partially Absorbed
CAS-0261,DIS-0261,SHP-13529,SHP-13529,,0,Root Disruption,176,0,179,Labor Shortage,True,False,Active Cascade
CAS-0261,DIS-0261,SHP-13529,SHP-13529,,0,Dispatch Delay,0,176,179,Labor Shortage,True,False,Active Cascade
CAS-0261,DIS-0261,SHP-13529,SHP-13529,,0,Customer Delivery Risk,0,176,179,Labor Shortage,True,False,Severe Delay Breached
CAS-0261,DIS-0261,SHP-13529,SHP-01611,SHP-13529,1,Waiting for Inbound Shipment,0,20,27,Labor Shortage,False,True,Active Cascade
CAS-0261,DIS-0261,SHP-13529,SHP-01611,SHP-13529,1,Departure Delay,0,20,27,Labor Shortage,False,True,Active Cascade
CAS-0261,DIS-0261,SHP-13529,SHP-01611,SHP-13529,1,Customer Delivery Risk,0,20,27,Labor Shortage,False,True,Partially Absorbed
CAS-0262,DIS-0262,SHP-00978,SHP-00978,,0,Root Disruption,85,0,95,State Border Checkpoint Hold,True,False,Active Cascade
CAS-0262,DIS-0262,SHP-00978,SHP-00978,,0,Dispatch Delay,0,85,95,State Border Checkpoint Hold,True,False,Active Cascade
CAS-0262,DIS-0262,SHP-00978,SHP-00978,,0,Customer Delivery Risk,0,85,95,State Border Checkpoint Hold,True,False,Partially Absorbed
CAS-0262,DIS-0262,SHP-00978,SHP-06489,SHP-00978,1,Route Connection,0,20,27,State Border Checkpoint Hold,False,True,Active Cascade
CAS-0262,DIS-0262,SHP-00978,SHP-06489,SHP-00978,1,Departure Delay,0,20,27,State Border Checkpoint Hold,False,True,Active Cascade
CAS-0262,DIS-0262,SHP-00978,SHP-06489,SHP-00978,1,Customer Delivery Risk,0,20,27,State Border Checkpoint Hold,False,True,Partially Absorbed
CAS-0262,DIS-0262,SHP-00978,SHP-01807,SHP-06489,2,Warehouse Transfer,0,16,15,State Border Checkpoint Hold,False,True,Active Cascade
CAS-0262,DIS-0262,SHP-00978,SHP-01807,SHP-06489,2,Departure Delay,0,16,15,State Border Checkpoint Hold,False,True,Active Cascade
CAS-0262,DIS-0262,SHP-00978,SHP-01807,SHP-06489,2,Customer Delivery Risk,0,16,15,State Border Checkpoint Hold,False,True,Partially Absorbed
CAS-0262,DIS-0262,SHP-00978,SHP-02308,SHP-01807,3,Route Connection,0,16,11,State Border Checkpoint Hold,False,True,Active Cascade
CAS-0262,DIS-0262,SHP-00978,SHP-02308,SHP-01807,3,Departure Delay,0,16,11,State Border Checkpoint Hold,False,True,Active Cascade
CAS-0262,DIS-0262,SHP-00978,SHP-02308,SHP-01807,3,Customer Delivery Risk,0,16,11,State Border Checkpoint Hold,False,True,Partially Absorbed
CAS-0262,DIS-0262,SHP-00978,SHP-01823,SHP-06489,2,Warehouse Transfer,0,16,17,State Border Checkpoint Hold,False,True,Active Cascade
CAS-0262,DIS-0262,SHP-00978,SHP-01823,SHP-06489,2,Departure Delay,0,16,17,State Border Checkpoint Hold,False,True,Active Cascade
CAS-0262,DIS-0262,SHP-00978,SHP-01823,SHP-06489,2,Customer Delivery Risk,0,16,17,State Border Checkpoint Hold,False,True,Partially Absorbed
CAS-0263,DIS-0263,SHP-04907,SHP-04907,,0,Root Disruption,112,0,118,Severe Weather,True,False,Active Cascade
CAS-0263,DIS-0263,SHP-04907,SHP-04907,,0,Dispatch Delay,0,112,118,Severe Weather,True,False,Active Cascade
CAS-0263,DIS-0263,SHP-04907,SHP-04907,,0,Customer Delivery Risk,0,112,118,Severe Weather,True,False,Partially Absorbed
CAS-0263,DIS-0263,SHP-04907,SHP-08867,SHP-04907,1,Cross-Dock Transfer,0,97,103,Severe Weather,False,True,Active Cascade
CAS-0263,DIS-0263,SHP-04907,SHP-08867,SHP-04907,1,Departure Delay,0,97,103,Severe Weather,False,True,Active Cascade
CAS-0263,DIS-0263,SHP-04907,SHP-08867,SHP-04907,1,Customer Delivery Risk,0,97,103,Severe Weather,False,True,Partially Absorbed
CAS-0263,DIS-0263,SHP-04907,SHP-07523,SHP-04907,1,Cross-Dock Transfer,0,16,13,Severe Weather,False,True,Active Cascade
CAS-0263,DIS-0263,SHP-04907,SHP-07523,SHP-04907,1,Departure Delay,0,16,13,Severe Weather,False,True,Active Cascade
CAS-0263,DIS-0263,SHP-04907,SHP-07523,SHP-04907,1,Customer Delivery Risk,0,16,13,Severe Weather,False,True,Partially Absorbed
CAS-0263,DIS-0263,SHP-04907,SHP-04731,SHP-04907,1,Cross-Dock Transfer,0,16,20,Severe Weather,False,True,Active Cascade
CAS-0263,DIS-0263,SHP-04907,SHP-04731,SHP-04907,1,Departure Delay,0,16,20,Severe Weather,False,True,Active Cascade
CAS-0263,DIS-0263,SHP-04907,SHP-04731,SHP-04907,1,Customer Delivery Risk,0,16,20,Severe Weather,False,True,Partially Absorbed
CAS-0264,DIS-0264,SHP-10693,SHP-10693,,0,Root Disruption,96,0,96,Warehouse Congestion,True,False,Active Cascade
CAS-0264,DIS-0264,SHP-10693,SHP-10693,,0,Dispatch Delay,0,96,96,Warehouse Congestion,True,False,Active Cascade
CAS-0264,DIS-0264,SHP-10693,SHP-10693,,0,Customer Delivery Risk,0,96,96,Warehouse Congestion,True,False,Partially Absorbed
CAS-0264,DIS-0264,SHP-10693,SHP-07139,SHP-10693,1,Waiting for Inbound Shipment,0,20,18,Warehouse Congestion,False,True,Active Cascade
CAS-0264,DIS-0264,SHP-10693,SHP-07139,SHP-10693,1,Departure Delay,0,20,18,Warehouse Congestion,False,True,Active Cascade
CAS-0264,DIS-0264,SHP-10693,SHP-07139,SHP-10693,1,Customer Delivery Risk,0,20,18,Warehouse Congestion,False,True,Partially Absorbed
CAS-0264,DIS-0264,SHP-10693,SHP-02787,SHP-07139,2,Warehouse Transfer,0,16,16,Warehouse Congestion,False,True,Active Cascade
CAS-0264,DIS-0264,SHP-10693,SHP-02787,SHP-07139,2,Departure Delay,0,16,16,Warehouse Congestion,False,True,Active Cascade
CAS-0264,DIS-0264,SHP-10693,SHP-02787,SHP-07139,2,Customer Delivery Risk,0,16,16,Warehouse Congestion,False,True,Partially Absorbed
CAS-0265,DIS-0265,SHP-01406,SHP-01406,,0,Root Disruption,126,0,133,Road Closure,True,False,Active Cascade
CAS-0265,DIS-0265,SHP-01406,SHP-01406,,0,Dispatch Delay,0,126,133,Road Closure,True,False,Active Cascade
CAS-0265,DIS-0265,SHP-01406,SHP-01406,,0,Customer Delivery Risk,0,126,133,Road Closure,True,False,Severe Delay Breached
CAS-0265,DIS-0265,SHP-01406,SHP-07874,SHP-01406,1,Route Connection,0,20,23,Road Closure,False,True,Active Cascade
CAS-0265,DIS-0265,SHP-01406,SHP-07874,SHP-01406,1,Departure Delay,0,20,23,Road Closure,False,True,Active Cascade
CAS-0265,DIS-0265,SHP-01406,SHP-07874,SHP-01406,1,Customer Delivery Risk,0,20,23,Road Closure,False,True,Partially Absorbed
CAS-0265,DIS-0265,SHP-01406,SHP-10128,SHP-07874,2,Warehouse Transfer,0,16,21,Road Closure,False,True,Active Cascade
CAS-0265,DIS-0265,SHP-01406,SHP-10128,SHP-07874,2,Departure Delay,0,16,21,Road Closure,False,True,Active Cascade
CAS-0265,DIS-0265,SHP-01406,SHP-10128,SHP-07874,2,Customer Delivery Risk,0,16,21,Road Closure,False,True,Partially Absorbed
CAS-0265,DIS-0265,SHP-01406,SHP-13126,SHP-10128,3,Route Connection,0,16,19,Road Closure,False,True,Active Cascade
CAS-0265,DIS-0265,SHP-01406,SHP-13126,SHP-10128,3,Departure Delay,0,16,19,Road Closure,False,True,Active Cascade
CAS-0265,DIS-0265,SHP-01406,SHP-13126,SHP-10128,3,Customer Delivery Risk,0,16,19,Road Closure,False,True,Partially Absorbed
CAS-0266,DIS-0266,SHP-06964,SHP-06964,,0,Root Disruption,96,0,105,Road Closure,True,False,Active Cascade
CAS-0266,DIS-0266,SHP-06964,SHP-06964,,0,Dispatch Delay,0,96,105,Road Closure,True,False,Active Cascade
CAS-0266,DIS-0266,SHP-06964,SHP-06964,,0,Customer Delivery Risk,0,96,105,Road Closure,True,False,Partially Absorbed
CAS-0266,DIS-0266,SHP-06964,SHP-03597,SHP-06964,1,Waiting for Inbound Shipment,0,83,85,Road Closure,False,True,Active Cascade
CAS-0266,DIS-0266,SHP-06964,SHP-03597,SHP-06964,1,Departure Delay,0,83,85,Road Closure,False,True,Active Cascade
CAS-0266,DIS-0266,SHP-06964,SHP-03597,SHP-06964,1,Customer Delivery Risk,0,83,85,Road Closure,False,True,Partially Absorbed
CAS-0266,DIS-0266,SHP-06964,SHP-13996,SHP-03597,2,Warehouse Transfer,0,16,18,Road Closure,False,True,Active Cascade
CAS-0266,DIS-0266,SHP-06964,SHP-13996,SHP-03597,2,Departure Delay,0,16,18,Road Closure,False,True,Active Cascade
CAS-0266,DIS-0266,SHP-06964,SHP-13996,SHP-03597,2,Customer Delivery Risk,0,16,18,Road Closure,False,True,Partially Absorbed
CAS-0267,DIS-0267,SHP-13202,SHP-13202,,0,Root Disruption,112,0,117,Severe Weather,True,False,Active Cascade
CAS-0267,DIS-0267,SHP-13202,SHP-13202,,0,Dispatch Delay,0,112,117,Severe Weather,True,False,Active Cascade
CAS-0267,DIS-0267,SHP-13202,SHP-13202,,0,Customer Delivery Risk,0,112,117,Severe Weather,True,False,Partially Absorbed
CAS-0267,DIS-0267,SHP-13202,SHP-04493,SHP-13202,1,Shared Vehicle Turnaround,0,20,20,Vehicle Breakdown,False,True,Active Cascade
CAS-0267,DIS-0267,SHP-13202,SHP-04493,SHP-13202,1,Departure Delay,0,20,20,Vehicle Breakdown,False,True,Active Cascade
CAS-0267,DIS-0267,SHP-13202,SHP-04493,SHP-13202,1,Customer Delivery Risk,0,20,20,Vehicle Breakdown,False,True,Partially Absorbed
CAS-0268,DIS-0268,SHP-05716,SHP-05716,,0,Root Disruption,116,0,119,Road Closure,True,False,Active Cascade
CAS-0268,DIS-0268,SHP-05716,SHP-05716,,0,Dispatch Delay,0,116,119,Road Closure,True,False,Active Cascade
CAS-0268,DIS-0268,SHP-05716,SHP-05716,,0,Customer Delivery Risk,0,116,119,Road Closure,True,False,Partially Absorbed
CAS-0268,DIS-0268,SHP-05716,SHP-06310,SHP-05716,1,Warehouse Congestion Transfer,93,0,97,Warehouse Congestion,False,True,Active Cascade
CAS-0268,DIS-0268,SHP-05716,SHP-06310,SHP-05716,1,Departure Delay,0,0,97,Warehouse Congestion,False,True,Active Cascade
CAS-0268,DIS-0268,SHP-05716,SHP-06310,SHP-05716,1,Customer Delivery Risk,0,0,97,Warehouse Congestion,False,True,Partially Absorbed
CAS-0268,DIS-0268,SHP-05716,SHP-10453,SHP-05716,1,Warehouse Congestion Transfer,59,0,55,Warehouse Congestion,False,True,Active Cascade
CAS-0268,DIS-0268,SHP-05716,SHP-10453,SHP-05716,1,Departure Delay,0,0,55,Warehouse Congestion,False,True,Active Cascade
CAS-0268,DIS-0268,SHP-05716,SHP-10453,SHP-05716,1,Customer Delivery Risk,0,0,55,Warehouse Congestion,False,True,Partially Absorbed
CAS-0268,DIS-0268,SHP-05716,SHP-10375,SHP-05716,1,Warehouse Congestion Transfer,63,0,70,Warehouse Congestion,False,True,Active Cascade
CAS-0268,DIS-0268,SHP-05716,SHP-10375,SHP-05716,1,Departure Delay,0,0,70,Warehouse Congestion,False,True,Active Cascade
CAS-0268,DIS-0268,SHP-05716,SHP-10375,SHP-05716,1,Customer Delivery Risk,0,0,70,Warehouse Congestion,False,True,Partially Absorbed
CAS-0268,DIS-0268,SHP-05716,SHP-12953,SHP-05716,1,Warehouse Congestion Transfer,51,0,58,Warehouse Congestion,False,True,Active Cascade
CAS-0268,DIS-0268,SHP-05716,SHP-12953,SHP-05716,1,Departure Delay,0,0,58,Warehouse Congestion,False,True,Active Cascade
CAS-0268,DIS-0268,SHP-05716,SHP-12953,SHP-05716,1,Customer Delivery Risk,0,0,58,Warehouse Congestion,False,True,Partially Absorbed
CAS-0269,DIS-0269,SHP-11802,SHP-11802,,0,Root Disruption,97,0,93,Road Closure,True,False,Active Cascade
CAS-0269,DIS-0269,SHP-11802,SHP-11802,,0,Dispatch Delay,0,97,93,Road Closure,True,False,Active Cascade
CAS-0269,DIS-0269,SHP-11802,SHP-11802,,0,Customer Delivery Risk,0,97,93,Road Closure,True,False,Partially Absorbed
CAS-0269,DIS-0269,SHP-11802,SHP-01691,SHP-11802,1,Route Connection,0,27,22,Road Closure,False,True,Active Cascade
CAS-0269,DIS-0269,SHP-11802,SHP-01691,SHP-11802,1,Departure Delay,0,27,22,Road Closure,False,True,Active Cascade
CAS-0269,DIS-0269,SHP-11802,SHP-01691,SHP-11802,1,Customer Delivery Risk,0,27,22,Road Closure,False,True,Partially Absorbed
CAS-0269,DIS-0269,SHP-11802,SHP-00188,SHP-01691,2,Warehouse Transfer,0,16,26,Road Closure,False,True,Active Cascade
CAS-0269,DIS-0269,SHP-11802,SHP-00188,SHP-01691,2,Departure Delay,0,16,26,Road Closure,False,True,Active Cascade
CAS-0269,DIS-0269,SHP-11802,SHP-00188,SHP-01691,2,Customer Delivery Risk,0,16,26,Road Closure,False,True,Partially Absorbed
CAS-0269,DIS-0269,SHP-11802,SHP-00545,SHP-00188,3,Route Connection,0,16,14,Road Closure,False,True,Active Cascade
CAS-0269,DIS-0269,SHP-11802,SHP-00545,SHP-00188,3,Departure Delay,0,16,14,Road Closure,False,True,Active Cascade
CAS-0269,DIS-0269,SHP-11802,SHP-00545,SHP-00188,3,Customer Delivery Risk,0,16,14,Road Closure,False,True,Partially Absorbed
CAS-0269,DIS-0269,SHP-11802,SHP-12173,SHP-01691,2,Warehouse Transfer,0,16,19,Road Closure,False,True,Active Cascade
CAS-0269,DIS-0269,SHP-11802,SHP-12173,SHP-01691,2,Departure Delay,0,16,19,Road Closure,False,True,Active Cascade
CAS-0269,DIS-0269,SHP-11802,SHP-12173,SHP-01691,2,Customer Delivery Risk,0,16,19,Road Closure,False,True,Partially Absorbed
CAS-0270,DIS-0270,SHP-00636,SHP-00636,,0,Root Disruption,97,0,104,Warehouse Congestion,True,False,Active Cascade
CAS-0270,DIS-0270,SHP-00636,SHP-00636,,0,Dispatch Delay,0,97,104,Warehouse Congestion,True,False,Active Cascade
CAS-0270,DIS-0270,SHP-00636,SHP-00636,,0,Customer Delivery Risk,0,97,104,Warehouse Congestion,True,False,Partially Absorbed
CAS-0270,DIS-0270,SHP-00636,SHP-00242,SHP-00636,1,Route Connection,0,20,16,Warehouse Congestion,False,True,Active Cascade
CAS-0270,DIS-0270,SHP-00636,SHP-00242,SHP-00636,1,Departure Delay,0,20,16,Warehouse Congestion,False,True,Active Cascade
CAS-0270,DIS-0270,SHP-00636,SHP-00242,SHP-00636,1,Customer Delivery Risk,0,20,16,Warehouse Congestion,False,True,Partially Absorbed
CAS-0270,DIS-0270,SHP-00636,SHP-04394,SHP-00242,2,Warehouse Transfer,0,16,16,Warehouse Congestion,False,True,Active Cascade
CAS-0270,DIS-0270,SHP-00636,SHP-04394,SHP-00242,2,Departure Delay,0,16,16,Warehouse Congestion,False,True,Active Cascade
CAS-0270,DIS-0270,SHP-00636,SHP-04394,SHP-00242,2,Customer Delivery Risk,0,16,16,Warehouse Congestion,False,True,Partially Absorbed
CAS-0270,DIS-0270,SHP-00636,SHP-01747,SHP-04394,3,Route Connection,0,16,20,Warehouse Congestion,False,True,Active Cascade
CAS-0270,DIS-0270,SHP-00636,SHP-01747,SHP-04394,3,Departure Delay,0,16,20,Warehouse Congestion,False,True,Active Cascade
CAS-0270,DIS-0270,SHP-00636,SHP-01747,SHP-04394,3,Customer Delivery Risk,0,16,20,Warehouse Congestion,False,True,Partially Absorbed
CAS-0270,DIS-0270,SHP-00636,SHP-07853,SHP-00242,2,Warehouse Transfer,0,16,17,Warehouse Congestion,False,True,Active Cascade
CAS-0270,DIS-0270,SHP-00636,SHP-07853,SHP-00242,2,Departure Delay,0,16,17,Warehouse Congestion,False,True,Active Cascade
CAS-0270,DIS-0270,SHP-00636,SHP-07853,SHP-00242,2,Customer Delivery Risk,0,16,17,Warehouse Congestion,False,True,Partially Absorbed
CAS-0271,DIS-0271,SHP-05213,SHP-05213,,0,Root Disruption,213,0,218,Warehouse Congestion,True,False,Active Cascade
CAS-0271,DIS-0271,SHP-05213,SHP-05213,,0,Dispatch Delay,0,213,218,Warehouse Congestion,True,False,Active Cascade
CAS-0271,DIS-0271,SHP-05213,SHP-05213,,0,Customer Delivery Risk,0,213,218,Warehouse Congestion,True,False,Severe Delay Breached
CAS-0271,DIS-0271,SHP-05213,SHP-02059,SHP-05213,1,Route Connection,0,149,159,Warehouse Congestion,False,True,Active Cascade
CAS-0271,DIS-0271,SHP-05213,SHP-02059,SHP-05213,1,Departure Delay,0,149,159,Warehouse Congestion,False,True,Active Cascade
CAS-0271,DIS-0271,SHP-05213,SHP-02059,SHP-05213,1,Customer Delivery Risk,0,149,159,Warehouse Congestion,False,True,Severe Delay Breached
CAS-0272,DIS-0272,SHP-10657,SHP-10657,,0,Root Disruption,137,0,140,Vehicle Breakdown,True,False,Active Cascade
CAS-0272,DIS-0272,SHP-10657,SHP-10657,,0,Dispatch Delay,0,137,140,Vehicle Breakdown,True,False,Active Cascade
CAS-0272,DIS-0272,SHP-10657,SHP-10657,,0,Customer Delivery Risk,0,137,140,Vehicle Breakdown,True,False,Severe Delay Breached
CAS-0272,DIS-0272,SHP-10657,SHP-04449,SHP-10657,1,Cross-Dock Transfer,0,16,24,Vehicle Breakdown,False,True,Active Cascade
CAS-0272,DIS-0272,SHP-10657,SHP-04449,SHP-10657,1,Departure Delay,0,16,24,Vehicle Breakdown,False,True,Active Cascade
CAS-0272,DIS-0272,SHP-10657,SHP-04449,SHP-10657,1,Customer Delivery Risk,0,16,24,Vehicle Breakdown,False,True,Partially Absorbed
CAS-0273,DIS-0273,SHP-05729,SHP-05729,,0,Root Disruption,123,0,125,State Border Checkpoint Hold,True,False,Active Cascade
CAS-0273,DIS-0273,SHP-05729,SHP-05729,,0,Dispatch Delay,0,123,125,State Border Checkpoint Hold,True,False,Active Cascade
CAS-0273,DIS-0273,SHP-05729,SHP-05729,,0,Customer Delivery Risk,0,123,125,State Border Checkpoint Hold,True,False,Severe Delay Breached
CAS-0273,DIS-0273,SHP-05729,SHP-04757,SHP-05729,1,Route Connection,0,20,26,State Border Checkpoint Hold,False,True,Active Cascade
CAS-0273,DIS-0273,SHP-05729,SHP-04757,SHP-05729,1,Departure Delay,0,20,26,State Border Checkpoint Hold,False,True,Active Cascade
CAS-0273,DIS-0273,SHP-05729,SHP-04757,SHP-05729,1,Customer Delivery Risk,0,20,26,State Border Checkpoint Hold,False,True,Partially Absorbed
CAS-0274,DIS-0274,SHP-06959,SHP-06959,,0,Root Disruption,220,0,219,Vehicle Breakdown,True,False,Active Cascade
CAS-0274,DIS-0274,SHP-06959,SHP-06959,,0,Dispatch Delay,0,220,219,Vehicle Breakdown,True,False,Active Cascade
CAS-0274,DIS-0274,SHP-06959,SHP-06959,,0,Customer Delivery Risk,0,220,219,Vehicle Breakdown,True,False,Severe Delay Breached
CAS-0274,DIS-0274,SHP-06959,SHP-09240,SHP-06959,1,Shared Vehicle Turnaround,0,20,19,Vehicle Breakdown,False,True,Active Cascade
CAS-0274,DIS-0274,SHP-06959,SHP-09240,SHP-06959,1,Departure Delay,0,20,19,Vehicle Breakdown,False,True,Active Cascade
CAS-0274,DIS-0274,SHP-06959,SHP-09240,SHP-06959,1,Customer Delivery Risk,0,20,19,Vehicle Breakdown,False,True,Partially Absorbed
CAS-0275,DIS-0275,SHP-04469,SHP-04469,,0,Root Disruption,111,0,118,Equipment Failure,True,False,Active Cascade
CAS-0275,DIS-0275,SHP-04469,SHP-04469,,0,Dispatch Delay,0,111,118,Equipment Failure,True,False,Active Cascade
CAS-0275,DIS-0275,SHP-04469,SHP-04469,,0,Customer Delivery Risk,0,111,118,Equipment Failure,True,False,Partially Absorbed
CAS-0275,DIS-0275,SHP-04469,SHP-03850,SHP-04469,1,Shared Vehicle Turnaround,0,20,22,Vehicle Breakdown,False,True,Active Cascade
CAS-0275,DIS-0275,SHP-04469,SHP-03850,SHP-04469,1,Departure Delay,0,20,22,Vehicle Breakdown,False,True,Active Cascade
CAS-0275,DIS-0275,SHP-04469,SHP-03850,SHP-04469,1,Customer Delivery Risk,0,20,22,Vehicle Breakdown,False,True,Partially Absorbed
CAS-0276,DIS-0276,SHP-12380,SHP-12380,,0,Root Disruption,82,0,81,Equipment Failure,True,False,Active Cascade
CAS-0276,DIS-0276,SHP-12380,SHP-12380,,0,Dispatch Delay,0,82,81,Equipment Failure,True,False,Active Cascade
CAS-0276,DIS-0276,SHP-12380,SHP-12380,,0,Customer Delivery Risk,0,82,81,Equipment Failure,True,False,Partially Absorbed
CAS-0276,DIS-0276,SHP-12380,SHP-04137,SHP-12380,1,Waiting for Inbound Shipment,0,23,21,Equipment Failure,False,True,Active Cascade
CAS-0276,DIS-0276,SHP-12380,SHP-04137,SHP-12380,1,Departure Delay,0,23,21,Equipment Failure,False,True,Active Cascade
CAS-0276,DIS-0276,SHP-12380,SHP-04137,SHP-12380,1,Customer Delivery Risk,0,23,21,Equipment Failure,False,True,Partially Absorbed
CAS-0276,DIS-0276,SHP-12380,SHP-02266,SHP-04137,2,Warehouse Transfer,0,16,13,Equipment Failure,False,True,Active Cascade
CAS-0276,DIS-0276,SHP-12380,SHP-02266,SHP-04137,2,Departure Delay,0,16,13,Equipment Failure,False,True,Active Cascade
CAS-0276,DIS-0276,SHP-12380,SHP-02266,SHP-04137,2,Customer Delivery Risk,0,16,13,Equipment Failure,False,True,Partially Absorbed
CAS-0277,DIS-0277,SHP-09342,SHP-09342,,0,Root Disruption,90,0,97,Warehouse Congestion,True,False,Active Cascade
CAS-0277,DIS-0277,SHP-09342,SHP-09342,,0,Dispatch Delay,0,90,97,Warehouse Congestion,True,False,Active Cascade
CAS-0277,DIS-0277,SHP-09342,SHP-09342,,0,Customer Delivery Risk,0,90,97,Warehouse Congestion,True,False,Partially Absorbed
CAS-0277,DIS-0277,SHP-09342,SHP-12021,SHP-09342,1,Waiting for Inbound Shipment,0,20,26,Warehouse Congestion,False,True,Active Cascade
CAS-0277,DIS-0277,SHP-09342,SHP-12021,SHP-09342,1,Departure Delay,0,20,26,Warehouse Congestion,False,True,Active Cascade
CAS-0277,DIS-0277,SHP-09342,SHP-12021,SHP-09342,1,Customer Delivery Risk,0,20,26,Warehouse Congestion,False,True,Partially Absorbed
CAS-0277,DIS-0277,SHP-09342,SHP-12293,SHP-12021,2,Warehouse Transfer,0,16,11,Warehouse Congestion,False,True,Active Cascade
CAS-0277,DIS-0277,SHP-09342,SHP-12293,SHP-12021,2,Departure Delay,0,16,11,Warehouse Congestion,False,True,Active Cascade
CAS-0277,DIS-0277,SHP-09342,SHP-12293,SHP-12021,2,Customer Delivery Risk,0,16,11,Warehouse Congestion,False,True,Partially Absorbed
CAS-0278,DIS-0278,SHP-13333,SHP-13333,,0,Root Disruption,115,0,110,Warehouse Congestion,True,False,Active Cascade
CAS-0278,DIS-0278,SHP-13333,SHP-13333,,0,Dispatch Delay,0,115,110,Warehouse Congestion,True,False,Active Cascade
CAS-0278,DIS-0278,SHP-13333,SHP-13333,,0,Customer Delivery Risk,0,115,110,Warehouse Congestion,True,False,Partially Absorbed
CAS-0278,DIS-0278,SHP-13333,SHP-04063,SHP-13333,1,Cross-Dock Transfer,0,84,79,Warehouse Congestion,False,True,Active Cascade
CAS-0278,DIS-0278,SHP-13333,SHP-04063,SHP-13333,1,Departure Delay,0,84,79,Warehouse Congestion,False,True,Active Cascade
CAS-0278,DIS-0278,SHP-13333,SHP-04063,SHP-13333,1,Customer Delivery Risk,0,84,79,Warehouse Congestion,False,True,Partially Absorbed
CAS-0278,DIS-0278,SHP-13333,SHP-07824,SHP-13333,1,Cross-Dock Transfer,0,75,82,Warehouse Congestion,False,True,Active Cascade
CAS-0278,DIS-0278,SHP-13333,SHP-07824,SHP-13333,1,Departure Delay,0,75,82,Warehouse Congestion,False,True,Active Cascade
CAS-0278,DIS-0278,SHP-13333,SHP-07824,SHP-13333,1,Customer Delivery Risk,0,75,82,Warehouse Congestion,False,True,Partially Absorbed
CAS-0279,DIS-0279,SHP-10252,SHP-10252,,0,Root Disruption,170,0,179,Vehicle Breakdown,True,False,Active Cascade
CAS-0279,DIS-0279,SHP-10252,SHP-10252,,0,Dispatch Delay,0,170,179,Vehicle Breakdown,True,False,Active Cascade
CAS-0279,DIS-0279,SHP-10252,SHP-10252,,0,Customer Delivery Risk,0,170,179,Vehicle Breakdown,True,False,Severe Delay Breached
CAS-0279,DIS-0279,SHP-10252,SHP-02982,SHP-10252,1,Shared Vehicle Turnaround,0,100,100,Vehicle Breakdown,False,True,Active Cascade
CAS-0279,DIS-0279,SHP-10252,SHP-02982,SHP-10252,1,Departure Delay,0,100,100,Vehicle Breakdown,False,True,Active Cascade
CAS-0279,DIS-0279,SHP-10252,SHP-02982,SHP-10252,1,Customer Delivery Risk,0,100,100,Vehicle Breakdown,False,True,Partially Absorbed
CAS-0280,DIS-0280,SHP-10738,SHP-10738,,0,Root Disruption,128,0,132,State Border Checkpoint Hold,True,False,Active Cascade
CAS-0280,DIS-0280,SHP-10738,SHP-10738,,0,Dispatch Delay,0,128,132,State Border Checkpoint Hold,True,False,Active Cascade
CAS-0280,DIS-0280,SHP-10738,SHP-10738,,0,Customer Delivery Risk,0,128,132,State Border Checkpoint Hold,True,False,Severe Delay Breached
CAS-0280,DIS-0280,SHP-10738,SHP-05466,SHP-10738,1,Cross-Dock Transfer,0,16,13,State Border Checkpoint Hold,False,True,Active Cascade
CAS-0280,DIS-0280,SHP-10738,SHP-05466,SHP-10738,1,Departure Delay,0,16,13,State Border Checkpoint Hold,False,True,Active Cascade
CAS-0280,DIS-0280,SHP-10738,SHP-05466,SHP-10738,1,Customer Delivery Risk,0,16,13,State Border Checkpoint Hold,False,True,Partially Absorbed
CAS-0280,DIS-0280,SHP-10738,SHP-03760,SHP-10738,1,Cross-Dock Transfer,0,16,20,State Border Checkpoint Hold,False,True,Active Cascade
CAS-0280,DIS-0280,SHP-10738,SHP-03760,SHP-10738,1,Departure Delay,0,16,20,State Border Checkpoint Hold,False,True,Active Cascade
CAS-0280,DIS-0280,SHP-10738,SHP-03760,SHP-10738,1,Customer Delivery Risk,0,16,20,State Border Checkpoint Hold,False,True,Partially Absorbed
CAS-0281,DIS-0281,SHP-06478,SHP-06478,,0,Root Disruption,222,0,227,Severe Weather,True,False,Active Cascade
CAS-0281,DIS-0281,SHP-06478,SHP-06478,,0,Dispatch Delay,0,222,227,Severe Weather,True,False,Active Cascade
CAS-0281,DIS-0281,SHP-06478,SHP-06478,,0,Customer Delivery Risk,0,222,227,Severe Weather,True,False,Severe Delay Breached
CAS-0281,DIS-0281,SHP-06478,SHP-02723,SHP-06478,1,Warehouse Congestion Transfer,54,0,62,Warehouse Congestion,False,True,Active Cascade
CAS-0281,DIS-0281,SHP-06478,SHP-02723,SHP-06478,1,Departure Delay,0,0,62,Warehouse Congestion,False,True,Active Cascade
CAS-0281,DIS-0281,SHP-06478,SHP-02723,SHP-06478,1,Customer Delivery Risk,0,0,62,Warehouse Congestion,False,True,Partially Absorbed
CAS-0282,DIS-0282,SHP-04161,SHP-04161,,0,Root Disruption,136,0,131,Equipment Failure,True,False,Active Cascade
CAS-0282,DIS-0282,SHP-04161,SHP-04161,,0,Dispatch Delay,0,136,131,Equipment Failure,True,False,Active Cascade
CAS-0282,DIS-0282,SHP-04161,SHP-04161,,0,Customer Delivery Risk,0,136,131,Equipment Failure,True,False,Severe Delay Breached
CAS-0282,DIS-0282,SHP-04161,SHP-05811,SHP-04161,1,Cross-Dock Transfer,0,16,25,Equipment Failure,False,True,Active Cascade
CAS-0282,DIS-0282,SHP-04161,SHP-05811,SHP-04161,1,Departure Delay,0,16,25,Equipment Failure,False,True,Active Cascade
CAS-0282,DIS-0282,SHP-04161,SHP-05811,SHP-04161,1,Customer Delivery Risk,0,16,25,Equipment Failure,False,True,Partially Absorbed
CAS-0282,DIS-0282,SHP-04161,SHP-06684,SHP-04161,1,Cross-Dock Transfer,0,16,20,Equipment Failure,False,True,Active Cascade
CAS-0282,DIS-0282,SHP-04161,SHP-06684,SHP-04161,1,Departure Delay,0,16,20,Equipment Failure,False,True,Active Cascade
CAS-0282,DIS-0282,SHP-04161,SHP-06684,SHP-04161,1,Customer Delivery Risk,0,16,20,Equipment Failure,False,True,Partially Absorbed
CAS-0282,DIS-0282,SHP-04161,SHP-00095,SHP-04161,1,Cross-Dock Transfer,0,16,17,Equipment Failure,False,True,Active Cascade
CAS-0282,DIS-0282,SHP-04161,SHP-00095,SHP-04161,1,Departure Delay,0,16,17,Equipment Failure,False,True,Active Cascade
CAS-0282,DIS-0282,SHP-04161,SHP-00095,SHP-04161,1,Customer Delivery Risk,0,16,17,Equipment Failure,False,True,Partially Absorbed
CAS-0283,DIS-0283,SHP-12244,SHP-12244,,0,Root Disruption,121,0,118,Labor Shortage,True,False,Active Cascade
CAS-0283,DIS-0283,SHP-12244,SHP-12244,,0,Dispatch Delay,0,121,118,Labor Shortage,True,False,Active Cascade
CAS-0283,DIS-0283,SHP-12244,SHP-12244,,0,Customer Delivery Risk,0,121,118,Labor Shortage,True,False,Partially Absorbed
CAS-0283,DIS-0283,SHP-12244,SHP-07212,SHP-12244,1,Cross-Dock Transfer,0,38,40,Labor Shortage,False,True,Active Cascade
CAS-0283,DIS-0283,SHP-12244,SHP-07212,SHP-12244,1,Departure Delay,0,38,40,Labor Shortage,False,True,Active Cascade
CAS-0283,DIS-0283,SHP-12244,SHP-07212,SHP-12244,1,Customer Delivery Risk,0,38,40,Labor Shortage,False,True,Partially Absorbed
CAS-0283,DIS-0283,SHP-12244,SHP-02111,SHP-12244,1,Cross-Dock Transfer,0,16,22,Labor Shortage,False,True,Active Cascade
CAS-0283,DIS-0283,SHP-12244,SHP-02111,SHP-12244,1,Departure Delay,0,16,22,Labor Shortage,False,True,Active Cascade
CAS-0283,DIS-0283,SHP-12244,SHP-02111,SHP-12244,1,Customer Delivery Risk,0,16,22,Labor Shortage,False,True,Partially Absorbed
CAS-0284,DIS-0284,SHP-09933,SHP-09933,,0,Root Disruption,83,0,92,Equipment Failure,True,False,Active Cascade
CAS-0284,DIS-0284,SHP-09933,SHP-09933,,0,Dispatch Delay,0,83,92,Equipment Failure,True,False,Active Cascade
CAS-0284,DIS-0284,SHP-09933,SHP-09933,,0,Customer Delivery Risk,0,83,92,Equipment Failure,True,False,Partially Absorbed
CAS-0284,DIS-0284,SHP-09933,SHP-11728,SHP-09933,1,Route Connection,0,20,29,Equipment Failure,False,True,Active Cascade
CAS-0284,DIS-0284,SHP-09933,SHP-11728,SHP-09933,1,Departure Delay,0,20,29,Equipment Failure,False,True,Active Cascade
CAS-0284,DIS-0284,SHP-09933,SHP-11728,SHP-09933,1,Customer Delivery Risk,0,20,29,Equipment Failure,False,True,Partially Absorbed
CAS-0285,DIS-0285,SHP-09392,SHP-09392,,0,Root Disruption,215,0,223,Vehicle Breakdown,True,False,Active Cascade
CAS-0285,DIS-0285,SHP-09392,SHP-09392,,0,Dispatch Delay,0,215,223,Vehicle Breakdown,True,False,Active Cascade
CAS-0285,DIS-0285,SHP-09392,SHP-09392,,0,Customer Delivery Risk,0,215,223,Vehicle Breakdown,True,False,Severe Delay Breached
CAS-0285,DIS-0285,SHP-09392,SHP-13494,SHP-09392,1,Cross-Dock Transfer,0,96,94,Vehicle Breakdown,False,True,Active Cascade
CAS-0285,DIS-0285,SHP-09392,SHP-13494,SHP-09392,1,Departure Delay,0,96,94,Vehicle Breakdown,False,True,Active Cascade
CAS-0285,DIS-0285,SHP-09392,SHP-13494,SHP-09392,1,Customer Delivery Risk,0,96,94,Vehicle Breakdown,False,True,Partially Absorbed
CAS-0285,DIS-0285,SHP-09392,SHP-05524,SHP-09392,1,Cross-Dock Transfer,0,65,65,Vehicle Breakdown,False,True,Active Cascade
CAS-0285,DIS-0285,SHP-09392,SHP-05524,SHP-09392,1,Departure Delay,0,65,65,Vehicle Breakdown,False,True,Active Cascade
CAS-0285,DIS-0285,SHP-09392,SHP-05524,SHP-09392,1,Customer Delivery Risk,0,65,65,Vehicle Breakdown,False,True,Partially Absorbed
CAS-0286,DIS-0286,SHP-07176,SHP-07176,,0,Root Disruption,86,0,93,State Border Checkpoint Hold,True,False,Active Cascade
CAS-0286,DIS-0286,SHP-07176,SHP-07176,,0,Dispatch Delay,0,86,93,State Border Checkpoint Hold,True,False,Active Cascade
CAS-0286,DIS-0286,SHP-07176,SHP-07176,,0,Customer Delivery Risk,0,86,93,State Border Checkpoint Hold,True,False,Partially Absorbed
CAS-0286,DIS-0286,SHP-07176,SHP-05583,SHP-07176,1,Cross-Dock Transfer,0,16,19,State Border Checkpoint Hold,False,True,Active Cascade
CAS-0286,DIS-0286,SHP-07176,SHP-05583,SHP-07176,1,Departure Delay,0,16,19,State Border Checkpoint Hold,False,True,Active Cascade
CAS-0286,DIS-0286,SHP-07176,SHP-05583,SHP-07176,1,Customer Delivery Risk,0,16,19,State Border Checkpoint Hold,False,True,Partially Absorbed
CAS-0286,DIS-0286,SHP-07176,SHP-11022,SHP-07176,1,Cross-Dock Transfer,0,16,23,State Border Checkpoint Hold,False,True,Active Cascade
CAS-0286,DIS-0286,SHP-07176,SHP-11022,SHP-07176,1,Departure Delay,0,16,23,State Border Checkpoint Hold,False,True,Active Cascade
CAS-0286,DIS-0286,SHP-07176,SHP-11022,SHP-07176,1,Customer Delivery Risk,0,16,23,State Border Checkpoint Hold,False,True,Partially Absorbed
CAS-0287,DIS-0287,SHP-10169,SHP-10169,,0,Root Disruption,127,0,126,Equipment Failure,True,False,Active Cascade
CAS-0287,DIS-0287,SHP-10169,SHP-10169,,0,Dispatch Delay,0,127,126,Equipment Failure,True,False,Active Cascade
CAS-0287,DIS-0287,SHP-10169,SHP-10169,,0,Customer Delivery Risk,0,127,126,Equipment Failure,True,False,Severe Delay Breached
CAS-0287,DIS-0287,SHP-10169,SHP-04608,SHP-10169,1,Waiting for Inbound Shipment,0,97,102,Equipment Failure,False,True,Active Cascade
CAS-0287,DIS-0287,SHP-10169,SHP-04608,SHP-10169,1,Departure Delay,0,97,102,Equipment Failure,False,True,Active Cascade
CAS-0287,DIS-0287,SHP-10169,SHP-04608,SHP-10169,1,Customer Delivery Risk,0,97,102,Equipment Failure,False,True,Partially Absorbed
CAS-0288,DIS-0288,SHP-00767,SHP-00767,,0,Root Disruption,99,0,101,Equipment Failure,True,False,Active Cascade
CAS-0288,DIS-0288,SHP-00767,SHP-00767,,0,Dispatch Delay,0,99,101,Equipment Failure,True,False,Active Cascade
CAS-0288,DIS-0288,SHP-00767,SHP-00767,,0,Customer Delivery Risk,0,99,101,Equipment Failure,True,False,Partially Absorbed
CAS-0288,DIS-0288,SHP-00767,SHP-00378,SHP-00767,1,Warehouse Congestion Transfer,81,0,90,Warehouse Congestion,False,True,Active Cascade
CAS-0288,DIS-0288,SHP-00767,SHP-00378,SHP-00767,1,Departure Delay,0,0,90,Warehouse Congestion,False,True,Active Cascade
CAS-0288,DIS-0288,SHP-00767,SHP-00378,SHP-00767,1,Customer Delivery Risk,0,0,90,Warehouse Congestion,False,True,Partially Absorbed
CAS-0288,DIS-0288,SHP-00767,SHP-10200,SHP-00767,1,Warehouse Congestion Transfer,82,0,85,Warehouse Congestion,False,True,Active Cascade
CAS-0288,DIS-0288,SHP-00767,SHP-10200,SHP-00767,1,Departure Delay,0,0,85,Warehouse Congestion,False,True,Active Cascade
CAS-0288,DIS-0288,SHP-00767,SHP-10200,SHP-00767,1,Customer Delivery Risk,0,0,85,Warehouse Congestion,False,True,Partially Absorbed
CAS-0289,DIS-0289,SHP-09986,SHP-09986,,0,Root Disruption,62,0,61,Equipment Failure,True,False,Active Cascade
CAS-0289,DIS-0289,SHP-09986,SHP-09986,,0,Dispatch Delay,0,62,61,Equipment Failure,True,False,Active Cascade
CAS-0289,DIS-0289,SHP-09986,SHP-09986,,0,Customer Delivery Risk,0,62,61,Equipment Failure,True,False,Partially Absorbed
CAS-0289,DIS-0289,SHP-09986,SHP-12695,SHP-09986,1,Shared Vehicle Turnaround,0,20,24,Vehicle Breakdown,False,True,Active Cascade
CAS-0289,DIS-0289,SHP-09986,SHP-12695,SHP-09986,1,Departure Delay,0,20,24,Vehicle Breakdown,False,True,Active Cascade
CAS-0289,DIS-0289,SHP-09986,SHP-12695,SHP-09986,1,Customer Delivery Risk,0,20,24,Vehicle Breakdown,False,True,Partially Absorbed
CAS-0290,DIS-0290,SHP-12233,SHP-12233,,0,Root Disruption,205,0,212,Vehicle Breakdown,True,False,Active Cascade
CAS-0290,DIS-0290,SHP-12233,SHP-12233,,0,Dispatch Delay,0,205,212,Vehicle Breakdown,True,False,Active Cascade
CAS-0290,DIS-0290,SHP-12233,SHP-12233,,0,Customer Delivery Risk,0,205,212,Vehicle Breakdown,True,False,Severe Delay Breached
CAS-0290,DIS-0290,SHP-12233,SHP-12823,SHP-12233,1,Waiting for Inbound Shipment,0,174,180,Vehicle Breakdown,False,True,Active Cascade
CAS-0290,DIS-0290,SHP-12233,SHP-12823,SHP-12233,1,Departure Delay,0,174,180,Vehicle Breakdown,False,True,Active Cascade
CAS-0290,DIS-0290,SHP-12233,SHP-12823,SHP-12233,1,Customer Delivery Risk,0,174,180,Vehicle Breakdown,False,True,Severe Delay Breached
CAS-0290,DIS-0290,SHP-12233,SHP-00314,SHP-12823,2,Warehouse Transfer,0,16,17,Vehicle Breakdown,False,True,Active Cascade
CAS-0290,DIS-0290,SHP-12233,SHP-00314,SHP-12823,2,Departure Delay,0,16,17,Vehicle Breakdown,False,True,Active Cascade
CAS-0290,DIS-0290,SHP-12233,SHP-00314,SHP-12823,2,Customer Delivery Risk,0,16,17,Vehicle Breakdown,False,True,Partially Absorbed
CAS-0291,DIS-0291,SHP-03021,SHP-03021,,0,Root Disruption,131,0,128,Equipment Failure,True,False,Active Cascade
CAS-0291,DIS-0291,SHP-03021,SHP-03021,,0,Dispatch Delay,0,131,128,Equipment Failure,True,False,Active Cascade
CAS-0291,DIS-0291,SHP-03021,SHP-03021,,0,Customer Delivery Risk,0,131,128,Equipment Failure,True,False,Severe Delay Breached
CAS-0291,DIS-0291,SHP-03021,SHP-05140,SHP-03021,1,Warehouse Congestion Transfer,48,0,45,Warehouse Congestion,False,True,Active Cascade
CAS-0291,DIS-0291,SHP-03021,SHP-05140,SHP-03021,1,Departure Delay,0,0,45,Warehouse Congestion,False,True,Active Cascade
CAS-0291,DIS-0291,SHP-03021,SHP-05140,SHP-03021,1,Customer Delivery Risk,0,0,45,Warehouse Congestion,False,True,Partially Absorbed
CAS-0291,DIS-0291,SHP-03021,SHP-06328,SHP-03021,1,Warehouse Congestion Transfer,84,0,84,Warehouse Congestion,False,True,Active Cascade
CAS-0291,DIS-0291,SHP-03021,SHP-06328,SHP-03021,1,Departure Delay,0,0,84,Warehouse Congestion,False,True,Active Cascade
CAS-0291,DIS-0291,SHP-03021,SHP-06328,SHP-03021,1,Customer Delivery Risk,0,0,84,Warehouse Congestion,False,True,Partially Absorbed
CAS-0291,DIS-0291,SHP-03021,SHP-08791,SHP-03021,1,Warehouse Congestion Transfer,58,0,66,Warehouse Congestion,False,True,Active Cascade
CAS-0291,DIS-0291,SHP-03021,SHP-08791,SHP-03021,1,Departure Delay,0,0,66,Warehouse Congestion,False,True,Active Cascade
CAS-0291,DIS-0291,SHP-03021,SHP-08791,SHP-03021,1,Customer Delivery Risk,0,0,66,Warehouse Congestion,False,True,Partially Absorbed
CAS-0291,DIS-0291,SHP-03021,SHP-11889,SHP-03021,1,Warehouse Congestion Transfer,57,0,53,Warehouse Congestion,False,True,Active Cascade
CAS-0291,DIS-0291,SHP-03021,SHP-11889,SHP-03021,1,Departure Delay,0,0,53,Warehouse Congestion,False,True,Active Cascade
CAS-0291,DIS-0291,SHP-03021,SHP-11889,SHP-03021,1,Customer Delivery Risk,0,0,53,Warehouse Congestion,False,True,Partially Absorbed
CAS-0292,DIS-0292,SHP-01401,SHP-01401,,0,Root Disruption,192,0,196,Warehouse Congestion,True,False,Active Cascade
CAS-0292,DIS-0292,SHP-01401,SHP-01401,,0,Dispatch Delay,0,192,196,Warehouse Congestion,True,False,Active Cascade
CAS-0292,DIS-0292,SHP-01401,SHP-01401,,0,Customer Delivery Risk,0,192,196,Warehouse Congestion,True,False,Severe Delay Breached
CAS-0292,DIS-0292,SHP-01401,SHP-10801,SHP-01401,1,Waiting for Inbound Shipment,0,20,16,Warehouse Congestion,False,True,Active Cascade
CAS-0292,DIS-0292,SHP-01401,SHP-10801,SHP-01401,1,Departure Delay,0,20,16,Warehouse Congestion,False,True,Active Cascade
CAS-0292,DIS-0292,SHP-01401,SHP-10801,SHP-01401,1,Customer Delivery Risk,0,20,16,Warehouse Congestion,False,True,Partially Absorbed
CAS-0292,DIS-0292,SHP-01401,SHP-04808,SHP-10801,2,Warehouse Transfer,0,16,18,Warehouse Congestion,False,True,Active Cascade
CAS-0292,DIS-0292,SHP-01401,SHP-04808,SHP-10801,2,Departure Delay,0,16,18,Warehouse Congestion,False,True,Active Cascade
CAS-0292,DIS-0292,SHP-01401,SHP-04808,SHP-10801,2,Customer Delivery Risk,0,16,18,Warehouse Congestion,False,True,Partially Absorbed
CAS-0293,DIS-0293,SHP-05589,SHP-05589,,0,Root Disruption,233,0,237,Warehouse Congestion,True,False,Active Cascade
CAS-0293,DIS-0293,SHP-05589,SHP-05589,,0,Dispatch Delay,0,233,237,Warehouse Congestion,True,False,Active Cascade
CAS-0293,DIS-0293,SHP-05589,SHP-05589,,0,Customer Delivery Risk,0,233,237,Warehouse Congestion,True,False,Severe Delay Breached
CAS-0293,DIS-0293,SHP-05589,SHP-07233,SHP-05589,1,Warehouse Congestion Transfer,77,0,77,Warehouse Congestion,False,True,Active Cascade
CAS-0293,DIS-0293,SHP-05589,SHP-07233,SHP-05589,1,Departure Delay,0,0,77,Warehouse Congestion,False,True,Active Cascade
CAS-0293,DIS-0293,SHP-05589,SHP-07233,SHP-05589,1,Customer Delivery Risk,0,0,77,Warehouse Congestion,False,True,Partially Absorbed
CAS-0293,DIS-0293,SHP-05589,SHP-04725,SHP-05589,1,Warehouse Congestion Transfer,134,0,129,Warehouse Congestion,False,True,Active Cascade
CAS-0293,DIS-0293,SHP-05589,SHP-04725,SHP-05589,1,Departure Delay,0,0,129,Warehouse Congestion,False,True,Active Cascade
CAS-0293,DIS-0293,SHP-05589,SHP-04725,SHP-05589,1,Customer Delivery Risk,0,0,129,Warehouse Congestion,False,True,Severe Delay Breached
CAS-0293,DIS-0293,SHP-05589,SHP-09852,SHP-05589,1,Warehouse Congestion Transfer,57,0,64,Warehouse Congestion,False,True,Active Cascade
CAS-0293,DIS-0293,SHP-05589,SHP-09852,SHP-05589,1,Departure Delay,0,0,64,Warehouse Congestion,False,True,Active Cascade
CAS-0293,DIS-0293,SHP-05589,SHP-09852,SHP-05589,1,Customer Delivery Risk,0,0,64,Warehouse Congestion,False,True,Partially Absorbed
CAS-0294,DIS-0294,SHP-03693,SHP-03693,,0,Root Disruption,141,0,141,Road Closure,True,False,Active Cascade
CAS-0294,DIS-0294,SHP-03693,SHP-03693,,0,Dispatch Delay,0,141,141,Road Closure,True,False,Active Cascade
CAS-0294,DIS-0294,SHP-03693,SHP-03693,,0,Customer Delivery Risk,0,141,141,Road Closure,True,False,Severe Delay Breached
CAS-0294,DIS-0294,SHP-03693,SHP-02585,SHP-03693,1,Warehouse Congestion Transfer,101,0,98,Warehouse Congestion,False,True,Active Cascade
CAS-0294,DIS-0294,SHP-03693,SHP-02585,SHP-03693,1,Departure Delay,0,0,98,Warehouse Congestion,False,True,Active Cascade
CAS-0294,DIS-0294,SHP-03693,SHP-02585,SHP-03693,1,Customer Delivery Risk,0,0,98,Warehouse Congestion,False,True,Partially Absorbed
CAS-0295,DIS-0295,SHP-02722,SHP-02722,,0,Root Disruption,90,0,96,Warehouse Congestion,True,False,Active Cascade
CAS-0295,DIS-0295,SHP-02722,SHP-02722,,0,Dispatch Delay,0,90,96,Warehouse Congestion,True,False,Active Cascade
CAS-0295,DIS-0295,SHP-02722,SHP-02722,,0,Customer Delivery Risk,0,90,96,Warehouse Congestion,True,False,Partially Absorbed
CAS-0295,DIS-0295,SHP-02722,SHP-06965,SHP-02722,1,Waiting for Inbound Shipment,0,20,26,Warehouse Congestion,False,True,Active Cascade
CAS-0295,DIS-0295,SHP-02722,SHP-06965,SHP-02722,1,Departure Delay,0,20,26,Warehouse Congestion,False,True,Active Cascade
CAS-0295,DIS-0295,SHP-02722,SHP-06965,SHP-02722,1,Customer Delivery Risk,0,20,26,Warehouse Congestion,False,True,Partially Absorbed
CAS-0295,DIS-0295,SHP-02722,SHP-02089,SHP-06965,2,Warehouse Transfer,0,16,17,Warehouse Congestion,False,True,Active Cascade
CAS-0295,DIS-0295,SHP-02722,SHP-02089,SHP-06965,2,Departure Delay,0,16,17,Warehouse Congestion,False,True,Active Cascade
CAS-0295,DIS-0295,SHP-02722,SHP-02089,SHP-06965,2,Customer Delivery Risk,0,16,17,Warehouse Congestion,False,True,Partially Absorbed
CAS-0296,DIS-0296,SHP-10412,SHP-10412,,0,Root Disruption,221,0,220,Warehouse Congestion,True,False,Active Cascade
CAS-0296,DIS-0296,SHP-10412,SHP-10412,,0,Dispatch Delay,0,221,220,Warehouse Congestion,True,False,Active Cascade
CAS-0296,DIS-0296,SHP-10412,SHP-10412,,0,Customer Delivery Risk,0,221,220,Warehouse Congestion,True,False,Severe Delay Breached
CAS-0296,DIS-0296,SHP-10412,SHP-06339,SHP-10412,1,Shared Vehicle Turnaround,0,200,200,Vehicle Breakdown,False,True,Active Cascade
CAS-0296,DIS-0296,SHP-10412,SHP-06339,SHP-10412,1,Departure Delay,0,200,200,Vehicle Breakdown,False,True,Active Cascade
CAS-0296,DIS-0296,SHP-10412,SHP-06339,SHP-10412,1,Customer Delivery Risk,0,200,200,Vehicle Breakdown,False,True,Severe Delay Breached
CAS-0297,DIS-0297,SHP-12035,SHP-12035,,0,Root Disruption,90,0,88,Labor Shortage,True,False,Active Cascade
CAS-0297,DIS-0297,SHP-12035,SHP-12035,,0,Dispatch Delay,0,90,88,Labor Shortage,True,False,Active Cascade
CAS-0297,DIS-0297,SHP-12035,SHP-12035,,0,Customer Delivery Risk,0,90,88,Labor Shortage,True,False,Partially Absorbed
CAS-0297,DIS-0297,SHP-12035,SHP-06351,SHP-12035,1,Route Connection,0,20,27,Labor Shortage,False,True,Active Cascade
CAS-0297,DIS-0297,SHP-12035,SHP-06351,SHP-12035,1,Departure Delay,0,20,27,Labor Shortage,False,True,Active Cascade
CAS-0297,DIS-0297,SHP-12035,SHP-06351,SHP-12035,1,Customer Delivery Risk,0,20,27,Labor Shortage,False,True,Partially Absorbed
CAS-0298,DIS-0298,SHP-10181,SHP-10181,,0,Root Disruption,148,0,154,State Border Checkpoint Hold,True,False,Active Cascade
CAS-0298,DIS-0298,SHP-10181,SHP-10181,,0,Dispatch Delay,0,148,154,State Border Checkpoint Hold,True,False,Active Cascade
CAS-0298,DIS-0298,SHP-10181,SHP-10181,,0,Customer Delivery Risk,0,148,154,State Border Checkpoint Hold,True,False,Severe Delay Breached
CAS-0298,DIS-0298,SHP-10181,SHP-13613,SHP-10181,1,Shared Vehicle Turnaround,0,20,15,Vehicle Breakdown,False,True,Active Cascade
CAS-0298,DIS-0298,SHP-10181,SHP-13613,SHP-10181,1,Departure Delay,0,20,15,Vehicle Breakdown,False,True,Active Cascade
CAS-0298,DIS-0298,SHP-10181,SHP-13613,SHP-10181,1,Customer Delivery Risk,0,20,15,Vehicle Breakdown,False,True,Partially Absorbed
CAS-0299,DIS-0299,SHP-12193,SHP-12193,,0,Root Disruption,180,0,176,Vehicle Breakdown,True,False,Active Cascade
CAS-0299,DIS-0299,SHP-12193,SHP-12193,,0,Dispatch Delay,0,180,176,Vehicle Breakdown,True,False,Active Cascade
CAS-0299,DIS-0299,SHP-12193,SHP-12193,,0,Customer Delivery Risk,0,180,176,Vehicle Breakdown,True,False,Severe Delay Breached
CAS-0299,DIS-0299,SHP-12193,SHP-02147,SHP-12193,1,Cross-Dock Transfer,0,84,92,Vehicle Breakdown,False,True,Active Cascade
CAS-0299,DIS-0299,SHP-12193,SHP-02147,SHP-12193,1,Departure Delay,0,84,92,Vehicle Breakdown,False,True,Active Cascade
CAS-0299,DIS-0299,SHP-12193,SHP-02147,SHP-12193,1,Customer Delivery Risk,0,84,92,Vehicle Breakdown,False,True,Partially Absorbed
CAS-0299,DIS-0299,SHP-12193,SHP-11786,SHP-12193,1,Cross-Dock Transfer,0,16,20,Vehicle Breakdown,False,True,Active Cascade
CAS-0299,DIS-0299,SHP-12193,SHP-11786,SHP-12193,1,Departure Delay,0,16,20,Vehicle Breakdown,False,True,Active Cascade
CAS-0299,DIS-0299,SHP-12193,SHP-11786,SHP-12193,1,Customer Delivery Risk,0,16,20,Vehicle Breakdown,False,True,Partially Absorbed
CAS-0300,DIS-0300,SHP-03592,SHP-03592,,0,Root Disruption,146,0,153,Road Closure,True,False,Active Cascade
CAS-0300,DIS-0300,SHP-03592,SHP-03592,,0,Dispatch Delay,0,146,153,Road Closure,True,False,Active Cascade
CAS-0300,DIS-0300,SHP-03592,SHP-03592,,0,Customer Delivery Risk,0,146,153,Road Closure,True,False,Severe Delay Breached
CAS-0300,DIS-0300,SHP-03592,SHP-09601,SHP-03592,1,Route Connection,0,30,29,Road Closure,False,True,Active Cascade
CAS-0300,DIS-0300,SHP-03592,SHP-09601,SHP-03592,1,Departure Delay,0,30,29,Road Closure,False,True,Active Cascade
CAS-0300,DIS-0300,SHP-03592,SHP-09601,SHP-03592,1,Customer Delivery Risk,0,30,29,Road Closure,False,True,Partially Absorbed
CAS-0300,DIS-0300,SHP-03592,SHP-08197,SHP-09601,2,Warehouse Transfer,0,16,19,Road Closure,False,True,Active Cascade
CAS-0300,DIS-0300,SHP-03592,SHP-08197,SHP-09601,2,Departure Delay,0,16,19,Road Closure,False,True,Active Cascade
CAS-0300,DIS-0300,SHP-03592,SHP-08197,SHP-09601,2,Customer Delivery Risk,0,16,19,Road Closure,False,True,Partially Absorbed
CAS-0300,DIS-0300,SHP-03592,SHP-08508,SHP-08197,3,Route Connection,0,16,16,Road Closure,False,True,Active Cascade
CAS-0300,DIS-0300,SHP-03592,SHP-08508,SHP-08197,3,Departure Delay,0,16,16,Road Closure,False,True,Active Cascade
CAS-0300,DIS-0300,SHP-03592,SHP-08508,SHP-08197,3,Customer Delivery Risk,0,16,16,Road Closure,False,True,Partially Absorbed
CAS-0301,DIS-0301,SHP-10335,SHP-10335,,0,Root Disruption,145,0,147,Severe Weather,True,False,Active Cascade
CAS-0301,DIS-0301,SHP-10335,SHP-10335,,0,Dispatch Delay,0,145,147,Severe Weather,True,False,Active Cascade
CAS-0301,DIS-0301,SHP-10335,SHP-10335,,0,Customer Delivery Risk,0,145,147,Severe Weather,True,False,Severe Delay Breached
CAS-0301,DIS-0301,SHP-10335,SHP-01045,SHP-10335,1,Route Connection,0,136,139,Severe Weather,False,True,Active Cascade
CAS-0301,DIS-0301,SHP-10335,SHP-01045,SHP-10335,1,Departure Delay,0,136,139,Severe Weather,False,True,Active Cascade
CAS-0301,DIS-0301,SHP-10335,SHP-01045,SHP-10335,1,Customer Delivery Risk,0,136,139,Severe Weather,False,True,Severe Delay Breached
CAS-0302,DIS-0302,SHP-11136,SHP-11136,,0,Root Disruption,99,0,95,Severe Weather,True,False,Active Cascade
CAS-0302,DIS-0302,SHP-11136,SHP-11136,,0,Dispatch Delay,0,99,95,Severe Weather,True,False,Active Cascade
CAS-0302,DIS-0302,SHP-11136,SHP-11136,,0,Customer Delivery Risk,0,99,95,Severe Weather,True,False,Partially Absorbed
CAS-0302,DIS-0302,SHP-11136,SHP-11578,SHP-11136,1,Cross-Dock Transfer,0,16,23,Severe Weather,False,True,Active Cascade
CAS-0302,DIS-0302,SHP-11136,SHP-11578,SHP-11136,1,Departure Delay,0,16,23,Severe Weather,False,True,Active Cascade
CAS-0302,DIS-0302,SHP-11136,SHP-11578,SHP-11136,1,Customer Delivery Risk,0,16,23,Severe Weather,False,True,Partially Absorbed
CAS-0302,DIS-0302,SHP-11136,SHP-01898,SHP-11136,1,Cross-Dock Transfer,0,16,15,Severe Weather,False,True,Active Cascade
CAS-0302,DIS-0302,SHP-11136,SHP-01898,SHP-11136,1,Departure Delay,0,16,15,Severe Weather,False,True,Active Cascade
CAS-0302,DIS-0302,SHP-11136,SHP-01898,SHP-11136,1,Customer Delivery Risk,0,16,15,Severe Weather,False,True,Partially Absorbed
CAS-0302,DIS-0302,SHP-11136,SHP-06973,SHP-11136,1,Cross-Dock Transfer,0,16,11,Severe Weather,False,True,Active Cascade
CAS-0302,DIS-0302,SHP-11136,SHP-06973,SHP-11136,1,Departure Delay,0,16,11,Severe Weather,False,True,Active Cascade
CAS-0302,DIS-0302,SHP-11136,SHP-06973,SHP-11136,1,Customer Delivery Risk,0,16,11,Severe Weather,False,True,Partially Absorbed
CAS-0303,DIS-0303,SHP-01759,SHP-01759,,0,Root Disruption,108,0,108,Labor Shortage,True,False,Active Cascade
CAS-0303,DIS-0303,SHP-01759,SHP-01759,,0,Dispatch Delay,0,108,108,Labor Shortage,True,False,Active Cascade
CAS-0303,DIS-0303,SHP-01759,SHP-01759,,0,Customer Delivery Risk,0,108,108,Labor Shortage,True,False,Partially Absorbed
CAS-0303,DIS-0303,SHP-01759,SHP-07416,SHP-01759,1,Shared Vehicle Turnaround,0,77,85,Vehicle Breakdown,False,True,Active Cascade
CAS-0303,DIS-0303,SHP-01759,SHP-07416,SHP-01759,1,Departure Delay,0,77,85,Vehicle Breakdown,False,True,Active Cascade
CAS-0303,DIS-0303,SHP-01759,SHP-07416,SHP-01759,1,Customer Delivery Risk,0,77,85,Vehicle Breakdown,False,True,Partially Absorbed
CAS-0304,DIS-0304,SHP-08571,SHP-08571,,0,Root Disruption,66,0,66,Labor Shortage,True,False,Active Cascade
CAS-0304,DIS-0304,SHP-08571,SHP-08571,,0,Dispatch Delay,0,66,66,Labor Shortage,True,False,Active Cascade
CAS-0304,DIS-0304,SHP-08571,SHP-08571,,0,Customer Delivery Risk,0,66,66,Labor Shortage,True,False,Partially Absorbed
CAS-0304,DIS-0304,SHP-08571,SHP-10670,SHP-08571,1,Waiting for Inbound Shipment,0,31,26,Labor Shortage,False,True,Active Cascade
CAS-0304,DIS-0304,SHP-08571,SHP-10670,SHP-08571,1,Departure Delay,0,31,26,Labor Shortage,False,True,Active Cascade
CAS-0304,DIS-0304,SHP-08571,SHP-10670,SHP-08571,1,Customer Delivery Risk,0,31,26,Labor Shortage,False,True,Partially Absorbed
CAS-0305,DIS-0305,SHP-06303,SHP-06303,,0,Root Disruption,139,0,139,State Border Checkpoint Hold,True,False,Active Cascade
CAS-0305,DIS-0305,SHP-06303,SHP-06303,,0,Dispatch Delay,0,139,139,State Border Checkpoint Hold,True,False,Active Cascade
CAS-0305,DIS-0305,SHP-06303,SHP-06303,,0,Customer Delivery Risk,0,139,139,State Border Checkpoint Hold,True,False,Severe Delay Breached
CAS-0305,DIS-0305,SHP-06303,SHP-03816,SHP-06303,1,Waiting for Inbound Shipment,0,76,73,State Border Checkpoint Hold,False,True,Active Cascade
CAS-0305,DIS-0305,SHP-06303,SHP-03816,SHP-06303,1,Departure Delay,0,76,73,State Border Checkpoint Hold,False,True,Active Cascade
CAS-0305,DIS-0305,SHP-06303,SHP-03816,SHP-06303,1,Customer Delivery Risk,0,76,73,State Border Checkpoint Hold,False,True,Partially Absorbed
CAS-0305,DIS-0305,SHP-06303,SHP-05883,SHP-03816,2,Warehouse Transfer,0,16,11,State Border Checkpoint Hold,False,True,Active Cascade
CAS-0305,DIS-0305,SHP-06303,SHP-05883,SHP-03816,2,Departure Delay,0,16,11,State Border Checkpoint Hold,False,True,Active Cascade
CAS-0305,DIS-0305,SHP-06303,SHP-05883,SHP-03816,2,Customer Delivery Risk,0,16,11,State Border Checkpoint Hold,False,True,Partially Absorbed
CAS-0306,DIS-0306,SHP-00773,SHP-00773,,0,Root Disruption,208,0,210,Road Closure,True,False,Active Cascade
CAS-0306,DIS-0306,SHP-00773,SHP-00773,,0,Dispatch Delay,0,208,210,Road Closure,True,False,Active Cascade
CAS-0306,DIS-0306,SHP-00773,SHP-00773,,0,Customer Delivery Risk,0,208,210,Road Closure,True,False,Severe Delay Breached
CAS-0306,DIS-0306,SHP-00773,SHP-01200,SHP-00773,1,Shared Vehicle Turnaround,0,191,200,Vehicle Breakdown,False,True,Active Cascade
CAS-0306,DIS-0306,SHP-00773,SHP-01200,SHP-00773,1,Departure Delay,0,191,200,Vehicle Breakdown,False,True,Active Cascade
CAS-0306,DIS-0306,SHP-00773,SHP-01200,SHP-00773,1,Customer Delivery Risk,0,191,200,Vehicle Breakdown,False,True,Severe Delay Breached
CAS-0307,DIS-0307,SHP-04714,SHP-04714,,0,Root Disruption,104,0,109,Equipment Failure,True,False,Active Cascade
CAS-0307,DIS-0307,SHP-04714,SHP-04714,,0,Dispatch Delay,0,104,109,Equipment Failure,True,False,Active Cascade
CAS-0307,DIS-0307,SHP-04714,SHP-04714,,0,Customer Delivery Risk,0,104,109,Equipment Failure,True,False,Partially Absorbed
CAS-0307,DIS-0307,SHP-04714,SHP-01982,SHP-04714,1,Waiting for Inbound Shipment,0,103,110,Equipment Failure,False,True,Active Cascade
CAS-0307,DIS-0307,SHP-04714,SHP-01982,SHP-04714,1,Departure Delay,0,103,110,Equipment Failure,False,True,Active Cascade
CAS-0307,DIS-0307,SHP-04714,SHP-01982,SHP-04714,1,Customer Delivery Risk,0,103,110,Equipment Failure,False,True,Partially Absorbed
CAS-0307,DIS-0307,SHP-04714,SHP-01907,SHP-01982,2,Warehouse Transfer,0,76,80,Equipment Failure,False,True,Active Cascade
CAS-0307,DIS-0307,SHP-04714,SHP-01907,SHP-01982,2,Departure Delay,0,76,80,Equipment Failure,False,True,Active Cascade
CAS-0307,DIS-0307,SHP-04714,SHP-01907,SHP-01982,2,Customer Delivery Risk,0,76,80,Equipment Failure,False,True,Partially Absorbed
CAS-0308,DIS-0308,SHP-09005,SHP-09005,,0,Root Disruption,185,0,192,Road Closure,True,False,Active Cascade
CAS-0308,DIS-0308,SHP-09005,SHP-09005,,0,Dispatch Delay,0,185,192,Road Closure,True,False,Active Cascade
CAS-0308,DIS-0308,SHP-09005,SHP-09005,,0,Customer Delivery Risk,0,185,192,Road Closure,True,False,Severe Delay Breached
CAS-0308,DIS-0308,SHP-09005,SHP-03936,SHP-09005,1,Cross-Dock Transfer,0,57,65,Road Closure,False,True,Active Cascade
CAS-0308,DIS-0308,SHP-09005,SHP-03936,SHP-09005,1,Departure Delay,0,57,65,Road Closure,False,True,Active Cascade
CAS-0308,DIS-0308,SHP-09005,SHP-03936,SHP-09005,1,Customer Delivery Risk,0,57,65,Road Closure,False,True,Partially Absorbed
CAS-0308,DIS-0308,SHP-09005,SHP-04411,SHP-09005,1,Cross-Dock Transfer,0,46,45,Road Closure,False,True,Active Cascade
CAS-0308,DIS-0308,SHP-09005,SHP-04411,SHP-09005,1,Departure Delay,0,46,45,Road Closure,False,True,Active Cascade
CAS-0308,DIS-0308,SHP-09005,SHP-04411,SHP-09005,1,Customer Delivery Risk,0,46,45,Road Closure,False,True,Partially Absorbed
CAS-0309,DIS-0309,SHP-11871,SHP-11871,,0,Root Disruption,160,0,164,Labor Shortage,True,False,Active Cascade
CAS-0309,DIS-0309,SHP-11871,SHP-11871,,0,Dispatch Delay,0,160,164,Labor Shortage,True,False,Active Cascade
CAS-0309,DIS-0309,SHP-11871,SHP-11871,,0,Customer Delivery Risk,0,160,164,Labor Shortage,True,False,Severe Delay Breached
CAS-0309,DIS-0309,SHP-11871,SHP-02697,SHP-11871,1,Route Connection,0,82,80,Labor Shortage,False,True,Active Cascade
CAS-0309,DIS-0309,SHP-11871,SHP-02697,SHP-11871,1,Departure Delay,0,82,80,Labor Shortage,False,True,Active Cascade
CAS-0309,DIS-0309,SHP-11871,SHP-02697,SHP-11871,1,Customer Delivery Risk,0,82,80,Labor Shortage,False,True,Partially Absorbed
CAS-0310,DIS-0310,SHP-12934,SHP-12934,,0,Root Disruption,107,0,110,Labor Shortage,True,False,Active Cascade
CAS-0310,DIS-0310,SHP-12934,SHP-12934,,0,Dispatch Delay,0,107,110,Labor Shortage,True,False,Active Cascade
CAS-0310,DIS-0310,SHP-12934,SHP-12934,,0,Customer Delivery Risk,0,107,110,Labor Shortage,True,False,Partially Absorbed
CAS-0310,DIS-0310,SHP-12934,SHP-12594,SHP-12934,1,Waiting for Inbound Shipment,0,20,29,Labor Shortage,False,True,Active Cascade
CAS-0310,DIS-0310,SHP-12934,SHP-12594,SHP-12934,1,Departure Delay,0,20,29,Labor Shortage,False,True,Active Cascade
CAS-0310,DIS-0310,SHP-12934,SHP-12594,SHP-12934,1,Customer Delivery Risk,0,20,29,Labor Shortage,False,True,Partially Absorbed
CAS-0311,DIS-0311,SHP-04006,SHP-04006,,0,Root Disruption,208,0,205,Road Closure,True,False,Active Cascade
CAS-0311,DIS-0311,SHP-04006,SHP-04006,,0,Dispatch Delay,0,208,205,Road Closure,True,False,Active Cascade
CAS-0311,DIS-0311,SHP-04006,SHP-04006,,0,Customer Delivery Risk,0,208,205,Road Closure,True,False,Severe Delay Breached
CAS-0311,DIS-0311,SHP-04006,SHP-08045,SHP-04006,1,Warehouse Congestion Transfer,73,0,76,Warehouse Congestion,False,True,Active Cascade
CAS-0311,DIS-0311,SHP-04006,SHP-08045,SHP-04006,1,Departure Delay,0,0,76,Warehouse Congestion,False,True,Active Cascade
CAS-0311,DIS-0311,SHP-04006,SHP-08045,SHP-04006,1,Customer Delivery Risk,0,0,76,Warehouse Congestion,False,True,Partially Absorbed
CAS-0311,DIS-0311,SHP-04006,SHP-07891,SHP-04006,1,Warehouse Congestion Transfer,69,0,75,Warehouse Congestion,False,True,Active Cascade
CAS-0311,DIS-0311,SHP-04006,SHP-07891,SHP-04006,1,Departure Delay,0,0,75,Warehouse Congestion,False,True,Active Cascade
CAS-0311,DIS-0311,SHP-04006,SHP-07891,SHP-04006,1,Customer Delivery Risk,0,0,75,Warehouse Congestion,False,True,Partially Absorbed
CAS-0312,DIS-0312,SHP-12502,SHP-12502,,0,Root Disruption,141,0,150,Equipment Failure,True,False,Active Cascade
CAS-0312,DIS-0312,SHP-12502,SHP-12502,,0,Dispatch Delay,0,141,150,Equipment Failure,True,False,Active Cascade
CAS-0312,DIS-0312,SHP-12502,SHP-12502,,0,Customer Delivery Risk,0,141,150,Equipment Failure,True,False,Severe Delay Breached
CAS-0312,DIS-0312,SHP-12502,SHP-09062,SHP-12502,1,Route Connection,0,20,20,Equipment Failure,False,True,Active Cascade
CAS-0312,DIS-0312,SHP-12502,SHP-09062,SHP-12502,1,Departure Delay,0,20,20,Equipment Failure,False,True,Active Cascade
CAS-0312,DIS-0312,SHP-12502,SHP-09062,SHP-12502,1,Customer Delivery Risk,0,20,20,Equipment Failure,False,True,Partially Absorbed
CAS-0312,DIS-0312,SHP-12502,SHP-02270,SHP-09062,2,Warehouse Transfer,0,16,14,Equipment Failure,False,True,Active Cascade
CAS-0312,DIS-0312,SHP-12502,SHP-02270,SHP-09062,2,Departure Delay,0,16,14,Equipment Failure,False,True,Active Cascade
CAS-0312,DIS-0312,SHP-12502,SHP-02270,SHP-09062,2,Customer Delivery Risk,0,16,14,Equipment Failure,False,True,Partially Absorbed
CAS-0312,DIS-0312,SHP-12502,SHP-05192,SHP-02270,3,Route Connection,0,16,18,Equipment Failure,False,True,Active Cascade
CAS-0312,DIS-0312,SHP-12502,SHP-05192,SHP-02270,3,Departure Delay,0,16,18,Equipment Failure,False,True,Active Cascade
CAS-0312,DIS-0312,SHP-12502,SHP-05192,SHP-02270,3,Customer Delivery Risk,0,16,18,Equipment Failure,False,True,Partially Absorbed
CAS-0312,DIS-0312,SHP-12502,SHP-04979,SHP-09062,2,Warehouse Transfer,0,16,18,Equipment Failure,False,True,Active Cascade
CAS-0312,DIS-0312,SHP-12502,SHP-04979,SHP-09062,2,Departure Delay,0,16,18,Equipment Failure,False,True,Active Cascade
CAS-0312,DIS-0312,SHP-12502,SHP-04979,SHP-09062,2,Customer Delivery Risk,0,16,18,Equipment Failure,False,True,Partially Absorbed
CAS-0313,DIS-0313,SHP-09935,SHP-09935,,0,Root Disruption,82,0,77,State Border Checkpoint Hold,True,False,Active Cascade
CAS-0313,DIS-0313,SHP-09935,SHP-09935,,0,Dispatch Delay,0,82,77,State Border Checkpoint Hold,True,False,Active Cascade
CAS-0313,DIS-0313,SHP-09935,SHP-09935,,0,Customer Delivery Risk,0,82,77,State Border Checkpoint Hold,True,False,Partially Absorbed
CAS-0313,DIS-0313,SHP-09935,SHP-07594,SHP-09935,1,Cross-Dock Transfer,0,16,11,State Border Checkpoint Hold,False,True,Active Cascade
CAS-0313,DIS-0313,SHP-09935,SHP-07594,SHP-09935,1,Departure Delay,0,16,11,State Border Checkpoint Hold,False,True,Active Cascade
CAS-0313,DIS-0313,SHP-09935,SHP-07594,SHP-09935,1,Customer Delivery Risk,0,16,11,State Border Checkpoint Hold,False,True,Partially Absorbed
CAS-0314,DIS-0314,SHP-10339,SHP-10339,,0,Root Disruption,119,0,120,Equipment Failure,True,False,Active Cascade
CAS-0314,DIS-0314,SHP-10339,SHP-10339,,0,Dispatch Delay,0,119,120,Equipment Failure,True,False,Active Cascade
CAS-0314,DIS-0314,SHP-10339,SHP-10339,,0,Customer Delivery Risk,0,119,120,Equipment Failure,True,False,Partially Absorbed
CAS-0314,DIS-0314,SHP-10339,SHP-02710,SHP-10339,1,Shared Vehicle Turnaround,0,20,16,Vehicle Breakdown,False,True,Active Cascade
CAS-0314,DIS-0314,SHP-10339,SHP-02710,SHP-10339,1,Departure Delay,0,20,16,Vehicle Breakdown,False,True,Active Cascade
CAS-0314,DIS-0314,SHP-10339,SHP-02710,SHP-10339,1,Customer Delivery Risk,0,20,16,Vehicle Breakdown,False,True,Partially Absorbed
CAS-0315,DIS-0315,SHP-00716,SHP-00716,,0,Root Disruption,149,0,158,State Border Checkpoint Hold,True,False,Active Cascade
CAS-0315,DIS-0315,SHP-00716,SHP-00716,,0,Dispatch Delay,0,149,158,State Border Checkpoint Hold,True,False,Active Cascade
CAS-0315,DIS-0315,SHP-00716,SHP-00716,,0,Customer Delivery Risk,0,149,158,State Border Checkpoint Hold,True,False,Severe Delay Breached
CAS-0315,DIS-0315,SHP-00716,SHP-08073,SHP-00716,1,Warehouse Congestion Transfer,94,0,90,Warehouse Congestion,False,True,Active Cascade
CAS-0315,DIS-0315,SHP-00716,SHP-08073,SHP-00716,1,Departure Delay,0,0,90,Warehouse Congestion,False,True,Active Cascade
CAS-0315,DIS-0315,SHP-00716,SHP-08073,SHP-00716,1,Customer Delivery Risk,0,0,90,Warehouse Congestion,False,True,Partially Absorbed
CAS-0316,DIS-0316,SHP-13359,SHP-13359,,0,Root Disruption,129,0,136,Warehouse Congestion,True,False,Active Cascade
CAS-0316,DIS-0316,SHP-13359,SHP-13359,,0,Dispatch Delay,0,129,136,Warehouse Congestion,True,False,Active Cascade
CAS-0316,DIS-0316,SHP-13359,SHP-13359,,0,Customer Delivery Risk,0,129,136,Warehouse Congestion,True,False,Severe Delay Breached
CAS-0316,DIS-0316,SHP-13359,SHP-01199,SHP-13359,1,Warehouse Congestion Transfer,78,0,77,Warehouse Congestion,False,True,Active Cascade
CAS-0316,DIS-0316,SHP-13359,SHP-01199,SHP-13359,1,Departure Delay,0,0,77,Warehouse Congestion,False,True,Active Cascade
CAS-0316,DIS-0316,SHP-13359,SHP-01199,SHP-13359,1,Customer Delivery Risk,0,0,77,Warehouse Congestion,False,True,Partially Absorbed
CAS-0317,DIS-0317,SHP-01380,SHP-01380,,0,Root Disruption,87,0,84,State Border Checkpoint Hold,True,False,Active Cascade
CAS-0317,DIS-0317,SHP-01380,SHP-01380,,0,Dispatch Delay,0,87,84,State Border Checkpoint Hold,True,False,Active Cascade
CAS-0317,DIS-0317,SHP-01380,SHP-01380,,0,Customer Delivery Risk,0,87,84,State Border Checkpoint Hold,True,False,Partially Absorbed
CAS-0317,DIS-0317,SHP-01380,SHP-02364,SHP-01380,1,Route Connection,0,72,80,State Border Checkpoint Hold,False,True,Active Cascade
CAS-0317,DIS-0317,SHP-01380,SHP-02364,SHP-01380,1,Departure Delay,0,72,80,State Border Checkpoint Hold,False,True,Active Cascade
CAS-0317,DIS-0317,SHP-01380,SHP-02364,SHP-01380,1,Customer Delivery Risk,0,72,80,State Border Checkpoint Hold,False,True,Partially Absorbed
CAS-0317,DIS-0317,SHP-01380,SHP-03345,SHP-02364,2,Warehouse Transfer,0,18,28,State Border Checkpoint Hold,False,True,Active Cascade
CAS-0317,DIS-0317,SHP-01380,SHP-03345,SHP-02364,2,Departure Delay,0,18,28,State Border Checkpoint Hold,False,True,Active Cascade
CAS-0317,DIS-0317,SHP-01380,SHP-03345,SHP-02364,2,Customer Delivery Risk,0,18,28,State Border Checkpoint Hold,False,True,Partially Absorbed
CAS-0317,DIS-0317,SHP-01380,SHP-05698,SHP-02364,2,Warehouse Transfer,0,16,18,State Border Checkpoint Hold,False,True,Active Cascade
CAS-0317,DIS-0317,SHP-01380,SHP-05698,SHP-02364,2,Departure Delay,0,16,18,State Border Checkpoint Hold,False,True,Active Cascade
CAS-0317,DIS-0317,SHP-01380,SHP-05698,SHP-02364,2,Customer Delivery Risk,0,16,18,State Border Checkpoint Hold,False,True,Partially Absorbed
CAS-0318,DIS-0318,SHP-03217,SHP-03217,,0,Root Disruption,181,0,190,Road Closure,True,False,Active Cascade
CAS-0318,DIS-0318,SHP-03217,SHP-03217,,0,Dispatch Delay,0,181,190,Road Closure,True,False,Active Cascade
CAS-0318,DIS-0318,SHP-03217,SHP-03217,,0,Customer Delivery Risk,0,181,190,Road Closure,True,False,Severe Delay Breached
CAS-0318,DIS-0318,SHP-03217,SHP-11899,SHP-03217,1,Cross-Dock Transfer,0,88,83,Road Closure,False,True,Active Cascade
CAS-0318,DIS-0318,SHP-03217,SHP-11899,SHP-03217,1,Departure Delay,0,88,83,Road Closure,False,True,Active Cascade
CAS-0318,DIS-0318,SHP-03217,SHP-11899,SHP-03217,1,Customer Delivery Risk,0,88,83,Road Closure,False,True,Partially Absorbed
CAS-0318,DIS-0318,SHP-03217,SHP-10243,SHP-03217,1,Cross-Dock Transfer,0,74,81,Road Closure,False,True,Active Cascade
CAS-0318,DIS-0318,SHP-03217,SHP-10243,SHP-03217,1,Departure Delay,0,74,81,Road Closure,False,True,Active Cascade
CAS-0318,DIS-0318,SHP-03217,SHP-10243,SHP-03217,1,Customer Delivery Risk,0,74,81,Road Closure,False,True,Partially Absorbed
CAS-0319,DIS-0319,SHP-02092,SHP-02092,,0,Root Disruption,171,0,181,Severe Weather,True,False,Active Cascade
CAS-0319,DIS-0319,SHP-02092,SHP-02092,,0,Dispatch Delay,0,171,181,Severe Weather,True,False,Active Cascade
CAS-0319,DIS-0319,SHP-02092,SHP-02092,,0,Customer Delivery Risk,0,171,181,Severe Weather,True,False,Severe Delay Breached
CAS-0319,DIS-0319,SHP-02092,SHP-09854,SHP-02092,1,Waiting for Inbound Shipment,0,20,29,Severe Weather,False,True,Active Cascade
CAS-0319,DIS-0319,SHP-02092,SHP-09854,SHP-02092,1,Departure Delay,0,20,29,Severe Weather,False,True,Active Cascade
CAS-0319,DIS-0319,SHP-02092,SHP-09854,SHP-02092,1,Customer Delivery Risk,0,20,29,Severe Weather,False,True,Partially Absorbed
CAS-0320,DIS-0320,SHP-05479,SHP-05479,,0,Root Disruption,147,0,145,Equipment Failure,True,False,Active Cascade
CAS-0320,DIS-0320,SHP-05479,SHP-05479,,0,Dispatch Delay,0,147,145,Equipment Failure,True,False,Active Cascade
CAS-0320,DIS-0320,SHP-05479,SHP-05479,,0,Customer Delivery Risk,0,147,145,Equipment Failure,True,False,Severe Delay Breached
CAS-0320,DIS-0320,SHP-05479,SHP-08046,SHP-05479,1,Waiting for Inbound Shipment,0,110,113,Equipment Failure,False,True,Active Cascade
CAS-0320,DIS-0320,SHP-05479,SHP-08046,SHP-05479,1,Departure Delay,0,110,113,Equipment Failure,False,True,Active Cascade
CAS-0320,DIS-0320,SHP-05479,SHP-08046,SHP-05479,1,Customer Delivery Risk,0,110,113,Equipment Failure,False,True,Partially Absorbed
CAS-0320,DIS-0320,SHP-05479,SHP-10492,SHP-08046,2,Warehouse Transfer,0,71,72,Equipment Failure,False,True,Active Cascade
CAS-0320,DIS-0320,SHP-05479,SHP-10492,SHP-08046,2,Departure Delay,0,71,72,Equipment Failure,False,True,Active Cascade
CAS-0320,DIS-0320,SHP-05479,SHP-10492,SHP-08046,2,Customer Delivery Risk,0,71,72,Equipment Failure,False,True,Partially Absorbed
CAS-0321,DIS-0321,SHP-10124,SHP-10124,,0,Root Disruption,268,0,273,Vehicle Breakdown,True,False,Active Cascade
CAS-0321,DIS-0321,SHP-10124,SHP-10124,,0,Dispatch Delay,0,268,273,Vehicle Breakdown,True,False,Active Cascade
CAS-0321,DIS-0321,SHP-10124,SHP-10124,,0,Customer Delivery Risk,0,268,273,Vehicle Breakdown,True,False,Severe Delay Breached
CAS-0321,DIS-0321,SHP-10124,SHP-05058,SHP-10124,1,Route Connection,0,221,220,Vehicle Breakdown,False,True,Active Cascade
CAS-0321,DIS-0321,SHP-10124,SHP-05058,SHP-10124,1,Departure Delay,0,221,220,Vehicle Breakdown,False,True,Active Cascade
CAS-0321,DIS-0321,SHP-10124,SHP-05058,SHP-10124,1,Customer Delivery Risk,0,221,220,Vehicle Breakdown,False,True,Severe Delay Breached
CAS-0322,DIS-0322,SHP-13700,SHP-13700,,0,Root Disruption,96,0,95,Equipment Failure,True,False,Active Cascade
CAS-0322,DIS-0322,SHP-13700,SHP-13700,,0,Dispatch Delay,0,96,95,Equipment Failure,True,False,Active Cascade
CAS-0322,DIS-0322,SHP-13700,SHP-13700,,0,Customer Delivery Risk,0,96,95,Equipment Failure,True,False,Partially Absorbed
CAS-0322,DIS-0322,SHP-13700,SHP-08556,SHP-13700,1,Cross-Dock Transfer,0,16,22,Equipment Failure,False,True,Active Cascade
CAS-0322,DIS-0322,SHP-13700,SHP-08556,SHP-13700,1,Departure Delay,0,16,22,Equipment Failure,False,True,Active Cascade
CAS-0322,DIS-0322,SHP-13700,SHP-08556,SHP-13700,1,Customer Delivery Risk,0,16,22,Equipment Failure,False,True,Partially Absorbed
CAS-0323,DIS-0323,SHP-10232,SHP-10232,,0,Root Disruption,127,0,127,Warehouse Congestion,True,False,Active Cascade
CAS-0323,DIS-0323,SHP-10232,SHP-10232,,0,Dispatch Delay,0,127,127,Warehouse Congestion,True,False,Active Cascade
CAS-0323,DIS-0323,SHP-10232,SHP-10232,,0,Customer Delivery Risk,0,127,127,Warehouse Congestion,True,False,Severe Delay Breached
CAS-0323,DIS-0323,SHP-10232,SHP-04299,SHP-10232,1,Waiting for Inbound Shipment,0,20,25,Warehouse Congestion,False,True,Active Cascade
CAS-0323,DIS-0323,SHP-10232,SHP-04299,SHP-10232,1,Departure Delay,0,20,25,Warehouse Congestion,False,True,Active Cascade
CAS-0323,DIS-0323,SHP-10232,SHP-04299,SHP-10232,1,Customer Delivery Risk,0,20,25,Warehouse Congestion,False,True,Partially Absorbed
CAS-0323,DIS-0323,SHP-10232,SHP-10271,SHP-04299,2,Warehouse Transfer,0,16,14,Warehouse Congestion,False,True,Active Cascade
CAS-0323,DIS-0323,SHP-10232,SHP-10271,SHP-04299,2,Departure Delay,0,16,14,Warehouse Congestion,False,True,Active Cascade
CAS-0323,DIS-0323,SHP-10232,SHP-10271,SHP-04299,2,Customer Delivery Risk,0,16,14,Warehouse Congestion,False,True,Partially Absorbed
CAS-0324,DIS-0324,SHP-04651,SHP-04651,,0,Root Disruption,203,0,200,Warehouse Congestion,True,False,Active Cascade
CAS-0324,DIS-0324,SHP-04651,SHP-04651,,0,Dispatch Delay,0,203,200,Warehouse Congestion,True,False,Active Cascade
CAS-0324,DIS-0324,SHP-04651,SHP-04651,,0,Customer Delivery Risk,0,203,200,Warehouse Congestion,True,False,Severe Delay Breached
CAS-0324,DIS-0324,SHP-04651,SHP-06220,SHP-04651,1,Route Connection,0,188,196,Warehouse Congestion,False,True,Active Cascade
CAS-0324,DIS-0324,SHP-04651,SHP-06220,SHP-04651,1,Departure Delay,0,188,196,Warehouse Congestion,False,True,Active Cascade
CAS-0324,DIS-0324,SHP-04651,SHP-06220,SHP-04651,1,Customer Delivery Risk,0,188,196,Warehouse Congestion,False,True,Severe Delay Breached
CAS-0324,DIS-0324,SHP-04651,SHP-04690,SHP-06220,2,Warehouse Transfer,0,16,14,Warehouse Congestion,False,True,Active Cascade
CAS-0324,DIS-0324,SHP-04651,SHP-04690,SHP-06220,2,Departure Delay,0,16,14,Warehouse Congestion,False,True,Active Cascade
CAS-0324,DIS-0324,SHP-04651,SHP-04690,SHP-06220,2,Customer Delivery Risk,0,16,14,Warehouse Congestion,False,True,Partially Absorbed
CAS-0324,DIS-0324,SHP-04651,SHP-01749,SHP-04690,3,Route Connection,0,16,12,Warehouse Congestion,False,True,Active Cascade
CAS-0324,DIS-0324,SHP-04651,SHP-01749,SHP-04690,3,Departure Delay,0,16,12,Warehouse Congestion,False,True,Active Cascade
CAS-0324,DIS-0324,SHP-04651,SHP-01749,SHP-04690,3,Customer Delivery Risk,0,16,12,Warehouse Congestion,False,True,Partially Absorbed
CAS-0324,DIS-0324,SHP-04651,SHP-01578,SHP-06220,2,Warehouse Transfer,0,16,18,Warehouse Congestion,False,True,Active Cascade
CAS-0324,DIS-0324,SHP-04651,SHP-01578,SHP-06220,2,Departure Delay,0,16,18,Warehouse Congestion,False,True,Active Cascade
CAS-0324,DIS-0324,SHP-04651,SHP-01578,SHP-06220,2,Customer Delivery Risk,0,16,18,Warehouse Congestion,False,True,Partially Absorbed
CAS-0325,DIS-0325,SHP-04888,SHP-04888,,0,Root Disruption,170,0,178,Warehouse Congestion,True,False,Active Cascade
CAS-0325,DIS-0325,SHP-04888,SHP-04888,,0,Dispatch Delay,0,170,178,Warehouse Congestion,True,False,Active Cascade
CAS-0325,DIS-0325,SHP-04888,SHP-04888,,0,Customer Delivery Risk,0,170,178,Warehouse Congestion,True,False,Severe Delay Breached
CAS-0325,DIS-0325,SHP-04888,SHP-05907,SHP-04888,1,Waiting for Inbound Shipment,0,80,76,Warehouse Congestion,False,True,Active Cascade
CAS-0325,DIS-0325,SHP-04888,SHP-05907,SHP-04888,1,Departure Delay,0,80,76,Warehouse Congestion,False,True,Active Cascade
CAS-0325,DIS-0325,SHP-04888,SHP-05907,SHP-04888,1,Customer Delivery Risk,0,80,76,Warehouse Congestion,False,True,Partially Absorbed
CAS-0325,DIS-0325,SHP-04888,SHP-04057,SHP-05907,2,Warehouse Transfer,0,16,19,Warehouse Congestion,False,True,Active Cascade
CAS-0325,DIS-0325,SHP-04888,SHP-04057,SHP-05907,2,Departure Delay,0,16,19,Warehouse Congestion,False,True,Active Cascade
CAS-0325,DIS-0325,SHP-04888,SHP-04057,SHP-05907,2,Customer Delivery Risk,0,16,19,Warehouse Congestion,False,True,Partially Absorbed
CAS-0326,DIS-0326,SHP-13339,SHP-13339,,0,Root Disruption,119,0,126,Labor Shortage,True,False,Active Cascade
CAS-0326,DIS-0326,SHP-13339,SHP-13339,,0,Dispatch Delay,0,119,126,Labor Shortage,True,False,Active Cascade
CAS-0326,DIS-0326,SHP-13339,SHP-13339,,0,Customer Delivery Risk,0,119,126,Labor Shortage,True,False,Severe Delay Breached
CAS-0326,DIS-0326,SHP-13339,SHP-06900,SHP-13339,1,Route Connection,0,20,15,Labor Shortage,False,True,Active Cascade
CAS-0326,DIS-0326,SHP-13339,SHP-06900,SHP-13339,1,Departure Delay,0,20,15,Labor Shortage,False,True,Active Cascade
CAS-0326,DIS-0326,SHP-13339,SHP-06900,SHP-13339,1,Customer Delivery Risk,0,20,15,Labor Shortage,False,True,Partially Absorbed
CAS-0327,DIS-0327,SHP-11181,SHP-11181,,0,Root Disruption,112,0,121,Labor Shortage,True,False,Active Cascade
CAS-0327,DIS-0327,SHP-11181,SHP-11181,,0,Dispatch Delay,0,112,121,Labor Shortage,True,False,Active Cascade
CAS-0327,DIS-0327,SHP-11181,SHP-11181,,0,Customer Delivery Risk,0,112,121,Labor Shortage,True,False,Severe Delay Breached
CAS-0327,DIS-0327,SHP-11181,SHP-04680,SHP-11181,1,Waiting for Inbound Shipment,0,20,19,Labor Shortage,False,True,Active Cascade
CAS-0327,DIS-0327,SHP-11181,SHP-04680,SHP-11181,1,Departure Delay,0,20,19,Labor Shortage,False,True,Active Cascade
CAS-0327,DIS-0327,SHP-11181,SHP-04680,SHP-11181,1,Customer Delivery Risk,0,20,19,Labor Shortage,False,True,Partially Absorbed
CAS-0328,DIS-0328,SHP-04221,SHP-04221,,0,Root Disruption,163,0,162,Warehouse Congestion,True,False,Active Cascade
CAS-0328,DIS-0328,SHP-04221,SHP-04221,,0,Dispatch Delay,0,163,162,Warehouse Congestion,True,False,Active Cascade
CAS-0328,DIS-0328,SHP-04221,SHP-04221,,0,Customer Delivery Risk,0,163,162,Warehouse Congestion,True,False,Severe Delay Breached
CAS-0328,DIS-0328,SHP-04221,SHP-01714,SHP-04221,1,Shared Vehicle Turnaround,0,20,30,Vehicle Breakdown,False,True,Active Cascade
CAS-0328,DIS-0328,SHP-04221,SHP-01714,SHP-04221,1,Departure Delay,0,20,30,Vehicle Breakdown,False,True,Active Cascade
CAS-0328,DIS-0328,SHP-04221,SHP-01714,SHP-04221,1,Customer Delivery Risk,0,20,30,Vehicle Breakdown,False,True,Partially Absorbed
CAS-0329,DIS-0329,SHP-06582,SHP-06582,,0,Root Disruption,151,0,156,Severe Weather,True,False,Active Cascade
CAS-0329,DIS-0329,SHP-06582,SHP-06582,,0,Dispatch Delay,0,151,156,Severe Weather,True,False,Active Cascade
CAS-0329,DIS-0329,SHP-06582,SHP-06582,,0,Customer Delivery Risk,0,151,156,Severe Weather,True,False,Severe Delay Breached
CAS-0329,DIS-0329,SHP-06582,SHP-04001,SHP-06582,1,Waiting for Inbound Shipment,0,20,17,Severe Weather,False,True,Active Cascade
CAS-0329,DIS-0329,SHP-06582,SHP-04001,SHP-06582,1,Departure Delay,0,20,17,Severe Weather,False,True,Active Cascade
CAS-0329,DIS-0329,SHP-06582,SHP-04001,SHP-06582,1,Customer Delivery Risk,0,20,17,Severe Weather,False,True,Partially Absorbed
CAS-0329,DIS-0329,SHP-06582,SHP-12815,SHP-04001,2,Warehouse Transfer,0,16,18,Severe Weather,False,True,Active Cascade
CAS-0329,DIS-0329,SHP-06582,SHP-12815,SHP-04001,2,Departure Delay,0,16,18,Severe Weather,False,True,Active Cascade
CAS-0329,DIS-0329,SHP-06582,SHP-12815,SHP-04001,2,Customer Delivery Risk,0,16,18,Severe Weather,False,True,Partially Absorbed
CAS-0330,DIS-0330,SHP-11483,SHP-11483,,0,Root Disruption,169,0,179,Warehouse Congestion,True,False,Active Cascade
CAS-0330,DIS-0330,SHP-11483,SHP-11483,,0,Dispatch Delay,0,169,179,Warehouse Congestion,True,False,Active Cascade
CAS-0330,DIS-0330,SHP-11483,SHP-11483,,0,Customer Delivery Risk,0,169,179,Warehouse Congestion,True,False,Severe Delay Breached
CAS-0330,DIS-0330,SHP-11483,SHP-08736,SHP-11483,1,Route Connection,0,64,71,Warehouse Congestion,False,True,Active Cascade
CAS-0330,DIS-0330,SHP-11483,SHP-08736,SHP-11483,1,Departure Delay,0,64,71,Warehouse Congestion,False,True,Active Cascade
CAS-0330,DIS-0330,SHP-11483,SHP-08736,SHP-11483,1,Customer Delivery Risk,0,64,71,Warehouse Congestion,False,True,Partially Absorbed
CAS-0331,DIS-0331,SHP-00216,SHP-00216,,0,Root Disruption,206,0,216,Vehicle Breakdown,True,False,Active Cascade
CAS-0331,DIS-0331,SHP-00216,SHP-00216,,0,Dispatch Delay,0,206,216,Vehicle Breakdown,True,False,Active Cascade
CAS-0331,DIS-0331,SHP-00216,SHP-00216,,0,Customer Delivery Risk,0,206,216,Vehicle Breakdown,True,False,Severe Delay Breached
CAS-0331,DIS-0331,SHP-00216,SHP-05142,SHP-00216,1,Waiting for Inbound Shipment,0,194,189,Vehicle Breakdown,False,True,Active Cascade
CAS-0331,DIS-0331,SHP-00216,SHP-05142,SHP-00216,1,Departure Delay,0,194,189,Vehicle Breakdown,False,True,Active Cascade
CAS-0331,DIS-0331,SHP-00216,SHP-05142,SHP-00216,1,Customer Delivery Risk,0,194,189,Vehicle Breakdown,False,True,Severe Delay Breached
CAS-0332,DIS-0332,SHP-02140,SHP-02140,,0,Root Disruption,277,0,279,Vehicle Breakdown,True,False,Active Cascade
CAS-0332,DIS-0332,SHP-02140,SHP-02140,,0,Dispatch Delay,0,277,279,Vehicle Breakdown,True,False,Active Cascade
CAS-0332,DIS-0332,SHP-02140,SHP-02140,,0,Customer Delivery Risk,0,277,279,Vehicle Breakdown,True,False,Severe Delay Breached
CAS-0332,DIS-0332,SHP-02140,SHP-08845,SHP-02140,1,Warehouse Congestion Transfer,230,0,235,Warehouse Congestion,False,True,Active Cascade
CAS-0332,DIS-0332,SHP-02140,SHP-08845,SHP-02140,1,Departure Delay,0,0,235,Warehouse Congestion,False,True,Active Cascade
CAS-0332,DIS-0332,SHP-02140,SHP-08845,SHP-02140,1,Customer Delivery Risk,0,0,235,Warehouse Congestion,False,True,Severe Delay Breached
CAS-0332,DIS-0332,SHP-02140,SHP-12692,SHP-02140,1,Warehouse Congestion Transfer,217,0,226,Warehouse Congestion,False,True,Active Cascade
CAS-0332,DIS-0332,SHP-02140,SHP-12692,SHP-02140,1,Departure Delay,0,0,226,Warehouse Congestion,False,True,Active Cascade
CAS-0332,DIS-0332,SHP-02140,SHP-12692,SHP-02140,1,Customer Delivery Risk,0,0,226,Warehouse Congestion,False,True,Severe Delay Breached
CAS-0333,DIS-0333,SHP-12602,SHP-12602,,0,Root Disruption,99,0,95,Equipment Failure,True,False,Active Cascade
CAS-0333,DIS-0333,SHP-12602,SHP-12602,,0,Dispatch Delay,0,99,95,Equipment Failure,True,False,Active Cascade
CAS-0333,DIS-0333,SHP-12602,SHP-12602,,0,Customer Delivery Risk,0,99,95,Equipment Failure,True,False,Partially Absorbed
CAS-0333,DIS-0333,SHP-12602,SHP-06877,SHP-12602,1,Cross-Dock Transfer,0,18,15,Equipment Failure,False,True,Active Cascade
CAS-0333,DIS-0333,SHP-12602,SHP-06877,SHP-12602,1,Departure Delay,0,18,15,Equipment Failure,False,True,Active Cascade
CAS-0333,DIS-0333,SHP-12602,SHP-06877,SHP-12602,1,Customer Delivery Risk,0,18,15,Equipment Failure,False,True,Partially Absorbed
CAS-0333,DIS-0333,SHP-12602,SHP-09136,SHP-12602,1,Cross-Dock Transfer,0,23,22,Equipment Failure,False,True,Active Cascade
CAS-0333,DIS-0333,SHP-12602,SHP-09136,SHP-12602,1,Departure Delay,0,23,22,Equipment Failure,False,True,Active Cascade
CAS-0333,DIS-0333,SHP-12602,SHP-09136,SHP-12602,1,Customer Delivery Risk,0,23,22,Equipment Failure,False,True,Partially Absorbed
CAS-0334,DIS-0334,SHP-01028,SHP-01028,,0,Root Disruption,98,0,104,State Border Checkpoint Hold,True,False,Active Cascade
CAS-0334,DIS-0334,SHP-01028,SHP-01028,,0,Dispatch Delay,0,98,104,State Border Checkpoint Hold,True,False,Active Cascade
CAS-0334,DIS-0334,SHP-01028,SHP-01028,,0,Customer Delivery Risk,0,98,104,State Border Checkpoint Hold,True,False,Partially Absorbed
CAS-0334,DIS-0334,SHP-01028,SHP-03660,SHP-01028,1,Waiting for Inbound Shipment,0,20,24,State Border Checkpoint Hold,False,True,Active Cascade
CAS-0334,DIS-0334,SHP-01028,SHP-03660,SHP-01028,1,Departure Delay,0,20,24,State Border Checkpoint Hold,False,True,Active Cascade
CAS-0334,DIS-0334,SHP-01028,SHP-03660,SHP-01028,1,Customer Delivery Risk,0,20,24,State Border Checkpoint Hold,False,True,Partially Absorbed
CAS-0334,DIS-0334,SHP-01028,SHP-13103,SHP-03660,2,Warehouse Transfer,0,16,15,State Border Checkpoint Hold,False,True,Active Cascade
CAS-0334,DIS-0334,SHP-01028,SHP-13103,SHP-03660,2,Departure Delay,0,16,15,State Border Checkpoint Hold,False,True,Active Cascade
CAS-0334,DIS-0334,SHP-01028,SHP-13103,SHP-03660,2,Customer Delivery Risk,0,16,15,State Border Checkpoint Hold,False,True,Partially Absorbed
CAS-0335,DIS-0335,SHP-01198,SHP-01198,,0,Root Disruption,180,0,187,Road Closure,True,False,Active Cascade
CAS-0335,DIS-0335,SHP-01198,SHP-01198,,0,Dispatch Delay,0,180,187,Road Closure,True,False,Active Cascade
CAS-0335,DIS-0335,SHP-01198,SHP-01198,,0,Customer Delivery Risk,0,180,187,Road Closure,True,False,Severe Delay Breached
CAS-0335,DIS-0335,SHP-01198,SHP-01471,SHP-01198,1,Shared Vehicle Turnaround,0,126,122,Vehicle Breakdown,False,True,Active Cascade
CAS-0335,DIS-0335,SHP-01198,SHP-01471,SHP-01198,1,Departure Delay,0,126,122,Vehicle Breakdown,False,True,Active Cascade
CAS-0335,DIS-0335,SHP-01198,SHP-01471,SHP-01198,1,Customer Delivery Risk,0,126,122,Vehicle Breakdown,False,True,Severe Delay Breached
CAS-0336,DIS-0336,SHP-06638,SHP-06638,,0,Root Disruption,77,0,81,Equipment Failure,True,False,Active Cascade
CAS-0336,DIS-0336,SHP-06638,SHP-06638,,0,Dispatch Delay,0,77,81,Equipment Failure,True,False,Active Cascade
CAS-0336,DIS-0336,SHP-06638,SHP-06638,,0,Customer Delivery Risk,0,77,81,Equipment Failure,True,False,Partially Absorbed
CAS-0336,DIS-0336,SHP-06638,SHP-02355,SHP-06638,1,Waiting for Inbound Shipment,0,62,60,Equipment Failure,False,True,Active Cascade
CAS-0336,DIS-0336,SHP-06638,SHP-02355,SHP-06638,1,Departure Delay,0,62,60,Equipment Failure,False,True,Active Cascade
CAS-0336,DIS-0336,SHP-06638,SHP-02355,SHP-06638,1,Customer Delivery Risk,0,62,60,Equipment Failure,False,True,Partially Absorbed
CAS-0337,DIS-0337,SHP-01438,SHP-01438,,0,Root Disruption,125,0,130,Road Closure,True,False,Active Cascade
CAS-0337,DIS-0337,SHP-01438,SHP-01438,,0,Dispatch Delay,0,125,130,Road Closure,True,False,Active Cascade
CAS-0337,DIS-0337,SHP-01438,SHP-01438,,0,Customer Delivery Risk,0,125,130,Road Closure,True,False,Severe Delay Breached
CAS-0337,DIS-0337,SHP-01438,SHP-07261,SHP-01438,1,Route Connection,0,20,28,Road Closure,False,True,Active Cascade
CAS-0337,DIS-0337,SHP-01438,SHP-07261,SHP-01438,1,Departure Delay,0,20,28,Road Closure,False,True,Active Cascade
CAS-0337,DIS-0337,SHP-01438,SHP-07261,SHP-01438,1,Customer Delivery Risk,0,20,28,Road Closure,False,True,Partially Absorbed
CAS-0338,DIS-0338,SHP-09193,SHP-09193,,0,Root Disruption,132,0,127,State Border Checkpoint Hold,True,False,Active Cascade
CAS-0338,DIS-0338,SHP-09193,SHP-09193,,0,Dispatch Delay,0,132,127,State Border Checkpoint Hold,True,False,Active Cascade
CAS-0338,DIS-0338,SHP-09193,SHP-09193,,0,Customer Delivery Risk,0,132,127,State Border Checkpoint Hold,True,False,Severe Delay Breached
CAS-0338,DIS-0338,SHP-09193,SHP-07297,SHP-09193,1,Waiting for Inbound Shipment,0,20,18,State Border Checkpoint Hold,False,True,Active Cascade
CAS-0338,DIS-0338,SHP-09193,SHP-07297,SHP-09193,1,Departure Delay,0,20,18,State Border Checkpoint Hold,False,True,Active Cascade
CAS-0338,DIS-0338,SHP-09193,SHP-07297,SHP-09193,1,Customer Delivery Risk,0,20,18,State Border Checkpoint Hold,False,True,Partially Absorbed
CAS-0338,DIS-0338,SHP-09193,SHP-12688,SHP-07297,2,Warehouse Transfer,0,16,13,State Border Checkpoint Hold,False,True,Active Cascade
CAS-0338,DIS-0338,SHP-09193,SHP-12688,SHP-07297,2,Departure Delay,0,16,13,State Border Checkpoint Hold,False,True,Active Cascade
CAS-0338,DIS-0338,SHP-09193,SHP-12688,SHP-07297,2,Customer Delivery Risk,0,16,13,State Border Checkpoint Hold,False,True,Partially Absorbed
CAS-0339,DIS-0339,SHP-02863,SHP-02863,,0,Root Disruption,217,0,220,Warehouse Congestion,True,False,Active Cascade
CAS-0339,DIS-0339,SHP-02863,SHP-02863,,0,Dispatch Delay,0,217,220,Warehouse Congestion,True,False,Active Cascade
CAS-0339,DIS-0339,SHP-02863,SHP-02863,,0,Customer Delivery Risk,0,217,220,Warehouse Congestion,True,False,Severe Delay Breached
CAS-0339,DIS-0339,SHP-02863,SHP-13284,SHP-02863,1,Cross-Dock Transfer,0,175,175,Warehouse Congestion,False,True,Active Cascade
CAS-0339,DIS-0339,SHP-02863,SHP-13284,SHP-02863,1,Departure Delay,0,175,175,Warehouse Congestion,False,True,Active Cascade
CAS-0339,DIS-0339,SHP-02863,SHP-13284,SHP-02863,1,Customer Delivery Risk,0,175,175,Warehouse Congestion,False,True,Severe Delay Breached
CAS-0339,DIS-0339,SHP-02863,SHP-00203,SHP-02863,1,Cross-Dock Transfer,0,143,142,Warehouse Congestion,False,True,Active Cascade
CAS-0339,DIS-0339,SHP-02863,SHP-00203,SHP-02863,1,Departure Delay,0,143,142,Warehouse Congestion,False,True,Active Cascade
CAS-0339,DIS-0339,SHP-02863,SHP-00203,SHP-02863,1,Customer Delivery Risk,0,143,142,Warehouse Congestion,False,True,Severe Delay Breached
CAS-0339,DIS-0339,SHP-02863,SHP-00052,SHP-02863,1,Cross-Dock Transfer,0,59,65,Warehouse Congestion,False,True,Active Cascade
CAS-0339,DIS-0339,SHP-02863,SHP-00052,SHP-02863,1,Departure Delay,0,59,65,Warehouse Congestion,False,True,Active Cascade
CAS-0339,DIS-0339,SHP-02863,SHP-00052,SHP-02863,1,Customer Delivery Risk,0,59,65,Warehouse Congestion,False,True,Partially Absorbed
CAS-0340,DIS-0340,SHP-01111,SHP-01111,,0,Root Disruption,220,0,218,Warehouse Congestion,True,False,Active Cascade
CAS-0340,DIS-0340,SHP-01111,SHP-01111,,0,Dispatch Delay,0,220,218,Warehouse Congestion,True,False,Active Cascade
CAS-0340,DIS-0340,SHP-01111,SHP-01111,,0,Customer Delivery Risk,0,220,218,Warehouse Congestion,True,False,Severe Delay Breached
CAS-0340,DIS-0340,SHP-01111,SHP-00463,SHP-01111,1,Waiting for Inbound Shipment,0,163,161,Warehouse Congestion,False,True,Active Cascade
CAS-0340,DIS-0340,SHP-01111,SHP-00463,SHP-01111,1,Departure Delay,0,163,161,Warehouse Congestion,False,True,Active Cascade
CAS-0340,DIS-0340,SHP-01111,SHP-00463,SHP-01111,1,Customer Delivery Risk,0,163,161,Warehouse Congestion,False,True,Severe Delay Breached
CAS-0340,DIS-0340,SHP-01111,SHP-10495,SHP-00463,2,Warehouse Transfer,0,16,19,Warehouse Congestion,False,True,Active Cascade
CAS-0340,DIS-0340,SHP-01111,SHP-10495,SHP-00463,2,Departure Delay,0,16,19,Warehouse Congestion,False,True,Active Cascade
CAS-0340,DIS-0340,SHP-01111,SHP-10495,SHP-00463,2,Customer Delivery Risk,0,16,19,Warehouse Congestion,False,True,Partially Absorbed
CAS-0341,DIS-0341,SHP-06070,SHP-06070,,0,Root Disruption,105,0,111,State Border Checkpoint Hold,True,False,Active Cascade
CAS-0341,DIS-0341,SHP-06070,SHP-06070,,0,Dispatch Delay,0,105,111,State Border Checkpoint Hold,True,False,Active Cascade
CAS-0341,DIS-0341,SHP-06070,SHP-06070,,0,Customer Delivery Risk,0,105,111,State Border Checkpoint Hold,True,False,Partially Absorbed
CAS-0341,DIS-0341,SHP-06070,SHP-11545,SHP-06070,1,Warehouse Congestion Transfer,71,0,78,Warehouse Congestion,False,True,Active Cascade
CAS-0341,DIS-0341,SHP-06070,SHP-11545,SHP-06070,1,Departure Delay,0,0,78,Warehouse Congestion,False,True,Active Cascade
CAS-0341,DIS-0341,SHP-06070,SHP-11545,SHP-06070,1,Customer Delivery Risk,0,0,78,Warehouse Congestion,False,True,Partially Absorbed
CAS-0342,DIS-0342,SHP-13589,SHP-13589,,0,Root Disruption,107,0,104,Road Closure,True,False,Active Cascade
CAS-0342,DIS-0342,SHP-13589,SHP-13589,,0,Dispatch Delay,0,107,104,Road Closure,True,False,Active Cascade
CAS-0342,DIS-0342,SHP-13589,SHP-13589,,0,Customer Delivery Risk,0,107,104,Road Closure,True,False,Partially Absorbed
CAS-0342,DIS-0342,SHP-13589,SHP-05278,SHP-13589,1,Route Connection,0,20,15,Road Closure,False,True,Active Cascade
CAS-0342,DIS-0342,SHP-13589,SHP-05278,SHP-13589,1,Departure Delay,0,20,15,Road Closure,False,True,Active Cascade
CAS-0342,DIS-0342,SHP-13589,SHP-05278,SHP-13589,1,Customer Delivery Risk,0,20,15,Road Closure,False,True,Partially Absorbed
CAS-0343,DIS-0343,SHP-12808,SHP-12808,,0,Root Disruption,118,0,118,Labor Shortage,True,False,Active Cascade
CAS-0343,DIS-0343,SHP-12808,SHP-12808,,0,Dispatch Delay,0,118,118,Labor Shortage,True,False,Active Cascade
CAS-0343,DIS-0343,SHP-12808,SHP-12808,,0,Customer Delivery Risk,0,118,118,Labor Shortage,True,False,Partially Absorbed
CAS-0343,DIS-0343,SHP-12808,SHP-01387,SHP-12808,1,Cross-Dock Transfer,0,91,89,Labor Shortage,False,True,Active Cascade
CAS-0343,DIS-0343,SHP-12808,SHP-01387,SHP-12808,1,Departure Delay,0,91,89,Labor Shortage,False,True,Active Cascade
CAS-0343,DIS-0343,SHP-12808,SHP-01387,SHP-12808,1,Customer Delivery Risk,0,91,89,Labor Shortage,False,True,Partially Absorbed
CAS-0343,DIS-0343,SHP-12808,SHP-08132,SHP-12808,1,Cross-Dock Transfer,0,92,98,Labor Shortage,False,True,Active Cascade
CAS-0343,DIS-0343,SHP-12808,SHP-08132,SHP-12808,1,Departure Delay,0,92,98,Labor Shortage,False,True,Active Cascade
CAS-0343,DIS-0343,SHP-12808,SHP-08132,SHP-12808,1,Customer Delivery Risk,0,92,98,Labor Shortage,False,True,Partially Absorbed
CAS-0344,DIS-0344,SHP-07065,SHP-07065,,0,Root Disruption,83,0,91,Road Closure,True,False,Active Cascade
CAS-0344,DIS-0344,SHP-07065,SHP-07065,,0,Dispatch Delay,0,83,91,Road Closure,True,False,Active Cascade
CAS-0344,DIS-0344,SHP-07065,SHP-07065,,0,Customer Delivery Risk,0,83,91,Road Closure,True,False,Partially Absorbed
CAS-0344,DIS-0344,SHP-07065,SHP-01690,SHP-07065,1,Cross-Dock Transfer,0,16,23,Road Closure,False,True,Active Cascade
CAS-0344,DIS-0344,SHP-07065,SHP-01690,SHP-07065,1,Departure Delay,0,16,23,Road Closure,False,True,Active Cascade
CAS-0344,DIS-0344,SHP-07065,SHP-01690,SHP-07065,1,Customer Delivery Risk,0,16,23,Road Closure,False,True,Partially Absorbed
CAS-0344,DIS-0344,SHP-07065,SHP-02193,SHP-07065,1,Cross-Dock Transfer,0,16,16,Road Closure,False,True,Active Cascade
CAS-0344,DIS-0344,SHP-07065,SHP-02193,SHP-07065,1,Departure Delay,0,16,16,Road Closure,False,True,Active Cascade
CAS-0344,DIS-0344,SHP-07065,SHP-02193,SHP-07065,1,Customer Delivery Risk,0,16,16,Road Closure,False,True,Partially Absorbed
CAS-0345,DIS-0345,SHP-05819,SHP-05819,,0,Root Disruption,202,0,209,Warehouse Congestion,True,False,Active Cascade
CAS-0345,DIS-0345,SHP-05819,SHP-05819,,0,Dispatch Delay,0,202,209,Warehouse Congestion,True,False,Active Cascade
CAS-0345,DIS-0345,SHP-05819,SHP-05819,,0,Customer Delivery Risk,0,202,209,Warehouse Congestion,True,False,Severe Delay Breached
CAS-0345,DIS-0345,SHP-05819,SHP-04687,SHP-05819,1,Warehouse Congestion Transfer,131,0,141,Warehouse Congestion,False,True,Active Cascade
CAS-0345,DIS-0345,SHP-05819,SHP-04687,SHP-05819,1,Departure Delay,0,0,141,Warehouse Congestion,False,True,Active Cascade
CAS-0345,DIS-0345,SHP-05819,SHP-04687,SHP-05819,1,Customer Delivery Risk,0,0,141,Warehouse Congestion,False,True,Severe Delay Breached
CAS-0345,DIS-0345,SHP-05819,SHP-04735,SHP-05819,1,Warehouse Congestion Transfer,65,0,70,Warehouse Congestion,False,True,Active Cascade
CAS-0345,DIS-0345,SHP-05819,SHP-04735,SHP-05819,1,Departure Delay,0,0,70,Warehouse Congestion,False,True,Active Cascade
CAS-0345,DIS-0345,SHP-05819,SHP-04735,SHP-05819,1,Customer Delivery Risk,0,0,70,Warehouse Congestion,False,True,Partially Absorbed
CAS-0345,DIS-0345,SHP-05819,SHP-07218,SHP-05819,1,Warehouse Congestion Transfer,88,0,85,Warehouse Congestion,False,True,Active Cascade
CAS-0345,DIS-0345,SHP-05819,SHP-07218,SHP-05819,1,Departure Delay,0,0,85,Warehouse Congestion,False,True,Active Cascade
CAS-0345,DIS-0345,SHP-05819,SHP-07218,SHP-05819,1,Customer Delivery Risk,0,0,85,Warehouse Congestion,False,True,Partially Absorbed
CAS-0346,DIS-0346,SHP-04008,SHP-04008,,0,Root Disruption,149,0,148,State Border Checkpoint Hold,True,False,Active Cascade
CAS-0346,DIS-0346,SHP-04008,SHP-04008,,0,Dispatch Delay,0,149,148,State Border Checkpoint Hold,True,False,Active Cascade
CAS-0346,DIS-0346,SHP-04008,SHP-04008,,0,Customer Delivery Risk,0,149,148,State Border Checkpoint Hold,True,False,Severe Delay Breached
CAS-0346,DIS-0346,SHP-04008,SHP-05877,SHP-04008,1,Route Connection,0,34,30,State Border Checkpoint Hold,False,True,Active Cascade
CAS-0346,DIS-0346,SHP-04008,SHP-05877,SHP-04008,1,Departure Delay,0,34,30,State Border Checkpoint Hold,False,True,Active Cascade
CAS-0346,DIS-0346,SHP-04008,SHP-05877,SHP-04008,1,Customer Delivery Risk,0,34,30,State Border Checkpoint Hold,False,True,Partially Absorbed
CAS-0347,DIS-0347,SHP-09321,SHP-09321,,0,Root Disruption,128,0,133,Vehicle Breakdown,True,False,Active Cascade
CAS-0347,DIS-0347,SHP-09321,SHP-09321,,0,Dispatch Delay,0,128,133,Vehicle Breakdown,True,False,Active Cascade
CAS-0347,DIS-0347,SHP-09321,SHP-09321,,0,Customer Delivery Risk,0,128,133,Vehicle Breakdown,True,False,Severe Delay Breached
CAS-0347,DIS-0347,SHP-09321,SHP-11306,SHP-09321,1,Shared Vehicle Turnaround,0,20,24,Vehicle Breakdown,False,True,Active Cascade
CAS-0347,DIS-0347,SHP-09321,SHP-11306,SHP-09321,1,Departure Delay,0,20,24,Vehicle Breakdown,False,True,Active Cascade
CAS-0347,DIS-0347,SHP-09321,SHP-11306,SHP-09321,1,Customer Delivery Risk,0,20,24,Vehicle Breakdown,False,True,Partially Absorbed
CAS-0348,DIS-0348,SHP-12619,SHP-12619,,0,Root Disruption,192,0,197,Severe Weather,True,False,Active Cascade
CAS-0348,DIS-0348,SHP-12619,SHP-12619,,0,Dispatch Delay,0,192,197,Severe Weather,True,False,Active Cascade
CAS-0348,DIS-0348,SHP-12619,SHP-12619,,0,Customer Delivery Risk,0,192,197,Severe Weather,True,False,Severe Delay Breached
CAS-0348,DIS-0348,SHP-12619,SHP-02240,SHP-12619,1,Warehouse Congestion Transfer,87,0,88,Warehouse Congestion,False,True,Active Cascade
CAS-0348,DIS-0348,SHP-12619,SHP-02240,SHP-12619,1,Departure Delay,0,0,88,Warehouse Congestion,False,True,Active Cascade
CAS-0348,DIS-0348,SHP-12619,SHP-02240,SHP-12619,1,Customer Delivery Risk,0,0,88,Warehouse Congestion,False,True,Partially Absorbed
CAS-0349,DIS-0349,SHP-05845,SHP-05845,,0,Root Disruption,240,0,245,Vehicle Breakdown,True,False,Active Cascade
CAS-0349,DIS-0349,SHP-05845,SHP-05845,,0,Dispatch Delay,0,240,245,Vehicle Breakdown,True,False,Active Cascade
CAS-0349,DIS-0349,SHP-05845,SHP-05845,,0,Customer Delivery Risk,0,240,245,Vehicle Breakdown,True,False,Severe Delay Breached
CAS-0349,DIS-0349,SHP-05845,SHP-03579,SHP-05845,1,Waiting for Inbound Shipment,0,115,117,Vehicle Breakdown,False,True,Active Cascade
CAS-0349,DIS-0349,SHP-05845,SHP-03579,SHP-05845,1,Departure Delay,0,115,117,Vehicle Breakdown,False,True,Active Cascade
CAS-0349,DIS-0349,SHP-05845,SHP-03579,SHP-05845,1,Customer Delivery Risk,0,115,117,Vehicle Breakdown,False,True,Partially Absorbed
CAS-0349,DIS-0349,SHP-05845,SHP-03361,SHP-03579,2,Warehouse Transfer,0,16,15,Vehicle Breakdown,False,True,Active Cascade
CAS-0349,DIS-0349,SHP-05845,SHP-03361,SHP-03579,2,Departure Delay,0,16,15,Vehicle Breakdown,False,True,Active Cascade
CAS-0349,DIS-0349,SHP-05845,SHP-03361,SHP-03579,2,Customer Delivery Risk,0,16,15,Vehicle Breakdown,False,True,Partially Absorbed
CAS-0350,DIS-0350,SHP-13011,SHP-13011,,0,Root Disruption,68,0,77,State Border Checkpoint Hold,True,False,Active Cascade
CAS-0350,DIS-0350,SHP-13011,SHP-13011,,0,Dispatch Delay,0,68,77,State Border Checkpoint Hold,True,False,Active Cascade
CAS-0350,DIS-0350,SHP-13011,SHP-13011,,0,Customer Delivery Risk,0,68,77,State Border Checkpoint Hold,True,False,Partially Absorbed
CAS-0350,DIS-0350,SHP-13011,SHP-03310,SHP-13011,1,Waiting for Inbound Shipment,0,20,16,State Border Checkpoint Hold,False,True,Active Cascade
CAS-0350,DIS-0350,SHP-13011,SHP-03310,SHP-13011,1,Departure Delay,0,20,16,State Border Checkpoint Hold,False,True,Active Cascade
CAS-0350,DIS-0350,SHP-13011,SHP-03310,SHP-13011,1,Customer Delivery Risk,0,20,16,State Border Checkpoint Hold,False,True,Partially Absorbed
CAS-0350,DIS-0350,SHP-13011,SHP-03065,SHP-03310,2,Warehouse Transfer,0,16,17,State Border Checkpoint Hold,False,True,Active Cascade
CAS-0350,DIS-0350,SHP-13011,SHP-03065,SHP-03310,2,Departure Delay,0,16,17,State Border Checkpoint Hold,False,True,Active Cascade
CAS-0350,DIS-0350,SHP-13011,SHP-03065,SHP-03310,2,Customer Delivery Risk,0,16,17,State Border Checkpoint Hold,False,True,Partially Absorbed
CAS-0351,DIS-0351,SHP-03895,SHP-03895,,0,Root Disruption,113,0,109,Warehouse Congestion,True,False,Active Cascade
CAS-0351,DIS-0351,SHP-03895,SHP-03895,,0,Dispatch Delay,0,113,109,Warehouse Congestion,True,False,Active Cascade
CAS-0351,DIS-0351,SHP-03895,SHP-03895,,0,Customer Delivery Risk,0,113,109,Warehouse Congestion,True,False,Partially Absorbed
CAS-0351,DIS-0351,SHP-03895,SHP-06017,SHP-03895,1,Waiting for Inbound Shipment,0,20,22,Warehouse Congestion,False,True,Active Cascade
CAS-0351,DIS-0351,SHP-03895,SHP-06017,SHP-03895,1,Departure Delay,0,20,22,Warehouse Congestion,False,True,Active Cascade
CAS-0351,DIS-0351,SHP-03895,SHP-06017,SHP-03895,1,Customer Delivery Risk,0,20,22,Warehouse Congestion,False,True,Partially Absorbed
CAS-0352,DIS-0352,SHP-01460,SHP-01460,,0,Root Disruption,95,0,94,State Border Checkpoint Hold,True,False,Active Cascade
CAS-0352,DIS-0352,SHP-01460,SHP-01460,,0,Dispatch Delay,0,95,94,State Border Checkpoint Hold,True,False,Active Cascade
CAS-0352,DIS-0352,SHP-01460,SHP-01460,,0,Customer Delivery Risk,0,95,94,State Border Checkpoint Hold,True,False,Partially Absorbed
CAS-0352,DIS-0352,SHP-01460,SHP-06028,SHP-01460,1,Route Connection,0,20,19,State Border Checkpoint Hold,False,True,Active Cascade
CAS-0352,DIS-0352,SHP-01460,SHP-06028,SHP-01460,1,Departure Delay,0,20,19,State Border Checkpoint Hold,False,True,Active Cascade
CAS-0352,DIS-0352,SHP-01460,SHP-06028,SHP-01460,1,Customer Delivery Risk,0,20,19,State Border Checkpoint Hold,False,True,Partially Absorbed
CAS-0353,DIS-0353,SHP-04248,SHP-04248,,0,Root Disruption,93,0,101,Equipment Failure,True,False,Active Cascade
CAS-0353,DIS-0353,SHP-04248,SHP-04248,,0,Dispatch Delay,0,93,101,Equipment Failure,True,False,Active Cascade
CAS-0353,DIS-0353,SHP-04248,SHP-04248,,0,Customer Delivery Risk,0,93,101,Equipment Failure,True,False,Partially Absorbed
CAS-0353,DIS-0353,SHP-04248,SHP-06596,SHP-04248,1,Shared Vehicle Turnaround,0,35,31,Vehicle Breakdown,False,True,Active Cascade
CAS-0353,DIS-0353,SHP-04248,SHP-06596,SHP-04248,1,Departure Delay,0,35,31,Vehicle Breakdown,False,True,Active Cascade
CAS-0353,DIS-0353,SHP-04248,SHP-06596,SHP-04248,1,Customer Delivery Risk,0,35,31,Vehicle Breakdown,False,True,Partially Absorbed
CAS-0354,DIS-0354,SHP-03470,SHP-03470,,0,Root Disruption,230,0,225,Warehouse Congestion,True,False,Active Cascade
CAS-0354,DIS-0354,SHP-03470,SHP-03470,,0,Dispatch Delay,0,230,225,Warehouse Congestion,True,False,Active Cascade
CAS-0354,DIS-0354,SHP-03470,SHP-03470,,0,Customer Delivery Risk,0,230,225,Warehouse Congestion,True,False,Severe Delay Breached
CAS-0354,DIS-0354,SHP-03470,SHP-12191,SHP-03470,1,Cross-Dock Transfer,0,206,213,Warehouse Congestion,False,True,Active Cascade
CAS-0354,DIS-0354,SHP-03470,SHP-12191,SHP-03470,1,Departure Delay,0,206,213,Warehouse Congestion,False,True,Active Cascade
CAS-0354,DIS-0354,SHP-03470,SHP-12191,SHP-03470,1,Customer Delivery Risk,0,206,213,Warehouse Congestion,False,True,Severe Delay Breached
CAS-0354,DIS-0354,SHP-03470,SHP-07314,SHP-03470,1,Cross-Dock Transfer,0,97,102,Warehouse Congestion,False,True,Active Cascade
CAS-0354,DIS-0354,SHP-03470,SHP-07314,SHP-03470,1,Departure Delay,0,97,102,Warehouse Congestion,False,True,Active Cascade
CAS-0354,DIS-0354,SHP-03470,SHP-07314,SHP-03470,1,Customer Delivery Risk,0,97,102,Warehouse Congestion,False,True,Partially Absorbed
CAS-0355,DIS-0355,SHP-01761,SHP-01761,,0,Root Disruption,120,0,129,Warehouse Congestion,True,False,Active Cascade
CAS-0355,DIS-0355,SHP-01761,SHP-01761,,0,Dispatch Delay,0,120,129,Warehouse Congestion,True,False,Active Cascade
CAS-0355,DIS-0355,SHP-01761,SHP-01761,,0,Customer Delivery Risk,0,120,129,Warehouse Congestion,True,False,Severe Delay Breached
CAS-0355,DIS-0355,SHP-01761,SHP-00056,SHP-01761,1,Cross-Dock Transfer,0,83,78,Warehouse Congestion,False,True,Active Cascade
CAS-0355,DIS-0355,SHP-01761,SHP-00056,SHP-01761,1,Departure Delay,0,83,78,Warehouse Congestion,False,True,Active Cascade
CAS-0355,DIS-0355,SHP-01761,SHP-00056,SHP-01761,1,Customer Delivery Risk,0,83,78,Warehouse Congestion,False,True,Partially Absorbed
CAS-0355,DIS-0355,SHP-01761,SHP-01339,SHP-01761,1,Cross-Dock Transfer,0,83,92,Warehouse Congestion,False,True,Active Cascade
CAS-0355,DIS-0355,SHP-01761,SHP-01339,SHP-01761,1,Departure Delay,0,83,92,Warehouse Congestion,False,True,Active Cascade
CAS-0355,DIS-0355,SHP-01761,SHP-01339,SHP-01761,1,Customer Delivery Risk,0,83,92,Warehouse Congestion,False,True,Partially Absorbed
CAS-0356,DIS-0356,SHP-07701,SHP-07701,,0,Root Disruption,132,0,134,Vehicle Breakdown,True,False,Active Cascade
CAS-0356,DIS-0356,SHP-07701,SHP-07701,,0,Dispatch Delay,0,132,134,Vehicle Breakdown,True,False,Active Cascade
CAS-0356,DIS-0356,SHP-07701,SHP-07701,,0,Customer Delivery Risk,0,132,134,Vehicle Breakdown,True,False,Severe Delay Breached
CAS-0356,DIS-0356,SHP-07701,SHP-01580,SHP-07701,1,Route Connection,0,20,16,Vehicle Breakdown,False,True,Active Cascade
CAS-0356,DIS-0356,SHP-07701,SHP-01580,SHP-07701,1,Departure Delay,0,20,16,Vehicle Breakdown,False,True,Active Cascade
CAS-0356,DIS-0356,SHP-07701,SHP-01580,SHP-07701,1,Customer Delivery Risk,0,20,16,Vehicle Breakdown,False,True,Partially Absorbed
CAS-0357,DIS-0357,SHP-11599,SHP-11599,,0,Root Disruption,86,0,81,Equipment Failure,True,False,Active Cascade
CAS-0357,DIS-0357,SHP-11599,SHP-11599,,0,Dispatch Delay,0,86,81,Equipment Failure,True,False,Active Cascade
CAS-0357,DIS-0357,SHP-11599,SHP-11599,,0,Customer Delivery Risk,0,86,81,Equipment Failure,True,False,Partially Absorbed
CAS-0357,DIS-0357,SHP-11599,SHP-13961,SHP-11599,1,Warehouse Congestion Transfer,49,0,49,Warehouse Congestion,False,True,Active Cascade
CAS-0357,DIS-0357,SHP-11599,SHP-13961,SHP-11599,1,Departure Delay,0,0,49,Warehouse Congestion,False,True,Active Cascade
CAS-0357,DIS-0357,SHP-11599,SHP-13961,SHP-11599,1,Customer Delivery Risk,0,0,49,Warehouse Congestion,False,True,Partially Absorbed
CAS-0357,DIS-0357,SHP-11599,SHP-01160,SHP-11599,1,Warehouse Congestion Transfer,56,0,52,Warehouse Congestion,False,True,Active Cascade
CAS-0357,DIS-0357,SHP-11599,SHP-01160,SHP-11599,1,Departure Delay,0,0,52,Warehouse Congestion,False,True,Active Cascade
CAS-0357,DIS-0357,SHP-11599,SHP-01160,SHP-11599,1,Customer Delivery Risk,0,0,52,Warehouse Congestion,False,True,Partially Absorbed
CAS-0357,DIS-0357,SHP-11599,SHP-00149,SHP-11599,1,Warehouse Congestion Transfer,50,0,56,Warehouse Congestion,False,True,Active Cascade
CAS-0357,DIS-0357,SHP-11599,SHP-00149,SHP-11599,1,Departure Delay,0,0,56,Warehouse Congestion,False,True,Active Cascade
CAS-0357,DIS-0357,SHP-11599,SHP-00149,SHP-11599,1,Customer Delivery Risk,0,0,56,Warehouse Congestion,False,True,Partially Absorbed
CAS-0357,DIS-0357,SHP-11599,SHP-00389,SHP-11599,1,Warehouse Congestion Transfer,45,0,53,Warehouse Congestion,False,True,Active Cascade
CAS-0357,DIS-0357,SHP-11599,SHP-00389,SHP-11599,1,Departure Delay,0,0,53,Warehouse Congestion,False,True,Active Cascade
CAS-0357,DIS-0357,SHP-11599,SHP-00389,SHP-11599,1,Customer Delivery Risk,0,0,53,Warehouse Congestion,False,True,Partially Absorbed
CAS-0358,DIS-0358,SHP-07430,SHP-07430,,0,Root Disruption,218,0,219,Road Closure,True,False,Active Cascade
CAS-0358,DIS-0358,SHP-07430,SHP-07430,,0,Dispatch Delay,0,218,219,Road Closure,True,False,Active Cascade
CAS-0358,DIS-0358,SHP-07430,SHP-07430,,0,Customer Delivery Risk,0,218,219,Road Closure,True,False,Severe Delay Breached
CAS-0358,DIS-0358,SHP-07430,SHP-00369,SHP-07430,1,Cross-Dock Transfer,0,16,19,Road Closure,False,True,Active Cascade
CAS-0358,DIS-0358,SHP-07430,SHP-00369,SHP-07430,1,Departure Delay,0,16,19,Road Closure,False,True,Active Cascade
CAS-0358,DIS-0358,SHP-07430,SHP-00369,SHP-07430,1,Customer Delivery Risk,0,16,19,Road Closure,False,True,Partially Absorbed
CAS-0358,DIS-0358,SHP-07430,SHP-00763,SHP-07430,1,Cross-Dock Transfer,0,16,22,Road Closure,False,True,Active Cascade
CAS-0358,DIS-0358,SHP-07430,SHP-00763,SHP-07430,1,Departure Delay,0,16,22,Road Closure,False,True,Active Cascade
CAS-0358,DIS-0358,SHP-07430,SHP-00763,SHP-07430,1,Customer Delivery Risk,0,16,22,Road Closure,False,True,Partially Absorbed
CAS-0358,DIS-0358,SHP-07430,SHP-10661,SHP-07430,1,Cross-Dock Transfer,0,16,19,Road Closure,False,True,Active Cascade
CAS-0358,DIS-0358,SHP-07430,SHP-10661,SHP-07430,1,Departure Delay,0,16,19,Road Closure,False,True,Active Cascade
CAS-0358,DIS-0358,SHP-07430,SHP-10661,SHP-07430,1,Customer Delivery Risk,0,16,19,Road Closure,False,True,Partially Absorbed
CAS-0359,DIS-0359,SHP-06536,SHP-06536,,0,Root Disruption,141,0,140,Severe Weather,True,False,Active Cascade
CAS-0359,DIS-0359,SHP-06536,SHP-06536,,0,Dispatch Delay,0,141,140,Severe Weather,True,False,Active Cascade
CAS-0359,DIS-0359,SHP-06536,SHP-06536,,0,Customer Delivery Risk,0,141,140,Severe Weather,True,False,Severe Delay Breached
CAS-0359,DIS-0359,SHP-06536,SHP-08194,SHP-06536,1,Waiting for Inbound Shipment,0,63,58,Severe Weather,False,True,Active Cascade
CAS-0359,DIS-0359,SHP-06536,SHP-08194,SHP-06536,1,Departure Delay,0,63,58,Severe Weather,False,True,Active Cascade
CAS-0359,DIS-0359,SHP-06536,SHP-08194,SHP-06536,1,Customer Delivery Risk,0,63,58,Severe Weather,False,True,Partially Absorbed
CAS-0359,DIS-0359,SHP-06536,SHP-10718,SHP-08194,2,Warehouse Transfer,0,16,19,Severe Weather,False,True,Active Cascade
CAS-0359,DIS-0359,SHP-06536,SHP-10718,SHP-08194,2,Departure Delay,0,16,19,Severe Weather,False,True,Active Cascade
CAS-0359,DIS-0359,SHP-06536,SHP-10718,SHP-08194,2,Customer Delivery Risk,0,16,19,Severe Weather,False,True,Partially Absorbed
CAS-0360,DIS-0360,SHP-00956,SHP-00956,,0,Root Disruption,221,0,222,Vehicle Breakdown,True,False,Active Cascade
CAS-0360,DIS-0360,SHP-00956,SHP-00956,,0,Dispatch Delay,0,221,222,Vehicle Breakdown,True,False,Active Cascade
CAS-0360,DIS-0360,SHP-00956,SHP-00956,,0,Customer Delivery Risk,0,221,222,Vehicle Breakdown,True,False,Severe Delay Breached
CAS-0360,DIS-0360,SHP-00956,SHP-06895,SHP-00956,1,Waiting for Inbound Shipment,0,201,202,Vehicle Breakdown,False,True,Active Cascade
CAS-0360,DIS-0360,SHP-00956,SHP-06895,SHP-00956,1,Departure Delay,0,201,202,Vehicle Breakdown,False,True,Active Cascade
CAS-0360,DIS-0360,SHP-00956,SHP-06895,SHP-00956,1,Customer Delivery Risk,0,201,202,Vehicle Breakdown,False,True,Severe Delay Breached
CAS-0360,DIS-0360,SHP-00956,SHP-07625,SHP-06895,2,Warehouse Transfer,0,111,114,Vehicle Breakdown,False,True,Active Cascade
CAS-0360,DIS-0360,SHP-00956,SHP-07625,SHP-06895,2,Departure Delay,0,111,114,Vehicle Breakdown,False,True,Active Cascade
CAS-0360,DIS-0360,SHP-00956,SHP-07625,SHP-06895,2,Customer Delivery Risk,0,111,114,Vehicle Breakdown,False,True,Partially Absorbed
CAS-0361,DIS-0361,SHP-04271,SHP-04271,,0,Root Disruption,180,0,179,Severe Weather,True,False,Active Cascade
CAS-0361,DIS-0361,SHP-04271,SHP-04271,,0,Dispatch Delay,0,180,179,Severe Weather,True,False,Active Cascade
CAS-0361,DIS-0361,SHP-04271,SHP-04271,,0,Customer Delivery Risk,0,180,179,Severe Weather,True,False,Severe Delay Breached
CAS-0361,DIS-0361,SHP-04271,SHP-12338,SHP-04271,1,Waiting for Inbound Shipment,0,20,19,Severe Weather,False,True,Active Cascade
CAS-0361,DIS-0361,SHP-04271,SHP-12338,SHP-04271,1,Departure Delay,0,20,19,Severe Weather,False,True,Active Cascade
CAS-0361,DIS-0361,SHP-04271,SHP-12338,SHP-04271,1,Customer Delivery Risk,0,20,19,Severe Weather,False,True,Partially Absorbed
CAS-0362,DIS-0362,SHP-04014,SHP-04014,,0,Root Disruption,81,0,85,State Border Checkpoint Hold,True,False,Active Cascade
CAS-0362,DIS-0362,SHP-04014,SHP-04014,,0,Dispatch Delay,0,81,85,State Border Checkpoint Hold,True,False,Active Cascade
CAS-0362,DIS-0362,SHP-04014,SHP-04014,,0,Customer Delivery Risk,0,81,85,State Border Checkpoint Hold,True,False,Partially Absorbed
CAS-0362,DIS-0362,SHP-04014,SHP-00544,SHP-04014,1,Cross-Dock Transfer,0,16,22,State Border Checkpoint Hold,False,True,Active Cascade
CAS-0362,DIS-0362,SHP-04014,SHP-00544,SHP-04014,1,Departure Delay,0,16,22,State Border Checkpoint Hold,False,True,Active Cascade
CAS-0362,DIS-0362,SHP-04014,SHP-00544,SHP-04014,1,Customer Delivery Risk,0,16,22,State Border Checkpoint Hold,False,True,Partially Absorbed
CAS-0362,DIS-0362,SHP-04014,SHP-04863,SHP-04014,1,Cross-Dock Transfer,0,16,14,State Border Checkpoint Hold,False,True,Active Cascade
CAS-0362,DIS-0362,SHP-04014,SHP-04863,SHP-04014,1,Departure Delay,0,16,14,State Border Checkpoint Hold,False,True,Active Cascade
CAS-0362,DIS-0362,SHP-04014,SHP-04863,SHP-04014,1,Customer Delivery Risk,0,16,14,State Border Checkpoint Hold,False,True,Partially Absorbed
CAS-0363,DIS-0363,SHP-05303,SHP-05303,,0,Root Disruption,156,0,159,Road Closure,True,False,Active Cascade
CAS-0363,DIS-0363,SHP-05303,SHP-05303,,0,Dispatch Delay,0,156,159,Road Closure,True,False,Active Cascade
CAS-0363,DIS-0363,SHP-05303,SHP-05303,,0,Customer Delivery Risk,0,156,159,Road Closure,True,False,Severe Delay Breached
CAS-0363,DIS-0363,SHP-05303,SHP-01624,SHP-05303,1,Route Connection,0,20,23,Road Closure,False,True,Active Cascade
CAS-0363,DIS-0363,SHP-05303,SHP-01624,SHP-05303,1,Departure Delay,0,20,23,Road Closure,False,True,Active Cascade
CAS-0363,DIS-0363,SHP-05303,SHP-01624,SHP-05303,1,Customer Delivery Risk,0,20,23,Road Closure,False,True,Partially Absorbed
CAS-0364,DIS-0364,SHP-13939,SHP-13939,,0,Root Disruption,129,0,134,Warehouse Congestion,True,False,Active Cascade
CAS-0364,DIS-0364,SHP-13939,SHP-13939,,0,Dispatch Delay,0,129,134,Warehouse Congestion,True,False,Active Cascade
CAS-0364,DIS-0364,SHP-13939,SHP-13939,,0,Customer Delivery Risk,0,129,134,Warehouse Congestion,True,False,Severe Delay Breached
CAS-0364,DIS-0364,SHP-13939,SHP-09345,SHP-13939,1,Waiting for Inbound Shipment,0,20,27,Warehouse Congestion,False,True,Active Cascade
CAS-0364,DIS-0364,SHP-13939,SHP-09345,SHP-13939,1,Departure Delay,0,20,27,Warehouse Congestion,False,True,Active Cascade
CAS-0364,DIS-0364,SHP-13939,SHP-09345,SHP-13939,1,Customer Delivery Risk,0,20,27,Warehouse Congestion,False,True,Partially Absorbed
CAS-0364,DIS-0364,SHP-13939,SHP-02925,SHP-09345,2,Warehouse Transfer,0,16,11,Warehouse Congestion,False,True,Active Cascade
CAS-0364,DIS-0364,SHP-13939,SHP-02925,SHP-09345,2,Departure Delay,0,16,11,Warehouse Congestion,False,True,Active Cascade
CAS-0364,DIS-0364,SHP-13939,SHP-02925,SHP-09345,2,Customer Delivery Risk,0,16,11,Warehouse Congestion,False,True,Partially Absorbed
CAS-0365,DIS-0365,SHP-11691,SHP-11691,,0,Root Disruption,92,0,95,Equipment Failure,True,False,Active Cascade
CAS-0365,DIS-0365,SHP-11691,SHP-11691,,0,Dispatch Delay,0,92,95,Equipment Failure,True,False,Active Cascade
CAS-0365,DIS-0365,SHP-11691,SHP-11691,,0,Customer Delivery Risk,0,92,95,Equipment Failure,True,False,Partially Absorbed
CAS-0365,DIS-0365,SHP-11691,SHP-01516,SHP-11691,1,Waiting for Inbound Shipment,0,69,64,Equipment Failure,False,True,Active Cascade
CAS-0365,DIS-0365,SHP-11691,SHP-01516,SHP-11691,1,Departure Delay,0,69,64,Equipment Failure,False,True,Active Cascade
CAS-0365,DIS-0365,SHP-11691,SHP-01516,SHP-11691,1,Customer Delivery Risk,0,69,64,Equipment Failure,False,True,Partially Absorbed
CAS-0366,DIS-0366,SHP-06876,SHP-06876,,0,Root Disruption,111,0,118,Equipment Failure,True,False,Active Cascade
CAS-0366,DIS-0366,SHP-06876,SHP-06876,,0,Dispatch Delay,0,111,118,Equipment Failure,True,False,Active Cascade
CAS-0366,DIS-0366,SHP-06876,SHP-06876,,0,Customer Delivery Risk,0,111,118,Equipment Failure,True,False,Partially Absorbed
CAS-0366,DIS-0366,SHP-06876,SHP-03416,SHP-06876,1,Warehouse Congestion Transfer,71,0,79,Warehouse Congestion,False,True,Active Cascade
CAS-0366,DIS-0366,SHP-06876,SHP-03416,SHP-06876,1,Departure Delay,0,0,79,Warehouse Congestion,False,True,Active Cascade
CAS-0366,DIS-0366,SHP-06876,SHP-03416,SHP-06876,1,Customer Delivery Risk,0,0,79,Warehouse Congestion,False,True,Partially Absorbed
CAS-0366,DIS-0366,SHP-06876,SHP-00704,SHP-06876,1,Warehouse Congestion Transfer,89,0,93,Warehouse Congestion,False,True,Active Cascade
CAS-0366,DIS-0366,SHP-06876,SHP-00704,SHP-06876,1,Departure Delay,0,0,93,Warehouse Congestion,False,True,Active Cascade
CAS-0366,DIS-0366,SHP-06876,SHP-00704,SHP-06876,1,Customer Delivery Risk,0,0,93,Warehouse Congestion,False,True,Partially Absorbed
CAS-0366,DIS-0366,SHP-06876,SHP-00429,SHP-06876,1,Warehouse Congestion Transfer,64,0,72,Warehouse Congestion,False,True,Active Cascade
CAS-0366,DIS-0366,SHP-06876,SHP-00429,SHP-06876,1,Departure Delay,0,0,72,Warehouse Congestion,False,True,Active Cascade
CAS-0366,DIS-0366,SHP-06876,SHP-00429,SHP-06876,1,Customer Delivery Risk,0,0,72,Warehouse Congestion,False,True,Partially Absorbed
CAS-0367,DIS-0367,SHP-12627,SHP-12627,,0,Root Disruption,229,0,230,Vehicle Breakdown,True,False,Active Cascade
CAS-0367,DIS-0367,SHP-12627,SHP-12627,,0,Dispatch Delay,0,229,230,Vehicle Breakdown,True,False,Active Cascade
CAS-0367,DIS-0367,SHP-12627,SHP-12627,,0,Customer Delivery Risk,0,229,230,Vehicle Breakdown,True,False,Severe Delay Breached
CAS-0367,DIS-0367,SHP-12627,SHP-00144,SHP-12627,1,Warehouse Congestion Transfer,153,0,158,Warehouse Congestion,False,True,Active Cascade
CAS-0367,DIS-0367,SHP-12627,SHP-00144,SHP-12627,1,Departure Delay,0,0,158,Warehouse Congestion,False,True,Active Cascade
CAS-0367,DIS-0367,SHP-12627,SHP-00144,SHP-12627,1,Customer Delivery Risk,0,0,158,Warehouse Congestion,False,True,Severe Delay Breached
CAS-0367,DIS-0367,SHP-12627,SHP-03188,SHP-12627,1,Warehouse Congestion Transfer,61,0,61,Warehouse Congestion,False,True,Active Cascade
CAS-0367,DIS-0367,SHP-12627,SHP-03188,SHP-12627,1,Departure Delay,0,0,61,Warehouse Congestion,False,True,Active Cascade
CAS-0367,DIS-0367,SHP-12627,SHP-03188,SHP-12627,1,Customer Delivery Risk,0,0,61,Warehouse Congestion,False,True,Partially Absorbed
CAS-0368,DIS-0368,SHP-04683,SHP-04683,,0,Root Disruption,158,0,159,Labor Shortage,True,False,Active Cascade
CAS-0368,DIS-0368,SHP-04683,SHP-04683,,0,Dispatch Delay,0,158,159,Labor Shortage,True,False,Active Cascade
CAS-0368,DIS-0368,SHP-04683,SHP-04683,,0,Customer Delivery Risk,0,158,159,Labor Shortage,True,False,Severe Delay Breached
CAS-0368,DIS-0368,SHP-04683,SHP-08568,SHP-04683,1,Route Connection,0,91,92,Labor Shortage,False,True,Active Cascade
CAS-0368,DIS-0368,SHP-04683,SHP-08568,SHP-04683,1,Departure Delay,0,91,92,Labor Shortage,False,True,Active Cascade
CAS-0368,DIS-0368,SHP-04683,SHP-08568,SHP-04683,1,Customer Delivery Risk,0,91,92,Labor Shortage,False,True,Partially Absorbed
CAS-0368,DIS-0368,SHP-04683,SHP-12410,SHP-08568,2,Warehouse Transfer,0,16,21,Labor Shortage,False,True,Active Cascade
CAS-0368,DIS-0368,SHP-04683,SHP-12410,SHP-08568,2,Departure Delay,0,16,21,Labor Shortage,False,True,Active Cascade
CAS-0368,DIS-0368,SHP-04683,SHP-12410,SHP-08568,2,Customer Delivery Risk,0,16,21,Labor Shortage,False,True,Partially Absorbed
CAS-0368,DIS-0368,SHP-04683,SHP-08581,SHP-12410,3,Route Connection,0,16,20,Labor Shortage,False,True,Active Cascade
CAS-0368,DIS-0368,SHP-04683,SHP-08581,SHP-12410,3,Departure Delay,0,16,20,Labor Shortage,False,True,Active Cascade
CAS-0368,DIS-0368,SHP-04683,SHP-08581,SHP-12410,3,Customer Delivery Risk,0,16,20,Labor Shortage,False,True,Partially Absorbed
CAS-0368,DIS-0368,SHP-04683,SHP-11749,SHP-08568,2,Warehouse Transfer,0,16,12,Labor Shortage,False,True,Active Cascade
CAS-0368,DIS-0368,SHP-04683,SHP-11749,SHP-08568,2,Departure Delay,0,16,12,Labor Shortage,False,True,Active Cascade
CAS-0368,DIS-0368,SHP-04683,SHP-11749,SHP-08568,2,Customer Delivery Risk,0,16,12,Labor Shortage,False,True,Partially Absorbed
CAS-0369,DIS-0369,SHP-04152,SHP-04152,,0,Root Disruption,82,0,85,State Border Checkpoint Hold,True,False,Active Cascade
CAS-0369,DIS-0369,SHP-04152,SHP-04152,,0,Dispatch Delay,0,82,85,State Border Checkpoint Hold,True,False,Active Cascade
CAS-0369,DIS-0369,SHP-04152,SHP-04152,,0,Customer Delivery Risk,0,82,85,State Border Checkpoint Hold,True,False,Partially Absorbed
CAS-0369,DIS-0369,SHP-04152,SHP-02520,SHP-04152,1,Cross-Dock Transfer,0,16,18,State Border Checkpoint Hold,False,True,Active Cascade
CAS-0369,DIS-0369,SHP-04152,SHP-02520,SHP-04152,1,Departure Delay,0,16,18,State Border Checkpoint Hold,False,True,Active Cascade
CAS-0369,DIS-0369,SHP-04152,SHP-02520,SHP-04152,1,Customer Delivery Risk,0,16,18,State Border Checkpoint Hold,False,True,Partially Absorbed
CAS-0369,DIS-0369,SHP-04152,SHP-05032,SHP-04152,1,Cross-Dock Transfer,0,16,12,State Border Checkpoint Hold,False,True,Active Cascade
CAS-0369,DIS-0369,SHP-04152,SHP-05032,SHP-04152,1,Departure Delay,0,16,12,State Border Checkpoint Hold,False,True,Active Cascade
CAS-0369,DIS-0369,SHP-04152,SHP-05032,SHP-04152,1,Customer Delivery Risk,0,16,12,State Border Checkpoint Hold,False,True,Partially Absorbed
CAS-0370,DIS-0370,SHP-05495,SHP-05495,,0,Root Disruption,116,0,118,Severe Weather,True,False,Active Cascade
CAS-0370,DIS-0370,SHP-05495,SHP-05495,,0,Dispatch Delay,0,116,118,Severe Weather,True,False,Active Cascade
CAS-0370,DIS-0370,SHP-05495,SHP-05495,,0,Customer Delivery Risk,0,116,118,Severe Weather,True,False,Partially Absorbed
CAS-0370,DIS-0370,SHP-05495,SHP-13109,SHP-05495,1,Waiting for Inbound Shipment,0,20,15,Severe Weather,False,True,Active Cascade
CAS-0370,DIS-0370,SHP-05495,SHP-13109,SHP-05495,1,Departure Delay,0,20,15,Severe Weather,False,True,Active Cascade
CAS-0370,DIS-0370,SHP-05495,SHP-13109,SHP-05495,1,Customer Delivery Risk,0,20,15,Severe Weather,False,True,Partially Absorbed
CAS-0370,DIS-0370,SHP-05495,SHP-00911,SHP-13109,2,Warehouse Transfer,0,16,11,Severe Weather,False,True,Active Cascade
CAS-0370,DIS-0370,SHP-05495,SHP-00911,SHP-13109,2,Departure Delay,0,16,11,Severe Weather,False,True,Active Cascade
CAS-0370,DIS-0370,SHP-05495,SHP-00911,SHP-13109,2,Customer Delivery Risk,0,16,11,Severe Weather,False,True,Partially Absorbed
CAS-0371,DIS-0371,SHP-03806,SHP-03806,,0,Root Disruption,154,0,158,Severe Weather,True,False,Active Cascade
CAS-0371,DIS-0371,SHP-03806,SHP-03806,,0,Dispatch Delay,0,154,158,Severe Weather,True,False,Active Cascade
CAS-0371,DIS-0371,SHP-03806,SHP-03806,,0,Customer Delivery Risk,0,154,158,Severe Weather,True,False,Severe Delay Breached
CAS-0371,DIS-0371,SHP-03806,SHP-04436,SHP-03806,1,Cross-Dock Transfer,0,111,121,Severe Weather,False,True,Active Cascade
CAS-0371,DIS-0371,SHP-03806,SHP-04436,SHP-03806,1,Departure Delay,0,111,121,Severe Weather,False,True,Active Cascade
CAS-0371,DIS-0371,SHP-03806,SHP-04436,SHP-03806,1,Customer Delivery Risk,0,111,121,Severe Weather,False,True,Severe Delay Breached
CAS-0371,DIS-0371,SHP-03806,SHP-00500,SHP-03806,1,Cross-Dock Transfer,0,27,33,Severe Weather,False,True,Active Cascade
CAS-0371,DIS-0371,SHP-03806,SHP-00500,SHP-03806,1,Departure Delay,0,27,33,Severe Weather,False,True,Active Cascade
CAS-0371,DIS-0371,SHP-03806,SHP-00500,SHP-03806,1,Customer Delivery Risk,0,27,33,Severe Weather,False,True,Partially Absorbed
CAS-0372,DIS-0372,SHP-01820,SHP-01820,,0,Root Disruption,103,0,108,Labor Shortage,True,False,Active Cascade
CAS-0372,DIS-0372,SHP-01820,SHP-01820,,0,Dispatch Delay,0,103,108,Labor Shortage,True,False,Active Cascade
CAS-0372,DIS-0372,SHP-01820,SHP-01820,,0,Customer Delivery Risk,0,103,108,Labor Shortage,True,False,Partially Absorbed
CAS-0372,DIS-0372,SHP-01820,SHP-12680,SHP-01820,1,Route Connection,0,24,32,Labor Shortage,False,True,Active Cascade
CAS-0372,DIS-0372,SHP-01820,SHP-12680,SHP-01820,1,Departure Delay,0,24,32,Labor Shortage,False,True,Active Cascade
CAS-0372,DIS-0372,SHP-01820,SHP-12680,SHP-01820,1,Customer Delivery Risk,0,24,32,Labor Shortage,False,True,Partially Absorbed
CAS-0373,DIS-0373,SHP-07713,SHP-07713,,0,Root Disruption,131,0,138,Warehouse Congestion,True,False,Active Cascade
CAS-0373,DIS-0373,SHP-07713,SHP-07713,,0,Dispatch Delay,0,131,138,Warehouse Congestion,True,False,Active Cascade
CAS-0373,DIS-0373,SHP-07713,SHP-07713,,0,Customer Delivery Risk,0,131,138,Warehouse Congestion,True,False,Severe Delay Breached
CAS-0373,DIS-0373,SHP-07713,SHP-07399,SHP-07713,1,Route Connection,0,20,28,Warehouse Congestion,False,True,Active Cascade
CAS-0373,DIS-0373,SHP-07713,SHP-07399,SHP-07713,1,Departure Delay,0,20,28,Warehouse Congestion,False,True,Active Cascade
CAS-0373,DIS-0373,SHP-07713,SHP-07399,SHP-07713,1,Customer Delivery Risk,0,20,28,Warehouse Congestion,False,True,Partially Absorbed
CAS-0374,DIS-0374,SHP-00623,SHP-00623,,0,Root Disruption,188,0,183,Warehouse Congestion,True,False,Active Cascade
CAS-0374,DIS-0374,SHP-00623,SHP-00623,,0,Dispatch Delay,0,188,183,Warehouse Congestion,True,False,Active Cascade
CAS-0374,DIS-0374,SHP-00623,SHP-00623,,0,Customer Delivery Risk,0,188,183,Warehouse Congestion,True,False,Severe Delay Breached
CAS-0374,DIS-0374,SHP-00623,SHP-03876,SHP-00623,1,Warehouse Congestion Transfer,47,0,55,Warehouse Congestion,False,True,Active Cascade
CAS-0374,DIS-0374,SHP-00623,SHP-03876,SHP-00623,1,Departure Delay,0,0,55,Warehouse Congestion,False,True,Active Cascade
CAS-0374,DIS-0374,SHP-00623,SHP-03876,SHP-00623,1,Customer Delivery Risk,0,0,55,Warehouse Congestion,False,True,Partially Absorbed
CAS-0374,DIS-0374,SHP-00623,SHP-04060,SHP-00623,1,Warehouse Congestion Transfer,97,0,107,Warehouse Congestion,False,True,Active Cascade
CAS-0374,DIS-0374,SHP-00623,SHP-04060,SHP-00623,1,Departure Delay,0,0,107,Warehouse Congestion,False,True,Active Cascade
CAS-0374,DIS-0374,SHP-00623,SHP-04060,SHP-00623,1,Customer Delivery Risk,0,0,107,Warehouse Congestion,False,True,Partially Absorbed
CAS-0374,DIS-0374,SHP-00623,SHP-09721,SHP-00623,1,Warehouse Congestion Transfer,77,0,86,Warehouse Congestion,False,True,Active Cascade
CAS-0374,DIS-0374,SHP-00623,SHP-09721,SHP-00623,1,Departure Delay,0,0,86,Warehouse Congestion,False,True,Active Cascade
CAS-0374,DIS-0374,SHP-00623,SHP-09721,SHP-00623,1,Customer Delivery Risk,0,0,86,Warehouse Congestion,False,True,Partially Absorbed
CAS-0375,DIS-0375,SHP-10627,SHP-10627,,0,Root Disruption,169,0,175,Vehicle Breakdown,True,False,Active Cascade
CAS-0375,DIS-0375,SHP-10627,SHP-10627,,0,Dispatch Delay,0,169,175,Vehicle Breakdown,True,False,Active Cascade
CAS-0375,DIS-0375,SHP-10627,SHP-10627,,0,Customer Delivery Risk,0,169,175,Vehicle Breakdown,True,False,Severe Delay Breached
CAS-0375,DIS-0375,SHP-10627,SHP-11723,SHP-10627,1,Route Connection,0,90,94,Vehicle Breakdown,False,True,Active Cascade
CAS-0375,DIS-0375,SHP-10627,SHP-11723,SHP-10627,1,Departure Delay,0,90,94,Vehicle Breakdown,False,True,Active Cascade
CAS-0375,DIS-0375,SHP-10627,SHP-11723,SHP-10627,1,Customer Delivery Risk,0,90,94,Vehicle Breakdown,False,True,Partially Absorbed
CAS-0376,DIS-0376,SHP-02879,SHP-02879,,0,Root Disruption,135,0,144,State Border Checkpoint Hold,True,False,Active Cascade
CAS-0376,DIS-0376,SHP-02879,SHP-02879,,0,Dispatch Delay,0,135,144,State Border Checkpoint Hold,True,False,Active Cascade
CAS-0376,DIS-0376,SHP-02879,SHP-02879,,0,Customer Delivery Risk,0,135,144,State Border Checkpoint Hold,True,False,Severe Delay Breached
CAS-0376,DIS-0376,SHP-02879,SHP-05690,SHP-02879,1,Warehouse Congestion Transfer,54,0,51,Warehouse Congestion,False,True,Active Cascade
CAS-0376,DIS-0376,SHP-02879,SHP-05690,SHP-02879,1,Departure Delay,0,0,51,Warehouse Congestion,False,True,Active Cascade
CAS-0376,DIS-0376,SHP-02879,SHP-05690,SHP-02879,1,Customer Delivery Risk,0,0,51,Warehouse Congestion,False,True,Partially Absorbed
CAS-0376,DIS-0376,SHP-02879,SHP-13334,SHP-02879,1,Warehouse Congestion Transfer,76,0,83,Warehouse Congestion,False,True,Active Cascade
CAS-0376,DIS-0376,SHP-02879,SHP-13334,SHP-02879,1,Departure Delay,0,0,83,Warehouse Congestion,False,True,Active Cascade
CAS-0376,DIS-0376,SHP-02879,SHP-13334,SHP-02879,1,Customer Delivery Risk,0,0,83,Warehouse Congestion,False,True,Partially Absorbed
CAS-0376,DIS-0376,SHP-02879,SHP-07200,SHP-02879,1,Warehouse Congestion Transfer,105,0,110,Warehouse Congestion,False,True,Active Cascade
CAS-0376,DIS-0376,SHP-02879,SHP-07200,SHP-02879,1,Departure Delay,0,0,110,Warehouse Congestion,False,True,Active Cascade
CAS-0376,DIS-0376,SHP-02879,SHP-07200,SHP-02879,1,Customer Delivery Risk,0,0,110,Warehouse Congestion,False,True,Partially Absorbed
CAS-0376,DIS-0376,SHP-02879,SHP-05868,SHP-02879,1,Warehouse Congestion Transfer,65,0,70,Warehouse Congestion,False,True,Active Cascade
CAS-0376,DIS-0376,SHP-02879,SHP-05868,SHP-02879,1,Departure Delay,0,0,70,Warehouse Congestion,False,True,Active Cascade
CAS-0376,DIS-0376,SHP-02879,SHP-05868,SHP-02879,1,Customer Delivery Risk,0,0,70,Warehouse Congestion,False,True,Partially Absorbed
CAS-0377,DIS-0377,SHP-04122,SHP-04122,,0,Root Disruption,73,0,77,State Border Checkpoint Hold,True,False,Active Cascade
CAS-0377,DIS-0377,SHP-04122,SHP-04122,,0,Dispatch Delay,0,73,77,State Border Checkpoint Hold,True,False,Active Cascade
CAS-0377,DIS-0377,SHP-04122,SHP-04122,,0,Customer Delivery Risk,0,73,77,State Border Checkpoint Hold,True,False,Partially Absorbed
CAS-0377,DIS-0377,SHP-04122,SHP-07894,SHP-04122,1,Route Connection,0,53,63,State Border Checkpoint Hold,False,True,Active Cascade
CAS-0377,DIS-0377,SHP-04122,SHP-07894,SHP-04122,1,Departure Delay,0,53,63,State Border Checkpoint Hold,False,True,Active Cascade
CAS-0377,DIS-0377,SHP-04122,SHP-07894,SHP-04122,1,Customer Delivery Risk,0,53,63,State Border Checkpoint Hold,False,True,Partially Absorbed
CAS-0378,DIS-0378,SHP-13349,SHP-13349,,0,Root Disruption,96,0,104,Equipment Failure,True,False,Active Cascade
CAS-0378,DIS-0378,SHP-13349,SHP-13349,,0,Dispatch Delay,0,96,104,Equipment Failure,True,False,Active Cascade
CAS-0378,DIS-0378,SHP-13349,SHP-13349,,0,Customer Delivery Risk,0,96,104,Equipment Failure,True,False,Partially Absorbed
CAS-0378,DIS-0378,SHP-13349,SHP-13232,SHP-13349,1,Waiting for Inbound Shipment,0,20,29,Equipment Failure,False,True,Active Cascade
CAS-0378,DIS-0378,SHP-13349,SHP-13232,SHP-13349,1,Departure Delay,0,20,29,Equipment Failure,False,True,Active Cascade
CAS-0378,DIS-0378,SHP-13349,SHP-13232,SHP-13349,1,Customer Delivery Risk,0,20,29,Equipment Failure,False,True,Partially Absorbed
CAS-0379,DIS-0379,SHP-13695,SHP-13695,,0,Root Disruption,123,0,124,State Border Checkpoint Hold,True,False,Active Cascade
CAS-0379,DIS-0379,SHP-13695,SHP-13695,,0,Dispatch Delay,0,123,124,State Border Checkpoint Hold,True,False,Active Cascade
CAS-0379,DIS-0379,SHP-13695,SHP-13695,,0,Customer Delivery Risk,0,123,124,State Border Checkpoint Hold,True,False,Severe Delay Breached
CAS-0379,DIS-0379,SHP-13695,SHP-02744,SHP-13695,1,Cross-Dock Transfer,0,89,86,State Border Checkpoint Hold,False,True,Active Cascade
CAS-0379,DIS-0379,SHP-13695,SHP-02744,SHP-13695,1,Departure Delay,0,89,86,State Border Checkpoint Hold,False,True,Active Cascade
CAS-0379,DIS-0379,SHP-13695,SHP-02744,SHP-13695,1,Customer Delivery Risk,0,89,86,State Border Checkpoint Hold,False,True,Partially Absorbed
CAS-0379,DIS-0379,SHP-13695,SHP-07556,SHP-13695,1,Cross-Dock Transfer,0,54,50,State Border Checkpoint Hold,False,True,Active Cascade
CAS-0379,DIS-0379,SHP-13695,SHP-07556,SHP-13695,1,Departure Delay,0,54,50,State Border Checkpoint Hold,False,True,Active Cascade
CAS-0379,DIS-0379,SHP-13695,SHP-07556,SHP-13695,1,Customer Delivery Risk,0,54,50,State Border Checkpoint Hold,False,True,Partially Absorbed
CAS-0379,DIS-0379,SHP-13695,SHP-00341,SHP-13695,1,Cross-Dock Transfer,0,47,46,State Border Checkpoint Hold,False,True,Active Cascade
CAS-0379,DIS-0379,SHP-13695,SHP-00341,SHP-13695,1,Departure Delay,0,47,46,State Border Checkpoint Hold,False,True,Active Cascade
CAS-0379,DIS-0379,SHP-13695,SHP-00341,SHP-13695,1,Customer Delivery Risk,0,47,46,State Border Checkpoint Hold,False,True,Partially Absorbed
CAS-0380,DIS-0380,SHP-08437,SHP-08437,,0,Root Disruption,225,0,223,Warehouse Congestion,True,False,Active Cascade
CAS-0380,DIS-0380,SHP-08437,SHP-08437,,0,Dispatch Delay,0,225,223,Warehouse Congestion,True,False,Active Cascade
CAS-0380,DIS-0380,SHP-08437,SHP-08437,,0,Customer Delivery Risk,0,225,223,Warehouse Congestion,True,False,Severe Delay Breached
CAS-0380,DIS-0380,SHP-08437,SHP-12067,SHP-08437,1,Cross-Dock Transfer,0,178,179,Warehouse Congestion,False,True,Active Cascade
CAS-0380,DIS-0380,SHP-08437,SHP-12067,SHP-08437,1,Departure Delay,0,178,179,Warehouse Congestion,False,True,Active Cascade
CAS-0380,DIS-0380,SHP-08437,SHP-12067,SHP-08437,1,Customer Delivery Risk,0,178,179,Warehouse Congestion,False,True,Severe Delay Breached
CAS-0380,DIS-0380,SHP-08437,SHP-03318,SHP-08437,1,Cross-Dock Transfer,0,101,105,Warehouse Congestion,False,True,Active Cascade
CAS-0380,DIS-0380,SHP-08437,SHP-03318,SHP-08437,1,Departure Delay,0,101,105,Warehouse Congestion,False,True,Active Cascade
CAS-0380,DIS-0380,SHP-08437,SHP-03318,SHP-08437,1,Customer Delivery Risk,0,101,105,Warehouse Congestion,False,True,Partially Absorbed
CAS-0381,DIS-0381,SHP-08703,SHP-08703,,0,Root Disruption,145,0,151,State Border Checkpoint Hold,True,False,Active Cascade
CAS-0381,DIS-0381,SHP-08703,SHP-08703,,0,Dispatch Delay,0,145,151,State Border Checkpoint Hold,True,False,Active Cascade
CAS-0381,DIS-0381,SHP-08703,SHP-08703,,0,Customer Delivery Risk,0,145,151,State Border Checkpoint Hold,True,False,Severe Delay Breached
CAS-0381,DIS-0381,SHP-08703,SHP-13063,SHP-08703,1,Warehouse Congestion Transfer,106,0,103,Warehouse Congestion,False,True,Active Cascade
CAS-0381,DIS-0381,SHP-08703,SHP-13063,SHP-08703,1,Departure Delay,0,0,103,Warehouse Congestion,False,True,Active Cascade
CAS-0381,DIS-0381,SHP-08703,SHP-13063,SHP-08703,1,Customer Delivery Risk,0,0,103,Warehouse Congestion,False,True,Partially Absorbed
CAS-0381,DIS-0381,SHP-08703,SHP-03163,SHP-08703,1,Warehouse Congestion Transfer,81,0,86,Warehouse Congestion,False,True,Active Cascade
CAS-0381,DIS-0381,SHP-08703,SHP-03163,SHP-08703,1,Departure Delay,0,0,86,Warehouse Congestion,False,True,Active Cascade
CAS-0381,DIS-0381,SHP-08703,SHP-03163,SHP-08703,1,Customer Delivery Risk,0,0,86,Warehouse Congestion,False,True,Partially Absorbed
CAS-0382,DIS-0382,SHP-05222,SHP-05222,,0,Root Disruption,161,0,159,Equipment Failure,True,False,Active Cascade
CAS-0382,DIS-0382,SHP-05222,SHP-05222,,0,Dispatch Delay,0,161,159,Equipment Failure,True,False,Active Cascade
CAS-0382,DIS-0382,SHP-05222,SHP-05222,,0,Customer Delivery Risk,0,161,159,Equipment Failure,True,False,Severe Delay Breached
CAS-0382,DIS-0382,SHP-05222,SHP-03363,SHP-05222,1,Route Connection,0,67,62,Equipment Failure,False,True,Active Cascade
CAS-0382,DIS-0382,SHP-05222,SHP-03363,SHP-05222,1,Departure Delay,0,67,62,Equipment Failure,False,True,Active Cascade
CAS-0382,DIS-0382,SHP-05222,SHP-03363,SHP-05222,1,Customer Delivery Risk,0,67,62,Equipment Failure,False,True,Partially Absorbed
CAS-0383,DIS-0383,SHP-11397,SHP-11397,,0,Root Disruption,272,0,280,Vehicle Breakdown,True,False,Active Cascade
CAS-0383,DIS-0383,SHP-11397,SHP-11397,,0,Dispatch Delay,0,272,280,Vehicle Breakdown,True,False,Active Cascade
CAS-0383,DIS-0383,SHP-11397,SHP-11397,,0,Customer Delivery Risk,0,272,280,Vehicle Breakdown,True,False,Severe Delay Breached
CAS-0383,DIS-0383,SHP-11397,SHP-01210,SHP-11397,1,Cross-Dock Transfer,0,184,189,Vehicle Breakdown,False,True,Active Cascade
CAS-0383,DIS-0383,SHP-11397,SHP-01210,SHP-11397,1,Departure Delay,0,184,189,Vehicle Breakdown,False,True,Active Cascade
CAS-0383,DIS-0383,SHP-11397,SHP-01210,SHP-11397,1,Customer Delivery Risk,0,184,189,Vehicle Breakdown,False,True,Severe Delay Breached
CAS-0383,DIS-0383,SHP-11397,SHP-05029,SHP-11397,1,Cross-Dock Transfer,0,180,187,Vehicle Breakdown,False,True,Active Cascade
CAS-0383,DIS-0383,SHP-11397,SHP-05029,SHP-11397,1,Departure Delay,0,180,187,Vehicle Breakdown,False,True,Active Cascade
CAS-0383,DIS-0383,SHP-11397,SHP-05029,SHP-11397,1,Customer Delivery Risk,0,180,187,Vehicle Breakdown,False,True,Severe Delay Breached
CAS-0383,DIS-0383,SHP-11397,SHP-09662,SHP-11397,1,Cross-Dock Transfer,0,154,151,Vehicle Breakdown,False,True,Active Cascade
CAS-0383,DIS-0383,SHP-11397,SHP-09662,SHP-11397,1,Departure Delay,0,154,151,Vehicle Breakdown,False,True,Active Cascade
CAS-0383,DIS-0383,SHP-11397,SHP-09662,SHP-11397,1,Customer Delivery Risk,0,154,151,Vehicle Breakdown,False,True,Severe Delay Breached
CAS-0384,DIS-0384,SHP-09828,SHP-09828,,0,Root Disruption,81,0,79,State Border Checkpoint Hold,True,False,Active Cascade
CAS-0384,DIS-0384,SHP-09828,SHP-09828,,0,Dispatch Delay,0,81,79,State Border Checkpoint Hold,True,False,Active Cascade
CAS-0384,DIS-0384,SHP-09828,SHP-09828,,0,Customer Delivery Risk,0,81,79,State Border Checkpoint Hold,True,False,Partially Absorbed
CAS-0384,DIS-0384,SHP-09828,SHP-01864,SHP-09828,1,Cross-Dock Transfer,0,47,57,State Border Checkpoint Hold,False,True,Active Cascade
CAS-0384,DIS-0384,SHP-09828,SHP-01864,SHP-09828,1,Departure Delay,0,47,57,State Border Checkpoint Hold,False,True,Active Cascade
CAS-0384,DIS-0384,SHP-09828,SHP-01864,SHP-09828,1,Customer Delivery Risk,0,47,57,State Border Checkpoint Hold,False,True,Partially Absorbed
CAS-0384,DIS-0384,SHP-09828,SHP-02231,SHP-09828,1,Cross-Dock Transfer,0,47,44,State Border Checkpoint Hold,False,True,Active Cascade
CAS-0384,DIS-0384,SHP-09828,SHP-02231,SHP-09828,1,Departure Delay,0,47,44,State Border Checkpoint Hold,False,True,Active Cascade
CAS-0384,DIS-0384,SHP-09828,SHP-02231,SHP-09828,1,Customer Delivery Risk,0,47,44,State Border Checkpoint Hold,False,True,Partially Absorbed
CAS-0385,DIS-0385,SHP-12318,SHP-12318,,0,Root Disruption,184,0,189,Vehicle Breakdown,True,False,Active Cascade
CAS-0385,DIS-0385,SHP-12318,SHP-12318,,0,Dispatch Delay,0,184,189,Vehicle Breakdown,True,False,Active Cascade
CAS-0385,DIS-0385,SHP-12318,SHP-12318,,0,Customer Delivery Risk,0,184,189,Vehicle Breakdown,True,False,Severe Delay Breached
CAS-0385,DIS-0385,SHP-12318,SHP-03562,SHP-12318,1,Cross-Dock Transfer,0,76,84,Vehicle Breakdown,False,True,Active Cascade
CAS-0385,DIS-0385,SHP-12318,SHP-03562,SHP-12318,1,Departure Delay,0,76,84,Vehicle Breakdown,False,True,Active Cascade
CAS-0385,DIS-0385,SHP-12318,SHP-03562,SHP-12318,1,Customer Delivery Risk,0,76,84,Vehicle Breakdown,False,True,Partially Absorbed
CAS-0385,DIS-0385,SHP-12318,SHP-07615,SHP-12318,1,Cross-Dock Transfer,0,16,18,Vehicle Breakdown,False,True,Active Cascade
CAS-0385,DIS-0385,SHP-12318,SHP-07615,SHP-12318,1,Departure Delay,0,16,18,Vehicle Breakdown,False,True,Active Cascade
CAS-0385,DIS-0385,SHP-12318,SHP-07615,SHP-12318,1,Customer Delivery Risk,0,16,18,Vehicle Breakdown,False,True,Partially Absorbed
CAS-0386,DIS-0386,SHP-02699,SHP-02699,,0,Root Disruption,140,0,135,Warehouse Congestion,True,False,Active Cascade
CAS-0386,DIS-0386,SHP-02699,SHP-02699,,0,Dispatch Delay,0,140,135,Warehouse Congestion,True,False,Active Cascade
CAS-0386,DIS-0386,SHP-02699,SHP-02699,,0,Customer Delivery Risk,0,140,135,Warehouse Congestion,True,False,Severe Delay Breached
CAS-0386,DIS-0386,SHP-02699,SHP-01862,SHP-02699,1,Route Connection,0,20,17,Warehouse Congestion,False,True,Active Cascade
CAS-0386,DIS-0386,SHP-02699,SHP-01862,SHP-02699,1,Departure Delay,0,20,17,Warehouse Congestion,False,True,Active Cascade
CAS-0386,DIS-0386,SHP-02699,SHP-01862,SHP-02699,1,Customer Delivery Risk,0,20,17,Warehouse Congestion,False,True,Partially Absorbed
CAS-0387,DIS-0387,SHP-11855,SHP-11855,,0,Root Disruption,73,0,76,State Border Checkpoint Hold,True,False,Active Cascade
CAS-0387,DIS-0387,SHP-11855,SHP-11855,,0,Dispatch Delay,0,73,76,State Border Checkpoint Hold,True,False,Active Cascade
CAS-0387,DIS-0387,SHP-11855,SHP-11855,,0,Customer Delivery Risk,0,73,76,State Border Checkpoint Hold,True,False,Partially Absorbed
CAS-0387,DIS-0387,SHP-11855,SHP-04393,SHP-11855,1,Shared Vehicle Turnaround,0,70,67,Vehicle Breakdown,False,True,Active Cascade
CAS-0387,DIS-0387,SHP-11855,SHP-04393,SHP-11855,1,Departure Delay,0,70,67,Vehicle Breakdown,False,True,Active Cascade
CAS-0387,DIS-0387,SHP-11855,SHP-04393,SHP-11855,1,Customer Delivery Risk,0,70,67,Vehicle Breakdown,False,True,Partially Absorbed
CAS-0388,DIS-0388,SHP-11261,SHP-11261,,0,Root Disruption,233,0,234,Vehicle Breakdown,True,False,Active Cascade
CAS-0388,DIS-0388,SHP-11261,SHP-11261,,0,Dispatch Delay,0,233,234,Vehicle Breakdown,True,False,Active Cascade
CAS-0388,DIS-0388,SHP-11261,SHP-11261,,0,Customer Delivery Risk,0,233,234,Vehicle Breakdown,True,False,Severe Delay Breached
CAS-0388,DIS-0388,SHP-11261,SHP-02707,SHP-11261,1,Route Connection,0,169,178,Vehicle Breakdown,False,True,Active Cascade
CAS-0388,DIS-0388,SHP-11261,SHP-02707,SHP-11261,1,Departure Delay,0,169,178,Vehicle Breakdown,False,True,Active Cascade
CAS-0388,DIS-0388,SHP-11261,SHP-02707,SHP-11261,1,Customer Delivery Risk,0,169,178,Vehicle Breakdown,False,True,Severe Delay Breached
CAS-0388,DIS-0388,SHP-11261,SHP-05598,SHP-02707,2,Warehouse Transfer,0,126,128,Vehicle Breakdown,False,True,Active Cascade
CAS-0388,DIS-0388,SHP-11261,SHP-05598,SHP-02707,2,Departure Delay,0,126,128,Vehicle Breakdown,False,True,Active Cascade
CAS-0388,DIS-0388,SHP-11261,SHP-05598,SHP-02707,2,Customer Delivery Risk,0,126,128,Vehicle Breakdown,False,True,Severe Delay Breached
CAS-0388,DIS-0388,SHP-11261,SHP-08818,SHP-05598,3,Route Connection,0,16,11,Vehicle Breakdown,False,True,Active Cascade
CAS-0388,DIS-0388,SHP-11261,SHP-08818,SHP-05598,3,Departure Delay,0,16,11,Vehicle Breakdown,False,True,Active Cascade
CAS-0388,DIS-0388,SHP-11261,SHP-08818,SHP-05598,3,Customer Delivery Risk,0,16,11,Vehicle Breakdown,False,True,Partially Absorbed
CAS-0388,DIS-0388,SHP-11261,SHP-08088,SHP-02707,2,Warehouse Transfer,0,16,25,Vehicle Breakdown,False,True,Active Cascade
CAS-0388,DIS-0388,SHP-11261,SHP-08088,SHP-02707,2,Departure Delay,0,16,25,Vehicle Breakdown,False,True,Active Cascade
CAS-0388,DIS-0388,SHP-11261,SHP-08088,SHP-02707,2,Customer Delivery Risk,0,16,25,Vehicle Breakdown,False,True,Partially Absorbed
CAS-0389,DIS-0389,SHP-13388,SHP-13388,,0,Root Disruption,239,0,244,Vehicle Breakdown,True,False,Active Cascade
CAS-0389,DIS-0389,SHP-13388,SHP-13388,,0,Dispatch Delay,0,239,244,Vehicle Breakdown,True,False,Active Cascade
CAS-0389,DIS-0389,SHP-13388,SHP-13388,,0,Customer Delivery Risk,0,239,244,Vehicle Breakdown,True,False,Severe Delay Breached
CAS-0389,DIS-0389,SHP-13388,SHP-06336,SHP-13388,1,Waiting for Inbound Shipment,0,20,17,Vehicle Breakdown,False,True,Active Cascade
CAS-0389,DIS-0389,SHP-13388,SHP-06336,SHP-13388,1,Departure Delay,0,20,17,Vehicle Breakdown,False,True,Active Cascade
CAS-0389,DIS-0389,SHP-13388,SHP-06336,SHP-13388,1,Customer Delivery Risk,0,20,17,Vehicle Breakdown,False,True,Partially Absorbed
CAS-0390,DIS-0390,SHP-13584,SHP-13584,,0,Root Disruption,172,0,169,Severe Weather,True,False,Active Cascade
CAS-0390,DIS-0390,SHP-13584,SHP-13584,,0,Dispatch Delay,0,172,169,Severe Weather,True,False,Active Cascade
CAS-0390,DIS-0390,SHP-13584,SHP-13584,,0,Customer Delivery Risk,0,172,169,Severe Weather,True,False,Severe Delay Breached
CAS-0390,DIS-0390,SHP-13584,SHP-05936,SHP-13584,1,Waiting for Inbound Shipment,0,20,19,Severe Weather,False,True,Active Cascade
CAS-0390,DIS-0390,SHP-13584,SHP-05936,SHP-13584,1,Departure Delay,0,20,19,Severe Weather,False,True,Active Cascade
CAS-0390,DIS-0390,SHP-13584,SHP-05936,SHP-13584,1,Customer Delivery Risk,0,20,19,Severe Weather,False,True,Partially Absorbed
CAS-0390,DIS-0390,SHP-13584,SHP-12549,SHP-05936,2,Warehouse Transfer,0,16,15,Severe Weather,False,True,Active Cascade
CAS-0390,DIS-0390,SHP-13584,SHP-12549,SHP-05936,2,Departure Delay,0,16,15,Severe Weather,False,True,Active Cascade
CAS-0390,DIS-0390,SHP-13584,SHP-12549,SHP-05936,2,Customer Delivery Risk,0,16,15,Severe Weather,False,True,Partially Absorbed
CAS-0391,DIS-0391,SHP-09409,SHP-09409,,0,Root Disruption,212,0,218,Severe Weather,True,False,Active Cascade
CAS-0391,DIS-0391,SHP-09409,SHP-09409,,0,Dispatch Delay,0,212,218,Severe Weather,True,False,Active Cascade
CAS-0391,DIS-0391,SHP-09409,SHP-09409,,0,Customer Delivery Risk,0,212,218,Severe Weather,True,False,Severe Delay Breached
CAS-0391,DIS-0391,SHP-09409,SHP-07479,SHP-09409,1,Waiting for Inbound Shipment,0,20,30,Severe Weather,False,True,Active Cascade
CAS-0391,DIS-0391,SHP-09409,SHP-07479,SHP-09409,1,Departure Delay,0,20,30,Severe Weather,False,True,Active Cascade
CAS-0391,DIS-0391,SHP-09409,SHP-07479,SHP-09409,1,Customer Delivery Risk,0,20,30,Severe Weather,False,True,Partially Absorbed
CAS-0391,DIS-0391,SHP-09409,SHP-07403,SHP-07479,2,Warehouse Transfer,0,16,14,Severe Weather,False,True,Active Cascade
CAS-0391,DIS-0391,SHP-09409,SHP-07403,SHP-07479,2,Departure Delay,0,16,14,Severe Weather,False,True,Active Cascade
CAS-0391,DIS-0391,SHP-09409,SHP-07403,SHP-07479,2,Customer Delivery Risk,0,16,14,Severe Weather,False,True,Partially Absorbed
CAS-0392,DIS-0392,SHP-11812,SHP-11812,,0,Root Disruption,60,0,59,State Border Checkpoint Hold,True,False,Active Cascade
CAS-0392,DIS-0392,SHP-11812,SHP-11812,,0,Dispatch Delay,0,60,59,State Border Checkpoint Hold,True,False,Active Cascade
CAS-0392,DIS-0392,SHP-11812,SHP-11812,,0,Customer Delivery Risk,0,60,59,State Border Checkpoint Hold,True,False,Partially Absorbed
CAS-0392,DIS-0392,SHP-11812,SHP-05202,SHP-11812,1,Cross-Dock Transfer,0,38,38,State Border Checkpoint Hold,False,True,Active Cascade
CAS-0392,DIS-0392,SHP-11812,SHP-05202,SHP-11812,1,Departure Delay,0,38,38,State Border Checkpoint Hold,False,True,Active Cascade
CAS-0392,DIS-0392,SHP-11812,SHP-05202,SHP-11812,1,Customer Delivery Risk,0,38,38,State Border Checkpoint Hold,False,True,Partially Absorbed
CAS-0392,DIS-0392,SHP-11812,SHP-13376,SHP-11812,1,Cross-Dock Transfer,0,38,43,State Border Checkpoint Hold,False,True,Active Cascade
CAS-0392,DIS-0392,SHP-11812,SHP-13376,SHP-11812,1,Departure Delay,0,38,43,State Border Checkpoint Hold,False,True,Active Cascade
CAS-0392,DIS-0392,SHP-11812,SHP-13376,SHP-11812,1,Customer Delivery Risk,0,38,43,State Border Checkpoint Hold,False,True,Partially Absorbed
CAS-0393,DIS-0393,SHP-06826,SHP-06826,,0,Root Disruption,145,0,148,Road Closure,True,False,Active Cascade
CAS-0393,DIS-0393,SHP-06826,SHP-06826,,0,Dispatch Delay,0,145,148,Road Closure,True,False,Active Cascade
CAS-0393,DIS-0393,SHP-06826,SHP-06826,,0,Customer Delivery Risk,0,145,148,Road Closure,True,False,Severe Delay Breached
CAS-0393,DIS-0393,SHP-06826,SHP-01374,SHP-06826,1,Route Connection,0,79,81,Road Closure,False,True,Active Cascade
CAS-0393,DIS-0393,SHP-06826,SHP-01374,SHP-06826,1,Departure Delay,0,79,81,Road Closure,False,True,Active Cascade
CAS-0393,DIS-0393,SHP-06826,SHP-01374,SHP-06826,1,Customer Delivery Risk,0,79,81,Road Closure,False,True,Partially Absorbed
CAS-0394,DIS-0394,SHP-01970,SHP-01970,,0,Root Disruption,143,0,146,Equipment Failure,True,False,Active Cascade
CAS-0394,DIS-0394,SHP-01970,SHP-01970,,0,Dispatch Delay,0,143,146,Equipment Failure,True,False,Active Cascade
CAS-0394,DIS-0394,SHP-01970,SHP-01970,,0,Customer Delivery Risk,0,143,146,Equipment Failure,True,False,Severe Delay Breached
CAS-0394,DIS-0394,SHP-01970,SHP-08131,SHP-01970,1,Waiting for Inbound Shipment,0,20,27,Equipment Failure,False,True,Active Cascade
CAS-0394,DIS-0394,SHP-01970,SHP-08131,SHP-01970,1,Departure Delay,0,20,27,Equipment Failure,False,True,Active Cascade
CAS-0394,DIS-0394,SHP-01970,SHP-08131,SHP-01970,1,Customer Delivery Risk,0,20,27,Equipment Failure,False,True,Partially Absorbed
CAS-0395,DIS-0395,SHP-09316,SHP-09316,,0,Root Disruption,154,0,155,Road Closure,True,False,Active Cascade
CAS-0395,DIS-0395,SHP-09316,SHP-09316,,0,Dispatch Delay,0,154,155,Road Closure,True,False,Active Cascade
CAS-0395,DIS-0395,SHP-09316,SHP-09316,,0,Customer Delivery Risk,0,154,155,Road Closure,True,False,Severe Delay Breached
CAS-0395,DIS-0395,SHP-09316,SHP-05216,SHP-09316,1,Waiting for Inbound Shipment,0,95,105,Road Closure,False,True,Active Cascade
CAS-0395,DIS-0395,SHP-09316,SHP-05216,SHP-09316,1,Departure Delay,0,95,105,Road Closure,False,True,Active Cascade
CAS-0395,DIS-0395,SHP-09316,SHP-05216,SHP-09316,1,Customer Delivery Risk,0,95,105,Road Closure,False,True,Partially Absorbed
CAS-0395,DIS-0395,SHP-09316,SHP-05918,SHP-05216,2,Warehouse Transfer,0,16,17,Road Closure,False,True,Active Cascade
CAS-0395,DIS-0395,SHP-09316,SHP-05918,SHP-05216,2,Departure Delay,0,16,17,Road Closure,False,True,Active Cascade
CAS-0395,DIS-0395,SHP-09316,SHP-05918,SHP-05216,2,Customer Delivery Risk,0,16,17,Road Closure,False,True,Partially Absorbed
CAS-0396,DIS-0396,SHP-10910,SHP-10910,,0,Root Disruption,122,0,120,Equipment Failure,True,False,Active Cascade
CAS-0396,DIS-0396,SHP-10910,SHP-10910,,0,Dispatch Delay,0,122,120,Equipment Failure,True,False,Active Cascade
CAS-0396,DIS-0396,SHP-10910,SHP-10910,,0,Customer Delivery Risk,0,122,120,Equipment Failure,True,False,Partially Absorbed
CAS-0396,DIS-0396,SHP-10910,SHP-04955,SHP-10910,1,Route Connection,0,20,28,Equipment Failure,False,True,Active Cascade
CAS-0396,DIS-0396,SHP-10910,SHP-04955,SHP-10910,1,Departure Delay,0,20,28,Equipment Failure,False,True,Active Cascade
CAS-0396,DIS-0396,SHP-10910,SHP-04955,SHP-10910,1,Customer Delivery Risk,0,20,28,Equipment Failure,False,True,Partially Absorbed
CAS-0397,DIS-0397,SHP-05979,SHP-05979,,0,Root Disruption,74,0,69,Equipment Failure,True,False,Active Cascade
CAS-0397,DIS-0397,SHP-05979,SHP-05979,,0,Dispatch Delay,0,74,69,Equipment Failure,True,False,Active Cascade
CAS-0397,DIS-0397,SHP-05979,SHP-05979,,0,Customer Delivery Risk,0,74,69,Equipment Failure,True,False,Partially Absorbed
CAS-0397,DIS-0397,SHP-05979,SHP-03239,SHP-05979,1,Cross-Dock Transfer,0,16,15,Equipment Failure,False,True,Active Cascade
CAS-0397,DIS-0397,SHP-05979,SHP-03239,SHP-05979,1,Departure Delay,0,16,15,Equipment Failure,False,True,Active Cascade
CAS-0397,DIS-0397,SHP-05979,SHP-03239,SHP-05979,1,Customer Delivery Risk,0,16,15,Equipment Failure,False,True,Partially Absorbed
CAS-0397,DIS-0397,SHP-05979,SHP-03336,SHP-05979,1,Cross-Dock Transfer,0,16,22,Equipment Failure,False,True,Active Cascade
CAS-0397,DIS-0397,SHP-05979,SHP-03336,SHP-05979,1,Departure Delay,0,16,22,Equipment Failure,False,True,Active Cascade
CAS-0397,DIS-0397,SHP-05979,SHP-03336,SHP-05979,1,Customer Delivery Risk,0,16,22,Equipment Failure,False,True,Partially Absorbed
CAS-0398,DIS-0398,SHP-11272,SHP-11272,,0,Root Disruption,87,0,97,Equipment Failure,True,False,Active Cascade
CAS-0398,DIS-0398,SHP-11272,SHP-11272,,0,Dispatch Delay,0,87,97,Equipment Failure,True,False,Active Cascade
CAS-0398,DIS-0398,SHP-11272,SHP-11272,,0,Customer Delivery Risk,0,87,97,Equipment Failure,True,False,Partially Absorbed
CAS-0398,DIS-0398,SHP-11272,SHP-00452,SHP-11272,1,Route Connection,0,69,77,Equipment Failure,False,True,Active Cascade
CAS-0398,DIS-0398,SHP-11272,SHP-00452,SHP-11272,1,Departure Delay,0,69,77,Equipment Failure,False,True,Active Cascade
CAS-0398,DIS-0398,SHP-11272,SHP-00452,SHP-11272,1,Customer Delivery Risk,0,69,77,Equipment Failure,False,True,Partially Absorbed
CAS-0398,DIS-0398,SHP-11272,SHP-03268,SHP-00452,2,Warehouse Transfer,0,16,12,Equipment Failure,False,True,Active Cascade
CAS-0398,DIS-0398,SHP-11272,SHP-03268,SHP-00452,2,Departure Delay,0,16,12,Equipment Failure,False,True,Active Cascade
CAS-0398,DIS-0398,SHP-11272,SHP-03268,SHP-00452,2,Customer Delivery Risk,0,16,12,Equipment Failure,False,True,Partially Absorbed
CAS-0398,DIS-0398,SHP-11272,SHP-08769,SHP-03268,3,Route Connection,0,16,21,Equipment Failure,False,True,Active Cascade
CAS-0398,DIS-0398,SHP-11272,SHP-08769,SHP-03268,3,Departure Delay,0,16,21,Equipment Failure,False,True,Active Cascade
CAS-0398,DIS-0398,SHP-11272,SHP-08769,SHP-03268,3,Customer Delivery Risk,0,16,21,Equipment Failure,False,True,Partially Absorbed
CAS-0398,DIS-0398,SHP-11272,SHP-09242,SHP-00452,2,Warehouse Transfer,0,16,25,Equipment Failure,False,True,Active Cascade
CAS-0398,DIS-0398,SHP-11272,SHP-09242,SHP-00452,2,Departure Delay,0,16,25,Equipment Failure,False,True,Active Cascade
CAS-0398,DIS-0398,SHP-11272,SHP-09242,SHP-00452,2,Customer Delivery Risk,0,16,25,Equipment Failure,False,True,Partially Absorbed
CAS-0399,DIS-0399,SHP-09677,SHP-09677,,0,Root Disruption,146,0,153,Vehicle Breakdown,True,False,Active Cascade
CAS-0399,DIS-0399,SHP-09677,SHP-09677,,0,Dispatch Delay,0,146,153,Vehicle Breakdown,True,False,Active Cascade
CAS-0399,DIS-0399,SHP-09677,SHP-09677,,0,Customer Delivery Risk,0,146,153,Vehicle Breakdown,True,False,Severe Delay Breached
CAS-0399,DIS-0399,SHP-09677,SHP-13191,SHP-09677,1,Route Connection,0,20,20,Vehicle Breakdown,False,True,Active Cascade
CAS-0399,DIS-0399,SHP-09677,SHP-13191,SHP-09677,1,Departure Delay,0,20,20,Vehicle Breakdown,False,True,Active Cascade
CAS-0399,DIS-0399,SHP-09677,SHP-13191,SHP-09677,1,Customer Delivery Risk,0,20,20,Vehicle Breakdown,False,True,Partially Absorbed
CAS-0400,DIS-0400,SHP-07196,SHP-07196,,0,Root Disruption,107,0,110,State Border Checkpoint Hold,True,False,Active Cascade
CAS-0400,DIS-0400,SHP-07196,SHP-07196,,0,Dispatch Delay,0,107,110,State Border Checkpoint Hold,True,False,Active Cascade
CAS-0400,DIS-0400,SHP-07196,SHP-07196,,0,Customer Delivery Risk,0,107,110,State Border Checkpoint Hold,True,False,Partially Absorbed
CAS-0400,DIS-0400,SHP-07196,SHP-13403,SHP-07196,1,Route Connection,0,84,88,State Border Checkpoint Hold,False,True,Active Cascade
CAS-0400,DIS-0400,SHP-07196,SHP-13403,SHP-07196,1,Departure Delay,0,84,88,State Border Checkpoint Hold,False,True,Active Cascade
CAS-0400,DIS-0400,SHP-07196,SHP-13403,SHP-07196,1,Customer Delivery Risk,0,84,88,State Border Checkpoint Hold,False,True,Partially Absorbed
CAS-0401,DIS-0401,SHP-08495,SHP-08495,,0,Root Disruption,224,0,226,Warehouse Congestion,True,False,Active Cascade
CAS-0401,DIS-0401,SHP-08495,SHP-08495,,0,Dispatch Delay,0,224,226,Warehouse Congestion,True,False,Active Cascade
CAS-0401,DIS-0401,SHP-08495,SHP-08495,,0,Customer Delivery Risk,0,224,226,Warehouse Congestion,True,False,Severe Delay Breached
CAS-0401,DIS-0401,SHP-08495,SHP-11991,SHP-08495,1,Waiting for Inbound Shipment,0,201,209,Warehouse Congestion,False,True,Active Cascade
CAS-0401,DIS-0401,SHP-08495,SHP-11991,SHP-08495,1,Departure Delay,0,201,209,Warehouse Congestion,False,True,Active Cascade
CAS-0401,DIS-0401,SHP-08495,SHP-11991,SHP-08495,1,Customer Delivery Risk,0,201,209,Warehouse Congestion,False,True,Severe Delay Breached
CAS-0401,DIS-0401,SHP-08495,SHP-00320,SHP-11991,2,Warehouse Transfer,0,16,11,Warehouse Congestion,False,True,Active Cascade
CAS-0401,DIS-0401,SHP-08495,SHP-00320,SHP-11991,2,Departure Delay,0,16,11,Warehouse Congestion,False,True,Active Cascade
CAS-0401,DIS-0401,SHP-08495,SHP-00320,SHP-11991,2,Customer Delivery Risk,0,16,11,Warehouse Congestion,False,True,Partially Absorbed
CAS-0402,DIS-0402,SHP-13292,SHP-13292,,0,Root Disruption,131,0,128,Warehouse Congestion,True,False,Active Cascade
CAS-0402,DIS-0402,SHP-13292,SHP-13292,,0,Dispatch Delay,0,131,128,Warehouse Congestion,True,False,Active Cascade
CAS-0402,DIS-0402,SHP-13292,SHP-13292,,0,Customer Delivery Risk,0,131,128,Warehouse Congestion,True,False,Severe Delay Breached
CAS-0402,DIS-0402,SHP-13292,SHP-08499,SHP-13292,1,Waiting for Inbound Shipment,0,95,91,Warehouse Congestion,False,True,Active Cascade
CAS-0402,DIS-0402,SHP-13292,SHP-08499,SHP-13292,1,Departure Delay,0,95,91,Warehouse Congestion,False,True,Active Cascade
CAS-0402,DIS-0402,SHP-13292,SHP-08499,SHP-13292,1,Customer Delivery Risk,0,95,91,Warehouse Congestion,False,True,Partially Absorbed
CAS-0403,DIS-0403,SHP-12113,SHP-12113,,0,Root Disruption,106,0,114,Warehouse Congestion,True,False,Active Cascade
CAS-0403,DIS-0403,SHP-12113,SHP-12113,,0,Dispatch Delay,0,106,114,Warehouse Congestion,True,False,Active Cascade
CAS-0403,DIS-0403,SHP-12113,SHP-12113,,0,Customer Delivery Risk,0,106,114,Warehouse Congestion,True,False,Partially Absorbed
CAS-0403,DIS-0403,SHP-12113,SHP-02349,SHP-12113,1,Shared Vehicle Turnaround,0,97,100,Vehicle Breakdown,False,True,Active Cascade
CAS-0403,DIS-0403,SHP-12113,SHP-02349,SHP-12113,1,Departure Delay,0,97,100,Vehicle Breakdown,False,True,Active Cascade
CAS-0403,DIS-0403,SHP-12113,SHP-02349,SHP-12113,1,Customer Delivery Risk,0,97,100,Vehicle Breakdown,False,True,Partially Absorbed
CAS-0404,DIS-0404,SHP-08334,SHP-08334,,0,Root Disruption,91,0,97,State Border Checkpoint Hold,True,False,Active Cascade
CAS-0404,DIS-0404,SHP-08334,SHP-08334,,0,Dispatch Delay,0,91,97,State Border Checkpoint Hold,True,False,Active Cascade
CAS-0404,DIS-0404,SHP-08334,SHP-08334,,0,Customer Delivery Risk,0,91,97,State Border Checkpoint Hold,True,False,Partially Absorbed
CAS-0404,DIS-0404,SHP-08334,SHP-09484,SHP-08334,1,Route Connection,0,65,60,State Border Checkpoint Hold,False,True,Active Cascade
CAS-0404,DIS-0404,SHP-08334,SHP-09484,SHP-08334,1,Departure Delay,0,65,60,State Border Checkpoint Hold,False,True,Active Cascade
CAS-0404,DIS-0404,SHP-08334,SHP-09484,SHP-08334,1,Customer Delivery Risk,0,65,60,State Border Checkpoint Hold,False,True,Partially Absorbed
CAS-0405,DIS-0405,SHP-04203,SHP-04203,,0,Root Disruption,278,0,276,Vehicle Breakdown,True,False,Active Cascade
CAS-0405,DIS-0405,SHP-04203,SHP-04203,,0,Dispatch Delay,0,278,276,Vehicle Breakdown,True,False,Active Cascade
CAS-0405,DIS-0405,SHP-04203,SHP-04203,,0,Customer Delivery Risk,0,278,276,Vehicle Breakdown,True,False,Severe Delay Breached
CAS-0405,DIS-0405,SHP-04203,SHP-02701,SHP-04203,1,Cross-Dock Transfer,0,16,19,Vehicle Breakdown,False,True,Active Cascade
CAS-0405,DIS-0405,SHP-04203,SHP-02701,SHP-04203,1,Departure Delay,0,16,19,Vehicle Breakdown,False,True,Active Cascade
CAS-0405,DIS-0405,SHP-04203,SHP-02701,SHP-04203,1,Customer Delivery Risk,0,16,19,Vehicle Breakdown,False,True,Partially Absorbed
CAS-0405,DIS-0405,SHP-04203,SHP-08396,SHP-04203,1,Cross-Dock Transfer,0,16,19,Vehicle Breakdown,False,True,Active Cascade
CAS-0405,DIS-0405,SHP-04203,SHP-08396,SHP-04203,1,Departure Delay,0,16,19,Vehicle Breakdown,False,True,Active Cascade
CAS-0405,DIS-0405,SHP-04203,SHP-08396,SHP-04203,1,Customer Delivery Risk,0,16,19,Vehicle Breakdown,False,True,Partially Absorbed
CAS-0406,DIS-0406,SHP-08778,SHP-08778,,0,Root Disruption,195,0,197,Road Closure,True,False,Active Cascade
CAS-0406,DIS-0406,SHP-08778,SHP-08778,,0,Dispatch Delay,0,195,197,Road Closure,True,False,Active Cascade
CAS-0406,DIS-0406,SHP-08778,SHP-08778,,0,Customer Delivery Risk,0,195,197,Road Closure,True,False,Severe Delay Breached
CAS-0406,DIS-0406,SHP-08778,SHP-00400,SHP-08778,1,Waiting for Inbound Shipment,0,20,17,Road Closure,False,True,Active Cascade
CAS-0406,DIS-0406,SHP-08778,SHP-00400,SHP-08778,1,Departure Delay,0,20,17,Road Closure,False,True,Active Cascade
CAS-0406,DIS-0406,SHP-08778,SHP-00400,SHP-08778,1,Customer Delivery Risk,0,20,17,Road Closure,False,True,Partially Absorbed
CAS-0406,DIS-0406,SHP-08778,SHP-02038,SHP-00400,2,Warehouse Transfer,0,16,18,Road Closure,False,True,Active Cascade
CAS-0406,DIS-0406,SHP-08778,SHP-02038,SHP-00400,2,Departure Delay,0,16,18,Road Closure,False,True,Active Cascade
CAS-0406,DIS-0406,SHP-08778,SHP-02038,SHP-00400,2,Customer Delivery Risk,0,16,18,Road Closure,False,True,Partially Absorbed
CAS-0407,DIS-0407,SHP-00449,SHP-00449,,0,Root Disruption,231,0,240,Vehicle Breakdown,True,False,Active Cascade
CAS-0407,DIS-0407,SHP-00449,SHP-00449,,0,Dispatch Delay,0,231,240,Vehicle Breakdown,True,False,Active Cascade
CAS-0407,DIS-0407,SHP-00449,SHP-00449,,0,Customer Delivery Risk,0,231,240,Vehicle Breakdown,True,False,Severe Delay Breached
CAS-0407,DIS-0407,SHP-00449,SHP-04870,SHP-00449,1,Waiting for Inbound Shipment,0,20,20,Vehicle Breakdown,False,True,Active Cascade
CAS-0407,DIS-0407,SHP-00449,SHP-04870,SHP-00449,1,Departure Delay,0,20,20,Vehicle Breakdown,False,True,Active Cascade
CAS-0407,DIS-0407,SHP-00449,SHP-04870,SHP-00449,1,Customer Delivery Risk,0,20,20,Vehicle Breakdown,False,True,Partially Absorbed
CAS-0407,DIS-0407,SHP-00449,SHP-10504,SHP-04870,2,Warehouse Transfer,0,16,11,Vehicle Breakdown,False,True,Active Cascade
CAS-0407,DIS-0407,SHP-00449,SHP-10504,SHP-04870,2,Departure Delay,0,16,11,Vehicle Breakdown,False,True,Active Cascade
CAS-0407,DIS-0407,SHP-00449,SHP-10504,SHP-04870,2,Customer Delivery Risk,0,16,11,Vehicle Breakdown,False,True,Partially Absorbed
CAS-0408,DIS-0408,SHP-02529,SHP-02529,,0,Root Disruption,196,0,193,Road Closure,True,False,Active Cascade
CAS-0408,DIS-0408,SHP-02529,SHP-02529,,0,Dispatch Delay,0,196,193,Road Closure,True,False,Active Cascade
CAS-0408,DIS-0408,SHP-02529,SHP-02529,,0,Customer Delivery Risk,0,196,193,Road Closure,True,False,Severe Delay Breached
CAS-0408,DIS-0408,SHP-02529,SHP-05871,SHP-02529,1,Warehouse Congestion Transfer,61,0,56,Warehouse Congestion,False,True,Active Cascade
CAS-0408,DIS-0408,SHP-02529,SHP-05871,SHP-02529,1,Departure Delay,0,0,56,Warehouse Congestion,False,True,Active Cascade
CAS-0408,DIS-0408,SHP-02529,SHP-05871,SHP-02529,1,Customer Delivery Risk,0,0,56,Warehouse Congestion,False,True,Partially Absorbed
CAS-0409,DIS-0409,SHP-12464,SHP-12464,,0,Root Disruption,148,0,155,Vehicle Breakdown,True,False,Active Cascade
CAS-0409,DIS-0409,SHP-12464,SHP-12464,,0,Dispatch Delay,0,148,155,Vehicle Breakdown,True,False,Active Cascade
CAS-0409,DIS-0409,SHP-12464,SHP-12464,,0,Customer Delivery Risk,0,148,155,Vehicle Breakdown,True,False,Severe Delay Breached
CAS-0409,DIS-0409,SHP-12464,SHP-01140,SHP-12464,1,Warehouse Congestion Transfer,112,0,110,Warehouse Congestion,False,True,Active Cascade
CAS-0409,DIS-0409,SHP-12464,SHP-01140,SHP-12464,1,Departure Delay,0,0,110,Warehouse Congestion,False,True,Active Cascade
CAS-0409,DIS-0409,SHP-12464,SHP-01140,SHP-12464,1,Customer Delivery Risk,0,0,110,Warehouse Congestion,False,True,Partially Absorbed
CAS-0409,DIS-0409,SHP-12464,SHP-05298,SHP-12464,1,Warehouse Congestion Transfer,48,0,44,Warehouse Congestion,False,True,Active Cascade
CAS-0409,DIS-0409,SHP-12464,SHP-05298,SHP-12464,1,Departure Delay,0,0,44,Warehouse Congestion,False,True,Active Cascade
CAS-0409,DIS-0409,SHP-12464,SHP-05298,SHP-12464,1,Customer Delivery Risk,0,0,44,Warehouse Congestion,False,True,Partially Absorbed
CAS-0409,DIS-0409,SHP-12464,SHP-01523,SHP-12464,1,Warehouse Congestion Transfer,114,0,117,Warehouse Congestion,False,True,Active Cascade
CAS-0409,DIS-0409,SHP-12464,SHP-01523,SHP-12464,1,Departure Delay,0,0,117,Warehouse Congestion,False,True,Active Cascade
CAS-0409,DIS-0409,SHP-12464,SHP-01523,SHP-12464,1,Customer Delivery Risk,0,0,117,Warehouse Congestion,False,True,Partially Absorbed
CAS-0409,DIS-0409,SHP-12464,SHP-05177,SHP-12464,1,Warehouse Congestion Transfer,108,0,117,Warehouse Congestion,False,True,Active Cascade
CAS-0409,DIS-0409,SHP-12464,SHP-05177,SHP-12464,1,Departure Delay,0,0,117,Warehouse Congestion,False,True,Active Cascade
CAS-0409,DIS-0409,SHP-12464,SHP-05177,SHP-12464,1,Customer Delivery Risk,0,0,117,Warehouse Congestion,False,True,Partially Absorbed
CAS-0410,DIS-0410,SHP-06402,SHP-06402,,0,Root Disruption,114,0,109,Equipment Failure,True,False,Active Cascade
CAS-0410,DIS-0410,SHP-06402,SHP-06402,,0,Dispatch Delay,0,114,109,Equipment Failure,True,False,Active Cascade
CAS-0410,DIS-0410,SHP-06402,SHP-06402,,0,Customer Delivery Risk,0,114,109,Equipment Failure,True,False,Partially Absorbed
CAS-0410,DIS-0410,SHP-06402,SHP-06165,SHP-06402,1,Cross-Dock Transfer,0,21,28,Equipment Failure,False,True,Active Cascade
CAS-0410,DIS-0410,SHP-06402,SHP-06165,SHP-06402,1,Departure Delay,0,21,28,Equipment Failure,False,True,Active Cascade
CAS-0410,DIS-0410,SHP-06402,SHP-06165,SHP-06402,1,Customer Delivery Risk,0,21,28,Equipment Failure,False,True,Partially Absorbed
CAS-0410,DIS-0410,SHP-06402,SHP-13562,SHP-06402,1,Cross-Dock Transfer,0,28,38,Equipment Failure,False,True,Active Cascade
CAS-0410,DIS-0410,SHP-06402,SHP-13562,SHP-06402,1,Departure Delay,0,28,38,Equipment Failure,False,True,Active Cascade
CAS-0410,DIS-0410,SHP-06402,SHP-13562,SHP-06402,1,Customer Delivery Risk,0,28,38,Equipment Failure,False,True,Partially Absorbed
CAS-0410,DIS-0410,SHP-06402,SHP-09755,SHP-06402,1,Cross-Dock Transfer,0,16,15,Equipment Failure,False,True,Active Cascade
CAS-0410,DIS-0410,SHP-06402,SHP-09755,SHP-06402,1,Departure Delay,0,16,15,Equipment Failure,False,True,Active Cascade
CAS-0410,DIS-0410,SHP-06402,SHP-09755,SHP-06402,1,Customer Delivery Risk,0,16,15,Equipment Failure,False,True,Partially Absorbed
CAS-0411,DIS-0411,SHP-05148,SHP-05148,,0,Root Disruption,88,0,84,Road Closure,True,False,Active Cascade
CAS-0411,DIS-0411,SHP-05148,SHP-05148,,0,Dispatch Delay,0,88,84,Road Closure,True,False,Active Cascade
CAS-0411,DIS-0411,SHP-05148,SHP-05148,,0,Customer Delivery Risk,0,88,84,Road Closure,True,False,Partially Absorbed
CAS-0411,DIS-0411,SHP-05148,SHP-12313,SHP-05148,1,Warehouse Congestion Transfer,72,0,72,Warehouse Congestion,False,True,Active Cascade
CAS-0411,DIS-0411,SHP-05148,SHP-12313,SHP-05148,1,Departure Delay,0,0,72,Warehouse Congestion,False,True,Active Cascade
CAS-0411,DIS-0411,SHP-05148,SHP-12313,SHP-05148,1,Customer Delivery Risk,0,0,72,Warehouse Congestion,False,True,Partially Absorbed
CAS-0412,DIS-0412,SHP-06377,SHP-06377,,0,Root Disruption,170,0,168,Road Closure,True,False,Active Cascade
CAS-0412,DIS-0412,SHP-06377,SHP-06377,,0,Dispatch Delay,0,170,168,Road Closure,True,False,Active Cascade
CAS-0412,DIS-0412,SHP-06377,SHP-06377,,0,Customer Delivery Risk,0,170,168,Road Closure,True,False,Severe Delay Breached
CAS-0412,DIS-0412,SHP-06377,SHP-05258,SHP-06377,1,Warehouse Congestion Transfer,119,0,119,Warehouse Congestion,False,True,Active Cascade
CAS-0412,DIS-0412,SHP-06377,SHP-05258,SHP-06377,1,Departure Delay,0,0,119,Warehouse Congestion,False,True,Active Cascade
CAS-0412,DIS-0412,SHP-06377,SHP-05258,SHP-06377,1,Customer Delivery Risk,0,0,119,Warehouse Congestion,False,True,Partially Absorbed
CAS-0412,DIS-0412,SHP-06377,SHP-08682,SHP-06377,1,Warehouse Congestion Transfer,140,0,135,Warehouse Congestion,False,True,Active Cascade
CAS-0412,DIS-0412,SHP-06377,SHP-08682,SHP-06377,1,Departure Delay,0,0,135,Warehouse Congestion,False,True,Active Cascade
CAS-0412,DIS-0412,SHP-06377,SHP-08682,SHP-06377,1,Customer Delivery Risk,0,0,135,Warehouse Congestion,False,True,Severe Delay Breached
CAS-0412,DIS-0412,SHP-06377,SHP-13737,SHP-06377,1,Warehouse Congestion Transfer,94,0,97,Warehouse Congestion,False,True,Active Cascade
CAS-0412,DIS-0412,SHP-06377,SHP-13737,SHP-06377,1,Departure Delay,0,0,97,Warehouse Congestion,False,True,Active Cascade
CAS-0412,DIS-0412,SHP-06377,SHP-13737,SHP-06377,1,Customer Delivery Risk,0,0,97,Warehouse Congestion,False,True,Partially Absorbed
CAS-0413,DIS-0413,SHP-13872,SHP-13872,,0,Root Disruption,167,0,173,Labor Shortage,True,False,Active Cascade
CAS-0413,DIS-0413,SHP-13872,SHP-13872,,0,Dispatch Delay,0,167,173,Labor Shortage,True,False,Active Cascade
CAS-0413,DIS-0413,SHP-13872,SHP-13872,,0,Customer Delivery Risk,0,167,173,Labor Shortage,True,False,Severe Delay Breached
CAS-0413,DIS-0413,SHP-13872,SHP-05464,SHP-13872,1,Waiting for Inbound Shipment,0,20,29,Labor Shortage,False,True,Active Cascade
CAS-0413,DIS-0413,SHP-13872,SHP-05464,SHP-13872,1,Departure Delay,0,20,29,Labor Shortage,False,True,Active Cascade
CAS-0413,DIS-0413,SHP-13872,SHP-05464,SHP-13872,1,Customer Delivery Risk,0,20,29,Labor Shortage,False,True,Partially Absorbed
CAS-0413,DIS-0413,SHP-13872,SHP-01782,SHP-05464,2,Warehouse Transfer,0,16,16,Labor Shortage,False,True,Active Cascade
CAS-0413,DIS-0413,SHP-13872,SHP-01782,SHP-05464,2,Departure Delay,0,16,16,Labor Shortage,False,True,Active Cascade
CAS-0413,DIS-0413,SHP-13872,SHP-01782,SHP-05464,2,Customer Delivery Risk,0,16,16,Labor Shortage,False,True,Partially Absorbed
CAS-0414,DIS-0414,SHP-00284,SHP-00284,,0,Root Disruption,173,0,178,Severe Weather,True,False,Active Cascade
CAS-0414,DIS-0414,SHP-00284,SHP-00284,,0,Dispatch Delay,0,173,178,Severe Weather,True,False,Active Cascade
CAS-0414,DIS-0414,SHP-00284,SHP-00284,,0,Customer Delivery Risk,0,173,178,Severe Weather,True,False,Severe Delay Breached
CAS-0414,DIS-0414,SHP-00284,SHP-02213,SHP-00284,1,Waiting for Inbound Shipment,0,162,172,Severe Weather,False,True,Active Cascade
CAS-0414,DIS-0414,SHP-00284,SHP-02213,SHP-00284,1,Departure Delay,0,162,172,Severe Weather,False,True,Active Cascade
CAS-0414,DIS-0414,SHP-00284,SHP-02213,SHP-00284,1,Customer Delivery Risk,0,162,172,Severe Weather,False,True,Severe Delay Breached
CAS-0414,DIS-0414,SHP-00284,SHP-08723,SHP-02213,2,Warehouse Transfer,0,137,135,Severe Weather,False,True,Active Cascade
CAS-0414,DIS-0414,SHP-00284,SHP-08723,SHP-02213,2,Departure Delay,0,137,135,Severe Weather,False,True,Active Cascade
CAS-0414,DIS-0414,SHP-00284,SHP-08723,SHP-02213,2,Customer Delivery Risk,0,137,135,Severe Weather,False,True,Severe Delay Breached
CAS-0415,DIS-0415,SHP-04300,SHP-04300,,0,Root Disruption,85,0,94,Equipment Failure,True,False,Active Cascade
CAS-0415,DIS-0415,SHP-04300,SHP-04300,,0,Dispatch Delay,0,85,94,Equipment Failure,True,False,Active Cascade
CAS-0415,DIS-0415,SHP-04300,SHP-04300,,0,Customer Delivery Risk,0,85,94,Equipment Failure,True,False,Partially Absorbed
CAS-0415,DIS-0415,SHP-04300,SHP-09379,SHP-04300,1,Shared Vehicle Turnaround,0,20,23,Vehicle Breakdown,False,True,Active Cascade
CAS-0415,DIS-0415,SHP-04300,SHP-09379,SHP-04300,1,Departure Delay,0,20,23,Vehicle Breakdown,False,True,Active Cascade
CAS-0415,DIS-0415,SHP-04300,SHP-09379,SHP-04300,1,Customer Delivery Risk,0,20,23,Vehicle Breakdown,False,True,Partially Absorbed
CAS-0416,DIS-0416,SHP-05872,SHP-05872,,0,Root Disruption,209,0,210,Road Closure,True,False,Active Cascade
CAS-0416,DIS-0416,SHP-05872,SHP-05872,,0,Dispatch Delay,0,209,210,Road Closure,True,False,Active Cascade
CAS-0416,DIS-0416,SHP-05872,SHP-05872,,0,Customer Delivery Risk,0,209,210,Road Closure,True,False,Severe Delay Breached
CAS-0416,DIS-0416,SHP-05872,SHP-06495,SHP-05872,1,Shared Vehicle Turnaround,0,20,28,Vehicle Breakdown,False,True,Active Cascade
CAS-0416,DIS-0416,SHP-05872,SHP-06495,SHP-05872,1,Departure Delay,0,20,28,Vehicle Breakdown,False,True,Active Cascade
CAS-0416,DIS-0416,SHP-05872,SHP-06495,SHP-05872,1,Customer Delivery Risk,0,20,28,Vehicle Breakdown,False,True,Partially Absorbed
CAS-0417,DIS-0417,SHP-10494,SHP-10494,,0,Root Disruption,186,0,186,Road Closure,True,False,Active Cascade
CAS-0417,DIS-0417,SHP-10494,SHP-10494,,0,Dispatch Delay,0,186,186,Road Closure,True,False,Active Cascade
CAS-0417,DIS-0417,SHP-10494,SHP-10494,,0,Customer Delivery Risk,0,186,186,Road Closure,True,False,Severe Delay Breached
CAS-0417,DIS-0417,SHP-10494,SHP-05774,SHP-10494,1,Route Connection,0,161,165,Road Closure,False,True,Active Cascade
CAS-0417,DIS-0417,SHP-10494,SHP-05774,SHP-10494,1,Departure Delay,0,161,165,Road Closure,False,True,Active Cascade
CAS-0417,DIS-0417,SHP-10494,SHP-05774,SHP-10494,1,Customer Delivery Risk,0,161,165,Road Closure,False,True,Severe Delay Breached
CAS-0417,DIS-0417,SHP-10494,SHP-08075,SHP-05774,2,Warehouse Transfer,0,16,13,Road Closure,False,True,Active Cascade
CAS-0417,DIS-0417,SHP-10494,SHP-08075,SHP-05774,2,Departure Delay,0,16,13,Road Closure,False,True,Active Cascade
CAS-0417,DIS-0417,SHP-10494,SHP-08075,SHP-05774,2,Customer Delivery Risk,0,16,13,Road Closure,False,True,Partially Absorbed
CAS-0417,DIS-0417,SHP-10494,SHP-05480,SHP-08075,3,Route Connection,0,16,12,Road Closure,False,True,Active Cascade
CAS-0417,DIS-0417,SHP-10494,SHP-05480,SHP-08075,3,Departure Delay,0,16,12,Road Closure,False,True,Active Cascade
CAS-0417,DIS-0417,SHP-10494,SHP-05480,SHP-08075,3,Customer Delivery Risk,0,16,12,Road Closure,False,True,Partially Absorbed
CAS-0418,DIS-0418,SHP-11905,SHP-11905,,0,Root Disruption,149,0,154,State Border Checkpoint Hold,True,False,Active Cascade
CAS-0418,DIS-0418,SHP-11905,SHP-11905,,0,Dispatch Delay,0,149,154,State Border Checkpoint Hold,True,False,Active Cascade
CAS-0418,DIS-0418,SHP-11905,SHP-11905,,0,Customer Delivery Risk,0,149,154,State Border Checkpoint Hold,True,False,Severe Delay Breached
CAS-0418,DIS-0418,SHP-11905,SHP-00444,SHP-11905,1,Waiting for Inbound Shipment,0,94,93,State Border Checkpoint Hold,False,True,Active Cascade
CAS-0418,DIS-0418,SHP-11905,SHP-00444,SHP-11905,1,Departure Delay,0,94,93,State Border Checkpoint Hold,False,True,Active Cascade
CAS-0418,DIS-0418,SHP-11905,SHP-00444,SHP-11905,1,Customer Delivery Risk,0,94,93,State Border Checkpoint Hold,False,True,Partially Absorbed
CAS-0418,DIS-0418,SHP-11905,SHP-12635,SHP-00444,2,Warehouse Transfer,0,52,48,State Border Checkpoint Hold,False,True,Active Cascade
CAS-0418,DIS-0418,SHP-11905,SHP-12635,SHP-00444,2,Departure Delay,0,52,48,State Border Checkpoint Hold,False,True,Active Cascade
CAS-0418,DIS-0418,SHP-11905,SHP-12635,SHP-00444,2,Customer Delivery Risk,0,52,48,State Border Checkpoint Hold,False,True,Partially Absorbed
CAS-0419,DIS-0419,SHP-02189,SHP-02189,,0,Root Disruption,219,0,218,Warehouse Congestion,True,False,Active Cascade
CAS-0419,DIS-0419,SHP-02189,SHP-02189,,0,Dispatch Delay,0,219,218,Warehouse Congestion,True,False,Active Cascade
CAS-0419,DIS-0419,SHP-02189,SHP-02189,,0,Customer Delivery Risk,0,219,218,Warehouse Congestion,True,False,Severe Delay Breached
CAS-0419,DIS-0419,SHP-02189,SHP-11432,SHP-02189,1,Cross-Dock Transfer,0,157,165,Warehouse Congestion,False,True,Active Cascade
CAS-0419,DIS-0419,SHP-02189,SHP-11432,SHP-02189,1,Departure Delay,0,157,165,Warehouse Congestion,False,True,Active Cascade
CAS-0419,DIS-0419,SHP-02189,SHP-11432,SHP-02189,1,Customer Delivery Risk,0,157,165,Warehouse Congestion,False,True,Severe Delay Breached
CAS-0419,DIS-0419,SHP-02189,SHP-02037,SHP-02189,1,Cross-Dock Transfer,0,49,52,Warehouse Congestion,False,True,Active Cascade
CAS-0419,DIS-0419,SHP-02189,SHP-02037,SHP-02189,1,Departure Delay,0,49,52,Warehouse Congestion,False,True,Active Cascade
CAS-0419,DIS-0419,SHP-02189,SHP-02037,SHP-02189,1,Customer Delivery Risk,0,49,52,Warehouse Congestion,False,True,Partially Absorbed
CAS-0419,DIS-0419,SHP-02189,SHP-07905,SHP-02189,1,Cross-Dock Transfer,0,16,26,Warehouse Congestion,False,True,Active Cascade
CAS-0419,DIS-0419,SHP-02189,SHP-07905,SHP-02189,1,Departure Delay,0,16,26,Warehouse Congestion,False,True,Active Cascade
CAS-0419,DIS-0419,SHP-02189,SHP-07905,SHP-02189,1,Customer Delivery Risk,0,16,26,Warehouse Congestion,False,True,Partially Absorbed
CAS-0420,DIS-0420,SHP-07659,SHP-07659,,0,Root Disruption,133,0,131,Warehouse Congestion,True,False,Active Cascade
CAS-0420,DIS-0420,SHP-07659,SHP-07659,,0,Dispatch Delay,0,133,131,Warehouse Congestion,True,False,Active Cascade
CAS-0420,DIS-0420,SHP-07659,SHP-07659,,0,Customer Delivery Risk,0,133,131,Warehouse Congestion,True,False,Severe Delay Breached
CAS-0420,DIS-0420,SHP-07659,SHP-03128,SHP-07659,1,Route Connection,0,20,28,Warehouse Congestion,False,True,Active Cascade
CAS-0420,DIS-0420,SHP-07659,SHP-03128,SHP-07659,1,Departure Delay,0,20,28,Warehouse Congestion,False,True,Active Cascade
CAS-0420,DIS-0420,SHP-07659,SHP-03128,SHP-07659,1,Customer Delivery Risk,0,20,28,Warehouse Congestion,False,True,Partially Absorbed
CAS-0421,DIS-0421,SHP-02622,SHP-02622,,0,Root Disruption,137,0,133,State Border Checkpoint Hold,True,False,Active Cascade
CAS-0421,DIS-0421,SHP-02622,SHP-02622,,0,Dispatch Delay,0,137,133,State Border Checkpoint Hold,True,False,Active Cascade
CAS-0421,DIS-0421,SHP-02622,SHP-02622,,0,Customer Delivery Risk,0,137,133,State Border Checkpoint Hold,True,False,Severe Delay Breached
CAS-0421,DIS-0421,SHP-02622,SHP-02005,SHP-02622,1,Cross-Dock Transfer,0,16,16,State Border Checkpoint Hold,False,True,Active Cascade
CAS-0421,DIS-0421,SHP-02622,SHP-02005,SHP-02622,1,Departure Delay,0,16,16,State Border Checkpoint Hold,False,True,Active Cascade
CAS-0421,DIS-0421,SHP-02622,SHP-02005,SHP-02622,1,Customer Delivery Risk,0,16,16,State Border Checkpoint Hold,False,True,Partially Absorbed
CAS-0421,DIS-0421,SHP-02622,SHP-08555,SHP-02622,1,Cross-Dock Transfer,0,16,18,State Border Checkpoint Hold,False,True,Active Cascade
CAS-0421,DIS-0421,SHP-02622,SHP-08555,SHP-02622,1,Departure Delay,0,16,18,State Border Checkpoint Hold,False,True,Active Cascade
CAS-0421,DIS-0421,SHP-02622,SHP-08555,SHP-02622,1,Customer Delivery Risk,0,16,18,State Border Checkpoint Hold,False,True,Partially Absorbed
CAS-0421,DIS-0421,SHP-02622,SHP-08225,SHP-02622,1,Cross-Dock Transfer,0,16,24,State Border Checkpoint Hold,False,True,Active Cascade
CAS-0421,DIS-0421,SHP-02622,SHP-08225,SHP-02622,1,Departure Delay,0,16,24,State Border Checkpoint Hold,False,True,Active Cascade
CAS-0421,DIS-0421,SHP-02622,SHP-08225,SHP-02622,1,Customer Delivery Risk,0,16,24,State Border Checkpoint Hold,False,True,Partially Absorbed
CAS-0422,DIS-0422,SHP-03766,SHP-03766,,0,Root Disruption,144,0,141,Severe Weather,True,False,Active Cascade
CAS-0422,DIS-0422,SHP-03766,SHP-03766,,0,Dispatch Delay,0,144,141,Severe Weather,True,False,Active Cascade
CAS-0422,DIS-0422,SHP-03766,SHP-03766,,0,Customer Delivery Risk,0,144,141,Severe Weather,True,False,Severe Delay Breached
CAS-0422,DIS-0422,SHP-03766,SHP-00715,SHP-03766,1,Waiting for Inbound Shipment,0,20,30,Severe Weather,False,True,Active Cascade
CAS-0422,DIS-0422,SHP-03766,SHP-00715,SHP-03766,1,Departure Delay,0,20,30,Severe Weather,False,True,Active Cascade
CAS-0422,DIS-0422,SHP-03766,SHP-00715,SHP-03766,1,Customer Delivery Risk,0,20,30,Severe Weather,False,True,Partially Absorbed
CAS-0422,DIS-0422,SHP-03766,SHP-03632,SHP-00715,2,Warehouse Transfer,0,16,15,Severe Weather,False,True,Active Cascade
CAS-0422,DIS-0422,SHP-03766,SHP-03632,SHP-00715,2,Departure Delay,0,16,15,Severe Weather,False,True,Active Cascade
CAS-0422,DIS-0422,SHP-03766,SHP-03632,SHP-00715,2,Customer Delivery Risk,0,16,15,Severe Weather,False,True,Partially Absorbed
CAS-0423,DIS-0423,SHP-12045,SHP-12045,,0,Root Disruption,208,0,214,Road Closure,True,False,Active Cascade
CAS-0423,DIS-0423,SHP-12045,SHP-12045,,0,Dispatch Delay,0,208,214,Road Closure,True,False,Active Cascade
CAS-0423,DIS-0423,SHP-12045,SHP-12045,,0,Customer Delivery Risk,0,208,214,Road Closure,True,False,Severe Delay Breached
CAS-0423,DIS-0423,SHP-12045,SHP-03662,SHP-12045,1,Cross-Dock Transfer,0,81,85,Road Closure,False,True,Active Cascade
CAS-0423,DIS-0423,SHP-12045,SHP-03662,SHP-12045,1,Departure Delay,0,81,85,Road Closure,False,True,Active Cascade
CAS-0423,DIS-0423,SHP-12045,SHP-03662,SHP-12045,1,Customer Delivery Risk,0,81,85,Road Closure,False,True,Partially Absorbed
CAS-0423,DIS-0423,SHP-12045,SHP-13587,SHP-12045,1,Cross-Dock Transfer,0,68,74,Road Closure,False,True,Active Cascade
CAS-0423,DIS-0423,SHP-12045,SHP-13587,SHP-12045,1,Departure Delay,0,68,74,Road Closure,False,True,Active Cascade
CAS-0423,DIS-0423,SHP-12045,SHP-13587,SHP-12045,1,Customer Delivery Risk,0,68,74,Road Closure,False,True,Partially Absorbed
CAS-0424,DIS-0424,SHP-07748,SHP-07748,,0,Root Disruption,99,0,105,Labor Shortage,True,False,Active Cascade
CAS-0424,DIS-0424,SHP-07748,SHP-07748,,0,Dispatch Delay,0,99,105,Labor Shortage,True,False,Active Cascade
CAS-0424,DIS-0424,SHP-07748,SHP-07748,,0,Customer Delivery Risk,0,99,105,Labor Shortage,True,False,Partially Absorbed
CAS-0424,DIS-0424,SHP-07748,SHP-12207,SHP-07748,1,Route Connection,0,67,71,Labor Shortage,False,True,Active Cascade
CAS-0424,DIS-0424,SHP-07748,SHP-12207,SHP-07748,1,Departure Delay,0,67,71,Labor Shortage,False,True,Active Cascade
CAS-0424,DIS-0424,SHP-07748,SHP-12207,SHP-07748,1,Customer Delivery Risk,0,67,71,Labor Shortage,False,True,Partially Absorbed
CAS-0425,DIS-0425,SHP-12204,SHP-12204,,0,Root Disruption,230,0,227,Vehicle Breakdown,True,False,Active Cascade
CAS-0425,DIS-0425,SHP-12204,SHP-12204,,0,Dispatch Delay,0,230,227,Vehicle Breakdown,True,False,Active Cascade
CAS-0425,DIS-0425,SHP-12204,SHP-12204,,0,Customer Delivery Risk,0,230,227,Vehicle Breakdown,True,False,Severe Delay Breached
CAS-0425,DIS-0425,SHP-12204,SHP-11191,SHP-12204,1,Waiting for Inbound Shipment,0,168,174,Vehicle Breakdown,False,True,Active Cascade
CAS-0425,DIS-0425,SHP-12204,SHP-11191,SHP-12204,1,Departure Delay,0,168,174,Vehicle Breakdown,False,True,Active Cascade
CAS-0425,DIS-0425,SHP-12204,SHP-11191,SHP-12204,1,Customer Delivery Risk,0,168,174,Vehicle Breakdown,False,True,Severe Delay Breached
CAS-0425,DIS-0425,SHP-12204,SHP-00412,SHP-11191,2,Warehouse Transfer,0,124,119,Vehicle Breakdown,False,True,Active Cascade
CAS-0425,DIS-0425,SHP-12204,SHP-00412,SHP-11191,2,Departure Delay,0,124,119,Vehicle Breakdown,False,True,Active Cascade
CAS-0425,DIS-0425,SHP-12204,SHP-00412,SHP-11191,2,Customer Delivery Risk,0,124,119,Vehicle Breakdown,False,True,Partially Absorbed
CAS-0426,DIS-0426,SHP-09325,SHP-09325,,0,Root Disruption,232,0,227,Vehicle Breakdown,True,False,Active Cascade
CAS-0426,DIS-0426,SHP-09325,SHP-09325,,0,Dispatch Delay,0,232,227,Vehicle Breakdown,True,False,Active Cascade
CAS-0426,DIS-0426,SHP-09325,SHP-09325,,0,Customer Delivery Risk,0,232,227,Vehicle Breakdown,True,False,Severe Delay Breached
CAS-0426,DIS-0426,SHP-09325,SHP-00950,SHP-09325,1,Shared Vehicle Turnaround,0,20,26,Vehicle Breakdown,False,True,Active Cascade
CAS-0426,DIS-0426,SHP-09325,SHP-00950,SHP-09325,1,Departure Delay,0,20,26,Vehicle Breakdown,False,True,Active Cascade
CAS-0426,DIS-0426,SHP-09325,SHP-00950,SHP-09325,1,Customer Delivery Risk,0,20,26,Vehicle Breakdown,False,True,Partially Absorbed
CAS-0427,DIS-0427,SHP-02570,SHP-02570,,0,Root Disruption,127,0,129,Road Closure,True,False,Active Cascade
CAS-0427,DIS-0427,SHP-02570,SHP-02570,,0,Dispatch Delay,0,127,129,Road Closure,True,False,Active Cascade
CAS-0427,DIS-0427,SHP-02570,SHP-02570,,0,Customer Delivery Risk,0,127,129,Road Closure,True,False,Severe Delay Breached
CAS-0427,DIS-0427,SHP-02570,SHP-08667,SHP-02570,1,Route Connection,0,20,26,Road Closure,False,True,Active Cascade
CAS-0427,DIS-0427,SHP-02570,SHP-08667,SHP-02570,1,Departure Delay,0,20,26,Road Closure,False,True,Active Cascade
CAS-0427,DIS-0427,SHP-02570,SHP-08667,SHP-02570,1,Customer Delivery Risk,0,20,26,Road Closure,False,True,Partially Absorbed
CAS-0428,DIS-0428,SHP-11446,SHP-11446,,0,Root Disruption,156,0,161,Warehouse Congestion,True,False,Active Cascade
CAS-0428,DIS-0428,SHP-11446,SHP-11446,,0,Dispatch Delay,0,156,161,Warehouse Congestion,True,False,Active Cascade
CAS-0428,DIS-0428,SHP-11446,SHP-11446,,0,Customer Delivery Risk,0,156,161,Warehouse Congestion,True,False,Severe Delay Breached
CAS-0428,DIS-0428,SHP-11446,SHP-07156,SHP-11446,1,Route Connection,0,20,28,Warehouse Congestion,False,True,Active Cascade
CAS-0428,DIS-0428,SHP-11446,SHP-07156,SHP-11446,1,Departure Delay,0,20,28,Warehouse Congestion,False,True,Active Cascade
CAS-0428,DIS-0428,SHP-11446,SHP-07156,SHP-11446,1,Customer Delivery Risk,0,20,28,Warehouse Congestion,False,True,Partially Absorbed
CAS-0429,DIS-0429,SHP-00176,SHP-00176,,0,Root Disruption,97,0,97,Road Closure,True,False,Active Cascade
CAS-0429,DIS-0429,SHP-00176,SHP-00176,,0,Dispatch Delay,0,97,97,Road Closure,True,False,Active Cascade
CAS-0429,DIS-0429,SHP-00176,SHP-00176,,0,Customer Delivery Risk,0,97,97,Road Closure,True,False,Partially Absorbed
CAS-0429,DIS-0429,SHP-00176,SHP-04872,SHP-00176,1,Route Connection,0,27,23,Road Closure,False,True,Active Cascade
CAS-0429,DIS-0429,SHP-00176,SHP-04872,SHP-00176,1,Departure Delay,0,27,23,Road Closure,False,True,Active Cascade
CAS-0429,DIS-0429,SHP-00176,SHP-04872,SHP-00176,1,Customer Delivery Risk,0,27,23,Road Closure,False,True,Partially Absorbed
CAS-0430,DIS-0430,SHP-02635,SHP-02635,,0,Root Disruption,179,0,185,Severe Weather,True,False,Active Cascade
CAS-0430,DIS-0430,SHP-02635,SHP-02635,,0,Dispatch Delay,0,179,185,Severe Weather,True,False,Active Cascade
CAS-0430,DIS-0430,SHP-02635,SHP-02635,,0,Customer Delivery Risk,0,179,185,Severe Weather,True,False,Severe Delay Breached
CAS-0430,DIS-0430,SHP-02635,SHP-13173,SHP-02635,1,Route Connection,0,20,20,Severe Weather,False,True,Active Cascade
CAS-0430,DIS-0430,SHP-02635,SHP-13173,SHP-02635,1,Departure Delay,0,20,20,Severe Weather,False,True,Active Cascade
CAS-0430,DIS-0430,SHP-02635,SHP-13173,SHP-02635,1,Customer Delivery Risk,0,20,20,Severe Weather,False,True,Partially Absorbed
CAS-0431,DIS-0431,SHP-06045,SHP-06045,,0,Root Disruption,119,0,125,Road Closure,True,False,Active Cascade
CAS-0431,DIS-0431,SHP-06045,SHP-06045,,0,Dispatch Delay,0,119,125,Road Closure,True,False,Active Cascade
CAS-0431,DIS-0431,SHP-06045,SHP-06045,,0,Customer Delivery Risk,0,119,125,Road Closure,True,False,Severe Delay Breached
CAS-0431,DIS-0431,SHP-06045,SHP-05604,SHP-06045,1,Route Connection,0,20,17,Road Closure,False,True,Active Cascade
CAS-0431,DIS-0431,SHP-06045,SHP-05604,SHP-06045,1,Departure Delay,0,20,17,Road Closure,False,True,Active Cascade
CAS-0431,DIS-0431,SHP-06045,SHP-05604,SHP-06045,1,Customer Delivery Risk,0,20,17,Road Closure,False,True,Partially Absorbed
CAS-0432,DIS-0432,SHP-08835,SHP-08835,,0,Root Disruption,173,0,173,Equipment Failure,True,False,Active Cascade
CAS-0432,DIS-0432,SHP-08835,SHP-08835,,0,Dispatch Delay,0,173,173,Equipment Failure,True,False,Active Cascade
CAS-0432,DIS-0432,SHP-08835,SHP-08835,,0,Customer Delivery Risk,0,173,173,Equipment Failure,True,False,Severe Delay Breached
CAS-0432,DIS-0432,SHP-08835,SHP-02891,SHP-08835,1,Cross-Dock Transfer,0,106,101,Equipment Failure,False,True,Active Cascade
CAS-0432,DIS-0432,SHP-08835,SHP-02891,SHP-08835,1,Departure Delay,0,106,101,Equipment Failure,False,True,Active Cascade
CAS-0432,DIS-0432,SHP-08835,SHP-02891,SHP-08835,1,Customer Delivery Risk,0,106,101,Equipment Failure,False,True,Partially Absorbed
CAS-0432,DIS-0432,SHP-08835,SHP-06298,SHP-08835,1,Cross-Dock Transfer,0,95,102,Equipment Failure,False,True,Active Cascade
CAS-0432,DIS-0432,SHP-08835,SHP-06298,SHP-08835,1,Departure Delay,0,95,102,Equipment Failure,False,True,Active Cascade
CAS-0432,DIS-0432,SHP-08835,SHP-06298,SHP-08835,1,Customer Delivery Risk,0,95,102,Equipment Failure,False,True,Partially Absorbed
CAS-0432,DIS-0432,SHP-08835,SHP-01178,SHP-08835,1,Cross-Dock Transfer,0,21,28,Equipment Failure,False,True,Active Cascade
CAS-0432,DIS-0432,SHP-08835,SHP-01178,SHP-08835,1,Departure Delay,0,21,28,Equipment Failure,False,True,Active Cascade
CAS-0432,DIS-0432,SHP-08835,SHP-01178,SHP-08835,1,Customer Delivery Risk,0,21,28,Equipment Failure,False,True,Partially Absorbed
CAS-0433,DIS-0433,SHP-09155,SHP-09155,,0,Root Disruption,115,0,120,Warehouse Congestion,True,False,Active Cascade
CAS-0433,DIS-0433,SHP-09155,SHP-09155,,0,Dispatch Delay,0,115,120,Warehouse Congestion,True,False,Active Cascade
CAS-0433,DIS-0433,SHP-09155,SHP-09155,,0,Customer Delivery Risk,0,115,120,Warehouse Congestion,True,False,Partially Absorbed
CAS-0433,DIS-0433,SHP-09155,SHP-10046,SHP-09155,1,Cross-Dock Transfer,0,16,26,Warehouse Congestion,False,True,Active Cascade
CAS-0433,DIS-0433,SHP-09155,SHP-10046,SHP-09155,1,Departure Delay,0,16,26,Warehouse Congestion,False,True,Active Cascade
CAS-0433,DIS-0433,SHP-09155,SHP-10046,SHP-09155,1,Customer Delivery Risk,0,16,26,Warehouse Congestion,False,True,Partially Absorbed
CAS-0434,DIS-0434,SHP-03496,SHP-03496,,0,Root Disruption,163,0,170,Equipment Failure,True,False,Active Cascade
CAS-0434,DIS-0434,SHP-03496,SHP-03496,,0,Dispatch Delay,0,163,170,Equipment Failure,True,False,Active Cascade
CAS-0434,DIS-0434,SHP-03496,SHP-03496,,0,Customer Delivery Risk,0,163,170,Equipment Failure,True,False,Severe Delay Breached
CAS-0434,DIS-0434,SHP-03496,SHP-01463,SHP-03496,1,Route Connection,0,134,140,Equipment Failure,False,True,Active Cascade
CAS-0434,DIS-0434,SHP-03496,SHP-01463,SHP-03496,1,Departure Delay,0,134,140,Equipment Failure,False,True,Active Cascade
CAS-0434,DIS-0434,SHP-03496,SHP-01463,SHP-03496,1,Customer Delivery Risk,0,134,140,Equipment Failure,False,True,Severe Delay Breached
CAS-0434,DIS-0434,SHP-03496,SHP-09922,SHP-01463,2,Warehouse Transfer,0,16,15,Equipment Failure,False,True,Active Cascade
CAS-0434,DIS-0434,SHP-03496,SHP-09922,SHP-01463,2,Departure Delay,0,16,15,Equipment Failure,False,True,Active Cascade
CAS-0434,DIS-0434,SHP-03496,SHP-09922,SHP-01463,2,Customer Delivery Risk,0,16,15,Equipment Failure,False,True,Partially Absorbed
CAS-0434,DIS-0434,SHP-03496,SHP-11402,SHP-01463,2,Warehouse Transfer,0,16,19,Equipment Failure,False,True,Active Cascade
CAS-0434,DIS-0434,SHP-03496,SHP-11402,SHP-01463,2,Departure Delay,0,16,19,Equipment Failure,False,True,Active Cascade
CAS-0434,DIS-0434,SHP-03496,SHP-11402,SHP-01463,2,Customer Delivery Risk,0,16,19,Equipment Failure,False,True,Partially Absorbed
CAS-0435,DIS-0435,SHP-13338,SHP-13338,,0,Root Disruption,68,0,74,Labor Shortage,True,False,Active Cascade
CAS-0435,DIS-0435,SHP-13338,SHP-13338,,0,Dispatch Delay,0,68,74,Labor Shortage,True,False,Active Cascade
CAS-0435,DIS-0435,SHP-13338,SHP-13338,,0,Customer Delivery Risk,0,68,74,Labor Shortage,True,False,Partially Absorbed
CAS-0435,DIS-0435,SHP-13338,SHP-07295,SHP-13338,1,Warehouse Congestion Transfer,45,0,50,Warehouse Congestion,False,True,Active Cascade
CAS-0435,DIS-0435,SHP-13338,SHP-07295,SHP-13338,1,Departure Delay,0,0,50,Warehouse Congestion,False,True,Active Cascade
CAS-0435,DIS-0435,SHP-13338,SHP-07295,SHP-13338,1,Customer Delivery Risk,0,0,50,Warehouse Congestion,False,True,Partially Absorbed
CAS-0435,DIS-0435,SHP-13338,SHP-10404,SHP-13338,1,Warehouse Congestion Transfer,46,0,50,Warehouse Congestion,False,True,Active Cascade
CAS-0435,DIS-0435,SHP-13338,SHP-10404,SHP-13338,1,Departure Delay,0,0,50,Warehouse Congestion,False,True,Active Cascade
CAS-0435,DIS-0435,SHP-13338,SHP-10404,SHP-13338,1,Customer Delivery Risk,0,0,50,Warehouse Congestion,False,True,Partially Absorbed
CAS-0436,DIS-0436,SHP-11385,SHP-11385,,0,Root Disruption,163,0,173,Vehicle Breakdown,True,False,Active Cascade
CAS-0436,DIS-0436,SHP-11385,SHP-11385,,0,Dispatch Delay,0,163,173,Vehicle Breakdown,True,False,Active Cascade
CAS-0436,DIS-0436,SHP-11385,SHP-11385,,0,Customer Delivery Risk,0,163,173,Vehicle Breakdown,True,False,Severe Delay Breached
CAS-0436,DIS-0436,SHP-11385,SHP-04174,SHP-11385,1,Waiting for Inbound Shipment,0,147,143,Vehicle Breakdown,False,True,Active Cascade
CAS-0436,DIS-0436,SHP-11385,SHP-04174,SHP-11385,1,Departure Delay,0,147,143,Vehicle Breakdown,False,True,Active Cascade
CAS-0436,DIS-0436,SHP-11385,SHP-04174,SHP-11385,1,Customer Delivery Risk,0,147,143,Vehicle Breakdown,False,True,Severe Delay Breached
CAS-0436,DIS-0436,SHP-11385,SHP-06392,SHP-04174,2,Warehouse Transfer,0,121,125,Vehicle Breakdown,False,True,Active Cascade
CAS-0436,DIS-0436,SHP-11385,SHP-06392,SHP-04174,2,Departure Delay,0,121,125,Vehicle Breakdown,False,True,Active Cascade
CAS-0436,DIS-0436,SHP-11385,SHP-06392,SHP-04174,2,Customer Delivery Risk,0,121,125,Vehicle Breakdown,False,True,Severe Delay Breached
CAS-0437,DIS-0437,SHP-07077,SHP-07077,,0,Root Disruption,232,0,228,Severe Weather,True,False,Active Cascade
CAS-0437,DIS-0437,SHP-07077,SHP-07077,,0,Dispatch Delay,0,232,228,Severe Weather,True,False,Active Cascade
CAS-0437,DIS-0437,SHP-07077,SHP-07077,,0,Customer Delivery Risk,0,232,228,Severe Weather,True,False,Severe Delay Breached
CAS-0437,DIS-0437,SHP-07077,SHP-10301,SHP-07077,1,Route Connection,0,51,46,Severe Weather,False,True,Active Cascade
CAS-0437,DIS-0437,SHP-07077,SHP-10301,SHP-07077,1,Departure Delay,0,51,46,Severe Weather,False,True,Active Cascade
CAS-0437,DIS-0437,SHP-07077,SHP-10301,SHP-07077,1,Customer Delivery Risk,0,51,46,Severe Weather,False,True,Partially Absorbed
CAS-0437,DIS-0437,SHP-07077,SHP-08879,SHP-10301,2,Warehouse Transfer,0,16,19,Severe Weather,False,True,Active Cascade
CAS-0437,DIS-0437,SHP-07077,SHP-08879,SHP-10301,2,Departure Delay,0,16,19,Severe Weather,False,True,Active Cascade
CAS-0437,DIS-0437,SHP-07077,SHP-08879,SHP-10301,2,Customer Delivery Risk,0,16,19,Severe Weather,False,True,Partially Absorbed
CAS-0437,DIS-0437,SHP-07077,SHP-07618,SHP-08879,3,Route Connection,0,16,12,Severe Weather,False,True,Active Cascade
CAS-0437,DIS-0437,SHP-07077,SHP-07618,SHP-08879,3,Departure Delay,0,16,12,Severe Weather,False,True,Active Cascade
CAS-0437,DIS-0437,SHP-07077,SHP-07618,SHP-08879,3,Customer Delivery Risk,0,16,12,Severe Weather,False,True,Partially Absorbed
CAS-0437,DIS-0437,SHP-07077,SHP-00980,SHP-10301,2,Warehouse Transfer,0,16,23,Severe Weather,False,True,Active Cascade
CAS-0437,DIS-0437,SHP-07077,SHP-00980,SHP-10301,2,Departure Delay,0,16,23,Severe Weather,False,True,Active Cascade
CAS-0437,DIS-0437,SHP-07077,SHP-00980,SHP-10301,2,Customer Delivery Risk,0,16,23,Severe Weather,False,True,Partially Absorbed
CAS-0438,DIS-0438,SHP-06822,SHP-06822,,0,Root Disruption,158,0,154,Labor Shortage,True,False,Active Cascade
CAS-0438,DIS-0438,SHP-06822,SHP-06822,,0,Dispatch Delay,0,158,154,Labor Shortage,True,False,Active Cascade
CAS-0438,DIS-0438,SHP-06822,SHP-06822,,0,Customer Delivery Risk,0,158,154,Labor Shortage,True,False,Severe Delay Breached
CAS-0438,DIS-0438,SHP-06822,SHP-07464,SHP-06822,1,Warehouse Congestion Transfer,69,0,69,Warehouse Congestion,False,True,Active Cascade
CAS-0438,DIS-0438,SHP-06822,SHP-07464,SHP-06822,1,Departure Delay,0,0,69,Warehouse Congestion,False,True,Active Cascade
CAS-0438,DIS-0438,SHP-06822,SHP-07464,SHP-06822,1,Customer Delivery Risk,0,0,69,Warehouse Congestion,False,True,Partially Absorbed
CAS-0438,DIS-0438,SHP-06822,SHP-01507,SHP-06822,1,Warehouse Congestion Transfer,69,0,78,Warehouse Congestion,False,True,Active Cascade
CAS-0438,DIS-0438,SHP-06822,SHP-01507,SHP-06822,1,Departure Delay,0,0,78,Warehouse Congestion,False,True,Active Cascade
CAS-0438,DIS-0438,SHP-06822,SHP-01507,SHP-06822,1,Customer Delivery Risk,0,0,78,Warehouse Congestion,False,True,Partially Absorbed
CAS-0439,DIS-0439,SHP-03763,SHP-03763,,0,Root Disruption,170,0,173,Equipment Failure,True,False,Active Cascade
CAS-0439,DIS-0439,SHP-03763,SHP-03763,,0,Dispatch Delay,0,170,173,Equipment Failure,True,False,Active Cascade
CAS-0439,DIS-0439,SHP-03763,SHP-03763,,0,Customer Delivery Risk,0,170,173,Equipment Failure,True,False,Severe Delay Breached
CAS-0439,DIS-0439,SHP-03763,SHP-13876,SHP-03763,1,Waiting for Inbound Shipment,0,81,89,Equipment Failure,False,True,Active Cascade
CAS-0439,DIS-0439,SHP-03763,SHP-13876,SHP-03763,1,Departure Delay,0,81,89,Equipment Failure,False,True,Active Cascade
CAS-0439,DIS-0439,SHP-03763,SHP-13876,SHP-03763,1,Customer Delivery Risk,0,81,89,Equipment Failure,False,True,Partially Absorbed
CAS-0440,DIS-0440,SHP-11500,SHP-11500,,0,Root Disruption,168,0,166,Road Closure,True,False,Active Cascade
CAS-0440,DIS-0440,SHP-11500,SHP-11500,,0,Dispatch Delay,0,168,166,Road Closure,True,False,Active Cascade
CAS-0440,DIS-0440,SHP-11500,SHP-11500,,0,Customer Delivery Risk,0,168,166,Road Closure,True,False,Severe Delay Breached
CAS-0440,DIS-0440,SHP-11500,SHP-04981,SHP-11500,1,Cross-Dock Transfer,0,102,102,Road Closure,False,True,Active Cascade
CAS-0440,DIS-0440,SHP-11500,SHP-04981,SHP-11500,1,Departure Delay,0,102,102,Road Closure,False,True,Active Cascade
CAS-0440,DIS-0440,SHP-11500,SHP-04981,SHP-11500,1,Customer Delivery Risk,0,102,102,Road Closure,False,True,Partially Absorbed
CAS-0440,DIS-0440,SHP-11500,SHP-06971,SHP-11500,1,Cross-Dock Transfer,0,97,98,Road Closure,False,True,Active Cascade
CAS-0440,DIS-0440,SHP-11500,SHP-06971,SHP-11500,1,Departure Delay,0,97,98,Road Closure,False,True,Active Cascade
CAS-0440,DIS-0440,SHP-11500,SHP-06971,SHP-11500,1,Customer Delivery Risk,0,97,98,Road Closure,False,True,Partially Absorbed
CAS-0440,DIS-0440,SHP-11500,SHP-03150,SHP-11500,1,Cross-Dock Transfer,0,68,64,Road Closure,False,True,Active Cascade
CAS-0440,DIS-0440,SHP-11500,SHP-03150,SHP-11500,1,Departure Delay,0,68,64,Road Closure,False,True,Active Cascade
CAS-0440,DIS-0440,SHP-11500,SHP-03150,SHP-11500,1,Customer Delivery Risk,0,68,64,Road Closure,False,True,Partially Absorbed
CAS-0441,DIS-0441,SHP-10576,SHP-10576,,0,Root Disruption,123,0,123,Labor Shortage,True,False,Active Cascade
CAS-0441,DIS-0441,SHP-10576,SHP-10576,,0,Dispatch Delay,0,123,123,Labor Shortage,True,False,Active Cascade
CAS-0441,DIS-0441,SHP-10576,SHP-10576,,0,Customer Delivery Risk,0,123,123,Labor Shortage,True,False,Severe Delay Breached
CAS-0441,DIS-0441,SHP-10576,SHP-07137,SHP-10576,1,Shared Vehicle Turnaround,0,53,60,Vehicle Breakdown,False,True,Active Cascade
CAS-0441,DIS-0441,SHP-10576,SHP-07137,SHP-10576,1,Departure Delay,0,53,60,Vehicle Breakdown,False,True,Active Cascade
CAS-0441,DIS-0441,SHP-10576,SHP-07137,SHP-10576,1,Customer Delivery Risk,0,53,60,Vehicle Breakdown,False,True,Partially Absorbed
CAS-0442,DIS-0442,SHP-05833,SHP-05833,,0,Root Disruption,111,0,115,State Border Checkpoint Hold,True,False,Active Cascade
CAS-0442,DIS-0442,SHP-05833,SHP-05833,,0,Dispatch Delay,0,111,115,State Border Checkpoint Hold,True,False,Active Cascade
CAS-0442,DIS-0442,SHP-05833,SHP-05833,,0,Customer Delivery Risk,0,111,115,State Border Checkpoint Hold,True,False,Partially Absorbed
CAS-0442,DIS-0442,SHP-05833,SHP-12846,SHP-05833,1,Route Connection,0,20,20,State Border Checkpoint Hold,False,True,Active Cascade
CAS-0442,DIS-0442,SHP-05833,SHP-12846,SHP-05833,1,Departure Delay,0,20,20,State Border Checkpoint Hold,False,True,Active Cascade
CAS-0442,DIS-0442,SHP-05833,SHP-12846,SHP-05833,1,Customer Delivery Risk,0,20,20,State Border Checkpoint Hold,False,True,Partially Absorbed
CAS-0442,DIS-0442,SHP-05833,SHP-08967,SHP-12846,2,Warehouse Transfer,0,16,24,State Border Checkpoint Hold,False,True,Active Cascade
CAS-0442,DIS-0442,SHP-05833,SHP-08967,SHP-12846,2,Departure Delay,0,16,24,State Border Checkpoint Hold,False,True,Active Cascade
CAS-0442,DIS-0442,SHP-05833,SHP-08967,SHP-12846,2,Customer Delivery Risk,0,16,24,State Border Checkpoint Hold,False,True,Partially Absorbed
CAS-0442,DIS-0442,SHP-05833,SHP-03629,SHP-08967,3,Route Connection,0,16,14,State Border Checkpoint Hold,False,True,Active Cascade
CAS-0442,DIS-0442,SHP-05833,SHP-03629,SHP-08967,3,Departure Delay,0,16,14,State Border Checkpoint Hold,False,True,Active Cascade
CAS-0442,DIS-0442,SHP-05833,SHP-03629,SHP-08967,3,Customer Delivery Risk,0,16,14,State Border Checkpoint Hold,False,True,Partially Absorbed
CAS-0442,DIS-0442,SHP-05833,SHP-00155,SHP-12846,2,Warehouse Transfer,0,16,22,State Border Checkpoint Hold,False,True,Active Cascade
CAS-0442,DIS-0442,SHP-05833,SHP-00155,SHP-12846,2,Departure Delay,0,16,22,State Border Checkpoint Hold,False,True,Active Cascade
CAS-0442,DIS-0442,SHP-05833,SHP-00155,SHP-12846,2,Customer Delivery Risk,0,16,22,State Border Checkpoint Hold,False,True,Partially Absorbed
CAS-0443,DIS-0443,SHP-13778,SHP-13778,,0,Root Disruption,108,0,111,Labor Shortage,True,False,Active Cascade
CAS-0443,DIS-0443,SHP-13778,SHP-13778,,0,Dispatch Delay,0,108,111,Labor Shortage,True,False,Active Cascade
CAS-0443,DIS-0443,SHP-13778,SHP-13778,,0,Customer Delivery Risk,0,108,111,Labor Shortage,True,False,Partially Absorbed
CAS-0443,DIS-0443,SHP-13778,SHP-10705,SHP-13778,1,Waiting for Inbound Shipment,0,20,27,Labor Shortage,False,True,Active Cascade
CAS-0443,DIS-0443,SHP-13778,SHP-10705,SHP-13778,1,Departure Delay,0,20,27,Labor Shortage,False,True,Active Cascade
CAS-0443,DIS-0443,SHP-13778,SHP-10705,SHP-13778,1,Customer Delivery Risk,0,20,27,Labor Shortage,False,True,Partially Absorbed
CAS-0443,DIS-0443,SHP-13778,SHP-06952,SHP-10705,2,Warehouse Transfer,0,16,19,Labor Shortage,False,True,Active Cascade
CAS-0443,DIS-0443,SHP-13778,SHP-06952,SHP-10705,2,Departure Delay,0,16,19,Labor Shortage,False,True,Active Cascade
CAS-0443,DIS-0443,SHP-13778,SHP-06952,SHP-10705,2,Customer Delivery Risk,0,16,19,Labor Shortage,False,True,Partially Absorbed
CAS-0444,DIS-0444,SHP-09521,SHP-09521,,0,Root Disruption,181,0,182,Warehouse Congestion,True,False,Active Cascade
CAS-0444,DIS-0444,SHP-09521,SHP-09521,,0,Dispatch Delay,0,181,182,Warehouse Congestion,True,False,Active Cascade
CAS-0444,DIS-0444,SHP-09521,SHP-09521,,0,Customer Delivery Risk,0,181,182,Warehouse Congestion,True,False,Severe Delay Breached
CAS-0444,DIS-0444,SHP-09521,SHP-07334,SHP-09521,1,Route Connection,0,20,18,Warehouse Congestion,False,True,Active Cascade
CAS-0444,DIS-0444,SHP-09521,SHP-07334,SHP-09521,1,Departure Delay,0,20,18,Warehouse Congestion,False,True,Active Cascade
CAS-0444,DIS-0444,SHP-09521,SHP-07334,SHP-09521,1,Customer Delivery Risk,0,20,18,Warehouse Congestion,False,True,Partially Absorbed
CAS-0444,DIS-0444,SHP-09521,SHP-01867,SHP-07334,2,Warehouse Transfer,0,16,24,Warehouse Congestion,False,True,Active Cascade
CAS-0444,DIS-0444,SHP-09521,SHP-01867,SHP-07334,2,Departure Delay,0,16,24,Warehouse Congestion,False,True,Active Cascade
CAS-0444,DIS-0444,SHP-09521,SHP-01867,SHP-07334,2,Customer Delivery Risk,0,16,24,Warehouse Congestion,False,True,Partially Absorbed
CAS-0444,DIS-0444,SHP-09521,SHP-07662,SHP-07334,2,Warehouse Transfer,0,16,19,Warehouse Congestion,False,True,Active Cascade
CAS-0444,DIS-0444,SHP-09521,SHP-07662,SHP-07334,2,Departure Delay,0,16,19,Warehouse Congestion,False,True,Active Cascade
CAS-0444,DIS-0444,SHP-09521,SHP-07662,SHP-07334,2,Customer Delivery Risk,0,16,19,Warehouse Congestion,False,True,Partially Absorbed
CAS-0445,DIS-0445,SHP-10071,SHP-10071,,0,Root Disruption,133,0,137,State Border Checkpoint Hold,True,False,Active Cascade
CAS-0445,DIS-0445,SHP-10071,SHP-10071,,0,Dispatch Delay,0,133,137,State Border Checkpoint Hold,True,False,Active Cascade
CAS-0445,DIS-0445,SHP-10071,SHP-10071,,0,Customer Delivery Risk,0,133,137,State Border Checkpoint Hold,True,False,Severe Delay Breached
CAS-0445,DIS-0445,SHP-10071,SHP-05150,SHP-10071,1,Route Connection,0,81,77,State Border Checkpoint Hold,False,True,Active Cascade
CAS-0445,DIS-0445,SHP-10071,SHP-05150,SHP-10071,1,Departure Delay,0,81,77,State Border Checkpoint Hold,False,True,Active Cascade
CAS-0445,DIS-0445,SHP-10071,SHP-05150,SHP-10071,1,Customer Delivery Risk,0,81,77,State Border Checkpoint Hold,False,True,Partially Absorbed
CAS-0446,DIS-0446,SHP-01678,SHP-01678,,0,Root Disruption,95,0,91,Labor Shortage,True,False,Active Cascade
CAS-0446,DIS-0446,SHP-01678,SHP-01678,,0,Dispatch Delay,0,95,91,Labor Shortage,True,False,Active Cascade
CAS-0446,DIS-0446,SHP-01678,SHP-01678,,0,Customer Delivery Risk,0,95,91,Labor Shortage,True,False,Partially Absorbed
CAS-0446,DIS-0446,SHP-01678,SHP-11930,SHP-01678,1,Route Connection,0,48,54,Labor Shortage,False,True,Active Cascade
CAS-0446,DIS-0446,SHP-01678,SHP-11930,SHP-01678,1,Departure Delay,0,48,54,Labor Shortage,False,True,Active Cascade
CAS-0446,DIS-0446,SHP-01678,SHP-11930,SHP-01678,1,Customer Delivery Risk,0,48,54,Labor Shortage,False,True,Partially Absorbed
CAS-0447,DIS-0447,SHP-07847,SHP-07847,,0,Root Disruption,148,0,153,State Border Checkpoint Hold,True,False,Active Cascade
CAS-0447,DIS-0447,SHP-07847,SHP-07847,,0,Dispatch Delay,0,148,153,State Border Checkpoint Hold,True,False,Active Cascade
CAS-0447,DIS-0447,SHP-07847,SHP-07847,,0,Customer Delivery Risk,0,148,153,State Border Checkpoint Hold,True,False,Severe Delay Breached
CAS-0447,DIS-0447,SHP-07847,SHP-05336,SHP-07847,1,Cross-Dock Transfer,0,71,74,State Border Checkpoint Hold,False,True,Active Cascade
CAS-0447,DIS-0447,SHP-07847,SHP-05336,SHP-07847,1,Departure Delay,0,71,74,State Border Checkpoint Hold,False,True,Active Cascade
CAS-0447,DIS-0447,SHP-07847,SHP-05336,SHP-07847,1,Customer Delivery Risk,0,71,74,State Border Checkpoint Hold,False,True,Partially Absorbed
CAS-0447,DIS-0447,SHP-07847,SHP-06918,SHP-07847,1,Cross-Dock Transfer,0,70,80,State Border Checkpoint Hold,False,True,Active Cascade
CAS-0447,DIS-0447,SHP-07847,SHP-06918,SHP-07847,1,Departure Delay,0,70,80,State Border Checkpoint Hold,False,True,Active Cascade
CAS-0447,DIS-0447,SHP-07847,SHP-06918,SHP-07847,1,Customer Delivery Risk,0,70,80,State Border Checkpoint Hold,False,True,Partially Absorbed
CAS-0448,DIS-0448,SHP-07652,SHP-07652,,0,Root Disruption,73,0,70,Labor Shortage,True,False,Active Cascade
CAS-0448,DIS-0448,SHP-07652,SHP-07652,,0,Dispatch Delay,0,73,70,Labor Shortage,True,False,Active Cascade
CAS-0448,DIS-0448,SHP-07652,SHP-07652,,0,Customer Delivery Risk,0,73,70,Labor Shortage,True,False,Partially Absorbed
CAS-0448,DIS-0448,SHP-07652,SHP-06850,SHP-07652,1,Route Connection,0,20,18,Labor Shortage,False,True,Active Cascade
CAS-0448,DIS-0448,SHP-07652,SHP-06850,SHP-07652,1,Departure Delay,0,20,18,Labor Shortage,False,True,Active Cascade
CAS-0448,DIS-0448,SHP-07652,SHP-06850,SHP-07652,1,Customer Delivery Risk,0,20,18,Labor Shortage,False,True,Partially Absorbed
CAS-0448,DIS-0448,SHP-07652,SHP-01947,SHP-06850,2,Warehouse Transfer,0,16,22,Labor Shortage,False,True,Active Cascade
CAS-0448,DIS-0448,SHP-07652,SHP-01947,SHP-06850,2,Departure Delay,0,16,22,Labor Shortage,False,True,Active Cascade
CAS-0448,DIS-0448,SHP-07652,SHP-01947,SHP-06850,2,Customer Delivery Risk,0,16,22,Labor Shortage,False,True,Partially Absorbed
CAS-0448,DIS-0448,SHP-07652,SHP-03523,SHP-01947,3,Route Connection,0,16,13,Labor Shortage,False,True,Active Cascade
CAS-0448,DIS-0448,SHP-07652,SHP-03523,SHP-01947,3,Departure Delay,0,16,13,Labor Shortage,False,True,Active Cascade
CAS-0448,DIS-0448,SHP-07652,SHP-03523,SHP-01947,3,Customer Delivery Risk,0,16,13,Labor Shortage,False,True,Partially Absorbed
CAS-0448,DIS-0448,SHP-07652,SHP-08471,SHP-06850,2,Warehouse Transfer,0,16,21,Labor Shortage,False,True,Active Cascade
CAS-0448,DIS-0448,SHP-07652,SHP-08471,SHP-06850,2,Departure Delay,0,16,21,Labor Shortage,False,True,Active Cascade
CAS-0448,DIS-0448,SHP-07652,SHP-08471,SHP-06850,2,Customer Delivery Risk,0,16,21,Labor Shortage,False,True,Partially Absorbed
CAS-0449,DIS-0449,SHP-09810,SHP-09810,,0,Root Disruption,99,0,106,Road Closure,True,False,Active Cascade
CAS-0449,DIS-0449,SHP-09810,SHP-09810,,0,Dispatch Delay,0,99,106,Road Closure,True,False,Active Cascade
CAS-0449,DIS-0449,SHP-09810,SHP-09810,,0,Customer Delivery Risk,0,99,106,Road Closure,True,False,Partially Absorbed
CAS-0449,DIS-0449,SHP-09810,SHP-07532,SHP-09810,1,Waiting for Inbound Shipment,0,81,91,Road Closure,False,True,Active Cascade
CAS-0449,DIS-0449,SHP-09810,SHP-07532,SHP-09810,1,Departure Delay,0,81,91,Road Closure,False,True,Active Cascade
CAS-0449,DIS-0449,SHP-09810,SHP-07532,SHP-09810,1,Customer Delivery Risk,0,81,91,Road Closure,False,True,Partially Absorbed
CAS-0449,DIS-0449,SHP-09810,SHP-02004,SHP-07532,2,Warehouse Transfer,0,70,68,Road Closure,False,True,Active Cascade
CAS-0449,DIS-0449,SHP-09810,SHP-02004,SHP-07532,2,Departure Delay,0,70,68,Road Closure,False,True,Active Cascade
CAS-0449,DIS-0449,SHP-09810,SHP-02004,SHP-07532,2,Customer Delivery Risk,0,70,68,Road Closure,False,True,Partially Absorbed
CAS-0450,DIS-0450,SHP-09899,SHP-09899,,0,Root Disruption,123,0,130,Vehicle Breakdown,True,False,Active Cascade
CAS-0450,DIS-0450,SHP-09899,SHP-09899,,0,Dispatch Delay,0,123,130,Vehicle Breakdown,True,False,Active Cascade
CAS-0450,DIS-0450,SHP-09899,SHP-09899,,0,Customer Delivery Risk,0,123,130,Vehicle Breakdown,True,False,Severe Delay Breached
CAS-0450,DIS-0450,SHP-09899,SHP-04974,SHP-09899,1,Route Connection,0,24,34,Vehicle Breakdown,False,True,Active Cascade
CAS-0450,DIS-0450,SHP-09899,SHP-04974,SHP-09899,1,Departure Delay,0,24,34,Vehicle Breakdown,False,True,Active Cascade
CAS-0450,DIS-0450,SHP-09899,SHP-04974,SHP-09899,1,Customer Delivery Risk,0,24,34,Vehicle Breakdown,False,True,Partially Absorbed
CAS-0451,DIS-0451,SHP-11544,SHP-11544,,0,Root Disruption,109,0,108,State Border Checkpoint Hold,True,False,Active Cascade
CAS-0451,DIS-0451,SHP-11544,SHP-11544,,0,Dispatch Delay,0,109,108,State Border Checkpoint Hold,True,False,Active Cascade
CAS-0451,DIS-0451,SHP-11544,SHP-11544,,0,Customer Delivery Risk,0,109,108,State Border Checkpoint Hold,True,False,Partially Absorbed
CAS-0451,DIS-0451,SHP-11544,SHP-05927,SHP-11544,1,Cross-Dock Transfer,0,69,68,State Border Checkpoint Hold,False,True,Active Cascade
CAS-0451,DIS-0451,SHP-11544,SHP-05927,SHP-11544,1,Departure Delay,0,69,68,State Border Checkpoint Hold,False,True,Active Cascade
CAS-0451,DIS-0451,SHP-11544,SHP-05927,SHP-11544,1,Customer Delivery Risk,0,69,68,State Border Checkpoint Hold,False,True,Partially Absorbed
CAS-0451,DIS-0451,SHP-11544,SHP-07795,SHP-11544,1,Cross-Dock Transfer,0,76,78,State Border Checkpoint Hold,False,True,Active Cascade
CAS-0451,DIS-0451,SHP-11544,SHP-07795,SHP-11544,1,Departure Delay,0,76,78,State Border Checkpoint Hold,False,True,Active Cascade
CAS-0451,DIS-0451,SHP-11544,SHP-07795,SHP-11544,1,Customer Delivery Risk,0,76,78,State Border Checkpoint Hold,False,True,Partially Absorbed
CAS-0452,DIS-0452,SHP-00564,SHP-00564,,0,Root Disruption,140,0,136,State Border Checkpoint Hold,True,False,Active Cascade
CAS-0452,DIS-0452,SHP-00564,SHP-00564,,0,Dispatch Delay,0,140,136,State Border Checkpoint Hold,True,False,Active Cascade
CAS-0452,DIS-0452,SHP-00564,SHP-00564,,0,Customer Delivery Risk,0,140,136,State Border Checkpoint Hold,True,False,Severe Delay Breached
CAS-0452,DIS-0452,SHP-00564,SHP-10114,SHP-00564,1,Waiting for Inbound Shipment,0,114,124,State Border Checkpoint Hold,False,True,Active Cascade
CAS-0452,DIS-0452,SHP-00564,SHP-10114,SHP-00564,1,Departure Delay,0,114,124,State Border Checkpoint Hold,False,True,Active Cascade
CAS-0452,DIS-0452,SHP-00564,SHP-10114,SHP-00564,1,Customer Delivery Risk,0,114,124,State Border Checkpoint Hold,False,True,Severe Delay Breached
CAS-0452,DIS-0452,SHP-00564,SHP-09356,SHP-10114,2,Warehouse Transfer,0,16,12,State Border Checkpoint Hold,False,True,Active Cascade
CAS-0452,DIS-0452,SHP-00564,SHP-09356,SHP-10114,2,Departure Delay,0,16,12,State Border Checkpoint Hold,False,True,Active Cascade
CAS-0452,DIS-0452,SHP-00564,SHP-09356,SHP-10114,2,Customer Delivery Risk,0,16,12,State Border Checkpoint Hold,False,True,Partially Absorbed
CAS-0453,DIS-0453,SHP-04414,SHP-04414,,0,Root Disruption,195,0,193,Warehouse Congestion,True,False,Active Cascade
CAS-0453,DIS-0453,SHP-04414,SHP-04414,,0,Dispatch Delay,0,195,193,Warehouse Congestion,True,False,Active Cascade
CAS-0453,DIS-0453,SHP-04414,SHP-04414,,0,Customer Delivery Risk,0,195,193,Warehouse Congestion,True,False,Severe Delay Breached
CAS-0453,DIS-0453,SHP-04414,SHP-00474,SHP-04414,1,Warehouse Congestion Transfer,73,0,71,Warehouse Congestion,False,True,Active Cascade
CAS-0453,DIS-0453,SHP-04414,SHP-00474,SHP-04414,1,Departure Delay,0,0,71,Warehouse Congestion,False,True,Active Cascade
CAS-0453,DIS-0453,SHP-04414,SHP-00474,SHP-04414,1,Customer Delivery Risk,0,0,71,Warehouse Congestion,False,True,Partially Absorbed
CAS-0453,DIS-0453,SHP-04414,SHP-08364,SHP-04414,1,Warehouse Congestion Transfer,93,0,100,Warehouse Congestion,False,True,Active Cascade
CAS-0453,DIS-0453,SHP-04414,SHP-08364,SHP-04414,1,Departure Delay,0,0,100,Warehouse Congestion,False,True,Active Cascade
CAS-0453,DIS-0453,SHP-04414,SHP-08364,SHP-04414,1,Customer Delivery Risk,0,0,100,Warehouse Congestion,False,True,Partially Absorbed
CAS-0454,DIS-0454,SHP-03139,SHP-03139,,0,Root Disruption,183,0,191,Road Closure,True,False,Active Cascade
CAS-0454,DIS-0454,SHP-03139,SHP-03139,,0,Dispatch Delay,0,183,191,Road Closure,True,False,Active Cascade
CAS-0454,DIS-0454,SHP-03139,SHP-03139,,0,Customer Delivery Risk,0,183,191,Road Closure,True,False,Severe Delay Breached
CAS-0454,DIS-0454,SHP-03139,SHP-03006,SHP-03139,1,Route Connection,0,141,138,Road Closure,False,True,Active Cascade
CAS-0454,DIS-0454,SHP-03139,SHP-03006,SHP-03139,1,Departure Delay,0,141,138,Road Closure,False,True,Active Cascade
CAS-0454,DIS-0454,SHP-03139,SHP-03006,SHP-03139,1,Customer Delivery Risk,0,141,138,Road Closure,False,True,Severe Delay Breached
CAS-0454,DIS-0454,SHP-03139,SHP-03464,SHP-03006,2,Warehouse Transfer,0,16,15,Road Closure,False,True,Active Cascade
CAS-0454,DIS-0454,SHP-03139,SHP-03464,SHP-03006,2,Departure Delay,0,16,15,Road Closure,False,True,Active Cascade
CAS-0454,DIS-0454,SHP-03139,SHP-03464,SHP-03006,2,Customer Delivery Risk,0,16,15,Road Closure,False,True,Partially Absorbed
CAS-0454,DIS-0454,SHP-03139,SHP-03029,SHP-03464,3,Route Connection,0,16,15,Road Closure,False,True,Active Cascade
CAS-0454,DIS-0454,SHP-03139,SHP-03029,SHP-03464,3,Departure Delay,0,16,15,Road Closure,False,True,Active Cascade
CAS-0454,DIS-0454,SHP-03139,SHP-03029,SHP-03464,3,Customer Delivery Risk,0,16,15,Road Closure,False,True,Partially Absorbed
CAS-0454,DIS-0454,SHP-03139,SHP-08407,SHP-03006,2,Warehouse Transfer,0,16,14,Road Closure,False,True,Active Cascade
CAS-0454,DIS-0454,SHP-03139,SHP-08407,SHP-03006,2,Departure Delay,0,16,14,Road Closure,False,True,Active Cascade
CAS-0454,DIS-0454,SHP-03139,SHP-08407,SHP-03006,2,Customer Delivery Risk,0,16,14,Road Closure,False,True,Partially Absorbed
CAS-0455,DIS-0455,SHP-00645,SHP-00645,,0,Root Disruption,136,0,143,Labor Shortage,True,False,Active Cascade
CAS-0455,DIS-0455,SHP-00645,SHP-00645,,0,Dispatch Delay,0,136,143,Labor Shortage,True,False,Active Cascade
CAS-0455,DIS-0455,SHP-00645,SHP-00645,,0,Customer Delivery Risk,0,136,143,Labor Shortage,True,False,Severe Delay Breached
CAS-0455,DIS-0455,SHP-00645,SHP-00768,SHP-00645,1,Route Connection,0,108,111,Labor Shortage,False,True,Active Cascade
CAS-0455,DIS-0455,SHP-00645,SHP-00768,SHP-00645,1,Departure Delay,0,108,111,Labor Shortage,False,True,Active Cascade
CAS-0455,DIS-0455,SHP-00645,SHP-00768,SHP-00645,1,Customer Delivery Risk,0,108,111,Labor Shortage,False,True,Partially Absorbed
CAS-0456,DIS-0456,SHP-13834,SHP-13834,,0,Root Disruption,98,0,96,Equipment Failure,True,False,Active Cascade
CAS-0456,DIS-0456,SHP-13834,SHP-13834,,0,Dispatch Delay,0,98,96,Equipment Failure,True,False,Active Cascade
CAS-0456,DIS-0456,SHP-13834,SHP-13834,,0,Customer Delivery Risk,0,98,96,Equipment Failure,True,False,Partially Absorbed
CAS-0456,DIS-0456,SHP-13834,SHP-13269,SHP-13834,1,Waiting for Inbound Shipment,0,20,24,Equipment Failure,False,True,Active Cascade
CAS-0456,DIS-0456,SHP-13834,SHP-13269,SHP-13834,1,Departure Delay,0,20,24,Equipment Failure,False,True,Active Cascade
CAS-0456,DIS-0456,SHP-13834,SHP-13269,SHP-13834,1,Customer Delivery Risk,0,20,24,Equipment Failure,False,True,Partially Absorbed
CAS-0457,DIS-0457,SHP-04361,SHP-04361,,0,Root Disruption,137,0,133,Equipment Failure,True,False,Active Cascade
CAS-0457,DIS-0457,SHP-04361,SHP-04361,,0,Dispatch Delay,0,137,133,Equipment Failure,True,False,Active Cascade
CAS-0457,DIS-0457,SHP-04361,SHP-04361,,0,Customer Delivery Risk,0,137,133,Equipment Failure,True,False,Severe Delay Breached
CAS-0457,DIS-0457,SHP-04361,SHP-07522,SHP-04361,1,Waiting for Inbound Shipment,0,65,73,Equipment Failure,False,True,Active Cascade
CAS-0457,DIS-0457,SHP-04361,SHP-07522,SHP-04361,1,Departure Delay,0,65,73,Equipment Failure,False,True,Active Cascade
CAS-0457,DIS-0457,SHP-04361,SHP-07522,SHP-04361,1,Customer Delivery Risk,0,65,73,Equipment Failure,False,True,Partially Absorbed
CAS-0457,DIS-0457,SHP-04361,SHP-05997,SHP-07522,2,Warehouse Transfer,0,33,38,Equipment Failure,False,True,Active Cascade
CAS-0457,DIS-0457,SHP-04361,SHP-05997,SHP-07522,2,Departure Delay,0,33,38,Equipment Failure,False,True,Active Cascade
CAS-0457,DIS-0457,SHP-04361,SHP-05997,SHP-07522,2,Customer Delivery Risk,0,33,38,Equipment Failure,False,True,Partially Absorbed
CAS-0458,DIS-0458,SHP-02143,SHP-02143,,0,Root Disruption,92,0,94,Road Closure,True,False,Active Cascade
CAS-0458,DIS-0458,SHP-02143,SHP-02143,,0,Dispatch Delay,0,92,94,Road Closure,True,False,Active Cascade
CAS-0458,DIS-0458,SHP-02143,SHP-02143,,0,Customer Delivery Risk,0,92,94,Road Closure,True,False,Partially Absorbed
CAS-0458,DIS-0458,SHP-02143,SHP-09914,SHP-02143,1,Waiting for Inbound Shipment,0,20,25,Road Closure,False,True,Active Cascade
CAS-0458,DIS-0458,SHP-02143,SHP-09914,SHP-02143,1,Departure Delay,0,20,25,Road Closure,False,True,Active Cascade
CAS-0458,DIS-0458,SHP-02143,SHP-09914,SHP-02143,1,Customer Delivery Risk,0,20,25,Road Closure,False,True,Partially Absorbed
CAS-0458,DIS-0458,SHP-02143,SHP-00172,SHP-09914,2,Warehouse Transfer,0,16,15,Road Closure,False,True,Active Cascade
CAS-0458,DIS-0458,SHP-02143,SHP-00172,SHP-09914,2,Departure Delay,0,16,15,Road Closure,False,True,Active Cascade
CAS-0458,DIS-0458,SHP-02143,SHP-00172,SHP-09914,2,Customer Delivery Risk,0,16,15,Road Closure,False,True,Partially Absorbed
CAS-0459,DIS-0459,SHP-03475,SHP-03475,,0,Root Disruption,167,0,167,Equipment Failure,True,False,Active Cascade
CAS-0459,DIS-0459,SHP-03475,SHP-03475,,0,Dispatch Delay,0,167,167,Equipment Failure,True,False,Active Cascade
CAS-0459,DIS-0459,SHP-03475,SHP-03475,,0,Customer Delivery Risk,0,167,167,Equipment Failure,True,False,Severe Delay Breached
CAS-0459,DIS-0459,SHP-03475,SHP-06661,SHP-03475,1,Waiting for Inbound Shipment,0,20,20,Equipment Failure,False,True,Active Cascade
CAS-0459,DIS-0459,SHP-03475,SHP-06661,SHP-03475,1,Departure Delay,0,20,20,Equipment Failure,False,True,Active Cascade
CAS-0459,DIS-0459,SHP-03475,SHP-06661,SHP-03475,1,Customer Delivery Risk,0,20,20,Equipment Failure,False,True,Partially Absorbed
CAS-0460,DIS-0460,SHP-01469,SHP-01469,,0,Root Disruption,167,0,167,Equipment Failure,True,False,Active Cascade
CAS-0460,DIS-0460,SHP-01469,SHP-01469,,0,Dispatch Delay,0,167,167,Equipment Failure,True,False,Active Cascade
CAS-0460,DIS-0460,SHP-01469,SHP-01469,,0,Customer Delivery Risk,0,167,167,Equipment Failure,True,False,Severe Delay Breached
CAS-0460,DIS-0460,SHP-01469,SHP-06106,SHP-01469,1,Route Connection,0,138,140,Equipment Failure,False,True,Active Cascade
CAS-0460,DIS-0460,SHP-01469,SHP-06106,SHP-01469,1,Departure Delay,0,138,140,Equipment Failure,False,True,Active Cascade
CAS-0460,DIS-0460,SHP-01469,SHP-06106,SHP-01469,1,Customer Delivery Risk,0,138,140,Equipment Failure,False,True,Severe Delay Breached
CAS-0461,DIS-0461,SHP-01264,SHP-01264,,0,Root Disruption,141,0,146,Road Closure,True,False,Active Cascade
CAS-0461,DIS-0461,SHP-01264,SHP-01264,,0,Dispatch Delay,0,141,146,Road Closure,True,False,Active Cascade
CAS-0461,DIS-0461,SHP-01264,SHP-01264,,0,Customer Delivery Risk,0,141,146,Road Closure,True,False,Severe Delay Breached
CAS-0461,DIS-0461,SHP-01264,SHP-08642,SHP-01264,1,Cross-Dock Transfer,0,16,17,Road Closure,False,True,Active Cascade
CAS-0461,DIS-0461,SHP-01264,SHP-08642,SHP-01264,1,Departure Delay,0,16,17,Road Closure,False,True,Active Cascade
CAS-0461,DIS-0461,SHP-01264,SHP-08642,SHP-01264,1,Customer Delivery Risk,0,16,17,Road Closure,False,True,Partially Absorbed
CAS-0462,DIS-0462,SHP-13416,SHP-13416,,0,Root Disruption,87,0,86,Labor Shortage,True,False,Active Cascade
CAS-0462,DIS-0462,SHP-13416,SHP-13416,,0,Dispatch Delay,0,87,86,Labor Shortage,True,False,Active Cascade
CAS-0462,DIS-0462,SHP-13416,SHP-13416,,0,Customer Delivery Risk,0,87,86,Labor Shortage,True,False,Partially Absorbed
CAS-0462,DIS-0462,SHP-13416,SHP-10277,SHP-13416,1,Warehouse Congestion Transfer,52,0,52,Warehouse Congestion,False,True,Active Cascade
CAS-0462,DIS-0462,SHP-13416,SHP-10277,SHP-13416,1,Departure Delay,0,0,52,Warehouse Congestion,False,True,Active Cascade
CAS-0462,DIS-0462,SHP-13416,SHP-10277,SHP-13416,1,Customer Delivery Risk,0,0,52,Warehouse Congestion,False,True,Partially Absorbed
CAS-0462,DIS-0462,SHP-13416,SHP-03469,SHP-13416,1,Warehouse Congestion Transfer,49,0,50,Warehouse Congestion,False,True,Active Cascade
CAS-0462,DIS-0462,SHP-13416,SHP-03469,SHP-13416,1,Departure Delay,0,0,50,Warehouse Congestion,False,True,Active Cascade
CAS-0462,DIS-0462,SHP-13416,SHP-03469,SHP-13416,1,Customer Delivery Risk,0,0,50,Warehouse Congestion,False,True,Partially Absorbed
CAS-0462,DIS-0462,SHP-13416,SHP-12401,SHP-13416,1,Warehouse Congestion Transfer,53,0,55,Warehouse Congestion,False,True,Active Cascade
CAS-0462,DIS-0462,SHP-13416,SHP-12401,SHP-13416,1,Departure Delay,0,0,55,Warehouse Congestion,False,True,Active Cascade
CAS-0462,DIS-0462,SHP-13416,SHP-12401,SHP-13416,1,Customer Delivery Risk,0,0,55,Warehouse Congestion,False,True,Partially Absorbed
CAS-0462,DIS-0462,SHP-13416,SHP-05307,SHP-13416,1,Warehouse Congestion Transfer,68,0,74,Warehouse Congestion,False,True,Active Cascade
CAS-0462,DIS-0462,SHP-13416,SHP-05307,SHP-13416,1,Departure Delay,0,0,74,Warehouse Congestion,False,True,Active Cascade
CAS-0462,DIS-0462,SHP-13416,SHP-05307,SHP-13416,1,Customer Delivery Risk,0,0,74,Warehouse Congestion,False,True,Partially Absorbed
CAS-0463,DIS-0463,SHP-08598,SHP-08598,,0,Root Disruption,163,0,171,Warehouse Congestion,True,False,Active Cascade
CAS-0463,DIS-0463,SHP-08598,SHP-08598,,0,Dispatch Delay,0,163,171,Warehouse Congestion,True,False,Active Cascade
CAS-0463,DIS-0463,SHP-08598,SHP-08598,,0,Customer Delivery Risk,0,163,171,Warehouse Congestion,True,False,Severe Delay Breached
CAS-0463,DIS-0463,SHP-08598,SHP-09619,SHP-08598,1,Waiting for Inbound Shipment,0,71,78,Warehouse Congestion,False,True,Active Cascade
CAS-0463,DIS-0463,SHP-08598,SHP-09619,SHP-08598,1,Departure Delay,0,71,78,Warehouse Congestion,False,True,Active Cascade
CAS-0463,DIS-0463,SHP-08598,SHP-09619,SHP-08598,1,Customer Delivery Risk,0,71,78,Warehouse Congestion,False,True,Partially Absorbed
CAS-0463,DIS-0463,SHP-08598,SHP-00912,SHP-09619,2,Warehouse Transfer,0,44,48,Warehouse Congestion,False,True,Active Cascade
CAS-0463,DIS-0463,SHP-08598,SHP-00912,SHP-09619,2,Departure Delay,0,44,48,Warehouse Congestion,False,True,Active Cascade
CAS-0463,DIS-0463,SHP-08598,SHP-00912,SHP-09619,2,Customer Delivery Risk,0,44,48,Warehouse Congestion,False,True,Partially Absorbed
CAS-0464,DIS-0464,SHP-10129,SHP-10129,,0,Root Disruption,184,0,190,Vehicle Breakdown,True,False,Active Cascade
CAS-0464,DIS-0464,SHP-10129,SHP-10129,,0,Dispatch Delay,0,184,190,Vehicle Breakdown,True,False,Active Cascade
CAS-0464,DIS-0464,SHP-10129,SHP-10129,,0,Customer Delivery Risk,0,184,190,Vehicle Breakdown,True,False,Severe Delay Breached
CAS-0464,DIS-0464,SHP-10129,SHP-05620,SHP-10129,1,Warehouse Congestion Transfer,103,0,100,Warehouse Congestion,False,True,Active Cascade
CAS-0464,DIS-0464,SHP-10129,SHP-05620,SHP-10129,1,Departure Delay,0,0,100,Warehouse Congestion,False,True,Active Cascade
CAS-0464,DIS-0464,SHP-10129,SHP-05620,SHP-10129,1,Customer Delivery Risk,0,0,100,Warehouse Congestion,False,True,Partially Absorbed
CAS-0464,DIS-0464,SHP-10129,SHP-07637,SHP-10129,1,Warehouse Congestion Transfer,152,0,161,Warehouse Congestion,False,True,Active Cascade
CAS-0464,DIS-0464,SHP-10129,SHP-07637,SHP-10129,1,Departure Delay,0,0,161,Warehouse Congestion,False,True,Active Cascade
CAS-0464,DIS-0464,SHP-10129,SHP-07637,SHP-10129,1,Customer Delivery Risk,0,0,161,Warehouse Congestion,False,True,Severe Delay Breached
CAS-0465,DIS-0465,SHP-13159,SHP-13159,,0,Root Disruption,203,0,199,Road Closure,True,False,Active Cascade
CAS-0465,DIS-0465,SHP-13159,SHP-13159,,0,Dispatch Delay,0,203,199,Road Closure,True,False,Active Cascade
CAS-0465,DIS-0465,SHP-13159,SHP-13159,,0,Customer Delivery Risk,0,203,199,Road Closure,True,False,Severe Delay Breached
CAS-0465,DIS-0465,SHP-13159,SHP-03741,SHP-13159,1,Cross-Dock Transfer,0,53,55,Road Closure,False,True,Active Cascade
CAS-0465,DIS-0465,SHP-13159,SHP-03741,SHP-13159,1,Departure Delay,0,53,55,Road Closure,False,True,Active Cascade
CAS-0465,DIS-0465,SHP-13159,SHP-03741,SHP-13159,1,Customer Delivery Risk,0,53,55,Road Closure,False,True,Partially Absorbed
CAS-0465,DIS-0465,SHP-13159,SHP-11630,SHP-13159,1,Cross-Dock Transfer,0,16,26,Road Closure,False,True,Active Cascade
CAS-0465,DIS-0465,SHP-13159,SHP-11630,SHP-13159,1,Departure Delay,0,16,26,Road Closure,False,True,Active Cascade
CAS-0465,DIS-0465,SHP-13159,SHP-11630,SHP-13159,1,Customer Delivery Risk,0,16,26,Road Closure,False,True,Partially Absorbed
CAS-0465,DIS-0465,SHP-13159,SHP-06934,SHP-13159,1,Cross-Dock Transfer,0,16,23,Road Closure,False,True,Active Cascade
CAS-0465,DIS-0465,SHP-13159,SHP-06934,SHP-13159,1,Departure Delay,0,16,23,Road Closure,False,True,Active Cascade
CAS-0465,DIS-0465,SHP-13159,SHP-06934,SHP-13159,1,Customer Delivery Risk,0,16,23,Road Closure,False,True,Partially Absorbed
CAS-0466,DIS-0466,SHP-13134,SHP-13134,,0,Root Disruption,65,0,71,Equipment Failure,True,False,Active Cascade
CAS-0466,DIS-0466,SHP-13134,SHP-13134,,0,Dispatch Delay,0,65,71,Equipment Failure,True,False,Active Cascade
CAS-0466,DIS-0466,SHP-13134,SHP-13134,,0,Customer Delivery Risk,0,65,71,Equipment Failure,True,False,Partially Absorbed
CAS-0466,DIS-0466,SHP-13134,SHP-00713,SHP-13134,1,Route Connection,0,20,20,Equipment Failure,False,True,Active Cascade
CAS-0466,DIS-0466,SHP-13134,SHP-00713,SHP-13134,1,Departure Delay,0,20,20,Equipment Failure,False,True,Active Cascade
CAS-0466,DIS-0466,SHP-13134,SHP-00713,SHP-13134,1,Customer Delivery Risk,0,20,20,Equipment Failure,False,True,Partially Absorbed
CAS-0467,DIS-0467,SHP-08963,SHP-08963,,0,Root Disruption,151,0,158,Labor Shortage,True,False,Active Cascade
CAS-0467,DIS-0467,SHP-08963,SHP-08963,,0,Dispatch Delay,0,151,158,Labor Shortage,True,False,Active Cascade
CAS-0467,DIS-0467,SHP-08963,SHP-08963,,0,Customer Delivery Risk,0,151,158,Labor Shortage,True,False,Severe Delay Breached
CAS-0467,DIS-0467,SHP-08963,SHP-10358,SHP-08963,1,Waiting for Inbound Shipment,0,45,44,Labor Shortage,False,True,Active Cascade
CAS-0467,DIS-0467,SHP-08963,SHP-10358,SHP-08963,1,Departure Delay,0,45,44,Labor Shortage,False,True,Active Cascade
CAS-0467,DIS-0467,SHP-08963,SHP-10358,SHP-08963,1,Customer Delivery Risk,0,45,44,Labor Shortage,False,True,Partially Absorbed
CAS-0467,DIS-0467,SHP-08963,SHP-07861,SHP-10358,2,Warehouse Transfer,0,16,20,Labor Shortage,False,True,Active Cascade
CAS-0467,DIS-0467,SHP-08963,SHP-07861,SHP-10358,2,Departure Delay,0,16,20,Labor Shortage,False,True,Active Cascade
CAS-0467,DIS-0467,SHP-08963,SHP-07861,SHP-10358,2,Customer Delivery Risk,0,16,20,Labor Shortage,False,True,Partially Absorbed
CAS-0468,DIS-0468,SHP-06645,SHP-06645,,0,Root Disruption,225,0,226,Warehouse Congestion,True,False,Active Cascade
CAS-0468,DIS-0468,SHP-06645,SHP-06645,,0,Dispatch Delay,0,225,226,Warehouse Congestion,True,False,Active Cascade
CAS-0468,DIS-0468,SHP-06645,SHP-06645,,0,Customer Delivery Risk,0,225,226,Warehouse Congestion,True,False,Severe Delay Breached
CAS-0468,DIS-0468,SHP-06645,SHP-00381,SHP-06645,1,Route Connection,0,20,24,Warehouse Congestion,False,True,Active Cascade
CAS-0468,DIS-0468,SHP-06645,SHP-00381,SHP-06645,1,Departure Delay,0,20,24,Warehouse Congestion,False,True,Active Cascade
CAS-0468,DIS-0468,SHP-06645,SHP-00381,SHP-06645,1,Customer Delivery Risk,0,20,24,Warehouse Congestion,False,True,Partially Absorbed
CAS-0468,DIS-0468,SHP-06645,SHP-02029,SHP-00381,2,Warehouse Transfer,0,16,18,Warehouse Congestion,False,True,Active Cascade
CAS-0468,DIS-0468,SHP-06645,SHP-02029,SHP-00381,2,Departure Delay,0,16,18,Warehouse Congestion,False,True,Active Cascade
CAS-0468,DIS-0468,SHP-06645,SHP-02029,SHP-00381,2,Customer Delivery Risk,0,16,18,Warehouse Congestion,False,True,Partially Absorbed
CAS-0468,DIS-0468,SHP-06645,SHP-04007,SHP-02029,3,Route Connection,0,16,15,Warehouse Congestion,False,True,Active Cascade
CAS-0468,DIS-0468,SHP-06645,SHP-04007,SHP-02029,3,Departure Delay,0,16,15,Warehouse Congestion,False,True,Active Cascade
CAS-0468,DIS-0468,SHP-06645,SHP-04007,SHP-02029,3,Customer Delivery Risk,0,16,15,Warehouse Congestion,False,True,Partially Absorbed
CAS-0468,DIS-0468,SHP-06645,SHP-07094,SHP-00381,2,Warehouse Transfer,0,16,25,Warehouse Congestion,False,True,Active Cascade
CAS-0468,DIS-0468,SHP-06645,SHP-07094,SHP-00381,2,Departure Delay,0,16,25,Warehouse Congestion,False,True,Active Cascade
CAS-0468,DIS-0468,SHP-06645,SHP-07094,SHP-00381,2,Customer Delivery Risk,0,16,25,Warehouse Congestion,False,True,Partially Absorbed
CAS-0469,DIS-0469,SHP-13761,SHP-13761,,0,Root Disruption,230,0,229,Vehicle Breakdown,True,False,Active Cascade
CAS-0469,DIS-0469,SHP-13761,SHP-13761,,0,Dispatch Delay,0,230,229,Vehicle Breakdown,True,False,Active Cascade
CAS-0469,DIS-0469,SHP-13761,SHP-13761,,0,Customer Delivery Risk,0,230,229,Vehicle Breakdown,True,False,Severe Delay Breached
CAS-0469,DIS-0469,SHP-13761,SHP-03875,SHP-13761,1,Route Connection,0,20,15,Vehicle Breakdown,False,True,Active Cascade
CAS-0469,DIS-0469,SHP-13761,SHP-03875,SHP-13761,1,Departure Delay,0,20,15,Vehicle Breakdown,False,True,Active Cascade
CAS-0469,DIS-0469,SHP-13761,SHP-03875,SHP-13761,1,Customer Delivery Risk,0,20,15,Vehicle Breakdown,False,True,Partially Absorbed
CAS-0469,DIS-0469,SHP-13761,SHP-01453,SHP-03875,2,Warehouse Transfer,0,16,13,Vehicle Breakdown,False,True,Active Cascade
CAS-0469,DIS-0469,SHP-13761,SHP-01453,SHP-03875,2,Departure Delay,0,16,13,Vehicle Breakdown,False,True,Active Cascade
CAS-0469,DIS-0469,SHP-13761,SHP-01453,SHP-03875,2,Customer Delivery Risk,0,16,13,Vehicle Breakdown,False,True,Partially Absorbed
CAS-0469,DIS-0469,SHP-13761,SHP-09594,SHP-01453,3,Route Connection,0,16,14,Vehicle Breakdown,False,True,Active Cascade
CAS-0469,DIS-0469,SHP-13761,SHP-09594,SHP-01453,3,Departure Delay,0,16,14,Vehicle Breakdown,False,True,Active Cascade
CAS-0469,DIS-0469,SHP-13761,SHP-09594,SHP-01453,3,Customer Delivery Risk,0,16,14,Vehicle Breakdown,False,True,Partially Absorbed
CAS-0469,DIS-0469,SHP-13761,SHP-10810,SHP-03875,2,Warehouse Transfer,0,16,23,Vehicle Breakdown,False,True,Active Cascade
CAS-0469,DIS-0469,SHP-13761,SHP-10810,SHP-03875,2,Departure Delay,0,16,23,Vehicle Breakdown,False,True,Active Cascade
CAS-0469,DIS-0469,SHP-13761,SHP-10810,SHP-03875,2,Customer Delivery Risk,0,16,23,Vehicle Breakdown,False,True,Partially Absorbed
CAS-0470,DIS-0470,SHP-01386,SHP-01386,,0,Root Disruption,214,0,217,Road Closure,True,False,Active Cascade
CAS-0470,DIS-0470,SHP-01386,SHP-01386,,0,Dispatch Delay,0,214,217,Road Closure,True,False,Active Cascade
CAS-0470,DIS-0470,SHP-01386,SHP-01386,,0,Customer Delivery Risk,0,214,217,Road Closure,True,False,Severe Delay Breached
CAS-0470,DIS-0470,SHP-01386,SHP-11904,SHP-01386,1,Cross-Dock Transfer,0,16,13,Road Closure,False,True,Active Cascade
CAS-0470,DIS-0470,SHP-01386,SHP-11904,SHP-01386,1,Departure Delay,0,16,13,Road Closure,False,True,Active Cascade
CAS-0470,DIS-0470,SHP-01386,SHP-11904,SHP-01386,1,Customer Delivery Risk,0,16,13,Road Closure,False,True,Partially Absorbed
CAS-0470,DIS-0470,SHP-01386,SHP-07282,SHP-01386,1,Cross-Dock Transfer,0,16,20,Road Closure,False,True,Active Cascade
CAS-0470,DIS-0470,SHP-01386,SHP-07282,SHP-01386,1,Departure Delay,0,16,20,Road Closure,False,True,Active Cascade
CAS-0470,DIS-0470,SHP-01386,SHP-07282,SHP-01386,1,Customer Delivery Risk,0,16,20,Road Closure,False,True,Partially Absorbed
CAS-0471,DIS-0471,SHP-09263,SHP-09263,,0,Root Disruption,146,0,150,Vehicle Breakdown,True,False,Active Cascade
CAS-0471,DIS-0471,SHP-09263,SHP-09263,,0,Dispatch Delay,0,146,150,Vehicle Breakdown,True,False,Active Cascade
CAS-0471,DIS-0471,SHP-09263,SHP-09263,,0,Customer Delivery Risk,0,146,150,Vehicle Breakdown,True,False,Severe Delay Breached
CAS-0471,DIS-0471,SHP-09263,SHP-00046,SHP-09263,1,Cross-Dock Transfer,0,21,26,Vehicle Breakdown,False,True,Active Cascade
CAS-0471,DIS-0471,SHP-09263,SHP-00046,SHP-09263,1,Departure Delay,0,21,26,Vehicle Breakdown,False,True,Active Cascade
CAS-0471,DIS-0471,SHP-09263,SHP-00046,SHP-09263,1,Customer Delivery Risk,0,21,26,Vehicle Breakdown,False,True,Partially Absorbed
CAS-0471,DIS-0471,SHP-09263,SHP-05157,SHP-09263,1,Cross-Dock Transfer,0,21,31,Vehicle Breakdown,False,True,Active Cascade
CAS-0471,DIS-0471,SHP-09263,SHP-05157,SHP-09263,1,Departure Delay,0,21,31,Vehicle Breakdown,False,True,Active Cascade
CAS-0471,DIS-0471,SHP-09263,SHP-05157,SHP-09263,1,Customer Delivery Risk,0,21,31,Vehicle Breakdown,False,True,Partially Absorbed
CAS-0471,DIS-0471,SHP-09263,SHP-12444,SHP-09263,1,Cross-Dock Transfer,0,16,19,Vehicle Breakdown,False,True,Active Cascade
CAS-0471,DIS-0471,SHP-09263,SHP-12444,SHP-09263,1,Departure Delay,0,16,19,Vehicle Breakdown,False,True,Active Cascade
CAS-0471,DIS-0471,SHP-09263,SHP-12444,SHP-09263,1,Customer Delivery Risk,0,16,19,Vehicle Breakdown,False,True,Partially Absorbed
CAS-0472,DIS-0472,SHP-02180,SHP-02180,,0,Root Disruption,115,0,121,Severe Weather,True,False,Active Cascade
CAS-0472,DIS-0472,SHP-02180,SHP-02180,,0,Dispatch Delay,0,115,121,Severe Weather,True,False,Active Cascade
CAS-0472,DIS-0472,SHP-02180,SHP-02180,,0,Customer Delivery Risk,0,115,121,Severe Weather,True,False,Severe Delay Breached
CAS-0472,DIS-0472,SHP-02180,SHP-12783,SHP-02180,1,Warehouse Congestion Transfer,79,0,79,Warehouse Congestion,False,True,Active Cascade
CAS-0472,DIS-0472,SHP-02180,SHP-12783,SHP-02180,1,Departure Delay,0,0,79,Warehouse Congestion,False,True,Active Cascade
CAS-0472,DIS-0472,SHP-02180,SHP-12783,SHP-02180,1,Customer Delivery Risk,0,0,79,Warehouse Congestion,False,True,Partially Absorbed
CAS-0473,DIS-0473,SHP-09026,SHP-09026,,0,Root Disruption,160,0,162,Severe Weather,True,False,Active Cascade
CAS-0473,DIS-0473,SHP-09026,SHP-09026,,0,Dispatch Delay,0,160,162,Severe Weather,True,False,Active Cascade
CAS-0473,DIS-0473,SHP-09026,SHP-09026,,0,Customer Delivery Risk,0,160,162,Severe Weather,True,False,Severe Delay Breached
CAS-0473,DIS-0473,SHP-09026,SHP-01104,SHP-09026,1,Route Connection,0,20,18,Severe Weather,False,True,Active Cascade
CAS-0473,DIS-0473,SHP-09026,SHP-01104,SHP-09026,1,Departure Delay,0,20,18,Severe Weather,False,True,Active Cascade
CAS-0473,DIS-0473,SHP-09026,SHP-01104,SHP-09026,1,Customer Delivery Risk,0,20,18,Severe Weather,False,True,Partially Absorbed
CAS-0474,DIS-0474,SHP-03084,SHP-03084,,0,Root Disruption,74,0,78,Labor Shortage,True,False,Active Cascade
CAS-0474,DIS-0474,SHP-03084,SHP-03084,,0,Dispatch Delay,0,74,78,Labor Shortage,True,False,Active Cascade
CAS-0474,DIS-0474,SHP-03084,SHP-03084,,0,Customer Delivery Risk,0,74,78,Labor Shortage,True,False,Partially Absorbed
CAS-0474,DIS-0474,SHP-03084,SHP-06068,SHP-03084,1,Waiting for Inbound Shipment,0,20,23,Labor Shortage,False,True,Active Cascade
CAS-0474,DIS-0474,SHP-03084,SHP-06068,SHP-03084,1,Departure Delay,0,20,23,Labor Shortage,False,True,Active Cascade
CAS-0474,DIS-0474,SHP-03084,SHP-06068,SHP-03084,1,Customer Delivery Risk,0,20,23,Labor Shortage,False,True,Partially Absorbed
CAS-0474,DIS-0474,SHP-03084,SHP-07738,SHP-06068,2,Warehouse Transfer,0,16,19,Labor Shortage,False,True,Active Cascade
CAS-0474,DIS-0474,SHP-03084,SHP-07738,SHP-06068,2,Departure Delay,0,16,19,Labor Shortage,False,True,Active Cascade
CAS-0474,DIS-0474,SHP-03084,SHP-07738,SHP-06068,2,Customer Delivery Risk,0,16,19,Labor Shortage,False,True,Partially Absorbed
CAS-0475,DIS-0475,SHP-02318,SHP-02318,,0,Root Disruption,118,0,122,Severe Weather,True,False,Active Cascade
CAS-0475,DIS-0475,SHP-02318,SHP-02318,,0,Dispatch Delay,0,118,122,Severe Weather,True,False,Active Cascade
CAS-0475,DIS-0475,SHP-02318,SHP-02318,,0,Customer Delivery Risk,0,118,122,Severe Weather,True,False,Severe Delay Breached
CAS-0475,DIS-0475,SHP-02318,SHP-00873,SHP-02318,1,Waiting for Inbound Shipment,0,20,29,Severe Weather,False,True,Active Cascade
CAS-0475,DIS-0475,SHP-02318,SHP-00873,SHP-02318,1,Departure Delay,0,20,29,Severe Weather,False,True,Active Cascade
CAS-0475,DIS-0475,SHP-02318,SHP-00873,SHP-02318,1,Customer Delivery Risk,0,20,29,Severe Weather,False,True,Partially Absorbed
CAS-0475,DIS-0475,SHP-02318,SHP-10529,SHP-00873,2,Warehouse Transfer,0,16,15,Severe Weather,False,True,Active Cascade
CAS-0475,DIS-0475,SHP-02318,SHP-10529,SHP-00873,2,Departure Delay,0,16,15,Severe Weather,False,True,Active Cascade
CAS-0475,DIS-0475,SHP-02318,SHP-10529,SHP-00873,2,Customer Delivery Risk,0,16,15,Severe Weather,False,True,Partially Absorbed
CAS-0476,DIS-0476,SHP-04439,SHP-04439,,0,Root Disruption,110,0,120,Labor Shortage,True,False,Active Cascade
CAS-0476,DIS-0476,SHP-04439,SHP-04439,,0,Dispatch Delay,0,110,120,Labor Shortage,True,False,Active Cascade
CAS-0476,DIS-0476,SHP-04439,SHP-04439,,0,Customer Delivery Risk,0,110,120,Labor Shortage,True,False,Partially Absorbed
CAS-0476,DIS-0476,SHP-04439,SHP-06256,SHP-04439,1,Cross-Dock Transfer,0,41,44,Labor Shortage,False,True,Active Cascade
CAS-0476,DIS-0476,SHP-04439,SHP-06256,SHP-04439,1,Departure Delay,0,41,44,Labor Shortage,False,True,Active Cascade
CAS-0476,DIS-0476,SHP-04439,SHP-06256,SHP-04439,1,Customer Delivery Risk,0,41,44,Labor Shortage,False,True,Partially Absorbed
CAS-0476,DIS-0476,SHP-04439,SHP-07591,SHP-04439,1,Cross-Dock Transfer,0,44,45,Labor Shortage,False,True,Active Cascade
CAS-0476,DIS-0476,SHP-04439,SHP-07591,SHP-04439,1,Departure Delay,0,44,45,Labor Shortage,False,True,Active Cascade
CAS-0476,DIS-0476,SHP-04439,SHP-07591,SHP-04439,1,Customer Delivery Risk,0,44,45,Labor Shortage,False,True,Partially Absorbed
CAS-0477,DIS-0477,SHP-12584,SHP-12584,,0,Root Disruption,184,0,182,Severe Weather,True,False,Active Cascade
CAS-0477,DIS-0477,SHP-12584,SHP-12584,,0,Dispatch Delay,0,184,182,Severe Weather,True,False,Active Cascade
CAS-0477,DIS-0477,SHP-12584,SHP-12584,,0,Customer Delivery Risk,0,184,182,Severe Weather,True,False,Severe Delay Breached
CAS-0477,DIS-0477,SHP-12584,SHP-08524,SHP-12584,1,Cross-Dock Transfer,0,16,26,Severe Weather,False,True,Active Cascade
CAS-0477,DIS-0477,SHP-12584,SHP-08524,SHP-12584,1,Departure Delay,0,16,26,Severe Weather,False,True,Active Cascade
CAS-0477,DIS-0477,SHP-12584,SHP-08524,SHP-12584,1,Customer Delivery Risk,0,16,26,Severe Weather,False,True,Partially Absorbed
CAS-0477,DIS-0477,SHP-12584,SHP-04529,SHP-12584,1,Cross-Dock Transfer,0,16,18,Severe Weather,False,True,Active Cascade
CAS-0477,DIS-0477,SHP-12584,SHP-04529,SHP-12584,1,Departure Delay,0,16,18,Severe Weather,False,True,Active Cascade
CAS-0477,DIS-0477,SHP-12584,SHP-04529,SHP-12584,1,Customer Delivery Risk,0,16,18,Severe Weather,False,True,Partially Absorbed
CAS-0478,DIS-0478,SHP-04030,SHP-04030,,0,Root Disruption,189,0,193,Vehicle Breakdown,True,False,Active Cascade
CAS-0478,DIS-0478,SHP-04030,SHP-04030,,0,Dispatch Delay,0,189,193,Vehicle Breakdown,True,False,Active Cascade
CAS-0478,DIS-0478,SHP-04030,SHP-04030,,0,Customer Delivery Risk,0,189,193,Vehicle Breakdown,True,False,Severe Delay Breached
CAS-0478,DIS-0478,SHP-04030,SHP-06787,SHP-04030,1,Cross-Dock Transfer,0,16,22,Vehicle Breakdown,False,True,Active Cascade
CAS-0478,DIS-0478,SHP-04030,SHP-06787,SHP-04030,1,Departure Delay,0,16,22,Vehicle Breakdown,False,True,Active Cascade
CAS-0478,DIS-0478,SHP-04030,SHP-06787,SHP-04030,1,Customer Delivery Risk,0,16,22,Vehicle Breakdown,False,True,Partially Absorbed
CAS-0478,DIS-0478,SHP-04030,SHP-07035,SHP-04030,1,Cross-Dock Transfer,0,16,24,Vehicle Breakdown,False,True,Active Cascade
CAS-0478,DIS-0478,SHP-04030,SHP-07035,SHP-04030,1,Departure Delay,0,16,24,Vehicle Breakdown,False,True,Active Cascade
CAS-0478,DIS-0478,SHP-04030,SHP-07035,SHP-04030,1,Customer Delivery Risk,0,16,24,Vehicle Breakdown,False,True,Partially Absorbed
CAS-0479,DIS-0479,SHP-12430,SHP-12430,,0,Root Disruption,141,0,147,State Border Checkpoint Hold,True,False,Active Cascade
CAS-0479,DIS-0479,SHP-12430,SHP-12430,,0,Dispatch Delay,0,141,147,State Border Checkpoint Hold,True,False,Active Cascade
CAS-0479,DIS-0479,SHP-12430,SHP-12430,,0,Customer Delivery Risk,0,141,147,State Border Checkpoint Hold,True,False,Severe Delay Breached
CAS-0479,DIS-0479,SHP-12430,SHP-06384,SHP-12430,1,Waiting for Inbound Shipment,0,20,30,State Border Checkpoint Hold,False,True,Active Cascade
CAS-0479,DIS-0479,SHP-12430,SHP-06384,SHP-12430,1,Departure Delay,0,20,30,State Border Checkpoint Hold,False,True,Active Cascade
CAS-0479,DIS-0479,SHP-12430,SHP-06384,SHP-12430,1,Customer Delivery Risk,0,20,30,State Border Checkpoint Hold,False,True,Partially Absorbed
CAS-0480,DIS-0480,SHP-02559,SHP-02559,,0,Root Disruption,73,0,81,Equipment Failure,True,False,Active Cascade
CAS-0480,DIS-0480,SHP-02559,SHP-02559,,0,Dispatch Delay,0,73,81,Equipment Failure,True,False,Active Cascade
CAS-0480,DIS-0480,SHP-02559,SHP-02559,,0,Customer Delivery Risk,0,73,81,Equipment Failure,True,False,Partially Absorbed
CAS-0480,DIS-0480,SHP-02559,SHP-00405,SHP-02559,1,Route Connection,0,20,25,Equipment Failure,False,True,Active Cascade
CAS-0480,DIS-0480,SHP-02559,SHP-00405,SHP-02559,1,Departure Delay,0,20,25,Equipment Failure,False,True,Active Cascade
CAS-0480,DIS-0480,SHP-02559,SHP-00405,SHP-02559,1,Customer Delivery Risk,0,20,25,Equipment Failure,False,True,Partially Absorbed
CAS-0481,DIS-0481,SHP-13136,SHP-13136,,0,Root Disruption,134,0,130,Vehicle Breakdown,True,False,Active Cascade
CAS-0481,DIS-0481,SHP-13136,SHP-13136,,0,Dispatch Delay,0,134,130,Vehicle Breakdown,True,False,Active Cascade
CAS-0481,DIS-0481,SHP-13136,SHP-13136,,0,Customer Delivery Risk,0,134,130,Vehicle Breakdown,True,False,Severe Delay Breached
CAS-0481,DIS-0481,SHP-13136,SHP-02244,SHP-13136,1,Waiting for Inbound Shipment,0,58,61,Vehicle Breakdown,False,True,Active Cascade
CAS-0481,DIS-0481,SHP-13136,SHP-02244,SHP-13136,1,Departure Delay,0,58,61,Vehicle Breakdown,False,True,Active Cascade
CAS-0481,DIS-0481,SHP-13136,SHP-02244,SHP-13136,1,Customer Delivery Risk,0,58,61,Vehicle Breakdown,False,True,Partially Absorbed
CAS-0481,DIS-0481,SHP-13136,SHP-02091,SHP-02244,2,Warehouse Transfer,0,16,20,Vehicle Breakdown,False,True,Active Cascade
CAS-0481,DIS-0481,SHP-13136,SHP-02091,SHP-02244,2,Departure Delay,0,16,20,Vehicle Breakdown,False,True,Active Cascade
CAS-0481,DIS-0481,SHP-13136,SHP-02091,SHP-02244,2,Customer Delivery Risk,0,16,20,Vehicle Breakdown,False,True,Partially Absorbed
CAS-0482,DIS-0482,SHP-13212,SHP-13212,,0,Root Disruption,191,0,186,Warehouse Congestion,True,False,Active Cascade
CAS-0482,DIS-0482,SHP-13212,SHP-13212,,0,Dispatch Delay,0,191,186,Warehouse Congestion,True,False,Active Cascade
CAS-0482,DIS-0482,SHP-13212,SHP-13212,,0,Customer Delivery Risk,0,191,186,Warehouse Congestion,True,False,Severe Delay Breached
CAS-0482,DIS-0482,SHP-13212,SHP-12292,SHP-13212,1,Cross-Dock Transfer,0,145,140,Warehouse Congestion,False,True,Active Cascade
CAS-0482,DIS-0482,SHP-13212,SHP-12292,SHP-13212,1,Departure Delay,0,145,140,Warehouse Congestion,False,True,Active Cascade
CAS-0482,DIS-0482,SHP-13212,SHP-12292,SHP-13212,1,Customer Delivery Risk,0,145,140,Warehouse Congestion,False,True,Severe Delay Breached
CAS-0482,DIS-0482,SHP-13212,SHP-13122,SHP-13212,1,Cross-Dock Transfer,0,127,135,Warehouse Congestion,False,True,Active Cascade
CAS-0482,DIS-0482,SHP-13212,SHP-13122,SHP-13212,1,Departure Delay,0,127,135,Warehouse Congestion,False,True,Active Cascade
CAS-0482,DIS-0482,SHP-13212,SHP-13122,SHP-13212,1,Customer Delivery Risk,0,127,135,Warehouse Congestion,False,True,Severe Delay Breached
CAS-0482,DIS-0482,SHP-13212,SHP-08990,SHP-13212,1,Cross-Dock Transfer,0,118,124,Warehouse Congestion,False,True,Active Cascade
CAS-0482,DIS-0482,SHP-13212,SHP-08990,SHP-13212,1,Departure Delay,0,118,124,Warehouse Congestion,False,True,Active Cascade
CAS-0482,DIS-0482,SHP-13212,SHP-08990,SHP-13212,1,Customer Delivery Risk,0,118,124,Warehouse Congestion,False,True,Severe Delay Breached
CAS-0483,DIS-0483,SHP-10512,SHP-10512,,0,Root Disruption,135,0,130,Road Closure,True,False,Active Cascade
CAS-0483,DIS-0483,SHP-10512,SHP-10512,,0,Dispatch Delay,0,135,130,Road Closure,True,False,Active Cascade
CAS-0483,DIS-0483,SHP-10512,SHP-10512,,0,Customer Delivery Risk,0,135,130,Road Closure,True,False,Severe Delay Breached
CAS-0483,DIS-0483,SHP-10512,SHP-13718,SHP-10512,1,Shared Vehicle Turnaround,0,60,55,Vehicle Breakdown,False,True,Active Cascade
CAS-0483,DIS-0483,SHP-10512,SHP-13718,SHP-10512,1,Departure Delay,0,60,55,Vehicle Breakdown,False,True,Active Cascade
CAS-0483,DIS-0483,SHP-10512,SHP-13718,SHP-10512,1,Customer Delivery Risk,0,60,55,Vehicle Breakdown,False,True,Partially Absorbed
CAS-0484,DIS-0484,SHP-08872,SHP-08872,,0,Root Disruption,136,0,134,Severe Weather,True,False,Active Cascade
CAS-0484,DIS-0484,SHP-08872,SHP-08872,,0,Dispatch Delay,0,136,134,Severe Weather,True,False,Active Cascade
CAS-0484,DIS-0484,SHP-08872,SHP-08872,,0,Customer Delivery Risk,0,136,134,Severe Weather,True,False,Severe Delay Breached
CAS-0484,DIS-0484,SHP-08872,SHP-05394,SHP-08872,1,Shared Vehicle Turnaround,0,20,29,Vehicle Breakdown,False,True,Active Cascade
CAS-0484,DIS-0484,SHP-08872,SHP-05394,SHP-08872,1,Departure Delay,0,20,29,Vehicle Breakdown,False,True,Active Cascade
CAS-0484,DIS-0484,SHP-08872,SHP-05394,SHP-08872,1,Customer Delivery Risk,0,20,29,Vehicle Breakdown,False,True,Partially Absorbed
CAS-0485,DIS-0485,SHP-06942,SHP-06942,,0,Root Disruption,237,0,245,Warehouse Congestion,True,False,Active Cascade
CAS-0485,DIS-0485,SHP-06942,SHP-06942,,0,Dispatch Delay,0,237,245,Warehouse Congestion,True,False,Active Cascade
CAS-0485,DIS-0485,SHP-06942,SHP-06942,,0,Customer Delivery Risk,0,237,245,Warehouse Congestion,True,False,Severe Delay Breached
CAS-0485,DIS-0485,SHP-06942,SHP-00083,SHP-06942,1,Cross-Dock Transfer,0,16,17,Warehouse Congestion,False,True,Active Cascade
CAS-0485,DIS-0485,SHP-06942,SHP-00083,SHP-06942,1,Departure Delay,0,16,17,Warehouse Congestion,False,True,Active Cascade
CAS-0485,DIS-0485,SHP-06942,SHP-00083,SHP-06942,1,Customer Delivery Risk,0,16,17,Warehouse Congestion,False,True,Partially Absorbed
CAS-0485,DIS-0485,SHP-06942,SHP-03754,SHP-06942,1,Cross-Dock Transfer,0,16,22,Warehouse Congestion,False,True,Active Cascade
CAS-0485,DIS-0485,SHP-06942,SHP-03754,SHP-06942,1,Departure Delay,0,16,22,Warehouse Congestion,False,True,Active Cascade
CAS-0485,DIS-0485,SHP-06942,SHP-03754,SHP-06942,1,Customer Delivery Risk,0,16,22,Warehouse Congestion,False,True,Partially Absorbed
CAS-0485,DIS-0485,SHP-06942,SHP-08147,SHP-06942,1,Cross-Dock Transfer,0,16,20,Warehouse Congestion,False,True,Active Cascade
CAS-0485,DIS-0485,SHP-06942,SHP-08147,SHP-06942,1,Departure Delay,0,16,20,Warehouse Congestion,False,True,Active Cascade
CAS-0485,DIS-0485,SHP-06942,SHP-08147,SHP-06942,1,Customer Delivery Risk,0,16,20,Warehouse Congestion,False,True,Partially Absorbed
CAS-0486,DIS-0486,SHP-08823,SHP-08823,,0,Root Disruption,87,0,89,Equipment Failure,True,False,Active Cascade
CAS-0486,DIS-0486,SHP-08823,SHP-08823,,0,Dispatch Delay,0,87,89,Equipment Failure,True,False,Active Cascade
CAS-0486,DIS-0486,SHP-08823,SHP-08823,,0,Customer Delivery Risk,0,87,89,Equipment Failure,True,False,Partially Absorbed
CAS-0486,DIS-0486,SHP-08823,SHP-10152,SHP-08823,1,Cross-Dock Transfer,0,16,23,Equipment Failure,False,True,Active Cascade
CAS-0486,DIS-0486,SHP-08823,SHP-10152,SHP-08823,1,Departure Delay,0,16,23,Equipment Failure,False,True,Active Cascade
CAS-0486,DIS-0486,SHP-08823,SHP-10152,SHP-08823,1,Customer Delivery Risk,0,16,23,Equipment Failure,False,True,Partially Absorbed
CAS-0487,DIS-0487,SHP-06484,SHP-06484,,0,Root Disruption,180,0,178,Equipment Failure,True,False,Active Cascade
CAS-0487,DIS-0487,SHP-06484,SHP-06484,,0,Dispatch Delay,0,180,178,Equipment Failure,True,False,Active Cascade
CAS-0487,DIS-0487,SHP-06484,SHP-06484,,0,Customer Delivery Risk,0,180,178,Equipment Failure,True,False,Severe Delay Breached
CAS-0487,DIS-0487,SHP-06484,SHP-01151,SHP-06484,1,Route Connection,0,140,138,Equipment Failure,False,True,Active Cascade
CAS-0487,DIS-0487,SHP-06484,SHP-01151,SHP-06484,1,Departure Delay,0,140,138,Equipment Failure,False,True,Active Cascade
CAS-0487,DIS-0487,SHP-06484,SHP-01151,SHP-06484,1,Customer Delivery Risk,0,140,138,Equipment Failure,False,True,Severe Delay Breached
CAS-0488,DIS-0488,SHP-09056,SHP-09056,,0,Root Disruption,141,0,151,Road Closure,True,False,Active Cascade
CAS-0488,DIS-0488,SHP-09056,SHP-09056,,0,Dispatch Delay,0,141,151,Road Closure,True,False,Active Cascade
CAS-0488,DIS-0488,SHP-09056,SHP-09056,,0,Customer Delivery Risk,0,141,151,Road Closure,True,False,Severe Delay Breached
CAS-0488,DIS-0488,SHP-09056,SHP-00085,SHP-09056,1,Shared Vehicle Turnaround,0,20,28,Vehicle Breakdown,False,True,Active Cascade
CAS-0488,DIS-0488,SHP-09056,SHP-00085,SHP-09056,1,Departure Delay,0,20,28,Vehicle Breakdown,False,True,Active Cascade
CAS-0488,DIS-0488,SHP-09056,SHP-00085,SHP-09056,1,Customer Delivery Risk,0,20,28,Vehicle Breakdown,False,True,Partially Absorbed
CAS-0489,DIS-0489,SHP-09505,SHP-09505,,0,Root Disruption,225,0,221,Warehouse Congestion,True,False,Active Cascade
CAS-0489,DIS-0489,SHP-09505,SHP-09505,,0,Dispatch Delay,0,225,221,Warehouse Congestion,True,False,Active Cascade
CAS-0489,DIS-0489,SHP-09505,SHP-09505,,0,Customer Delivery Risk,0,225,221,Warehouse Congestion,True,False,Severe Delay Breached
CAS-0489,DIS-0489,SHP-09505,SHP-00014,SHP-09505,1,Shared Vehicle Turnaround,0,20,30,Vehicle Breakdown,False,True,Active Cascade
CAS-0489,DIS-0489,SHP-09505,SHP-00014,SHP-09505,1,Departure Delay,0,20,30,Vehicle Breakdown,False,True,Active Cascade
CAS-0489,DIS-0489,SHP-09505,SHP-00014,SHP-09505,1,Customer Delivery Risk,0,20,30,Vehicle Breakdown,False,True,Partially Absorbed
CAS-0490,DIS-0490,SHP-08186,SHP-08186,,0,Root Disruption,144,0,149,Severe Weather,True,False,Active Cascade
CAS-0490,DIS-0490,SHP-08186,SHP-08186,,0,Dispatch Delay,0,144,149,Severe Weather,True,False,Active Cascade
CAS-0490,DIS-0490,SHP-08186,SHP-08186,,0,Customer Delivery Risk,0,144,149,Severe Weather,True,False,Severe Delay Breached
CAS-0490,DIS-0490,SHP-08186,SHP-03265,SHP-08186,1,Route Connection,0,70,69,Severe Weather,False,True,Active Cascade
CAS-0490,DIS-0490,SHP-08186,SHP-03265,SHP-08186,1,Departure Delay,0,70,69,Severe Weather,False,True,Active Cascade
CAS-0490,DIS-0490,SHP-08186,SHP-03265,SHP-08186,1,Customer Delivery Risk,0,70,69,Severe Weather,False,True,Partially Absorbed
CAS-0491,DIS-0491,SHP-05511,SHP-05511,,0,Root Disruption,116,0,121,Equipment Failure,True,False,Active Cascade
CAS-0491,DIS-0491,SHP-05511,SHP-05511,,0,Dispatch Delay,0,116,121,Equipment Failure,True,False,Active Cascade
CAS-0491,DIS-0491,SHP-05511,SHP-05511,,0,Customer Delivery Risk,0,116,121,Equipment Failure,True,False,Severe Delay Breached
CAS-0491,DIS-0491,SHP-05511,SHP-07418,SHP-05511,1,Route Connection,0,101,110,Equipment Failure,False,True,Active Cascade
CAS-0491,DIS-0491,SHP-05511,SHP-07418,SHP-05511,1,Departure Delay,0,101,110,Equipment Failure,False,True,Active Cascade
CAS-0491,DIS-0491,SHP-05511,SHP-07418,SHP-05511,1,Customer Delivery Risk,0,101,110,Equipment Failure,False,True,Partially Absorbed
CAS-0492,DIS-0492,SHP-08115,SHP-08115,,0,Root Disruption,152,0,161,Vehicle Breakdown,True,False,Active Cascade
CAS-0492,DIS-0492,SHP-08115,SHP-08115,,0,Dispatch Delay,0,152,161,Vehicle Breakdown,True,False,Active Cascade
CAS-0492,DIS-0492,SHP-08115,SHP-08115,,0,Customer Delivery Risk,0,152,161,Vehicle Breakdown,True,False,Severe Delay Breached
CAS-0492,DIS-0492,SHP-08115,SHP-08759,SHP-08115,1,Cross-Dock Transfer,0,78,75,Vehicle Breakdown,False,True,Active Cascade
CAS-0492,DIS-0492,SHP-08115,SHP-08759,SHP-08115,1,Departure Delay,0,78,75,Vehicle Breakdown,False,True,Active Cascade
CAS-0492,DIS-0492,SHP-08115,SHP-08759,SHP-08115,1,Customer Delivery Risk,0,78,75,Vehicle Breakdown,False,True,Partially Absorbed
CAS-0492,DIS-0492,SHP-08115,SHP-05955,SHP-08115,1,Cross-Dock Transfer,0,59,54,Vehicle Breakdown,False,True,Active Cascade
CAS-0492,DIS-0492,SHP-08115,SHP-05955,SHP-08115,1,Departure Delay,0,59,54,Vehicle Breakdown,False,True,Active Cascade
CAS-0492,DIS-0492,SHP-08115,SHP-05955,SHP-08115,1,Customer Delivery Risk,0,59,54,Vehicle Breakdown,False,True,Partially Absorbed
CAS-0493,DIS-0493,SHP-03461,SHP-03461,,0,Root Disruption,111,0,111,Warehouse Congestion,True,False,Active Cascade
CAS-0493,DIS-0493,SHP-03461,SHP-03461,,0,Dispatch Delay,0,111,111,Warehouse Congestion,True,False,Active Cascade
CAS-0493,DIS-0493,SHP-03461,SHP-03461,,0,Customer Delivery Risk,0,111,111,Warehouse Congestion,True,False,Partially Absorbed
CAS-0493,DIS-0493,SHP-03461,SHP-10466,SHP-03461,1,Shared Vehicle Turnaround,0,60,67,Vehicle Breakdown,False,True,Active Cascade
CAS-0493,DIS-0493,SHP-03461,SHP-10466,SHP-03461,1,Departure Delay,0,60,67,Vehicle Breakdown,False,True,Active Cascade
CAS-0493,DIS-0493,SHP-03461,SHP-10466,SHP-03461,1,Customer Delivery Risk,0,60,67,Vehicle Breakdown,False,True,Partially Absorbed
CAS-0494,DIS-0494,SHP-08575,SHP-08575,,0,Root Disruption,232,0,233,Severe Weather,True,False,Active Cascade
CAS-0494,DIS-0494,SHP-08575,SHP-08575,,0,Dispatch Delay,0,232,233,Severe Weather,True,False,Active Cascade
CAS-0494,DIS-0494,SHP-08575,SHP-08575,,0,Customer Delivery Risk,0,232,233,Severe Weather,True,False,Severe Delay Breached
CAS-0494,DIS-0494,SHP-08575,SHP-11992,SHP-08575,1,Shared Vehicle Turnaround,0,20,30,Vehicle Breakdown,False,True,Active Cascade
CAS-0494,DIS-0494,SHP-08575,SHP-11992,SHP-08575,1,Departure Delay,0,20,30,Vehicle Breakdown,False,True,Active Cascade
CAS-0494,DIS-0494,SHP-08575,SHP-11992,SHP-08575,1,Customer Delivery Risk,0,20,30,Vehicle Breakdown,False,True,Partially Absorbed
CAS-0495,DIS-0495,SHP-11115,SHP-11115,,0,Root Disruption,244,0,245,Severe Weather,True,False,Active Cascade
CAS-0495,DIS-0495,SHP-11115,SHP-11115,,0,Dispatch Delay,0,244,245,Severe Weather,True,False,Active Cascade
CAS-0495,DIS-0495,SHP-11115,SHP-11115,,0,Customer Delivery Risk,0,244,245,Severe Weather,True,False,Severe Delay Breached
CAS-0495,DIS-0495,SHP-11115,SHP-01479,SHP-11115,1,Cross-Dock Transfer,0,16,13,Severe Weather,False,True,Active Cascade
CAS-0495,DIS-0495,SHP-11115,SHP-01479,SHP-11115,1,Departure Delay,0,16,13,Severe Weather,False,True,Active Cascade
CAS-0495,DIS-0495,SHP-11115,SHP-01479,SHP-11115,1,Customer Delivery Risk,0,16,13,Severe Weather,False,True,Partially Absorbed
CAS-0495,DIS-0495,SHP-11115,SHP-01495,SHP-11115,1,Cross-Dock Transfer,0,16,20,Severe Weather,False,True,Active Cascade
CAS-0495,DIS-0495,SHP-11115,SHP-01495,SHP-11115,1,Departure Delay,0,16,20,Severe Weather,False,True,Active Cascade
CAS-0495,DIS-0495,SHP-11115,SHP-01495,SHP-11115,1,Customer Delivery Risk,0,16,20,Severe Weather,False,True,Partially Absorbed
CAS-0496,DIS-0496,SHP-08705,SHP-08705,,0,Root Disruption,113,0,115,Warehouse Congestion,True,False,Active Cascade
CAS-0496,DIS-0496,SHP-08705,SHP-08705,,0,Dispatch Delay,0,113,115,Warehouse Congestion,True,False,Active Cascade
CAS-0496,DIS-0496,SHP-08705,SHP-08705,,0,Customer Delivery Risk,0,113,115,Warehouse Congestion,True,False,Partially Absorbed
CAS-0496,DIS-0496,SHP-08705,SHP-09423,SHP-08705,1,Waiting for Inbound Shipment,0,20,16,Warehouse Congestion,False,True,Active Cascade
CAS-0496,DIS-0496,SHP-08705,SHP-09423,SHP-08705,1,Departure Delay,0,20,16,Warehouse Congestion,False,True,Active Cascade
CAS-0496,DIS-0496,SHP-08705,SHP-09423,SHP-08705,1,Customer Delivery Risk,0,20,16,Warehouse Congestion,False,True,Partially Absorbed
CAS-0496,DIS-0496,SHP-08705,SHP-08680,SHP-09423,2,Warehouse Transfer,0,16,14,Warehouse Congestion,False,True,Active Cascade
CAS-0496,DIS-0496,SHP-08705,SHP-08680,SHP-09423,2,Departure Delay,0,16,14,Warehouse Congestion,False,True,Active Cascade
CAS-0496,DIS-0496,SHP-08705,SHP-08680,SHP-09423,2,Customer Delivery Risk,0,16,14,Warehouse Congestion,False,True,Partially Absorbed
CAS-0497,DIS-0497,SHP-05972,SHP-05972,,0,Root Disruption,145,0,144,Severe Weather,True,False,Active Cascade
CAS-0497,DIS-0497,SHP-05972,SHP-05972,,0,Dispatch Delay,0,145,144,Severe Weather,True,False,Active Cascade
CAS-0497,DIS-0497,SHP-05972,SHP-05972,,0,Customer Delivery Risk,0,145,144,Severe Weather,True,False,Severe Delay Breached
CAS-0497,DIS-0497,SHP-05972,SHP-03717,SHP-05972,1,Cross-Dock Transfer,0,47,43,Severe Weather,False,True,Active Cascade
CAS-0497,DIS-0497,SHP-05972,SHP-03717,SHP-05972,1,Departure Delay,0,47,43,Severe Weather,False,True,Active Cascade
CAS-0497,DIS-0497,SHP-05972,SHP-03717,SHP-05972,1,Customer Delivery Risk,0,47,43,Severe Weather,False,True,Partially Absorbed
CAS-0497,DIS-0497,SHP-05972,SHP-11621,SHP-05972,1,Cross-Dock Transfer,0,48,51,Severe Weather,False,True,Active Cascade
CAS-0497,DIS-0497,SHP-05972,SHP-11621,SHP-05972,1,Departure Delay,0,48,51,Severe Weather,False,True,Active Cascade
CAS-0497,DIS-0497,SHP-05972,SHP-11621,SHP-05972,1,Customer Delivery Risk,0,48,51,Severe Weather,False,True,Partially Absorbed
CAS-0498,DIS-0498,SHP-04388,SHP-04388,,0,Root Disruption,61,0,64,State Border Checkpoint Hold,True,False,Active Cascade
CAS-0498,DIS-0498,SHP-04388,SHP-04388,,0,Dispatch Delay,0,61,64,State Border Checkpoint Hold,True,False,Active Cascade
CAS-0498,DIS-0498,SHP-04388,SHP-04388,,0,Customer Delivery Risk,0,61,64,State Border Checkpoint Hold,True,False,Partially Absorbed
CAS-0498,DIS-0498,SHP-04388,SHP-11585,SHP-04388,1,Waiting for Inbound Shipment,0,20,23,State Border Checkpoint Hold,False,True,Active Cascade
CAS-0498,DIS-0498,SHP-04388,SHP-11585,SHP-04388,1,Departure Delay,0,20,23,State Border Checkpoint Hold,False,True,Active Cascade
CAS-0498,DIS-0498,SHP-04388,SHP-11585,SHP-04388,1,Customer Delivery Risk,0,20,23,State Border Checkpoint Hold,False,True,Partially Absorbed
CAS-0499,DIS-0499,SHP-12707,SHP-12707,,0,Root Disruption,73,0,73,Labor Shortage,True,False,Active Cascade
CAS-0499,DIS-0499,SHP-12707,SHP-12707,,0,Dispatch Delay,0,73,73,Labor Shortage,True,False,Active Cascade
CAS-0499,DIS-0499,SHP-12707,SHP-12707,,0,Customer Delivery Risk,0,73,73,Labor Shortage,True,False,Partially Absorbed
CAS-0499,DIS-0499,SHP-12707,SHP-01123,SHP-12707,1,Waiting for Inbound Shipment,0,20,28,Labor Shortage,False,True,Active Cascade
CAS-0499,DIS-0499,SHP-12707,SHP-01123,SHP-12707,1,Departure Delay,0,20,28,Labor Shortage,False,True,Active Cascade
CAS-0499,DIS-0499,SHP-12707,SHP-01123,SHP-12707,1,Customer Delivery Risk,0,20,28,Labor Shortage,False,True,Partially Absorbed
CAS-0499,DIS-0499,SHP-12707,SHP-02347,SHP-01123,2,Warehouse Transfer,0,16,17,Labor Shortage,False,True,Active Cascade
CAS-0499,DIS-0499,SHP-12707,SHP-02347,SHP-01123,2,Departure Delay,0,16,17,Labor Shortage,False,True,Active Cascade
CAS-0499,DIS-0499,SHP-12707,SHP-02347,SHP-01123,2,Customer Delivery Risk,0,16,17,Labor Shortage,False,True,Partially Absorbed
CAS-0500,DIS-0500,SHP-11945,SHP-11945,,0,Root Disruption,69,0,68,Equipment Failure,True,False,Active Cascade
CAS-0500,DIS-0500,SHP-11945,SHP-11945,,0,Dispatch Delay,0,69,68,Equipment Failure,True,False,Active Cascade
CAS-0500,DIS-0500,SHP-11945,SHP-11945,,0,Customer Delivery Risk,0,69,68,Equipment Failure,True,False,Partially Absorbed
CAS-0500,DIS-0500,SHP-11945,SHP-09588,SHP-11945,1,Cross-Dock Transfer,0,16,26,Equipment Failure,False,True,Active Cascade
CAS-0500,DIS-0500,SHP-11945,SHP-09588,SHP-11945,1,Departure Delay,0,16,26,Equipment Failure,False,True,Active Cascade
CAS-0500,DIS-0500,SHP-11945,SHP-09588,SHP-11945,1,Customer Delivery Risk,0,16,26,Equipment Failure,False,True,Partially Absorbed
CAS-0501,DIS-0501,SHP-07986,SHP-07986,,0,Root Disruption,183,0,189,Vehicle Breakdown,True,False,Active Cascade
CAS-0501,DIS-0501,SHP-07986,SHP-07986,,0,Dispatch Delay,0,183,189,Vehicle Breakdown,True,False,Active Cascade
CAS-0501,DIS-0501,SHP-07986,SHP-07986,,0,Customer Delivery Risk,0,183,189,Vehicle Breakdown,True,False,Severe Delay Breached
CAS-0501,DIS-0501,SHP-07986,SHP-08887,SHP-07986,1,Cross-Dock Transfer,0,54,59,Vehicle Breakdown,False,True,Active Cascade
CAS-0501,DIS-0501,SHP-07986,SHP-08887,SHP-07986,1,Departure Delay,0,54,59,Vehicle Breakdown,False,True,Active Cascade
CAS-0501,DIS-0501,SHP-07986,SHP-08887,SHP-07986,1,Customer Delivery Risk,0,54,59,Vehicle Breakdown,False,True,Partially Absorbed
CAS-0501,DIS-0501,SHP-07986,SHP-13340,SHP-07986,1,Cross-Dock Transfer,0,16,19,Vehicle Breakdown,False,True,Active Cascade
CAS-0501,DIS-0501,SHP-07986,SHP-13340,SHP-07986,1,Departure Delay,0,16,19,Vehicle Breakdown,False,True,Active Cascade
CAS-0501,DIS-0501,SHP-07986,SHP-13340,SHP-07986,1,Customer Delivery Risk,0,16,19,Vehicle Breakdown,False,True,Partially Absorbed
CAS-0502,DIS-0502,SHP-07503,SHP-07503,,0,Root Disruption,80,0,88,Labor Shortage,True,False,Active Cascade
CAS-0502,DIS-0502,SHP-07503,SHP-07503,,0,Dispatch Delay,0,80,88,Labor Shortage,True,False,Active Cascade
CAS-0502,DIS-0502,SHP-07503,SHP-07503,,0,Customer Delivery Risk,0,80,88,Labor Shortage,True,False,Partially Absorbed
CAS-0502,DIS-0502,SHP-07503,SHP-01297,SHP-07503,1,Shared Vehicle Turnaround,0,25,29,Vehicle Breakdown,False,True,Active Cascade
CAS-0502,DIS-0502,SHP-07503,SHP-01297,SHP-07503,1,Departure Delay,0,25,29,Vehicle Breakdown,False,True,Active Cascade
CAS-0502,DIS-0502,SHP-07503,SHP-01297,SHP-07503,1,Customer Delivery Risk,0,25,29,Vehicle Breakdown,False,True,Partially Absorbed
CAS-0503,DIS-0503,SHP-00086,SHP-00086,,0,Root Disruption,172,0,179,Warehouse Congestion,True,False,Active Cascade
CAS-0503,DIS-0503,SHP-00086,SHP-00086,,0,Dispatch Delay,0,172,179,Warehouse Congestion,True,False,Active Cascade
CAS-0503,DIS-0503,SHP-00086,SHP-00086,,0,Customer Delivery Risk,0,172,179,Warehouse Congestion,True,False,Severe Delay Breached
CAS-0503,DIS-0503,SHP-00086,SHP-08546,SHP-00086,1,Route Connection,0,158,166,Warehouse Congestion,False,True,Active Cascade
CAS-0503,DIS-0503,SHP-00086,SHP-08546,SHP-00086,1,Departure Delay,0,158,166,Warehouse Congestion,False,True,Active Cascade
CAS-0503,DIS-0503,SHP-00086,SHP-08546,SHP-00086,1,Customer Delivery Risk,0,158,166,Warehouse Congestion,False,True,Severe Delay Breached
CAS-0504,DIS-0504,SHP-05750,SHP-05750,,0,Root Disruption,141,0,146,Warehouse Congestion,True,False,Active Cascade
CAS-0504,DIS-0504,SHP-05750,SHP-05750,,0,Dispatch Delay,0,141,146,Warehouse Congestion,True,False,Active Cascade
CAS-0504,DIS-0504,SHP-05750,SHP-05750,,0,Customer Delivery Risk,0,141,146,Warehouse Congestion,True,False,Severe Delay Breached
CAS-0504,DIS-0504,SHP-05750,SHP-01576,SHP-05750,1,Route Connection,0,47,57,Warehouse Congestion,False,True,Active Cascade
CAS-0504,DIS-0504,SHP-05750,SHP-01576,SHP-05750,1,Departure Delay,0,47,57,Warehouse Congestion,False,True,Active Cascade
CAS-0504,DIS-0504,SHP-05750,SHP-01576,SHP-05750,1,Customer Delivery Risk,0,47,57,Warehouse Congestion,False,True,Partially Absorbed
CAS-0504,DIS-0504,SHP-05750,SHP-02384,SHP-01576,2,Warehouse Transfer,0,16,14,Warehouse Congestion,False,True,Active Cascade
CAS-0504,DIS-0504,SHP-05750,SHP-02384,SHP-01576,2,Departure Delay,0,16,14,Warehouse Congestion,False,True,Active Cascade
CAS-0504,DIS-0504,SHP-05750,SHP-02384,SHP-01576,2,Customer Delivery Risk,0,16,14,Warehouse Congestion,False,True,Partially Absorbed
CAS-0504,DIS-0504,SHP-05750,SHP-11213,SHP-01576,2,Warehouse Transfer,0,16,16,Warehouse Congestion,False,True,Active Cascade
CAS-0504,DIS-0504,SHP-05750,SHP-11213,SHP-01576,2,Departure Delay,0,16,16,Warehouse Congestion,False,True,Active Cascade
CAS-0504,DIS-0504,SHP-05750,SHP-11213,SHP-01576,2,Customer Delivery Risk,0,16,16,Warehouse Congestion,False,True,Partially Absorbed
CAS-0505,DIS-0505,SHP-00718,SHP-00718,,0,Root Disruption,272,0,268,Vehicle Breakdown,True,False,Active Cascade
CAS-0505,DIS-0505,SHP-00718,SHP-00718,,0,Dispatch Delay,0,272,268,Vehicle Breakdown,True,False,Active Cascade
CAS-0505,DIS-0505,SHP-00718,SHP-00718,,0,Customer Delivery Risk,0,272,268,Vehicle Breakdown,True,False,Severe Delay Breached
CAS-0505,DIS-0505,SHP-00718,SHP-09269,SHP-00718,1,Cross-Dock Transfer,0,53,60,Vehicle Breakdown,False,True,Active Cascade
CAS-0505,DIS-0505,SHP-00718,SHP-09269,SHP-00718,1,Departure Delay,0,53,60,Vehicle Breakdown,False,True,Active Cascade
CAS-0505,DIS-0505,SHP-00718,SHP-09269,SHP-00718,1,Customer Delivery Risk,0,53,60,Vehicle Breakdown,False,True,Partially Absorbed
CAS-0505,DIS-0505,SHP-00718,SHP-11413,SHP-00718,1,Cross-Dock Transfer,0,29,29,Vehicle Breakdown,False,True,Active Cascade
CAS-0505,DIS-0505,SHP-00718,SHP-11413,SHP-00718,1,Departure Delay,0,29,29,Vehicle Breakdown,False,True,Active Cascade
CAS-0505,DIS-0505,SHP-00718,SHP-11413,SHP-00718,1,Customer Delivery Risk,0,29,29,Vehicle Breakdown,False,True,Partially Absorbed
CAS-0505,DIS-0505,SHP-00718,SHP-01595,SHP-00718,1,Cross-Dock Transfer,0,16,12,Vehicle Breakdown,False,True,Active Cascade
CAS-0505,DIS-0505,SHP-00718,SHP-01595,SHP-00718,1,Departure Delay,0,16,12,Vehicle Breakdown,False,True,Active Cascade
CAS-0505,DIS-0505,SHP-00718,SHP-01595,SHP-00718,1,Customer Delivery Risk,0,16,12,Vehicle Breakdown,False,True,Partially Absorbed
CAS-0506,DIS-0506,SHP-01556,SHP-01556,,0,Root Disruption,113,0,108,State Border Checkpoint Hold,True,False,Active Cascade
CAS-0506,DIS-0506,SHP-01556,SHP-01556,,0,Dispatch Delay,0,113,108,State Border Checkpoint Hold,True,False,Active Cascade
CAS-0506,DIS-0506,SHP-01556,SHP-01556,,0,Customer Delivery Risk,0,113,108,State Border Checkpoint Hold,True,False,Partially Absorbed
CAS-0506,DIS-0506,SHP-01556,SHP-08106,SHP-01556,1,Cross-Dock Transfer,0,16,26,State Border Checkpoint Hold,False,True,Active Cascade
CAS-0506,DIS-0506,SHP-01556,SHP-08106,SHP-01556,1,Departure Delay,0,16,26,State Border Checkpoint Hold,False,True,Active Cascade
CAS-0506,DIS-0506,SHP-01556,SHP-08106,SHP-01556,1,Customer Delivery Risk,0,16,26,State Border Checkpoint Hold,False,True,Partially Absorbed
CAS-0506,DIS-0506,SHP-01556,SHP-10361,SHP-01556,1,Cross-Dock Transfer,0,16,11,State Border Checkpoint Hold,False,True,Active Cascade
CAS-0506,DIS-0506,SHP-01556,SHP-10361,SHP-01556,1,Departure Delay,0,16,11,State Border Checkpoint Hold,False,True,Active Cascade
CAS-0506,DIS-0506,SHP-01556,SHP-10361,SHP-01556,1,Customer Delivery Risk,0,16,11,State Border Checkpoint Hold,False,True,Partially Absorbed
CAS-0507,DIS-0507,SHP-08295,SHP-08295,,0,Root Disruption,118,0,121,Road Closure,True,False,Active Cascade
CAS-0507,DIS-0507,SHP-08295,SHP-08295,,0,Dispatch Delay,0,118,121,Road Closure,True,False,Active Cascade
CAS-0507,DIS-0507,SHP-08295,SHP-08295,,0,Customer Delivery Risk,0,118,121,Road Closure,True,False,Severe Delay Breached
CAS-0507,DIS-0507,SHP-08295,SHP-12114,SHP-08295,1,Warehouse Congestion Transfer,66,0,70,Warehouse Congestion,False,True,Active Cascade
CAS-0507,DIS-0507,SHP-08295,SHP-12114,SHP-08295,1,Departure Delay,0,0,70,Warehouse Congestion,False,True,Active Cascade
CAS-0507,DIS-0507,SHP-08295,SHP-12114,SHP-08295,1,Customer Delivery Risk,0,0,70,Warehouse Congestion,False,True,Partially Absorbed
CAS-0507,DIS-0507,SHP-08295,SHP-00317,SHP-08295,1,Warehouse Congestion Transfer,86,0,91,Warehouse Congestion,False,True,Active Cascade
CAS-0507,DIS-0507,SHP-08295,SHP-00317,SHP-08295,1,Departure Delay,0,0,91,Warehouse Congestion,False,True,Active Cascade
CAS-0507,DIS-0507,SHP-08295,SHP-00317,SHP-08295,1,Customer Delivery Risk,0,0,91,Warehouse Congestion,False,True,Partially Absorbed
CAS-0507,DIS-0507,SHP-08295,SHP-03593,SHP-08295,1,Warehouse Congestion Transfer,55,0,64,Warehouse Congestion,False,True,Active Cascade
CAS-0507,DIS-0507,SHP-08295,SHP-03593,SHP-08295,1,Departure Delay,0,0,64,Warehouse Congestion,False,True,Active Cascade
CAS-0507,DIS-0507,SHP-08295,SHP-03593,SHP-08295,1,Customer Delivery Risk,0,0,64,Warehouse Congestion,False,True,Partially Absorbed
CAS-0508,DIS-0508,SHP-05243,SHP-05243,,0,Root Disruption,186,0,186,Road Closure,True,False,Active Cascade
CAS-0508,DIS-0508,SHP-05243,SHP-05243,,0,Dispatch Delay,0,186,186,Road Closure,True,False,Active Cascade
CAS-0508,DIS-0508,SHP-05243,SHP-05243,,0,Customer Delivery Risk,0,186,186,Road Closure,True,False,Severe Delay Breached
CAS-0508,DIS-0508,SHP-05243,SHP-08590,SHP-05243,1,Route Connection,0,105,102,Road Closure,False,True,Active Cascade
CAS-0508,DIS-0508,SHP-05243,SHP-08590,SHP-05243,1,Departure Delay,0,105,102,Road Closure,False,True,Active Cascade
CAS-0508,DIS-0508,SHP-05243,SHP-08590,SHP-05243,1,Customer Delivery Risk,0,105,102,Road Closure,False,True,Partially Absorbed
CAS-0508,DIS-0508,SHP-05243,SHP-07945,SHP-08590,2,Warehouse Transfer,0,72,72,Road Closure,False,True,Active Cascade
CAS-0508,DIS-0508,SHP-05243,SHP-07945,SHP-08590,2,Departure Delay,0,72,72,Road Closure,False,True,Active Cascade
CAS-0508,DIS-0508,SHP-05243,SHP-07945,SHP-08590,2,Customer Delivery Risk,0,72,72,Road Closure,False,True,Partially Absorbed
CAS-0508,DIS-0508,SHP-05243,SHP-00879,SHP-07945,3,Route Connection,0,52,54,Road Closure,False,True,Active Cascade
CAS-0508,DIS-0508,SHP-05243,SHP-00879,SHP-07945,3,Departure Delay,0,52,54,Road Closure,False,True,Active Cascade
CAS-0508,DIS-0508,SHP-05243,SHP-00879,SHP-07945,3,Customer Delivery Risk,0,52,54,Road Closure,False,True,Partially Absorbed
CAS-0508,DIS-0508,SHP-05243,SHP-12333,SHP-08590,2,Warehouse Transfer,0,63,72,Road Closure,False,True,Active Cascade
CAS-0508,DIS-0508,SHP-05243,SHP-12333,SHP-08590,2,Departure Delay,0,63,72,Road Closure,False,True,Active Cascade
CAS-0508,DIS-0508,SHP-05243,SHP-12333,SHP-08590,2,Customer Delivery Risk,0,63,72,Road Closure,False,True,Partially Absorbed
CAS-0509,DIS-0509,SHP-13455,SHP-13455,,0,Root Disruption,66,0,64,State Border Checkpoint Hold,True,False,Active Cascade
CAS-0509,DIS-0509,SHP-13455,SHP-13455,,0,Dispatch Delay,0,66,64,State Border Checkpoint Hold,True,False,Active Cascade
CAS-0509,DIS-0509,SHP-13455,SHP-13455,,0,Customer Delivery Risk,0,66,64,State Border Checkpoint Hold,True,False,Partially Absorbed
CAS-0509,DIS-0509,SHP-13455,SHP-05427,SHP-13455,1,Shared Vehicle Turnaround,0,20,28,Vehicle Breakdown,False,True,Active Cascade
CAS-0509,DIS-0509,SHP-13455,SHP-05427,SHP-13455,1,Departure Delay,0,20,28,Vehicle Breakdown,False,True,Active Cascade
CAS-0509,DIS-0509,SHP-13455,SHP-05427,SHP-13455,1,Customer Delivery Risk,0,20,28,Vehicle Breakdown,False,True,Partially Absorbed
CAS-0510,DIS-0510,SHP-06559,SHP-06559,,0,Root Disruption,124,0,121,Warehouse Congestion,True,False,Active Cascade
CAS-0510,DIS-0510,SHP-06559,SHP-06559,,0,Dispatch Delay,0,124,121,Warehouse Congestion,True,False,Active Cascade
CAS-0510,DIS-0510,SHP-06559,SHP-06559,,0,Customer Delivery Risk,0,124,121,Warehouse Congestion,True,False,Severe Delay Breached
CAS-0510,DIS-0510,SHP-06559,SHP-11842,SHP-06559,1,Route Connection,0,20,16,Warehouse Congestion,False,True,Active Cascade
CAS-0510,DIS-0510,SHP-06559,SHP-11842,SHP-06559,1,Departure Delay,0,20,16,Warehouse Congestion,False,True,Active Cascade
CAS-0510,DIS-0510,SHP-06559,SHP-11842,SHP-06559,1,Customer Delivery Risk,0,20,16,Warehouse Congestion,False,True,Partially Absorbed
CAS-0511,DIS-0511,SHP-13001,SHP-13001,,0,Root Disruption,197,0,197,Road Closure,True,False,Active Cascade
CAS-0511,DIS-0511,SHP-13001,SHP-13001,,0,Dispatch Delay,0,197,197,Road Closure,True,False,Active Cascade
CAS-0511,DIS-0511,SHP-13001,SHP-13001,,0,Customer Delivery Risk,0,197,197,Road Closure,True,False,Severe Delay Breached
CAS-0511,DIS-0511,SHP-13001,SHP-05618,SHP-13001,1,Waiting for Inbound Shipment,0,160,167,Road Closure,False,True,Active Cascade
CAS-0511,DIS-0511,SHP-13001,SHP-05618,SHP-13001,1,Departure Delay,0,160,167,Road Closure,False,True,Active Cascade
CAS-0511,DIS-0511,SHP-13001,SHP-05618,SHP-13001,1,Customer Delivery Risk,0,160,167,Road Closure,False,True,Severe Delay Breached
CAS-0511,DIS-0511,SHP-13001,SHP-00433,SHP-05618,2,Warehouse Transfer,0,16,15,Road Closure,False,True,Active Cascade
CAS-0511,DIS-0511,SHP-13001,SHP-00433,SHP-05618,2,Departure Delay,0,16,15,Road Closure,False,True,Active Cascade
CAS-0511,DIS-0511,SHP-13001,SHP-00433,SHP-05618,2,Customer Delivery Risk,0,16,15,Road Closure,False,True,Partially Absorbed
CAS-0512,DIS-0512,SHP-13481,SHP-13481,,0,Root Disruption,86,0,86,State Border Checkpoint Hold,True,False,Active Cascade
CAS-0512,DIS-0512,SHP-13481,SHP-13481,,0,Dispatch Delay,0,86,86,State Border Checkpoint Hold,True,False,Active Cascade
CAS-0512,DIS-0512,SHP-13481,SHP-13481,,0,Customer Delivery Risk,0,86,86,State Border Checkpoint Hold,True,False,Partially Absorbed
CAS-0512,DIS-0512,SHP-13481,SHP-00442,SHP-13481,1,Cross-Dock Transfer,0,16,20,State Border Checkpoint Hold,False,True,Active Cascade
CAS-0512,DIS-0512,SHP-13481,SHP-00442,SHP-13481,1,Departure Delay,0,16,20,State Border Checkpoint Hold,False,True,Active Cascade
CAS-0512,DIS-0512,SHP-13481,SHP-00442,SHP-13481,1,Customer Delivery Risk,0,16,20,State Border Checkpoint Hold,False,True,Partially Absorbed
CAS-0512,DIS-0512,SHP-13481,SHP-04169,SHP-13481,1,Cross-Dock Transfer,0,16,20,State Border Checkpoint Hold,False,True,Active Cascade
CAS-0512,DIS-0512,SHP-13481,SHP-04169,SHP-13481,1,Departure Delay,0,16,20,State Border Checkpoint Hold,False,True,Active Cascade
CAS-0512,DIS-0512,SHP-13481,SHP-04169,SHP-13481,1,Customer Delivery Risk,0,16,20,State Border Checkpoint Hold,False,True,Partially Absorbed
CAS-0513,DIS-0513,SHP-09995,SHP-09995,,0,Root Disruption,175,0,181,Equipment Failure,True,False,Active Cascade
CAS-0513,DIS-0513,SHP-09995,SHP-09995,,0,Dispatch Delay,0,175,181,Equipment Failure,True,False,Active Cascade
CAS-0513,DIS-0513,SHP-09995,SHP-09995,,0,Customer Delivery Risk,0,175,181,Equipment Failure,True,False,Severe Delay Breached
CAS-0513,DIS-0513,SHP-09995,SHP-10694,SHP-09995,1,Cross-Dock Transfer,0,107,112,Equipment Failure,False,True,Active Cascade
CAS-0513,DIS-0513,SHP-09995,SHP-10694,SHP-09995,1,Departure Delay,0,107,112,Equipment Failure,False,True,Active Cascade
CAS-0513,DIS-0513,SHP-09995,SHP-10694,SHP-09995,1,Customer Delivery Risk,0,107,112,Equipment Failure,False,True,Partially Absorbed
CAS-0514,DIS-0514,SHP-12121,SHP-12121,,0,Root Disruption,170,0,175,Vehicle Breakdown,True,False,Active Cascade
CAS-0514,DIS-0514,SHP-12121,SHP-12121,,0,Dispatch Delay,0,170,175,Vehicle Breakdown,True,False,Active Cascade
CAS-0514,DIS-0514,SHP-12121,SHP-12121,,0,Customer Delivery Risk,0,170,175,Vehicle Breakdown,True,False,Severe Delay Breached
CAS-0514,DIS-0514,SHP-12121,SHP-05396,SHP-12121,1,Waiting for Inbound Shipment,0,141,144,Vehicle Breakdown,False,True,Active Cascade
CAS-0514,DIS-0514,SHP-12121,SHP-05396,SHP-12121,1,Departure Delay,0,141,144,Vehicle Breakdown,False,True,Active Cascade
CAS-0514,DIS-0514,SHP-12121,SHP-05396,SHP-12121,1,Customer Delivery Risk,0,141,144,Vehicle Breakdown,False,True,Severe Delay Breached
CAS-0514,DIS-0514,SHP-12121,SHP-03780,SHP-05396,2,Warehouse Transfer,0,16,15,Vehicle Breakdown,False,True,Active Cascade
CAS-0514,DIS-0514,SHP-12121,SHP-03780,SHP-05396,2,Departure Delay,0,16,15,Vehicle Breakdown,False,True,Active Cascade
CAS-0514,DIS-0514,SHP-12121,SHP-03780,SHP-05396,2,Customer Delivery Risk,0,16,15,Vehicle Breakdown,False,True,Partially Absorbed
CAS-0515,DIS-0515,SHP-05302,SHP-05302,,0,Root Disruption,165,0,171,Equipment Failure,True,False,Active Cascade
CAS-0515,DIS-0515,SHP-05302,SHP-05302,,0,Dispatch Delay,0,165,171,Equipment Failure,True,False,Active Cascade
CAS-0515,DIS-0515,SHP-05302,SHP-05302,,0,Customer Delivery Risk,0,165,171,Equipment Failure,True,False,Severe Delay Breached
CAS-0515,DIS-0515,SHP-05302,SHP-02715,SHP-05302,1,Waiting for Inbound Shipment,0,20,29,Equipment Failure,False,True,Active Cascade
CAS-0515,DIS-0515,SHP-05302,SHP-02715,SHP-05302,1,Departure Delay,0,20,29,Equipment Failure,False,True,Active Cascade
CAS-0515,DIS-0515,SHP-05302,SHP-02715,SHP-05302,1,Customer Delivery Risk,0,20,29,Equipment Failure,False,True,Partially Absorbed
CAS-0515,DIS-0515,SHP-05302,SHP-07628,SHP-02715,2,Warehouse Transfer,0,16,12,Equipment Failure,False,True,Active Cascade
CAS-0515,DIS-0515,SHP-05302,SHP-07628,SHP-02715,2,Departure Delay,0,16,12,Equipment Failure,False,True,Active Cascade
CAS-0515,DIS-0515,SHP-05302,SHP-07628,SHP-02715,2,Customer Delivery Risk,0,16,12,Equipment Failure,False,True,Partially Absorbed
CAS-0516,DIS-0516,SHP-01402,SHP-01402,,0,Root Disruption,155,0,162,Road Closure,True,False,Active Cascade
CAS-0516,DIS-0516,SHP-01402,SHP-01402,,0,Dispatch Delay,0,155,162,Road Closure,True,False,Active Cascade
CAS-0516,DIS-0516,SHP-01402,SHP-01402,,0,Customer Delivery Risk,0,155,162,Road Closure,True,False,Severe Delay Breached
CAS-0516,DIS-0516,SHP-01402,SHP-01488,SHP-01402,1,Route Connection,0,20,16,Road Closure,False,True,Active Cascade
CAS-0516,DIS-0516,SHP-01402,SHP-01488,SHP-01402,1,Departure Delay,0,20,16,Road Closure,False,True,Active Cascade
CAS-0516,DIS-0516,SHP-01402,SHP-01488,SHP-01402,1,Customer Delivery Risk,0,20,16,Road Closure,False,True,Partially Absorbed
CAS-0516,DIS-0516,SHP-01402,SHP-01914,SHP-01488,2,Warehouse Transfer,0,16,16,Road Closure,False,True,Active Cascade
CAS-0516,DIS-0516,SHP-01402,SHP-01914,SHP-01488,2,Departure Delay,0,16,16,Road Closure,False,True,Active Cascade
CAS-0516,DIS-0516,SHP-01402,SHP-01914,SHP-01488,2,Customer Delivery Risk,0,16,16,Road Closure,False,True,Partially Absorbed
CAS-0516,DIS-0516,SHP-01402,SHP-07965,SHP-01914,3,Route Connection,0,16,11,Road Closure,False,True,Active Cascade
CAS-0516,DIS-0516,SHP-01402,SHP-07965,SHP-01914,3,Departure Delay,0,16,11,Road Closure,False,True,Active Cascade
CAS-0516,DIS-0516,SHP-01402,SHP-07965,SHP-01914,3,Customer Delivery Risk,0,16,11,Road Closure,False,True,Partially Absorbed
CAS-0516,DIS-0516,SHP-01402,SHP-05290,SHP-01488,2,Warehouse Transfer,0,16,15,Road Closure,False,True,Active Cascade
CAS-0516,DIS-0516,SHP-01402,SHP-05290,SHP-01488,2,Departure Delay,0,16,15,Road Closure,False,True,Active Cascade
CAS-0516,DIS-0516,SHP-01402,SHP-05290,SHP-01488,2,Customer Delivery Risk,0,16,15,Road Closure,False,True,Partially Absorbed
CAS-0517,DIS-0517,SHP-01858,SHP-01858,,0,Root Disruption,92,0,99,Labor Shortage,True,False,Active Cascade
CAS-0517,DIS-0517,SHP-01858,SHP-01858,,0,Dispatch Delay,0,92,99,Labor Shortage,True,False,Active Cascade
CAS-0517,DIS-0517,SHP-01858,SHP-01858,,0,Customer Delivery Risk,0,92,99,Labor Shortage,True,False,Partially Absorbed
CAS-0517,DIS-0517,SHP-01858,SHP-08199,SHP-01858,1,Shared Vehicle Turnaround,0,20,20,Vehicle Breakdown,False,True,Active Cascade
CAS-0517,DIS-0517,SHP-01858,SHP-08199,SHP-01858,1,Departure Delay,0,20,20,Vehicle Breakdown,False,True,Active Cascade
CAS-0517,DIS-0517,SHP-01858,SHP-08199,SHP-01858,1,Customer Delivery Risk,0,20,20,Vehicle Breakdown,False,True,Partially Absorbed
CAS-0518,DIS-0518,SHP-00656,SHP-00656,,0,Root Disruption,171,0,172,Warehouse Congestion,True,False,Active Cascade
CAS-0518,DIS-0518,SHP-00656,SHP-00656,,0,Dispatch Delay,0,171,172,Warehouse Congestion,True,False,Active Cascade
CAS-0518,DIS-0518,SHP-00656,SHP-00656,,0,Customer Delivery Risk,0,171,172,Warehouse Congestion,True,False,Severe Delay Breached
CAS-0518,DIS-0518,SHP-00656,SHP-01378,SHP-00656,1,Route Connection,0,20,18,Warehouse Congestion,False,True,Active Cascade
CAS-0518,DIS-0518,SHP-00656,SHP-01378,SHP-00656,1,Departure Delay,0,20,18,Warehouse Congestion,False,True,Active Cascade
CAS-0518,DIS-0518,SHP-00656,SHP-01378,SHP-00656,1,Customer Delivery Risk,0,20,18,Warehouse Congestion,False,True,Partially Absorbed
CAS-0518,DIS-0518,SHP-00656,SHP-04788,SHP-01378,2,Warehouse Transfer,0,16,21,Warehouse Congestion,False,True,Active Cascade
CAS-0518,DIS-0518,SHP-00656,SHP-04788,SHP-01378,2,Departure Delay,0,16,21,Warehouse Congestion,False,True,Active Cascade
CAS-0518,DIS-0518,SHP-00656,SHP-04788,SHP-01378,2,Customer Delivery Risk,0,16,21,Warehouse Congestion,False,True,Partially Absorbed
CAS-0518,DIS-0518,SHP-00656,SHP-07551,SHP-04788,3,Route Connection,0,16,15,Warehouse Congestion,False,True,Active Cascade
CAS-0518,DIS-0518,SHP-00656,SHP-07551,SHP-04788,3,Departure Delay,0,16,15,Warehouse Congestion,False,True,Active Cascade
CAS-0518,DIS-0518,SHP-00656,SHP-07551,SHP-04788,3,Customer Delivery Risk,0,16,15,Warehouse Congestion,False,True,Partially Absorbed
CAS-0518,DIS-0518,SHP-00656,SHP-06870,SHP-01378,2,Warehouse Transfer,0,16,16,Warehouse Congestion,False,True,Active Cascade
CAS-0518,DIS-0518,SHP-00656,SHP-06870,SHP-01378,2,Departure Delay,0,16,16,Warehouse Congestion,False,True,Active Cascade
CAS-0518,DIS-0518,SHP-00656,SHP-06870,SHP-01378,2,Customer Delivery Risk,0,16,16,Warehouse Congestion,False,True,Partially Absorbed
CAS-0519,DIS-0519,SHP-11753,SHP-11753,,0,Root Disruption,145,0,149,State Border Checkpoint Hold,True,False,Active Cascade
CAS-0519,DIS-0519,SHP-11753,SHP-11753,,0,Dispatch Delay,0,145,149,State Border Checkpoint Hold,True,False,Active Cascade
CAS-0519,DIS-0519,SHP-11753,SHP-11753,,0,Customer Delivery Risk,0,145,149,State Border Checkpoint Hold,True,False,Severe Delay Breached
CAS-0519,DIS-0519,SHP-11753,SHP-07351,SHP-11753,1,Warehouse Congestion Transfer,94,0,89,Warehouse Congestion,False,True,Active Cascade
CAS-0519,DIS-0519,SHP-11753,SHP-07351,SHP-11753,1,Departure Delay,0,0,89,Warehouse Congestion,False,True,Active Cascade
CAS-0519,DIS-0519,SHP-11753,SHP-07351,SHP-11753,1,Customer Delivery Risk,0,0,89,Warehouse Congestion,False,True,Partially Absorbed
CAS-0520,DIS-0520,SHP-13016,SHP-13016,,0,Root Disruption,160,0,158,Road Closure,True,False,Active Cascade
CAS-0520,DIS-0520,SHP-13016,SHP-13016,,0,Dispatch Delay,0,160,158,Road Closure,True,False,Active Cascade
CAS-0520,DIS-0520,SHP-13016,SHP-13016,,0,Customer Delivery Risk,0,160,158,Road Closure,True,False,Severe Delay Breached
CAS-0520,DIS-0520,SHP-13016,SHP-03618,SHP-13016,1,Cross-Dock Transfer,0,33,30,Road Closure,False,True,Active Cascade
CAS-0520,DIS-0520,SHP-13016,SHP-03618,SHP-13016,1,Departure Delay,0,33,30,Road Closure,False,True,Active Cascade
CAS-0520,DIS-0520,SHP-13016,SHP-03618,SHP-13016,1,Customer Delivery Risk,0,33,30,Road Closure,False,True,Partially Absorbed
CAS-0520,DIS-0520,SHP-13016,SHP-05909,SHP-13016,1,Cross-Dock Transfer,0,39,49,Road Closure,False,True,Active Cascade
CAS-0520,DIS-0520,SHP-13016,SHP-05909,SHP-13016,1,Departure Delay,0,39,49,Road Closure,False,True,Active Cascade
CAS-0520,DIS-0520,SHP-13016,SHP-05909,SHP-13016,1,Customer Delivery Risk,0,39,49,Road Closure,False,True,Partially Absorbed
CAS-0520,DIS-0520,SHP-13016,SHP-04326,SHP-13016,1,Cross-Dock Transfer,0,16,16,Road Closure,False,True,Active Cascade
CAS-0520,DIS-0520,SHP-13016,SHP-04326,SHP-13016,1,Departure Delay,0,16,16,Road Closure,False,True,Active Cascade
CAS-0520,DIS-0520,SHP-13016,SHP-04326,SHP-13016,1,Customer Delivery Risk,0,16,16,Road Closure,False,True,Partially Absorbed
CAS-0521,DIS-0521,SHP-07651,SHP-07651,,0,Root Disruption,126,0,135,Severe Weather,True,False,Active Cascade
CAS-0521,DIS-0521,SHP-07651,SHP-07651,,0,Dispatch Delay,0,126,135,Severe Weather,True,False,Active Cascade
CAS-0521,DIS-0521,SHP-07651,SHP-07651,,0,Customer Delivery Risk,0,126,135,Severe Weather,True,False,Severe Delay Breached
CAS-0521,DIS-0521,SHP-07651,SHP-02426,SHP-07651,1,Route Connection,0,94,91,Severe Weather,False,True,Active Cascade
CAS-0521,DIS-0521,SHP-07651,SHP-02426,SHP-07651,1,Departure Delay,0,94,91,Severe Weather,False,True,Active Cascade
CAS-0521,DIS-0521,SHP-07651,SHP-02426,SHP-07651,1,Customer Delivery Risk,0,94,91,Severe Weather,False,True,Partially Absorbed
CAS-0521,DIS-0521,SHP-07651,SHP-03622,SHP-02426,2,Warehouse Transfer,0,16,26,Severe Weather,False,True,Active Cascade
CAS-0521,DIS-0521,SHP-07651,SHP-03622,SHP-02426,2,Departure Delay,0,16,26,Severe Weather,False,True,Active Cascade
CAS-0521,DIS-0521,SHP-07651,SHP-03622,SHP-02426,2,Customer Delivery Risk,0,16,26,Severe Weather,False,True,Partially Absorbed
CAS-0521,DIS-0521,SHP-07651,SHP-11862,SHP-03622,3,Route Connection,0,16,19,Severe Weather,False,True,Active Cascade
CAS-0521,DIS-0521,SHP-07651,SHP-11862,SHP-03622,3,Departure Delay,0,16,19,Severe Weather,False,True,Active Cascade
CAS-0521,DIS-0521,SHP-07651,SHP-11862,SHP-03622,3,Customer Delivery Risk,0,16,19,Severe Weather,False,True,Partially Absorbed
CAS-0521,DIS-0521,SHP-07651,SHP-08871,SHP-02426,2,Warehouse Transfer,0,16,24,Severe Weather,False,True,Active Cascade
CAS-0521,DIS-0521,SHP-07651,SHP-08871,SHP-02426,2,Departure Delay,0,16,24,Severe Weather,False,True,Active Cascade
CAS-0521,DIS-0521,SHP-07651,SHP-08871,SHP-02426,2,Customer Delivery Risk,0,16,24,Severe Weather,False,True,Partially Absorbed
CAS-0522,DIS-0522,SHP-03303,SHP-03303,,0,Root Disruption,151,0,151,Equipment Failure,True,False,Active Cascade
CAS-0522,DIS-0522,SHP-03303,SHP-03303,,0,Dispatch Delay,0,151,151,Equipment Failure,True,False,Active Cascade
CAS-0522,DIS-0522,SHP-03303,SHP-03303,,0,Customer Delivery Risk,0,151,151,Equipment Failure,True,False,Severe Delay Breached
CAS-0522,DIS-0522,SHP-03303,SHP-10260,SHP-03303,1,Route Connection,0,125,125,Equipment Failure,False,True,Active Cascade
CAS-0522,DIS-0522,SHP-03303,SHP-10260,SHP-03303,1,Departure Delay,0,125,125,Equipment Failure,False,True,Active Cascade
CAS-0522,DIS-0522,SHP-03303,SHP-10260,SHP-03303,1,Customer Delivery Risk,0,125,125,Equipment Failure,False,True,Severe Delay Breached
CAS-0523,DIS-0523,SHP-06148,SHP-06148,,0,Root Disruption,243,0,245,Severe Weather,True,False,Active Cascade
CAS-0523,DIS-0523,SHP-06148,SHP-06148,,0,Dispatch Delay,0,243,245,Severe Weather,True,False,Active Cascade
CAS-0523,DIS-0523,SHP-06148,SHP-06148,,0,Customer Delivery Risk,0,243,245,Severe Weather,True,False,Severe Delay Breached
CAS-0523,DIS-0523,SHP-06148,SHP-10062,SHP-06148,1,Route Connection,0,181,186,Severe Weather,False,True,Active Cascade
CAS-0523,DIS-0523,SHP-06148,SHP-10062,SHP-06148,1,Departure Delay,0,181,186,Severe Weather,False,True,Active Cascade
CAS-0523,DIS-0523,SHP-06148,SHP-10062,SHP-06148,1,Customer Delivery Risk,0,181,186,Severe Weather,False,True,Severe Delay Breached
CAS-0524,DIS-0524,SHP-01893,SHP-01893,,0,Root Disruption,118,0,117,Equipment Failure,True,False,Active Cascade
CAS-0524,DIS-0524,SHP-01893,SHP-01893,,0,Dispatch Delay,0,118,117,Equipment Failure,True,False,Active Cascade
CAS-0524,DIS-0524,SHP-01893,SHP-01893,,0,Customer Delivery Risk,0,118,117,Equipment Failure,True,False,Partially Absorbed
CAS-0524,DIS-0524,SHP-01893,SHP-09159,SHP-01893,1,Warehouse Congestion Transfer,65,0,72,Warehouse Congestion,False,True,Active Cascade
CAS-0524,DIS-0524,SHP-01893,SHP-09159,SHP-01893,1,Departure Delay,0,0,72,Warehouse Congestion,False,True,Active Cascade
CAS-0524,DIS-0524,SHP-01893,SHP-09159,SHP-01893,1,Customer Delivery Risk,0,0,72,Warehouse Congestion,False,True,Partially Absorbed
CAS-0525,DIS-0525,SHP-00261,SHP-00261,,0,Root Disruption,176,0,172,Road Closure,True,False,Active Cascade
CAS-0525,DIS-0525,SHP-00261,SHP-00261,,0,Dispatch Delay,0,176,172,Road Closure,True,False,Active Cascade
CAS-0525,DIS-0525,SHP-00261,SHP-00261,,0,Customer Delivery Risk,0,176,172,Road Closure,True,False,Severe Delay Breached
CAS-0525,DIS-0525,SHP-00261,SHP-03130,SHP-00261,1,Shared Vehicle Turnaround,0,20,16,Vehicle Breakdown,False,True,Active Cascade
CAS-0525,DIS-0525,SHP-00261,SHP-03130,SHP-00261,1,Departure Delay,0,20,16,Vehicle Breakdown,False,True,Active Cascade
CAS-0525,DIS-0525,SHP-00261,SHP-03130,SHP-00261,1,Customer Delivery Risk,0,20,16,Vehicle Breakdown,False,True,Partially Absorbed
CAS-0526,DIS-0526,SHP-09668,SHP-09668,,0,Root Disruption,114,0,114,Severe Weather,True,False,Active Cascade
CAS-0526,DIS-0526,SHP-09668,SHP-09668,,0,Dispatch Delay,0,114,114,Severe Weather,True,False,Active Cascade
CAS-0526,DIS-0526,SHP-09668,SHP-09668,,0,Customer Delivery Risk,0,114,114,Severe Weather,True,False,Partially Absorbed
CAS-0526,DIS-0526,SHP-09668,SHP-06720,SHP-09668,1,Shared Vehicle Turnaround,0,20,29,Vehicle Breakdown,False,True,Active Cascade
CAS-0526,DIS-0526,SHP-09668,SHP-06720,SHP-09668,1,Departure Delay,0,20,29,Vehicle Breakdown,False,True,Active Cascade
CAS-0526,DIS-0526,SHP-09668,SHP-06720,SHP-09668,1,Customer Delivery Risk,0,20,29,Vehicle Breakdown,False,True,Partially Absorbed
CAS-0527,DIS-0527,SHP-00476,SHP-00476,,0,Root Disruption,147,0,142,Warehouse Congestion,True,False,Active Cascade
CAS-0527,DIS-0527,SHP-00476,SHP-00476,,0,Dispatch Delay,0,147,142,Warehouse Congestion,True,False,Active Cascade
CAS-0527,DIS-0527,SHP-00476,SHP-00476,,0,Customer Delivery Risk,0,147,142,Warehouse Congestion,True,False,Severe Delay Breached
CAS-0527,DIS-0527,SHP-00476,SHP-09780,SHP-00476,1,Waiting for Inbound Shipment,0,91,87,Warehouse Congestion,False,True,Active Cascade
CAS-0527,DIS-0527,SHP-00476,SHP-09780,SHP-00476,1,Departure Delay,0,91,87,Warehouse Congestion,False,True,Active Cascade
CAS-0527,DIS-0527,SHP-00476,SHP-09780,SHP-00476,1,Customer Delivery Risk,0,91,87,Warehouse Congestion,False,True,Partially Absorbed
CAS-0527,DIS-0527,SHP-00476,SHP-04305,SHP-09780,2,Warehouse Transfer,0,16,16,Warehouse Congestion,False,True,Active Cascade
CAS-0527,DIS-0527,SHP-00476,SHP-04305,SHP-09780,2,Departure Delay,0,16,16,Warehouse Congestion,False,True,Active Cascade
CAS-0527,DIS-0527,SHP-00476,SHP-04305,SHP-09780,2,Customer Delivery Risk,0,16,16,Warehouse Congestion,False,True,Partially Absorbed
CAS-0528,DIS-0528,SHP-13039,SHP-13039,,0,Root Disruption,144,0,149,Severe Weather,True,False,Active Cascade
CAS-0528,DIS-0528,SHP-13039,SHP-13039,,0,Dispatch Delay,0,144,149,Severe Weather,True,False,Active Cascade
CAS-0528,DIS-0528,SHP-13039,SHP-13039,,0,Customer Delivery Risk,0,144,149,Severe Weather,True,False,Severe Delay Breached
CAS-0528,DIS-0528,SHP-13039,SHP-00689,SHP-13039,1,Waiting for Inbound Shipment,0,54,59,Severe Weather,False,True,Active Cascade
CAS-0528,DIS-0528,SHP-13039,SHP-00689,SHP-13039,1,Departure Delay,0,54,59,Severe Weather,False,True,Active Cascade
CAS-0528,DIS-0528,SHP-13039,SHP-00689,SHP-13039,1,Customer Delivery Risk,0,54,59,Severe Weather,False,True,Partially Absorbed
CAS-0529,DIS-0529,SHP-06811,SHP-06811,,0,Root Disruption,236,0,238,Warehouse Congestion,True,False,Active Cascade
CAS-0529,DIS-0529,SHP-06811,SHP-06811,,0,Dispatch Delay,0,236,238,Warehouse Congestion,True,False,Active Cascade
CAS-0529,DIS-0529,SHP-06811,SHP-06811,,0,Customer Delivery Risk,0,236,238,Warehouse Congestion,True,False,Severe Delay Breached
CAS-0529,DIS-0529,SHP-06811,SHP-04022,SHP-06811,1,Warehouse Congestion Transfer,106,0,101,Warehouse Congestion,False,True,Active Cascade
CAS-0529,DIS-0529,SHP-06811,SHP-04022,SHP-06811,1,Departure Delay,0,0,101,Warehouse Congestion,False,True,Active Cascade
CAS-0529,DIS-0529,SHP-06811,SHP-04022,SHP-06811,1,Customer Delivery Risk,0,0,101,Warehouse Congestion,False,True,Partially Absorbed
CAS-0529,DIS-0529,SHP-06811,SHP-00191,SHP-06811,1,Warehouse Congestion Transfer,149,0,156,Warehouse Congestion,False,True,Active Cascade
CAS-0529,DIS-0529,SHP-06811,SHP-00191,SHP-06811,1,Departure Delay,0,0,156,Warehouse Congestion,False,True,Active Cascade
CAS-0529,DIS-0529,SHP-06811,SHP-00191,SHP-06811,1,Customer Delivery Risk,0,0,156,Warehouse Congestion,False,True,Severe Delay Breached
CAS-0530,DIS-0530,SHP-01231,SHP-01231,,0,Root Disruption,60,0,69,Labor Shortage,True,False,Active Cascade
CAS-0530,DIS-0530,SHP-01231,SHP-01231,,0,Dispatch Delay,0,60,69,Labor Shortage,True,False,Active Cascade
CAS-0530,DIS-0530,SHP-01231,SHP-01231,,0,Customer Delivery Risk,0,60,69,Labor Shortage,True,False,Partially Absorbed
CAS-0530,DIS-0530,SHP-01231,SHP-12770,SHP-01231,1,Shared Vehicle Turnaround,0,20,27,Vehicle Breakdown,False,True,Active Cascade
CAS-0530,DIS-0530,SHP-01231,SHP-12770,SHP-01231,1,Departure Delay,0,20,27,Vehicle Breakdown,False,True,Active Cascade
CAS-0530,DIS-0530,SHP-01231,SHP-12770,SHP-01231,1,Customer Delivery Risk,0,20,27,Vehicle Breakdown,False,True,Partially Absorbed
CAS-0531,DIS-0531,SHP-12443,SHP-12443,,0,Root Disruption,264,0,274,Vehicle Breakdown,True,False,Active Cascade
CAS-0531,DIS-0531,SHP-12443,SHP-12443,,0,Dispatch Delay,0,264,274,Vehicle Breakdown,True,False,Active Cascade
CAS-0531,DIS-0531,SHP-12443,SHP-12443,,0,Customer Delivery Risk,0,264,274,Vehicle Breakdown,True,False,Severe Delay Breached
CAS-0531,DIS-0531,SHP-12443,SHP-00999,SHP-12443,1,Route Connection,0,261,260,Vehicle Breakdown,False,True,Active Cascade
CAS-0531,DIS-0531,SHP-12443,SHP-00999,SHP-12443,1,Departure Delay,0,261,260,Vehicle Breakdown,False,True,Active Cascade
CAS-0531,DIS-0531,SHP-12443,SHP-00999,SHP-12443,1,Customer Delivery Risk,0,261,260,Vehicle Breakdown,False,True,Severe Delay Breached
CAS-0532,DIS-0532,SHP-07227,SHP-07227,,0,Root Disruption,131,0,126,Equipment Failure,True,False,Active Cascade
CAS-0532,DIS-0532,SHP-07227,SHP-07227,,0,Dispatch Delay,0,131,126,Equipment Failure,True,False,Active Cascade
CAS-0532,DIS-0532,SHP-07227,SHP-07227,,0,Customer Delivery Risk,0,131,126,Equipment Failure,True,False,Severe Delay Breached
CAS-0532,DIS-0532,SHP-07227,SHP-10786,SHP-07227,1,Warehouse Congestion Transfer,63,0,64,Warehouse Congestion,False,True,Active Cascade
CAS-0532,DIS-0532,SHP-07227,SHP-10786,SHP-07227,1,Departure Delay,0,0,64,Warehouse Congestion,False,True,Active Cascade
CAS-0532,DIS-0532,SHP-07227,SHP-10786,SHP-07227,1,Customer Delivery Risk,0,0,64,Warehouse Congestion,False,True,Partially Absorbed
CAS-0533,DIS-0533,SHP-05443,SHP-05443,,0,Root Disruption,82,0,80,State Border Checkpoint Hold,True,False,Active Cascade
CAS-0533,DIS-0533,SHP-05443,SHP-05443,,0,Dispatch Delay,0,82,80,State Border Checkpoint Hold,True,False,Active Cascade
CAS-0533,DIS-0533,SHP-05443,SHP-05443,,0,Customer Delivery Risk,0,82,80,State Border Checkpoint Hold,True,False,Partially Absorbed
CAS-0533,DIS-0533,SHP-05443,SHP-05681,SHP-05443,1,Route Connection,0,20,28,State Border Checkpoint Hold,False,True,Active Cascade
CAS-0533,DIS-0533,SHP-05443,SHP-05681,SHP-05443,1,Departure Delay,0,20,28,State Border Checkpoint Hold,False,True,Active Cascade
CAS-0533,DIS-0533,SHP-05443,SHP-05681,SHP-05443,1,Customer Delivery Risk,0,20,28,State Border Checkpoint Hold,False,True,Partially Absorbed
CAS-0533,DIS-0533,SHP-05443,SHP-08795,SHP-05681,2,Warehouse Transfer,0,16,15,State Border Checkpoint Hold,False,True,Active Cascade
CAS-0533,DIS-0533,SHP-05443,SHP-08795,SHP-05681,2,Departure Delay,0,16,15,State Border Checkpoint Hold,False,True,Active Cascade
CAS-0533,DIS-0533,SHP-05443,SHP-08795,SHP-05681,2,Customer Delivery Risk,0,16,15,State Border Checkpoint Hold,False,True,Partially Absorbed
CAS-0533,DIS-0533,SHP-05443,SHP-06102,SHP-08795,3,Route Connection,0,16,16,State Border Checkpoint Hold,False,True,Active Cascade
CAS-0533,DIS-0533,SHP-05443,SHP-06102,SHP-08795,3,Departure Delay,0,16,16,State Border Checkpoint Hold,False,True,Active Cascade
CAS-0533,DIS-0533,SHP-05443,SHP-06102,SHP-08795,3,Customer Delivery Risk,0,16,16,State Border Checkpoint Hold,False,True,Partially Absorbed
CAS-0534,DIS-0534,SHP-02728,SHP-02728,,0,Root Disruption,192,0,187,Vehicle Breakdown,True,False,Active Cascade
CAS-0534,DIS-0534,SHP-02728,SHP-02728,,0,Dispatch Delay,0,192,187,Vehicle Breakdown,True,False,Active Cascade
CAS-0534,DIS-0534,SHP-02728,SHP-02728,,0,Customer Delivery Risk,0,192,187,Vehicle Breakdown,True,False,Severe Delay Breached
CAS-0534,DIS-0534,SHP-02728,SHP-12727,SHP-02728,1,Route Connection,0,20,22,Vehicle Breakdown,False,True,Active Cascade
CAS-0534,DIS-0534,SHP-02728,SHP-12727,SHP-02728,1,Departure Delay,0,20,22,Vehicle Breakdown,False,True,Active Cascade
CAS-0534,DIS-0534,SHP-02728,SHP-12727,SHP-02728,1,Customer Delivery Risk,0,20,22,Vehicle Breakdown,False,True,Partially Absorbed
CAS-0535,DIS-0535,SHP-04475,SHP-04475,,0,Root Disruption,216,0,226,Severe Weather,True,False,Active Cascade
CAS-0535,DIS-0535,SHP-04475,SHP-04475,,0,Dispatch Delay,0,216,226,Severe Weather,True,False,Active Cascade
CAS-0535,DIS-0535,SHP-04475,SHP-04475,,0,Customer Delivery Risk,0,216,226,Severe Weather,True,False,Severe Delay Breached
CAS-0535,DIS-0535,SHP-04475,SHP-10102,SHP-04475,1,Warehouse Congestion Transfer,142,0,139,Warehouse Congestion,False,True,Active Cascade
CAS-0535,DIS-0535,SHP-04475,SHP-10102,SHP-04475,1,Departure Delay,0,0,139,Warehouse Congestion,False,True,Active Cascade
CAS-0535,DIS-0535,SHP-04475,SHP-10102,SHP-04475,1,Customer Delivery Risk,0,0,139,Warehouse Congestion,False,True,Severe Delay Breached
CAS-0535,DIS-0535,SHP-04475,SHP-12075,SHP-04475,1,Warehouse Congestion Transfer,58,0,54,Warehouse Congestion,False,True,Active Cascade
CAS-0535,DIS-0535,SHP-04475,SHP-12075,SHP-04475,1,Departure Delay,0,0,54,Warehouse Congestion,False,True,Active Cascade
CAS-0535,DIS-0535,SHP-04475,SHP-12075,SHP-04475,1,Customer Delivery Risk,0,0,54,Warehouse Congestion,False,True,Partially Absorbed
CAS-0535,DIS-0535,SHP-04475,SHP-12606,SHP-04475,1,Warehouse Congestion Transfer,54,0,56,Warehouse Congestion,False,True,Active Cascade
CAS-0535,DIS-0535,SHP-04475,SHP-12606,SHP-04475,1,Departure Delay,0,0,56,Warehouse Congestion,False,True,Active Cascade
CAS-0535,DIS-0535,SHP-04475,SHP-12606,SHP-04475,1,Customer Delivery Risk,0,0,56,Warehouse Congestion,False,True,Partially Absorbed
CAS-0536,DIS-0536,SHP-08857,SHP-08857,,0,Root Disruption,62,0,68,Labor Shortage,True,False,Active Cascade
CAS-0536,DIS-0536,SHP-08857,SHP-08857,,0,Dispatch Delay,0,62,68,Labor Shortage,True,False,Active Cascade
CAS-0536,DIS-0536,SHP-08857,SHP-08857,,0,Customer Delivery Risk,0,62,68,Labor Shortage,True,False,Partially Absorbed
CAS-0536,DIS-0536,SHP-08857,SHP-00120,SHP-08857,1,Route Connection,0,20,23,Labor Shortage,False,True,Active Cascade
CAS-0536,DIS-0536,SHP-08857,SHP-00120,SHP-08857,1,Departure Delay,0,20,23,Labor Shortage,False,True,Active Cascade
CAS-0536,DIS-0536,SHP-08857,SHP-00120,SHP-08857,1,Customer Delivery Risk,0,20,23,Labor Shortage,False,True,Partially Absorbed
CAS-0536,DIS-0536,SHP-08857,SHP-12261,SHP-00120,2,Warehouse Transfer,0,16,11,Labor Shortage,False,True,Active Cascade
CAS-0536,DIS-0536,SHP-08857,SHP-12261,SHP-00120,2,Departure Delay,0,16,11,Labor Shortage,False,True,Active Cascade
CAS-0536,DIS-0536,SHP-08857,SHP-12261,SHP-00120,2,Customer Delivery Risk,0,16,11,Labor Shortage,False,True,Partially Absorbed
CAS-0536,DIS-0536,SHP-08857,SHP-06308,SHP-12261,3,Route Connection,0,16,13,Labor Shortage,False,True,Active Cascade
CAS-0536,DIS-0536,SHP-08857,SHP-06308,SHP-12261,3,Departure Delay,0,16,13,Labor Shortage,False,True,Active Cascade
CAS-0536,DIS-0536,SHP-08857,SHP-06308,SHP-12261,3,Customer Delivery Risk,0,16,13,Labor Shortage,False,True,Partially Absorbed
CAS-0536,DIS-0536,SHP-08857,SHP-12405,SHP-00120,2,Warehouse Transfer,0,16,16,Labor Shortage,False,True,Active Cascade
CAS-0536,DIS-0536,SHP-08857,SHP-12405,SHP-00120,2,Departure Delay,0,16,16,Labor Shortage,False,True,Active Cascade
CAS-0536,DIS-0536,SHP-08857,SHP-12405,SHP-00120,2,Customer Delivery Risk,0,16,16,Labor Shortage,False,True,Partially Absorbed
CAS-0537,DIS-0537,SHP-02032,SHP-02032,,0,Root Disruption,171,0,177,Vehicle Breakdown,True,False,Active Cascade
CAS-0537,DIS-0537,SHP-02032,SHP-02032,,0,Dispatch Delay,0,171,177,Vehicle Breakdown,True,False,Active Cascade
CAS-0537,DIS-0537,SHP-02032,SHP-02032,,0,Customer Delivery Risk,0,171,177,Vehicle Breakdown,True,False,Severe Delay Breached
CAS-0537,DIS-0537,SHP-02032,SHP-09947,SHP-02032,1,Warehouse Congestion Transfer,83,0,90,Warehouse Congestion,False,True,Active Cascade
CAS-0537,DIS-0537,SHP-02032,SHP-09947,SHP-02032,1,Departure Delay,0,0,90,Warehouse Congestion,False,True,Active Cascade
CAS-0537,DIS-0537,SHP-02032,SHP-09947,SHP-02032,1,Customer Delivery Risk,0,0,90,Warehouse Congestion,False,True,Partially Absorbed
CAS-0538,DIS-0538,SHP-10687,SHP-10687,,0,Root Disruption,185,0,183,Road Closure,True,False,Active Cascade
CAS-0538,DIS-0538,SHP-10687,SHP-10687,,0,Dispatch Delay,0,185,183,Road Closure,True,False,Active Cascade
CAS-0538,DIS-0538,SHP-10687,SHP-10687,,0,Customer Delivery Risk,0,185,183,Road Closure,True,False,Severe Delay Breached
CAS-0538,DIS-0538,SHP-10687,SHP-12208,SHP-10687,1,Cross-Dock Transfer,0,102,97,Road Closure,False,True,Active Cascade
CAS-0538,DIS-0538,SHP-10687,SHP-12208,SHP-10687,1,Departure Delay,0,102,97,Road Closure,False,True,Active Cascade
CAS-0538,DIS-0538,SHP-10687,SHP-12208,SHP-10687,1,Customer Delivery Risk,0,102,97,Road Closure,False,True,Partially Absorbed
CAS-0538,DIS-0538,SHP-10687,SHP-09205,SHP-10687,1,Cross-Dock Transfer,0,87,97,Road Closure,False,True,Active Cascade
CAS-0538,DIS-0538,SHP-10687,SHP-09205,SHP-10687,1,Departure Delay,0,87,97,Road Closure,False,True,Active Cascade
CAS-0538,DIS-0538,SHP-10687,SHP-09205,SHP-10687,1,Customer Delivery Risk,0,87,97,Road Closure,False,True,Partially Absorbed
CAS-0539,DIS-0539,SHP-01537,SHP-01537,,0,Root Disruption,97,0,104,State Border Checkpoint Hold,True,False,Active Cascade
CAS-0539,DIS-0539,SHP-01537,SHP-01537,,0,Dispatch Delay,0,97,104,State Border Checkpoint Hold,True,False,Active Cascade
CAS-0539,DIS-0539,SHP-01537,SHP-01537,,0,Customer Delivery Risk,0,97,104,State Border Checkpoint Hold,True,False,Partially Absorbed
CAS-0539,DIS-0539,SHP-01537,SHP-00477,SHP-01537,1,Route Connection,0,20,15,State Border Checkpoint Hold,False,True,Active Cascade
CAS-0539,DIS-0539,SHP-01537,SHP-00477,SHP-01537,1,Departure Delay,0,20,15,State Border Checkpoint Hold,False,True,Active Cascade
CAS-0539,DIS-0539,SHP-01537,SHP-00477,SHP-01537,1,Customer Delivery Risk,0,20,15,State Border Checkpoint Hold,False,True,Partially Absorbed
CAS-0540,DIS-0540,SHP-06565,SHP-06565,,0,Root Disruption,188,0,194,Severe Weather,True,False,Active Cascade
CAS-0540,DIS-0540,SHP-06565,SHP-06565,,0,Dispatch Delay,0,188,194,Severe Weather,True,False,Active Cascade
CAS-0540,DIS-0540,SHP-06565,SHP-06565,,0,Customer Delivery Risk,0,188,194,Severe Weather,True,False,Severe Delay Breached
CAS-0540,DIS-0540,SHP-06565,SHP-12636,SHP-06565,1,Waiting for Inbound Shipment,0,164,162,Severe Weather,False,True,Active Cascade
CAS-0540,DIS-0540,SHP-06565,SHP-12636,SHP-06565,1,Departure Delay,0,164,162,Severe Weather,False,True,Active Cascade
CAS-0540,DIS-0540,SHP-06565,SHP-12636,SHP-06565,1,Customer Delivery Risk,0,164,162,Severe Weather,False,True,Severe Delay Breached
CAS-0540,DIS-0540,SHP-06565,SHP-01493,SHP-12636,2,Warehouse Transfer,0,16,13,Severe Weather,False,True,Active Cascade
CAS-0540,DIS-0540,SHP-06565,SHP-01493,SHP-12636,2,Departure Delay,0,16,13,Severe Weather,False,True,Active Cascade
CAS-0540,DIS-0540,SHP-06565,SHP-01493,SHP-12636,2,Customer Delivery Risk,0,16,13,Severe Weather,False,True,Partially Absorbed
CAS-0541,DIS-0541,SHP-12756,SHP-12756,,0,Root Disruption,148,0,151,Warehouse Congestion,True,False,Active Cascade
CAS-0541,DIS-0541,SHP-12756,SHP-12756,,0,Dispatch Delay,0,148,151,Warehouse Congestion,True,False,Active Cascade
CAS-0541,DIS-0541,SHP-12756,SHP-12756,,0,Customer Delivery Risk,0,148,151,Warehouse Congestion,True,False,Severe Delay Breached
CAS-0541,DIS-0541,SHP-12756,SHP-00304,SHP-12756,1,Route Connection,0,98,95,Warehouse Congestion,False,True,Active Cascade
CAS-0541,DIS-0541,SHP-12756,SHP-00304,SHP-12756,1,Departure Delay,0,98,95,Warehouse Congestion,False,True,Active Cascade
CAS-0541,DIS-0541,SHP-12756,SHP-00304,SHP-12756,1,Customer Delivery Risk,0,98,95,Warehouse Congestion,False,True,Partially Absorbed
CAS-0541,DIS-0541,SHP-12756,SHP-00536,SHP-00304,2,Warehouse Transfer,0,16,21,Warehouse Congestion,False,True,Active Cascade
CAS-0541,DIS-0541,SHP-12756,SHP-00536,SHP-00304,2,Departure Delay,0,16,21,Warehouse Congestion,False,True,Active Cascade
CAS-0541,DIS-0541,SHP-12756,SHP-00536,SHP-00304,2,Customer Delivery Risk,0,16,21,Warehouse Congestion,False,True,Partially Absorbed
CAS-0541,DIS-0541,SHP-12756,SHP-07433,SHP-00536,3,Route Connection,0,16,21,Warehouse Congestion,False,True,Active Cascade
CAS-0541,DIS-0541,SHP-12756,SHP-07433,SHP-00536,3,Departure Delay,0,16,21,Warehouse Congestion,False,True,Active Cascade
CAS-0541,DIS-0541,SHP-12756,SHP-07433,SHP-00536,3,Customer Delivery Risk,0,16,21,Warehouse Congestion,False,True,Partially Absorbed
CAS-0542,DIS-0542,SHP-09539,SHP-09539,,0,Root Disruption,149,0,154,Equipment Failure,True,False,Active Cascade
CAS-0542,DIS-0542,SHP-09539,SHP-09539,,0,Dispatch Delay,0,149,154,Equipment Failure,True,False,Active Cascade
CAS-0542,DIS-0542,SHP-09539,SHP-09539,,0,Customer Delivery Risk,0,149,154,Equipment Failure,True,False,Severe Delay Breached
CAS-0542,DIS-0542,SHP-09539,SHP-12182,SHP-09539,1,Warehouse Congestion Transfer,83,0,78,Warehouse Congestion,False,True,Active Cascade
CAS-0542,DIS-0542,SHP-09539,SHP-12182,SHP-09539,1,Departure Delay,0,0,78,Warehouse Congestion,False,True,Active Cascade
CAS-0542,DIS-0542,SHP-09539,SHP-12182,SHP-09539,1,Customer Delivery Risk,0,0,78,Warehouse Congestion,False,True,Partially Absorbed
CAS-0542,DIS-0542,SHP-09539,SHP-06568,SHP-09539,1,Warehouse Congestion Transfer,63,0,71,Warehouse Congestion,False,True,Active Cascade
CAS-0542,DIS-0542,SHP-09539,SHP-06568,SHP-09539,1,Departure Delay,0,0,71,Warehouse Congestion,False,True,Active Cascade
CAS-0542,DIS-0542,SHP-09539,SHP-06568,SHP-09539,1,Customer Delivery Risk,0,0,71,Warehouse Congestion,False,True,Partially Absorbed
CAS-0543,DIS-0543,SHP-05244,SHP-05244,,0,Root Disruption,157,0,160,Vehicle Breakdown,True,False,Active Cascade
CAS-0543,DIS-0543,SHP-05244,SHP-05244,,0,Dispatch Delay,0,157,160,Vehicle Breakdown,True,False,Active Cascade
CAS-0543,DIS-0543,SHP-05244,SHP-05244,,0,Customer Delivery Risk,0,157,160,Vehicle Breakdown,True,False,Severe Delay Breached
CAS-0543,DIS-0543,SHP-05244,SHP-01937,SHP-05244,1,Warehouse Congestion Transfer,130,0,139,Warehouse Congestion,False,True,Active Cascade
CAS-0543,DIS-0543,SHP-05244,SHP-01937,SHP-05244,1,Departure Delay,0,0,139,Warehouse Congestion,False,True,Active Cascade
CAS-0543,DIS-0543,SHP-05244,SHP-01937,SHP-05244,1,Customer Delivery Risk,0,0,139,Warehouse Congestion,False,True,Severe Delay Breached
CAS-0543,DIS-0543,SHP-05244,SHP-01845,SHP-05244,1,Warehouse Congestion Transfer,71,0,77,Warehouse Congestion,False,True,Active Cascade
CAS-0543,DIS-0543,SHP-05244,SHP-01845,SHP-05244,1,Departure Delay,0,0,77,Warehouse Congestion,False,True,Active Cascade
CAS-0543,DIS-0543,SHP-05244,SHP-01845,SHP-05244,1,Customer Delivery Risk,0,0,77,Warehouse Congestion,False,True,Partially Absorbed
CAS-0543,DIS-0543,SHP-05244,SHP-11391,SHP-05244,1,Warehouse Congestion Transfer,106,0,113,Warehouse Congestion,False,True,Active Cascade
CAS-0543,DIS-0543,SHP-05244,SHP-11391,SHP-05244,1,Departure Delay,0,0,113,Warehouse Congestion,False,True,Active Cascade
CAS-0543,DIS-0543,SHP-05244,SHP-11391,SHP-05244,1,Customer Delivery Risk,0,0,113,Warehouse Congestion,False,True,Partially Absorbed
CAS-0543,DIS-0543,SHP-05244,SHP-06345,SHP-05244,1,Warehouse Congestion Transfer,123,0,121,Warehouse Congestion,False,True,Active Cascade
CAS-0543,DIS-0543,SHP-05244,SHP-06345,SHP-05244,1,Departure Delay,0,0,121,Warehouse Congestion,False,True,Active Cascade
CAS-0543,DIS-0543,SHP-05244,SHP-06345,SHP-05244,1,Customer Delivery Risk,0,0,121,Warehouse Congestion,False,True,Severe Delay Breached
CAS-0544,DIS-0544,SHP-06593,SHP-06593,,0,Root Disruption,83,0,89,Equipment Failure,True,False,Active Cascade
CAS-0544,DIS-0544,SHP-06593,SHP-06593,,0,Dispatch Delay,0,83,89,Equipment Failure,True,False,Active Cascade
CAS-0544,DIS-0544,SHP-06593,SHP-06593,,0,Customer Delivery Risk,0,83,89,Equipment Failure,True,False,Partially Absorbed
CAS-0544,DIS-0544,SHP-06593,SHP-01391,SHP-06593,1,Waiting for Inbound Shipment,0,66,69,Equipment Failure,False,True,Active Cascade
CAS-0544,DIS-0544,SHP-06593,SHP-01391,SHP-06593,1,Departure Delay,0,66,69,Equipment Failure,False,True,Active Cascade
CAS-0544,DIS-0544,SHP-06593,SHP-01391,SHP-06593,1,Customer Delivery Risk,0,66,69,Equipment Failure,False,True,Partially Absorbed
CAS-0544,DIS-0544,SHP-06593,SHP-07328,SHP-01391,2,Warehouse Transfer,0,34,32,Equipment Failure,False,True,Active Cascade
CAS-0544,DIS-0544,SHP-06593,SHP-07328,SHP-01391,2,Departure Delay,0,34,32,Equipment Failure,False,True,Active Cascade
CAS-0544,DIS-0544,SHP-06593,SHP-07328,SHP-01391,2,Customer Delivery Risk,0,34,32,Equipment Failure,False,True,Partially Absorbed
CAS-0545,DIS-0545,SHP-12814,SHP-12814,,0,Root Disruption,168,0,178,Severe Weather,True,False,Active Cascade
CAS-0545,DIS-0545,SHP-12814,SHP-12814,,0,Dispatch Delay,0,168,178,Severe Weather,True,False,Active Cascade
CAS-0545,DIS-0545,SHP-12814,SHP-12814,,0,Customer Delivery Risk,0,168,178,Severe Weather,True,False,Severe Delay Breached
CAS-0545,DIS-0545,SHP-12814,SHP-07031,SHP-12814,1,Route Connection,0,20,19,Severe Weather,False,True,Active Cascade
CAS-0545,DIS-0545,SHP-12814,SHP-07031,SHP-12814,1,Departure Delay,0,20,19,Severe Weather,False,True,Active Cascade
CAS-0545,DIS-0545,SHP-12814,SHP-07031,SHP-12814,1,Customer Delivery Risk,0,20,19,Severe Weather,False,True,Partially Absorbed
CAS-0546,DIS-0546,SHP-03525,SHP-03525,,0,Root Disruption,115,0,121,State Border Checkpoint Hold,True,False,Active Cascade
CAS-0546,DIS-0546,SHP-03525,SHP-03525,,0,Dispatch Delay,0,115,121,State Border Checkpoint Hold,True,False,Active Cascade
CAS-0546,DIS-0546,SHP-03525,SHP-03525,,0,Customer Delivery Risk,0,115,121,State Border Checkpoint Hold,True,False,Severe Delay Breached
CAS-0546,DIS-0546,SHP-03525,SHP-10863,SHP-03525,1,Waiting for Inbound Shipment,0,20,28,State Border Checkpoint Hold,False,True,Active Cascade
CAS-0546,DIS-0546,SHP-03525,SHP-10863,SHP-03525,1,Departure Delay,0,20,28,State Border Checkpoint Hold,False,True,Active Cascade
CAS-0546,DIS-0546,SHP-03525,SHP-10863,SHP-03525,1,Customer Delivery Risk,0,20,28,State Border Checkpoint Hold,False,True,Partially Absorbed
CAS-0547,DIS-0547,SHP-13985,SHP-13985,,0,Root Disruption,190,0,187,Road Closure,True,False,Active Cascade
CAS-0547,DIS-0547,SHP-13985,SHP-13985,,0,Dispatch Delay,0,190,187,Road Closure,True,False,Active Cascade
CAS-0547,DIS-0547,SHP-13985,SHP-13985,,0,Customer Delivery Risk,0,190,187,Road Closure,True,False,Severe Delay Breached
CAS-0547,DIS-0547,SHP-13985,SHP-07802,SHP-13985,1,Route Connection,0,20,24,Road Closure,False,True,Active Cascade
CAS-0547,DIS-0547,SHP-13985,SHP-07802,SHP-13985,1,Departure Delay,0,20,24,Road Closure,False,True,Active Cascade
CAS-0547,DIS-0547,SHP-13985,SHP-07802,SHP-13985,1,Customer Delivery Risk,0,20,24,Road Closure,False,True,Partially Absorbed
CAS-0548,DIS-0548,SHP-10907,SHP-10907,,0,Root Disruption,121,0,124,Labor Shortage,True,False,Active Cascade
CAS-0548,DIS-0548,SHP-10907,SHP-10907,,0,Dispatch Delay,0,121,124,Labor Shortage,True,False,Active Cascade
CAS-0548,DIS-0548,SHP-10907,SHP-10907,,0,Customer Delivery Risk,0,121,124,Labor Shortage,True,False,Severe Delay Breached
CAS-0548,DIS-0548,SHP-10907,SHP-05145,SHP-10907,1,Cross-Dock Transfer,0,16,12,Labor Shortage,False,True,Active Cascade
CAS-0548,DIS-0548,SHP-10907,SHP-05145,SHP-10907,1,Departure Delay,0,16,12,Labor Shortage,False,True,Active Cascade
CAS-0548,DIS-0548,SHP-10907,SHP-05145,SHP-10907,1,Customer Delivery Risk,0,16,12,Labor Shortage,False,True,Partially Absorbed
CAS-0548,DIS-0548,SHP-10907,SHP-07682,SHP-10907,1,Cross-Dock Transfer,0,16,22,Labor Shortage,False,True,Active Cascade
CAS-0548,DIS-0548,SHP-10907,SHP-07682,SHP-10907,1,Departure Delay,0,16,22,Labor Shortage,False,True,Active Cascade
CAS-0548,DIS-0548,SHP-10907,SHP-07682,SHP-10907,1,Customer Delivery Risk,0,16,22,Labor Shortage,False,True,Partially Absorbed
CAS-0549,DIS-0549,SHP-13547,SHP-13547,,0,Root Disruption,106,0,101,State Border Checkpoint Hold,True,False,Active Cascade
CAS-0549,DIS-0549,SHP-13547,SHP-13547,,0,Dispatch Delay,0,106,101,State Border Checkpoint Hold,True,False,Active Cascade
CAS-0549,DIS-0549,SHP-13547,SHP-13547,,0,Customer Delivery Risk,0,106,101,State Border Checkpoint Hold,True,False,Partially Absorbed
CAS-0549,DIS-0549,SHP-13547,SHP-09742,SHP-13547,1,Route Connection,0,64,70,State Border Checkpoint Hold,False,True,Active Cascade
CAS-0549,DIS-0549,SHP-13547,SHP-09742,SHP-13547,1,Departure Delay,0,64,70,State Border Checkpoint Hold,False,True,Active Cascade
CAS-0549,DIS-0549,SHP-13547,SHP-09742,SHP-13547,1,Customer Delivery Risk,0,64,70,State Border Checkpoint Hold,False,True,Partially Absorbed
CAS-0549,DIS-0549,SHP-13547,SHP-13671,SHP-09742,2,Warehouse Transfer,0,20,23,State Border Checkpoint Hold,False,True,Active Cascade
CAS-0549,DIS-0549,SHP-13547,SHP-13671,SHP-09742,2,Departure Delay,0,20,23,State Border Checkpoint Hold,False,True,Active Cascade
CAS-0549,DIS-0549,SHP-13547,SHP-13671,SHP-09742,2,Customer Delivery Risk,0,20,23,State Border Checkpoint Hold,False,True,Partially Absorbed
CAS-0549,DIS-0549,SHP-13547,SHP-00640,SHP-13671,3,Route Connection,0,16,15,State Border Checkpoint Hold,False,True,Active Cascade
CAS-0549,DIS-0549,SHP-13547,SHP-00640,SHP-13671,3,Departure Delay,0,16,15,State Border Checkpoint Hold,False,True,Active Cascade
CAS-0549,DIS-0549,SHP-13547,SHP-00640,SHP-13671,3,Customer Delivery Risk,0,16,15,State Border Checkpoint Hold,False,True,Partially Absorbed
CAS-0550,DIS-0550,SHP-02950,SHP-02950,,0,Root Disruption,90,0,97,Equipment Failure,True,False,Active Cascade
CAS-0550,DIS-0550,SHP-02950,SHP-02950,,0,Dispatch Delay,0,90,97,Equipment Failure,True,False,Active Cascade
CAS-0550,DIS-0550,SHP-02950,SHP-02950,,0,Customer Delivery Risk,0,90,97,Equipment Failure,True,False,Partially Absorbed
CAS-0550,DIS-0550,SHP-02950,SHP-07978,SHP-02950,1,Waiting for Inbound Shipment,0,20,20,Equipment Failure,False,True,Active Cascade
CAS-0550,DIS-0550,SHP-02950,SHP-07978,SHP-02950,1,Departure Delay,0,20,20,Equipment Failure,False,True,Active Cascade
CAS-0550,DIS-0550,SHP-02950,SHP-07978,SHP-02950,1,Customer Delivery Risk,0,20,20,Equipment Failure,False,True,Partially Absorbed
CAS-0550,DIS-0550,SHP-02950,SHP-04319,SHP-07978,2,Warehouse Transfer,0,16,16,Equipment Failure,False,True,Active Cascade
CAS-0550,DIS-0550,SHP-02950,SHP-04319,SHP-07978,2,Departure Delay,0,16,16,Equipment Failure,False,True,Active Cascade
CAS-0550,DIS-0550,SHP-02950,SHP-04319,SHP-07978,2,Customer Delivery Risk,0,16,16,Equipment Failure,False,True,Partially Absorbed
CAS-0551,DIS-0551,SHP-11623,SHP-11623,,0,Root Disruption,92,0,100,Equipment Failure,True,False,Active Cascade
CAS-0551,DIS-0551,SHP-11623,SHP-11623,,0,Dispatch Delay,0,92,100,Equipment Failure,True,False,Active Cascade
CAS-0551,DIS-0551,SHP-11623,SHP-11623,,0,Customer Delivery Risk,0,92,100,Equipment Failure,True,False,Partially Absorbed
CAS-0551,DIS-0551,SHP-11623,SHP-07710,SHP-11623,1,Route Connection,0,20,16,Equipment Failure,False,True,Active Cascade
CAS-0551,DIS-0551,SHP-11623,SHP-07710,SHP-11623,1,Departure Delay,0,20,16,Equipment Failure,False,True,Active Cascade
CAS-0551,DIS-0551,SHP-11623,SHP-07710,SHP-11623,1,Customer Delivery Risk,0,20,16,Equipment Failure,False,True,Partially Absorbed
CAS-0552,DIS-0552,SHP-11046,SHP-11046,,0,Root Disruption,105,0,106,Warehouse Congestion,True,False,Active Cascade
CAS-0552,DIS-0552,SHP-11046,SHP-11046,,0,Dispatch Delay,0,105,106,Warehouse Congestion,True,False,Active Cascade
CAS-0552,DIS-0552,SHP-11046,SHP-11046,,0,Customer Delivery Risk,0,105,106,Warehouse Congestion,True,False,Partially Absorbed
CAS-0552,DIS-0552,SHP-11046,SHP-11467,SHP-11046,1,Waiting for Inbound Shipment,0,82,92,Warehouse Congestion,False,True,Active Cascade
CAS-0552,DIS-0552,SHP-11046,SHP-11467,SHP-11046,1,Departure Delay,0,82,92,Warehouse Congestion,False,True,Active Cascade
CAS-0552,DIS-0552,SHP-11046,SHP-11467,SHP-11046,1,Customer Delivery Risk,0,82,92,Warehouse Congestion,False,True,Partially Absorbed
CAS-0552,DIS-0552,SHP-11046,SHP-12521,SHP-11467,2,Warehouse Transfer,0,16,12,Warehouse Congestion,False,True,Active Cascade
CAS-0552,DIS-0552,SHP-11046,SHP-12521,SHP-11467,2,Departure Delay,0,16,12,Warehouse Congestion,False,True,Active Cascade
CAS-0552,DIS-0552,SHP-11046,SHP-12521,SHP-11467,2,Customer Delivery Risk,0,16,12,Warehouse Congestion,False,True,Partially Absorbed
CAS-0553,DIS-0553,SHP-05265,SHP-05265,,0,Root Disruption,244,0,250,Vehicle Breakdown,True,False,Active Cascade
CAS-0553,DIS-0553,SHP-05265,SHP-05265,,0,Dispatch Delay,0,244,250,Vehicle Breakdown,True,False,Active Cascade
CAS-0553,DIS-0553,SHP-05265,SHP-05265,,0,Customer Delivery Risk,0,244,250,Vehicle Breakdown,True,False,Severe Delay Breached
CAS-0553,DIS-0553,SHP-05265,SHP-00411,SHP-05265,1,Cross-Dock Transfer,0,225,227,Vehicle Breakdown,False,True,Active Cascade
CAS-0553,DIS-0553,SHP-05265,SHP-00411,SHP-05265,1,Departure Delay,0,225,227,Vehicle Breakdown,False,True,Active Cascade
CAS-0553,DIS-0553,SHP-05265,SHP-00411,SHP-05265,1,Customer Delivery Risk,0,225,227,Vehicle Breakdown,False,True,Severe Delay Breached
CAS-0553,DIS-0553,SHP-05265,SHP-10143,SHP-05265,1,Cross-Dock Transfer,0,230,239,Vehicle Breakdown,False,True,Active Cascade
CAS-0553,DIS-0553,SHP-05265,SHP-10143,SHP-05265,1,Departure Delay,0,230,239,Vehicle Breakdown,False,True,Active Cascade
CAS-0553,DIS-0553,SHP-05265,SHP-10143,SHP-05265,1,Customer Delivery Risk,0,230,239,Vehicle Breakdown,False,True,Severe Delay Breached
CAS-0553,DIS-0553,SHP-05265,SHP-09334,SHP-05265,1,Cross-Dock Transfer,0,213,218,Vehicle Breakdown,False,True,Active Cascade
CAS-0553,DIS-0553,SHP-05265,SHP-09334,SHP-05265,1,Departure Delay,0,213,218,Vehicle Breakdown,False,True,Active Cascade
CAS-0553,DIS-0553,SHP-05265,SHP-09334,SHP-05265,1,Customer Delivery Risk,0,213,218,Vehicle Breakdown,False,True,Severe Delay Breached
CAS-0554,DIS-0554,SHP-04268,SHP-04268,,0,Root Disruption,158,0,155,Equipment Failure,True,False,Active Cascade
CAS-0554,DIS-0554,SHP-04268,SHP-04268,,0,Dispatch Delay,0,158,155,Equipment Failure,True,False,Active Cascade
CAS-0554,DIS-0554,SHP-04268,SHP-04268,,0,Customer Delivery Risk,0,158,155,Equipment Failure,True,False,Severe Delay Breached
CAS-0554,DIS-0554,SHP-04268,SHP-00187,SHP-04268,1,Waiting for Inbound Shipment,0,79,84,Equipment Failure,False,True,Active Cascade
CAS-0554,DIS-0554,SHP-04268,SHP-00187,SHP-04268,1,Departure Delay,0,79,84,Equipment Failure,False,True,Active Cascade
CAS-0554,DIS-0554,SHP-04268,SHP-00187,SHP-04268,1,Customer Delivery Risk,0,79,84,Equipment Failure,False,True,Partially Absorbed
CAS-0554,DIS-0554,SHP-04268,SHP-06055,SHP-00187,2,Warehouse Transfer,0,16,19,Equipment Failure,False,True,Active Cascade
CAS-0554,DIS-0554,SHP-04268,SHP-06055,SHP-00187,2,Departure Delay,0,16,19,Equipment Failure,False,True,Active Cascade
CAS-0554,DIS-0554,SHP-04268,SHP-06055,SHP-00187,2,Customer Delivery Risk,0,16,19,Equipment Failure,False,True,Partially Absorbed
CAS-0555,DIS-0555,SHP-00148,SHP-00148,,0,Root Disruption,115,0,110,State Border Checkpoint Hold,True,False,Active Cascade
CAS-0555,DIS-0555,SHP-00148,SHP-00148,,0,Dispatch Delay,0,115,110,State Border Checkpoint Hold,True,False,Active Cascade
CAS-0555,DIS-0555,SHP-00148,SHP-00148,,0,Customer Delivery Risk,0,115,110,State Border Checkpoint Hold,True,False,Partially Absorbed
CAS-0555,DIS-0555,SHP-00148,SHP-06036,SHP-00148,1,Route Connection,0,103,111,State Border Checkpoint Hold,False,True,Active Cascade
CAS-0555,DIS-0555,SHP-00148,SHP-06036,SHP-00148,1,Departure Delay,0,103,111,State Border Checkpoint Hold,False,True,Active Cascade
CAS-0555,DIS-0555,SHP-00148,SHP-06036,SHP-00148,1,Customer Delivery Risk,0,103,111,State Border Checkpoint Hold,False,True,Partially Absorbed
CAS-0556,DIS-0556,SHP-13085,SHP-13085,,0,Root Disruption,149,0,147,Warehouse Congestion,True,False,Active Cascade
CAS-0556,DIS-0556,SHP-13085,SHP-13085,,0,Dispatch Delay,0,149,147,Warehouse Congestion,True,False,Active Cascade
CAS-0556,DIS-0556,SHP-13085,SHP-13085,,0,Customer Delivery Risk,0,149,147,Warehouse Congestion,True,False,Severe Delay Breached
CAS-0556,DIS-0556,SHP-13085,SHP-01541,SHP-13085,1,Shared Vehicle Turnaround,0,20,30,Vehicle Breakdown,False,True,Active Cascade
CAS-0556,DIS-0556,SHP-13085,SHP-01541,SHP-13085,1,Departure Delay,0,20,30,Vehicle Breakdown,False,True,Active Cascade
CAS-0556,DIS-0556,SHP-13085,SHP-01541,SHP-13085,1,Customer Delivery Risk,0,20,30,Vehicle Breakdown,False,True,Partially Absorbed
CAS-0557,DIS-0557,SHP-10986,SHP-10986,,0,Root Disruption,252,0,250,Severe Weather,True,False,Active Cascade
CAS-0557,DIS-0557,SHP-10986,SHP-10986,,0,Dispatch Delay,0,252,250,Severe Weather,True,False,Active Cascade
CAS-0557,DIS-0557,SHP-10986,SHP-10986,,0,Customer Delivery Risk,0,252,250,Severe Weather,True,False,Severe Delay Breached
CAS-0557,DIS-0557,SHP-10986,SHP-04076,SHP-10986,1,Route Connection,0,199,196,Severe Weather,False,True,Active Cascade
CAS-0557,DIS-0557,SHP-10986,SHP-04076,SHP-10986,1,Departure Delay,0,199,196,Severe Weather,False,True,Active Cascade
CAS-0557,DIS-0557,SHP-10986,SHP-04076,SHP-10986,1,Customer Delivery Risk,0,199,196,Severe Weather,False,True,Severe Delay Breached
CAS-0558,DIS-0558,SHP-08516,SHP-08516,,0,Root Disruption,169,0,174,Severe Weather,True,False,Active Cascade
CAS-0558,DIS-0558,SHP-08516,SHP-08516,,0,Dispatch Delay,0,169,174,Severe Weather,True,False,Active Cascade
CAS-0558,DIS-0558,SHP-08516,SHP-08516,,0,Customer Delivery Risk,0,169,174,Severe Weather,True,False,Severe Delay Breached
CAS-0558,DIS-0558,SHP-08516,SHP-08501,SHP-08516,1,Route Connection,0,20,28,Severe Weather,False,True,Active Cascade
CAS-0558,DIS-0558,SHP-08516,SHP-08501,SHP-08516,1,Departure Delay,0,20,28,Severe Weather,False,True,Active Cascade
CAS-0558,DIS-0558,SHP-08516,SHP-08501,SHP-08516,1,Customer Delivery Risk,0,20,28,Severe Weather,False,True,Partially Absorbed
CAS-0558,DIS-0558,SHP-08516,SHP-11412,SHP-08501,2,Warehouse Transfer,0,16,26,Severe Weather,False,True,Active Cascade
CAS-0558,DIS-0558,SHP-08516,SHP-11412,SHP-08501,2,Departure Delay,0,16,26,Severe Weather,False,True,Active Cascade
CAS-0558,DIS-0558,SHP-08516,SHP-11412,SHP-08501,2,Customer Delivery Risk,0,16,26,Severe Weather,False,True,Partially Absorbed
CAS-0558,DIS-0558,SHP-08516,SHP-04408,SHP-11412,3,Route Connection,0,16,20,Severe Weather,False,True,Active Cascade
CAS-0558,DIS-0558,SHP-08516,SHP-04408,SHP-11412,3,Departure Delay,0,16,20,Severe Weather,False,True,Active Cascade
CAS-0558,DIS-0558,SHP-08516,SHP-04408,SHP-11412,3,Customer Delivery Risk,0,16,20,Severe Weather,False,True,Partially Absorbed
CAS-0558,DIS-0558,SHP-08516,SHP-12312,SHP-08501,2,Warehouse Transfer,0,16,12,Severe Weather,False,True,Active Cascade
CAS-0558,DIS-0558,SHP-08516,SHP-12312,SHP-08501,2,Departure Delay,0,16,12,Severe Weather,False,True,Active Cascade
CAS-0558,DIS-0558,SHP-08516,SHP-12312,SHP-08501,2,Customer Delivery Risk,0,16,12,Severe Weather,False,True,Partially Absorbed
CAS-0559,DIS-0559,SHP-07417,SHP-07417,,0,Root Disruption,81,0,82,State Border Checkpoint Hold,True,False,Active Cascade
CAS-0559,DIS-0559,SHP-07417,SHP-07417,,0,Dispatch Delay,0,81,82,State Border Checkpoint Hold,True,False,Active Cascade
CAS-0559,DIS-0559,SHP-07417,SHP-07417,,0,Customer Delivery Risk,0,81,82,State Border Checkpoint Hold,True,False,Partially Absorbed
CAS-0559,DIS-0559,SHP-07417,SHP-02108,SHP-07417,1,Warehouse Congestion Transfer,49,0,57,Warehouse Congestion,False,True,Active Cascade
CAS-0559,DIS-0559,SHP-07417,SHP-02108,SHP-07417,1,Departure Delay,0,0,57,Warehouse Congestion,False,True,Active Cascade
CAS-0559,DIS-0559,SHP-07417,SHP-02108,SHP-07417,1,Customer Delivery Risk,0,0,57,Warehouse Congestion,False,True,Partially Absorbed
CAS-0559,DIS-0559,SHP-07417,SHP-10753,SHP-07417,1,Warehouse Congestion Transfer,57,0,53,Warehouse Congestion,False,True,Active Cascade
CAS-0559,DIS-0559,SHP-07417,SHP-10753,SHP-07417,1,Departure Delay,0,0,53,Warehouse Congestion,False,True,Active Cascade
CAS-0559,DIS-0559,SHP-07417,SHP-10753,SHP-07417,1,Customer Delivery Risk,0,0,53,Warehouse Congestion,False,True,Partially Absorbed
CAS-0560,DIS-0560,SHP-05041,SHP-05041,,0,Root Disruption,190,0,185,Severe Weather,True,False,Active Cascade
CAS-0560,DIS-0560,SHP-05041,SHP-05041,,0,Dispatch Delay,0,190,185,Severe Weather,True,False,Active Cascade
CAS-0560,DIS-0560,SHP-05041,SHP-05041,,0,Customer Delivery Risk,0,190,185,Severe Weather,True,False,Severe Delay Breached
CAS-0560,DIS-0560,SHP-05041,SHP-10643,SHP-05041,1,Route Connection,0,20,21,Severe Weather,False,True,Active Cascade
CAS-0560,DIS-0560,SHP-05041,SHP-10643,SHP-05041,1,Departure Delay,0,20,21,Severe Weather,False,True,Active Cascade
CAS-0560,DIS-0560,SHP-05041,SHP-10643,SHP-05041,1,Customer Delivery Risk,0,20,21,Severe Weather,False,True,Partially Absorbed
CAS-0560,DIS-0560,SHP-05041,SHP-02796,SHP-10643,2,Warehouse Transfer,0,16,19,Severe Weather,False,True,Active Cascade
CAS-0560,DIS-0560,SHP-05041,SHP-02796,SHP-10643,2,Departure Delay,0,16,19,Severe Weather,False,True,Active Cascade
CAS-0560,DIS-0560,SHP-05041,SHP-02796,SHP-10643,2,Customer Delivery Risk,0,16,19,Severe Weather,False,True,Partially Absorbed
CAS-0560,DIS-0560,SHP-05041,SHP-00372,SHP-02796,3,Route Connection,0,16,18,Severe Weather,False,True,Active Cascade
CAS-0560,DIS-0560,SHP-05041,SHP-00372,SHP-02796,3,Departure Delay,0,16,18,Severe Weather,False,True,Active Cascade
CAS-0560,DIS-0560,SHP-05041,SHP-00372,SHP-02796,3,Customer Delivery Risk,0,16,18,Severe Weather,False,True,Partially Absorbed
CAS-0560,DIS-0560,SHP-05041,SHP-02247,SHP-10643,2,Warehouse Transfer,0,16,19,Severe Weather,False,True,Active Cascade
CAS-0560,DIS-0560,SHP-05041,SHP-02247,SHP-10643,2,Departure Delay,0,16,19,Severe Weather,False,True,Active Cascade
CAS-0560,DIS-0560,SHP-05041,SHP-02247,SHP-10643,2,Customer Delivery Risk,0,16,19,Severe Weather,False,True,Partially Absorbed
CAS-0561,DIS-0561,SHP-02894,SHP-02894,,0,Root Disruption,143,0,148,State Border Checkpoint Hold,True,False,Active Cascade
CAS-0561,DIS-0561,SHP-02894,SHP-02894,,0,Dispatch Delay,0,143,148,State Border Checkpoint Hold,True,False,Active Cascade
CAS-0561,DIS-0561,SHP-02894,SHP-02894,,0,Customer Delivery Risk,0,143,148,State Border Checkpoint Hold,True,False,Severe Delay Breached
CAS-0561,DIS-0561,SHP-02894,SHP-08861,SHP-02894,1,Shared Vehicle Turnaround,0,98,106,Vehicle Breakdown,False,True,Active Cascade
CAS-0561,DIS-0561,SHP-02894,SHP-08861,SHP-02894,1,Departure Delay,0,98,106,Vehicle Breakdown,False,True,Active Cascade
CAS-0561,DIS-0561,SHP-02894,SHP-08861,SHP-02894,1,Customer Delivery Risk,0,98,106,Vehicle Breakdown,False,True,Partially Absorbed
CAS-0562,DIS-0562,SHP-03331,SHP-03331,,0,Root Disruption,148,0,145,Labor Shortage,True,False,Active Cascade
CAS-0562,DIS-0562,SHP-03331,SHP-03331,,0,Dispatch Delay,0,148,145,Labor Shortage,True,False,Active Cascade
CAS-0562,DIS-0562,SHP-03331,SHP-03331,,0,Customer Delivery Risk,0,148,145,Labor Shortage,True,False,Severe Delay Breached
CAS-0562,DIS-0562,SHP-03331,SHP-01683,SHP-03331,1,Route Connection,0,55,65,Labor Shortage,False,True,Active Cascade
CAS-0562,DIS-0562,SHP-03331,SHP-01683,SHP-03331,1,Departure Delay,0,55,65,Labor Shortage,False,True,Active Cascade
CAS-0562,DIS-0562,SHP-03331,SHP-01683,SHP-03331,1,Customer Delivery Risk,0,55,65,Labor Shortage,False,True,Partially Absorbed
CAS-0562,DIS-0562,SHP-03331,SHP-05828,SHP-01683,2,Warehouse Transfer,0,16,12,Labor Shortage,False,True,Active Cascade
CAS-0562,DIS-0562,SHP-03331,SHP-05828,SHP-01683,2,Departure Delay,0,16,12,Labor Shortage,False,True,Active Cascade
CAS-0562,DIS-0562,SHP-03331,SHP-05828,SHP-01683,2,Customer Delivery Risk,0,16,12,Labor Shortage,False,True,Partially Absorbed
CAS-0563,DIS-0563,SHP-10764,SHP-10764,,0,Root Disruption,185,0,195,Severe Weather,True,False,Active Cascade
CAS-0563,DIS-0563,SHP-10764,SHP-10764,,0,Dispatch Delay,0,185,195,Severe Weather,True,False,Active Cascade
CAS-0563,DIS-0563,SHP-10764,SHP-10764,,0,Customer Delivery Risk,0,185,195,Severe Weather,True,False,Severe Delay Breached
CAS-0563,DIS-0563,SHP-10764,SHP-08297,SHP-10764,1,Cross-Dock Transfer,0,134,137,Severe Weather,False,True,Active Cascade
CAS-0563,DIS-0563,SHP-10764,SHP-08297,SHP-10764,1,Departure Delay,0,134,137,Severe Weather,False,True,Active Cascade
CAS-0563,DIS-0563,SHP-10764,SHP-08297,SHP-10764,1,Customer Delivery Risk,0,134,137,Severe Weather,False,True,Severe Delay Breached
CAS-0564,DIS-0564,SHP-12684,SHP-12684,,0,Root Disruption,175,0,176,Severe Weather,True,False,Active Cascade
CAS-0564,DIS-0564,SHP-12684,SHP-12684,,0,Dispatch Delay,0,175,176,Severe Weather,True,False,Active Cascade
CAS-0564,DIS-0564,SHP-12684,SHP-12684,,0,Customer Delivery Risk,0,175,176,Severe Weather,True,False,Severe Delay Breached
CAS-0564,DIS-0564,SHP-12684,SHP-00915,SHP-12684,1,Shared Vehicle Turnaround,0,155,157,Vehicle Breakdown,False,True,Active Cascade
CAS-0564,DIS-0564,SHP-12684,SHP-00915,SHP-12684,1,Departure Delay,0,155,157,Vehicle Breakdown,False,True,Active Cascade
CAS-0564,DIS-0564,SHP-12684,SHP-00915,SHP-12684,1,Customer Delivery Risk,0,155,157,Vehicle Breakdown,False,True,Severe Delay Breached
CAS-0565,DIS-0565,SHP-10239,SHP-10239,,0,Root Disruption,103,0,101,Road Closure,True,False,Active Cascade
CAS-0565,DIS-0565,SHP-10239,SHP-10239,,0,Dispatch Delay,0,103,101,Road Closure,True,False,Active Cascade
CAS-0565,DIS-0565,SHP-10239,SHP-10239,,0,Customer Delivery Risk,0,103,101,Road Closure,True,False,Partially Absorbed
CAS-0565,DIS-0565,SHP-10239,SHP-00510,SHP-10239,1,Route Connection,0,20,17,Road Closure,False,True,Active Cascade
CAS-0565,DIS-0565,SHP-10239,SHP-00510,SHP-10239,1,Departure Delay,0,20,17,Road Closure,False,True,Active Cascade
CAS-0565,DIS-0565,SHP-10239,SHP-00510,SHP-10239,1,Customer Delivery Risk,0,20,17,Road Closure,False,True,Partially Absorbed
CAS-0566,DIS-0566,SHP-08739,SHP-08739,,0,Root Disruption,210,0,207,Vehicle Breakdown,True,False,Active Cascade
CAS-0566,DIS-0566,SHP-08739,SHP-08739,,0,Dispatch Delay,0,210,207,Vehicle Breakdown,True,False,Active Cascade
CAS-0566,DIS-0566,SHP-08739,SHP-08739,,0,Customer Delivery Risk,0,210,207,Vehicle Breakdown,True,False,Severe Delay Breached
CAS-0566,DIS-0566,SHP-08739,SHP-02671,SHP-08739,1,Shared Vehicle Turnaround,0,57,57,Vehicle Breakdown,False,True,Active Cascade
CAS-0566,DIS-0566,SHP-08739,SHP-02671,SHP-08739,1,Departure Delay,0,57,57,Vehicle Breakdown,False,True,Active Cascade
CAS-0566,DIS-0566,SHP-08739,SHP-02671,SHP-08739,1,Customer Delivery Risk,0,57,57,Vehicle Breakdown,False,True,Partially Absorbed
CAS-0567,DIS-0567,SHP-12125,SHP-12125,,0,Root Disruption,220,0,228,Severe Weather,True,False,Active Cascade
CAS-0567,DIS-0567,SHP-12125,SHP-12125,,0,Dispatch Delay,0,220,228,Severe Weather,True,False,Active Cascade
CAS-0567,DIS-0567,SHP-12125,SHP-12125,,0,Customer Delivery Risk,0,220,228,Severe Weather,True,False,Severe Delay Breached
CAS-0567,DIS-0567,SHP-12125,SHP-02204,SHP-12125,1,Cross-Dock Transfer,0,199,196,Severe Weather,False,True,Active Cascade
CAS-0567,DIS-0567,SHP-12125,SHP-02204,SHP-12125,1,Departure Delay,0,199,196,Severe Weather,False,True,Active Cascade
CAS-0567,DIS-0567,SHP-12125,SHP-02204,SHP-12125,1,Customer Delivery Risk,0,199,196,Severe Weather,False,True,Severe Delay Breached
CAS-0567,DIS-0567,SHP-12125,SHP-04882,SHP-12125,1,Cross-Dock Transfer,0,201,200,Severe Weather,False,True,Active Cascade
CAS-0567,DIS-0567,SHP-12125,SHP-04882,SHP-12125,1,Departure Delay,0,201,200,Severe Weather,False,True,Active Cascade
CAS-0567,DIS-0567,SHP-12125,SHP-04882,SHP-12125,1,Customer Delivery Risk,0,201,200,Severe Weather,False,True,Severe Delay Breached
CAS-0567,DIS-0567,SHP-12125,SHP-05425,SHP-12125,1,Cross-Dock Transfer,0,195,195,Severe Weather,False,True,Active Cascade
CAS-0567,DIS-0567,SHP-12125,SHP-05425,SHP-12125,1,Departure Delay,0,195,195,Severe Weather,False,True,Active Cascade
CAS-0567,DIS-0567,SHP-12125,SHP-05425,SHP-12125,1,Customer Delivery Risk,0,195,195,Severe Weather,False,True,Severe Delay Breached
CAS-0568,DIS-0568,SHP-08062,SHP-08062,,0,Root Disruption,149,0,149,Equipment Failure,True,False,Active Cascade
CAS-0568,DIS-0568,SHP-08062,SHP-08062,,0,Dispatch Delay,0,149,149,Equipment Failure,True,False,Active Cascade
CAS-0568,DIS-0568,SHP-08062,SHP-08062,,0,Customer Delivery Risk,0,149,149,Equipment Failure,True,False,Severe Delay Breached
CAS-0568,DIS-0568,SHP-08062,SHP-10343,SHP-08062,1,Warehouse Congestion Transfer,91,0,89,Warehouse Congestion,False,True,Active Cascade
CAS-0568,DIS-0568,SHP-08062,SHP-10343,SHP-08062,1,Departure Delay,0,0,89,Warehouse Congestion,False,True,Active Cascade
CAS-0568,DIS-0568,SHP-08062,SHP-10343,SHP-08062,1,Customer Delivery Risk,0,0,89,Warehouse Congestion,False,True,Partially Absorbed
CAS-0568,DIS-0568,SHP-08062,SHP-04791,SHP-08062,1,Warehouse Congestion Transfer,92,0,98,Warehouse Congestion,False,True,Active Cascade
CAS-0568,DIS-0568,SHP-08062,SHP-04791,SHP-08062,1,Departure Delay,0,0,98,Warehouse Congestion,False,True,Active Cascade
CAS-0568,DIS-0568,SHP-08062,SHP-04791,SHP-08062,1,Customer Delivery Risk,0,0,98,Warehouse Congestion,False,True,Partially Absorbed
CAS-0568,DIS-0568,SHP-08062,SHP-07450,SHP-08062,1,Warehouse Congestion Transfer,92,0,100,Warehouse Congestion,False,True,Active Cascade
CAS-0568,DIS-0568,SHP-08062,SHP-07450,SHP-08062,1,Departure Delay,0,0,100,Warehouse Congestion,False,True,Active Cascade
CAS-0568,DIS-0568,SHP-08062,SHP-07450,SHP-08062,1,Customer Delivery Risk,0,0,100,Warehouse Congestion,False,True,Partially Absorbed
CAS-0569,DIS-0569,SHP-08886,SHP-08886,,0,Root Disruption,82,0,91,State Border Checkpoint Hold,True,False,Active Cascade
CAS-0569,DIS-0569,SHP-08886,SHP-08886,,0,Dispatch Delay,0,82,91,State Border Checkpoint Hold,True,False,Active Cascade
CAS-0569,DIS-0569,SHP-08886,SHP-08886,,0,Customer Delivery Risk,0,82,91,State Border Checkpoint Hold,True,False,Partially Absorbed
CAS-0569,DIS-0569,SHP-08886,SHP-00360,SHP-08886,1,Route Connection,0,70,67,State Border Checkpoint Hold,False,True,Active Cascade
CAS-0569,DIS-0569,SHP-08886,SHP-00360,SHP-08886,1,Departure Delay,0,70,67,State Border Checkpoint Hold,False,True,Active Cascade
CAS-0569,DIS-0569,SHP-08886,SHP-00360,SHP-08886,1,Customer Delivery Risk,0,70,67,State Border Checkpoint Hold,False,True,Partially Absorbed
CAS-0569,DIS-0569,SHP-08886,SHP-10654,SHP-00360,2,Warehouse Transfer,0,16,25,State Border Checkpoint Hold,False,True,Active Cascade
CAS-0569,DIS-0569,SHP-08886,SHP-10654,SHP-00360,2,Departure Delay,0,16,25,State Border Checkpoint Hold,False,True,Active Cascade
CAS-0569,DIS-0569,SHP-08886,SHP-10654,SHP-00360,2,Customer Delivery Risk,0,16,25,State Border Checkpoint Hold,False,True,Partially Absorbed
CAS-0569,DIS-0569,SHP-08886,SHP-10750,SHP-10654,3,Route Connection,0,16,13,State Border Checkpoint Hold,False,True,Active Cascade
CAS-0569,DIS-0569,SHP-08886,SHP-10750,SHP-10654,3,Departure Delay,0,16,13,State Border Checkpoint Hold,False,True,Active Cascade
CAS-0569,DIS-0569,SHP-08886,SHP-10750,SHP-10654,3,Customer Delivery Risk,0,16,13,State Border Checkpoint Hold,False,True,Partially Absorbed
CAS-0569,DIS-0569,SHP-08886,SHP-07647,SHP-00360,2,Warehouse Transfer,0,16,24,State Border Checkpoint Hold,False,True,Active Cascade
CAS-0569,DIS-0569,SHP-08886,SHP-07647,SHP-00360,2,Departure Delay,0,16,24,State Border Checkpoint Hold,False,True,Active Cascade
CAS-0569,DIS-0569,SHP-08886,SHP-07647,SHP-00360,2,Customer Delivery Risk,0,16,24,State Border Checkpoint Hold,False,True,Partially Absorbed
CAS-0570,DIS-0570,SHP-13296,SHP-13296,,0,Root Disruption,60,0,68,State Border Checkpoint Hold,True,False,Active Cascade
CAS-0570,DIS-0570,SHP-13296,SHP-13296,,0,Dispatch Delay,0,60,68,State Border Checkpoint Hold,True,False,Active Cascade
CAS-0570,DIS-0570,SHP-13296,SHP-13296,,0,Customer Delivery Risk,0,60,68,State Border Checkpoint Hold,True,False,Partially Absorbed
CAS-0570,DIS-0570,SHP-13296,SHP-03183,SHP-13296,1,Cross-Dock Transfer,0,16,15,State Border Checkpoint Hold,False,True,Active Cascade
CAS-0570,DIS-0570,SHP-13296,SHP-03183,SHP-13296,1,Departure Delay,0,16,15,State Border Checkpoint Hold,False,True,Active Cascade
CAS-0570,DIS-0570,SHP-13296,SHP-03183,SHP-13296,1,Customer Delivery Risk,0,16,15,State Border Checkpoint Hold,False,True,Partially Absorbed
CAS-0570,DIS-0570,SHP-13296,SHP-08361,SHP-13296,1,Cross-Dock Transfer,0,16,11,State Border Checkpoint Hold,False,True,Active Cascade
CAS-0570,DIS-0570,SHP-13296,SHP-08361,SHP-13296,1,Departure Delay,0,16,11,State Border Checkpoint Hold,False,True,Active Cascade
CAS-0570,DIS-0570,SHP-13296,SHP-08361,SHP-13296,1,Customer Delivery Risk,0,16,11,State Border Checkpoint Hold,False,True,Partially Absorbed
CAS-0571,DIS-0571,SHP-01699,SHP-01699,,0,Root Disruption,145,0,141,State Border Checkpoint Hold,True,False,Active Cascade
CAS-0571,DIS-0571,SHP-01699,SHP-01699,,0,Dispatch Delay,0,145,141,State Border Checkpoint Hold,True,False,Active Cascade
CAS-0571,DIS-0571,SHP-01699,SHP-01699,,0,Customer Delivery Risk,0,145,141,State Border Checkpoint Hold,True,False,Severe Delay Breached
CAS-0571,DIS-0571,SHP-01699,SHP-02915,SHP-01699,1,Shared Vehicle Turnaround,0,135,135,Vehicle Breakdown,False,True,Active Cascade
CAS-0571,DIS-0571,SHP-01699,SHP-02915,SHP-01699,1,Departure Delay,0,135,135,Vehicle Breakdown,False,True,Active Cascade
CAS-0571,DIS-0571,SHP-01699,SHP-02915,SHP-01699,1,Customer Delivery Risk,0,135,135,Vehicle Breakdown,False,True,Severe Delay Breached
CAS-0572,DIS-0572,SHP-07252,SHP-07252,,0,Root Disruption,130,0,130,Vehicle Breakdown,True,False,Active Cascade
CAS-0572,DIS-0572,SHP-07252,SHP-07252,,0,Dispatch Delay,0,130,130,Vehicle Breakdown,True,False,Active Cascade
CAS-0572,DIS-0572,SHP-07252,SHP-07252,,0,Customer Delivery Risk,0,130,130,Vehicle Breakdown,True,False,Severe Delay Breached
CAS-0572,DIS-0572,SHP-07252,SHP-07127,SHP-07252,1,Route Connection,0,20,28,Vehicle Breakdown,False,True,Active Cascade
CAS-0572,DIS-0572,SHP-07252,SHP-07127,SHP-07252,1,Departure Delay,0,20,28,Vehicle Breakdown,False,True,Active Cascade
CAS-0572,DIS-0572,SHP-07252,SHP-07127,SHP-07252,1,Customer Delivery Risk,0,20,28,Vehicle Breakdown,False,True,Partially Absorbed
CAS-0572,DIS-0572,SHP-07252,SHP-09151,SHP-07127,2,Warehouse Transfer,0,16,19,Vehicle Breakdown,False,True,Active Cascade
CAS-0572,DIS-0572,SHP-07252,SHP-09151,SHP-07127,2,Departure Delay,0,16,19,Vehicle Breakdown,False,True,Active Cascade
CAS-0572,DIS-0572,SHP-07252,SHP-09151,SHP-07127,2,Customer Delivery Risk,0,16,19,Vehicle Breakdown,False,True,Partially Absorbed
CAS-0572,DIS-0572,SHP-07252,SHP-10431,SHP-09151,3,Route Connection,0,16,11,Vehicle Breakdown,False,True,Active Cascade
CAS-0572,DIS-0572,SHP-07252,SHP-10431,SHP-09151,3,Departure Delay,0,16,11,Vehicle Breakdown,False,True,Active Cascade
CAS-0572,DIS-0572,SHP-07252,SHP-10431,SHP-09151,3,Customer Delivery Risk,0,16,11,Vehicle Breakdown,False,True,Partially Absorbed
CAS-0572,DIS-0572,SHP-07252,SHP-04325,SHP-07127,2,Warehouse Transfer,0,16,24,Vehicle Breakdown,False,True,Active Cascade
CAS-0572,DIS-0572,SHP-07252,SHP-04325,SHP-07127,2,Departure Delay,0,16,24,Vehicle Breakdown,False,True,Active Cascade
CAS-0572,DIS-0572,SHP-07252,SHP-04325,SHP-07127,2,Customer Delivery Risk,0,16,24,Vehicle Breakdown,False,True,Partially Absorbed
CAS-0573,DIS-0573,SHP-04987,SHP-04987,,0,Root Disruption,68,0,70,Labor Shortage,True,False,Active Cascade
CAS-0573,DIS-0573,SHP-04987,SHP-04987,,0,Dispatch Delay,0,68,70,Labor Shortage,True,False,Active Cascade
CAS-0573,DIS-0573,SHP-04987,SHP-04987,,0,Customer Delivery Risk,0,68,70,Labor Shortage,True,False,Partially Absorbed
CAS-0573,DIS-0573,SHP-04987,SHP-04810,SHP-04987,1,Cross-Dock Transfer,0,16,21,Labor Shortage,False,True,Active Cascade
CAS-0573,DIS-0573,SHP-04987,SHP-04810,SHP-04987,1,Departure Delay,0,16,21,Labor Shortage,False,True,Active Cascade
CAS-0573,DIS-0573,SHP-04987,SHP-04810,SHP-04987,1,Customer Delivery Risk,0,16,21,Labor Shortage,False,True,Partially Absorbed
CAS-0574,DIS-0574,SHP-02048,SHP-02048,,0,Root Disruption,84,0,80,Equipment Failure,True,False,Active Cascade
CAS-0574,DIS-0574,SHP-02048,SHP-02048,,0,Dispatch Delay,0,84,80,Equipment Failure,True,False,Active Cascade
CAS-0574,DIS-0574,SHP-02048,SHP-02048,,0,Customer Delivery Risk,0,84,80,Equipment Failure,True,False,Partially Absorbed
CAS-0574,DIS-0574,SHP-02048,SHP-02996,SHP-02048,1,Waiting for Inbound Shipment,0,20,29,Equipment Failure,False,True,Active Cascade
CAS-0574,DIS-0574,SHP-02048,SHP-02996,SHP-02048,1,Departure Delay,0,20,29,Equipment Failure,False,True,Active Cascade
CAS-0574,DIS-0574,SHP-02048,SHP-02996,SHP-02048,1,Customer Delivery Risk,0,20,29,Equipment Failure,False,True,Partially Absorbed
CAS-0575,DIS-0575,SHP-00156,SHP-00156,,0,Root Disruption,150,0,152,State Border Checkpoint Hold,True,False,Active Cascade
CAS-0575,DIS-0575,SHP-00156,SHP-00156,,0,Dispatch Delay,0,150,152,State Border Checkpoint Hold,True,False,Active Cascade
CAS-0575,DIS-0575,SHP-00156,SHP-00156,,0,Customer Delivery Risk,0,150,152,State Border Checkpoint Hold,True,False,Severe Delay Breached
CAS-0575,DIS-0575,SHP-00156,SHP-10745,SHP-00156,1,Route Connection,0,27,23,State Border Checkpoint Hold,False,True,Active Cascade
CAS-0575,DIS-0575,SHP-00156,SHP-10745,SHP-00156,1,Departure Delay,0,27,23,State Border Checkpoint Hold,False,True,Active Cascade
CAS-0575,DIS-0575,SHP-00156,SHP-10745,SHP-00156,1,Customer Delivery Risk,0,27,23,State Border Checkpoint Hold,False,True,Partially Absorbed
CAS-0576,DIS-0576,SHP-03040,SHP-03040,,0,Root Disruption,204,0,212,Vehicle Breakdown,True,False,Active Cascade
CAS-0576,DIS-0576,SHP-03040,SHP-03040,,0,Dispatch Delay,0,204,212,Vehicle Breakdown,True,False,Active Cascade
CAS-0576,DIS-0576,SHP-03040,SHP-03040,,0,Customer Delivery Risk,0,204,212,Vehicle Breakdown,True,False,Severe Delay Breached
CAS-0576,DIS-0576,SHP-03040,SHP-10145,SHP-03040,1,Waiting for Inbound Shipment,0,136,141,Vehicle Breakdown,False,True,Active Cascade
CAS-0576,DIS-0576,SHP-03040,SHP-10145,SHP-03040,1,Departure Delay,0,136,141,Vehicle Breakdown,False,True,Active Cascade
CAS-0576,DIS-0576,SHP-03040,SHP-10145,SHP-03040,1,Customer Delivery Risk,0,136,141,Vehicle Breakdown,False,True,Severe Delay Breached
CAS-0576,DIS-0576,SHP-03040,SHP-02967,SHP-10145,2,Warehouse Transfer,0,126,130,Vehicle Breakdown,False,True,Active Cascade
CAS-0576,DIS-0576,SHP-03040,SHP-02967,SHP-10145,2,Departure Delay,0,126,130,Vehicle Breakdown,False,True,Active Cascade
CAS-0576,DIS-0576,SHP-03040,SHP-02967,SHP-10145,2,Customer Delivery Risk,0,126,130,Vehicle Breakdown,False,True,Severe Delay Breached
CAS-0577,DIS-0577,SHP-08728,SHP-08728,,0,Root Disruption,141,0,141,Severe Weather,True,False,Active Cascade
CAS-0577,DIS-0577,SHP-08728,SHP-08728,,0,Dispatch Delay,0,141,141,Severe Weather,True,False,Active Cascade
CAS-0577,DIS-0577,SHP-08728,SHP-08728,,0,Customer Delivery Risk,0,141,141,Severe Weather,True,False,Severe Delay Breached
CAS-0577,DIS-0577,SHP-08728,SHP-11709,SHP-08728,1,Cross-Dock Transfer,0,115,118,Severe Weather,False,True,Active Cascade
CAS-0577,DIS-0577,SHP-08728,SHP-11709,SHP-08728,1,Departure Delay,0,115,118,Severe Weather,False,True,Active Cascade
CAS-0577,DIS-0577,SHP-08728,SHP-11709,SHP-08728,1,Customer Delivery Risk,0,115,118,Severe Weather,False,True,Partially Absorbed
CAS-0577,DIS-0577,SHP-08728,SHP-13836,SHP-08728,1,Cross-Dock Transfer,0,115,123,Severe Weather,False,True,Active Cascade
CAS-0577,DIS-0577,SHP-08728,SHP-13836,SHP-08728,1,Departure Delay,0,115,123,Severe Weather,False,True,Active Cascade
CAS-0577,DIS-0577,SHP-08728,SHP-13836,SHP-08728,1,Customer Delivery Risk,0,115,123,Severe Weather,False,True,Severe Delay Breached
CAS-0578,DIS-0578,SHP-11611,SHP-11611,,0,Root Disruption,120,0,117,Vehicle Breakdown,True,False,Active Cascade
CAS-0578,DIS-0578,SHP-11611,SHP-11611,,0,Dispatch Delay,0,120,117,Vehicle Breakdown,True,False,Active Cascade
CAS-0578,DIS-0578,SHP-11611,SHP-11611,,0,Customer Delivery Risk,0,120,117,Vehicle Breakdown,True,False,Partially Absorbed
CAS-0578,DIS-0578,SHP-11611,SHP-02679,SHP-11611,1,Route Connection,0,20,19,Vehicle Breakdown,False,True,Active Cascade
CAS-0578,DIS-0578,SHP-11611,SHP-02679,SHP-11611,1,Departure Delay,0,20,19,Vehicle Breakdown,False,True,Active Cascade
CAS-0578,DIS-0578,SHP-11611,SHP-02679,SHP-11611,1,Customer Delivery Risk,0,20,19,Vehicle Breakdown,False,True,Partially Absorbed
CAS-0579,DIS-0579,SHP-12364,SHP-12364,,0,Root Disruption,145,0,142,State Border Checkpoint Hold,True,False,Active Cascade
CAS-0579,DIS-0579,SHP-12364,SHP-12364,,0,Dispatch Delay,0,145,142,State Border Checkpoint Hold,True,False,Active Cascade
CAS-0579,DIS-0579,SHP-12364,SHP-12364,,0,Customer Delivery Risk,0,145,142,State Border Checkpoint Hold,True,False,Severe Delay Breached
CAS-0579,DIS-0579,SHP-12364,SHP-11541,SHP-12364,1,Shared Vehicle Turnaround,0,20,17,Vehicle Breakdown,False,True,Active Cascade
CAS-0579,DIS-0579,SHP-12364,SHP-11541,SHP-12364,1,Departure Delay,0,20,17,Vehicle Breakdown,False,True,Active Cascade
CAS-0579,DIS-0579,SHP-12364,SHP-11541,SHP-12364,1,Customer Delivery Risk,0,20,17,Vehicle Breakdown,False,True,Partially Absorbed
CAS-0580,DIS-0580,SHP-08176,SHP-08176,,0,Root Disruption,140,0,140,Severe Weather,True,False,Active Cascade
CAS-0580,DIS-0580,SHP-08176,SHP-08176,,0,Dispatch Delay,0,140,140,Severe Weather,True,False,Active Cascade
CAS-0580,DIS-0580,SHP-08176,SHP-08176,,0,Customer Delivery Risk,0,140,140,Severe Weather,True,False,Severe Delay Breached
CAS-0580,DIS-0580,SHP-08176,SHP-11818,SHP-08176,1,Warehouse Congestion Transfer,63,0,68,Warehouse Congestion,False,True,Active Cascade
CAS-0580,DIS-0580,SHP-08176,SHP-11818,SHP-08176,1,Departure Delay,0,0,68,Warehouse Congestion,False,True,Active Cascade
CAS-0580,DIS-0580,SHP-08176,SHP-11818,SHP-08176,1,Customer Delivery Risk,0,0,68,Warehouse Congestion,False,True,Partially Absorbed
CAS-0580,DIS-0580,SHP-08176,SHP-09363,SHP-08176,1,Warehouse Congestion Transfer,50,0,46,Warehouse Congestion,False,True,Active Cascade
CAS-0580,DIS-0580,SHP-08176,SHP-09363,SHP-08176,1,Departure Delay,0,0,46,Warehouse Congestion,False,True,Active Cascade
CAS-0580,DIS-0580,SHP-08176,SHP-09363,SHP-08176,1,Customer Delivery Risk,0,0,46,Warehouse Congestion,False,True,Partially Absorbed
CAS-0581,DIS-0581,SHP-08816,SHP-08816,,0,Root Disruption,134,0,143,Equipment Failure,True,False,Active Cascade
CAS-0581,DIS-0581,SHP-08816,SHP-08816,,0,Dispatch Delay,0,134,143,Equipment Failure,True,False,Active Cascade
CAS-0581,DIS-0581,SHP-08816,SHP-08816,,0,Customer Delivery Risk,0,134,143,Equipment Failure,True,False,Severe Delay Breached
CAS-0581,DIS-0581,SHP-08816,SHP-08788,SHP-08816,1,Shared Vehicle Turnaround,0,20,18,Vehicle Breakdown,False,True,Active Cascade
CAS-0581,DIS-0581,SHP-08816,SHP-08788,SHP-08816,1,Departure Delay,0,20,18,Vehicle Breakdown,False,True,Active Cascade
CAS-0581,DIS-0581,SHP-08816,SHP-08788,SHP-08816,1,Customer Delivery Risk,0,20,18,Vehicle Breakdown,False,True,Partially Absorbed
CAS-0582,DIS-0582,SHP-00470,SHP-00470,,0,Root Disruption,262,0,268,Vehicle Breakdown,True,False,Active Cascade
CAS-0582,DIS-0582,SHP-00470,SHP-00470,,0,Dispatch Delay,0,262,268,Vehicle Breakdown,True,False,Active Cascade
CAS-0582,DIS-0582,SHP-00470,SHP-00470,,0,Customer Delivery Risk,0,262,268,Vehicle Breakdown,True,False,Severe Delay Breached
CAS-0582,DIS-0582,SHP-00470,SHP-10094,SHP-00470,1,Route Connection,0,20,22,Vehicle Breakdown,False,True,Active Cascade
CAS-0582,DIS-0582,SHP-00470,SHP-10094,SHP-00470,1,Departure Delay,0,20,22,Vehicle Breakdown,False,True,Active Cascade
CAS-0582,DIS-0582,SHP-00470,SHP-10094,SHP-00470,1,Customer Delivery Risk,0,20,22,Vehicle Breakdown,False,True,Partially Absorbed
CAS-0583,DIS-0583,SHP-13922,SHP-13922,,0,Root Disruption,123,0,131,State Border Checkpoint Hold,True,False,Active Cascade
CAS-0583,DIS-0583,SHP-13922,SHP-13922,,0,Dispatch Delay,0,123,131,State Border Checkpoint Hold,True,False,Active Cascade
CAS-0583,DIS-0583,SHP-13922,SHP-13922,,0,Customer Delivery Risk,0,123,131,State Border Checkpoint Hold,True,False,Severe Delay Breached
CAS-0583,DIS-0583,SHP-13922,SHP-10833,SHP-13922,1,Route Connection,0,20,21,State Border Checkpoint Hold,False,True,Active Cascade
CAS-0583,DIS-0583,SHP-13922,SHP-10833,SHP-13922,1,Departure Delay,0,20,21,State Border Checkpoint Hold,False,True,Active Cascade
CAS-0583,DIS-0583,SHP-13922,SHP-10833,SHP-13922,1,Customer Delivery Risk,0,20,21,State Border Checkpoint Hold,False,True,Partially Absorbed
CAS-0584,DIS-0584,SHP-03980,SHP-03980,,0,Root Disruption,83,0,80,Labor Shortage,True,False,Active Cascade
CAS-0584,DIS-0584,SHP-03980,SHP-03980,,0,Dispatch Delay,0,83,80,Labor Shortage,True,False,Active Cascade
CAS-0584,DIS-0584,SHP-03980,SHP-03980,,0,Customer Delivery Risk,0,83,80,Labor Shortage,True,False,Partially Absorbed
CAS-0584,DIS-0584,SHP-03980,SHP-06331,SHP-03980,1,Waiting for Inbound Shipment,0,20,23,Labor Shortage,False,True,Active Cascade
CAS-0584,DIS-0584,SHP-03980,SHP-06331,SHP-03980,1,Departure Delay,0,20,23,Labor Shortage,False,True,Active Cascade
CAS-0584,DIS-0584,SHP-03980,SHP-06331,SHP-03980,1,Customer Delivery Risk,0,20,23,Labor Shortage,False,True,Partially Absorbed
CAS-0584,DIS-0584,SHP-03980,SHP-06264,SHP-06331,2,Warehouse Transfer,0,16,14,Labor Shortage,False,True,Active Cascade
CAS-0584,DIS-0584,SHP-03980,SHP-06264,SHP-06331,2,Departure Delay,0,16,14,Labor Shortage,False,True,Active Cascade
CAS-0584,DIS-0584,SHP-03980,SHP-06264,SHP-06331,2,Customer Delivery Risk,0,16,14,Labor Shortage,False,True,Partially Absorbed
CAS-0585,DIS-0585,SHP-11826,SHP-11826,,0,Root Disruption,239,0,240,Vehicle Breakdown,True,False,Active Cascade
CAS-0585,DIS-0585,SHP-11826,SHP-11826,,0,Dispatch Delay,0,239,240,Vehicle Breakdown,True,False,Active Cascade
CAS-0585,DIS-0585,SHP-11826,SHP-11826,,0,Customer Delivery Risk,0,239,240,Vehicle Breakdown,True,False,Severe Delay Breached
CAS-0585,DIS-0585,SHP-11826,SHP-05550,SHP-11826,1,Cross-Dock Transfer,0,162,172,Vehicle Breakdown,False,True,Active Cascade
CAS-0585,DIS-0585,SHP-11826,SHP-05550,SHP-11826,1,Departure Delay,0,162,172,Vehicle Breakdown,False,True,Active Cascade
CAS-0585,DIS-0585,SHP-11826,SHP-05550,SHP-11826,1,Customer Delivery Risk,0,162,172,Vehicle Breakdown,False,True,Severe Delay Breached
CAS-0585,DIS-0585,SHP-11826,SHP-09975,SHP-11826,1,Cross-Dock Transfer,0,160,155,Vehicle Breakdown,False,True,Active Cascade
CAS-0585,DIS-0585,SHP-11826,SHP-09975,SHP-11826,1,Departure Delay,0,160,155,Vehicle Breakdown,False,True,Active Cascade
CAS-0585,DIS-0585,SHP-11826,SHP-09975,SHP-11826,1,Customer Delivery Risk,0,160,155,Vehicle Breakdown,False,True,Severe Delay Breached
CAS-0586,DIS-0586,SHP-03156,SHP-03156,,0,Root Disruption,142,0,141,Warehouse Congestion,True,False,Active Cascade
CAS-0586,DIS-0586,SHP-03156,SHP-03156,,0,Dispatch Delay,0,142,141,Warehouse Congestion,True,False,Active Cascade
CAS-0586,DIS-0586,SHP-03156,SHP-03156,,0,Customer Delivery Risk,0,142,141,Warehouse Congestion,True,False,Severe Delay Breached
CAS-0586,DIS-0586,SHP-03156,SHP-06246,SHP-03156,1,Waiting for Inbound Shipment,0,67,68,Warehouse Congestion,False,True,Active Cascade
CAS-0586,DIS-0586,SHP-03156,SHP-06246,SHP-03156,1,Departure Delay,0,67,68,Warehouse Congestion,False,True,Active Cascade
CAS-0586,DIS-0586,SHP-03156,SHP-06246,SHP-03156,1,Customer Delivery Risk,0,67,68,Warehouse Congestion,False,True,Partially Absorbed
CAS-0587,DIS-0587,SHP-13715,SHP-13715,,0,Root Disruption,130,0,138,Severe Weather,True,False,Active Cascade
CAS-0587,DIS-0587,SHP-13715,SHP-13715,,0,Dispatch Delay,0,130,138,Severe Weather,True,False,Active Cascade
CAS-0587,DIS-0587,SHP-13715,SHP-13715,,0,Customer Delivery Risk,0,130,138,Severe Weather,True,False,Severe Delay Breached
CAS-0587,DIS-0587,SHP-13715,SHP-02902,SHP-13715,1,Waiting for Inbound Shipment,0,20,15,Severe Weather,False,True,Active Cascade
CAS-0587,DIS-0587,SHP-13715,SHP-02902,SHP-13715,1,Departure Delay,0,20,15,Severe Weather,False,True,Active Cascade
CAS-0587,DIS-0587,SHP-13715,SHP-02902,SHP-13715,1,Customer Delivery Risk,0,20,15,Severe Weather,False,True,Partially Absorbed
CAS-0587,DIS-0587,SHP-13715,SHP-05461,SHP-02902,2,Warehouse Transfer,0,16,17,Severe Weather,False,True,Active Cascade
CAS-0587,DIS-0587,SHP-13715,SHP-05461,SHP-02902,2,Departure Delay,0,16,17,Severe Weather,False,True,Active Cascade
CAS-0587,DIS-0587,SHP-13715,SHP-05461,SHP-02902,2,Customer Delivery Risk,0,16,17,Severe Weather,False,True,Partially Absorbed
CAS-0588,DIS-0588,SHP-08055,SHP-08055,,0,Root Disruption,187,0,183,Warehouse Congestion,True,False,Active Cascade
CAS-0588,DIS-0588,SHP-08055,SHP-08055,,0,Dispatch Delay,0,187,183,Warehouse Congestion,True,False,Active Cascade
CAS-0588,DIS-0588,SHP-08055,SHP-08055,,0,Customer Delivery Risk,0,187,183,Warehouse Congestion,True,False,Severe Delay Breached
CAS-0588,DIS-0588,SHP-08055,SHP-09383,SHP-08055,1,Waiting for Inbound Shipment,0,57,61,Warehouse Congestion,False,True,Active Cascade
CAS-0588,DIS-0588,SHP-08055,SHP-09383,SHP-08055,1,Departure Delay,0,57,61,Warehouse Congestion,False,True,Active Cascade
CAS-0588,DIS-0588,SHP-08055,SHP-09383,SHP-08055,1,Customer Delivery Risk,0,57,61,Warehouse Congestion,False,True,Partially Absorbed
CAS-0589,DIS-0589,SHP-00192,SHP-00192,,0,Root Disruption,227,0,230,Warehouse Congestion,True,False,Active Cascade
CAS-0589,DIS-0589,SHP-00192,SHP-00192,,0,Dispatch Delay,0,227,230,Warehouse Congestion,True,False,Active Cascade
CAS-0589,DIS-0589,SHP-00192,SHP-00192,,0,Customer Delivery Risk,0,227,230,Warehouse Congestion,True,False,Severe Delay Breached
CAS-0589,DIS-0589,SHP-00192,SHP-01108,SHP-00192,1,Warehouse Congestion Transfer,133,0,134,Warehouse Congestion,False,True,Active Cascade
CAS-0589,DIS-0589,SHP-00192,SHP-01108,SHP-00192,1,Departure Delay,0,0,134,Warehouse Congestion,False,True,Active Cascade
CAS-0589,DIS-0589,SHP-00192,SHP-01108,SHP-00192,1,Customer Delivery Risk,0,0,134,Warehouse Congestion,False,True,Severe Delay Breached
CAS-0589,DIS-0589,SHP-00192,SHP-07999,SHP-00192,1,Warehouse Congestion Transfer,159,0,163,Warehouse Congestion,False,True,Active Cascade
CAS-0589,DIS-0589,SHP-00192,SHP-07999,SHP-00192,1,Departure Delay,0,0,163,Warehouse Congestion,False,True,Active Cascade
CAS-0589,DIS-0589,SHP-00192,SHP-07999,SHP-00192,1,Customer Delivery Risk,0,0,163,Warehouse Congestion,False,True,Severe Delay Breached
CAS-0590,DIS-0590,SHP-13944,SHP-13944,,0,Root Disruption,197,0,207,Severe Weather,True,False,Active Cascade
CAS-0590,DIS-0590,SHP-13944,SHP-13944,,0,Dispatch Delay,0,197,207,Severe Weather,True,False,Active Cascade
CAS-0590,DIS-0590,SHP-13944,SHP-13944,,0,Customer Delivery Risk,0,197,207,Severe Weather,True,False,Severe Delay Breached
CAS-0590,DIS-0590,SHP-13944,SHP-02644,SHP-13944,1,Waiting for Inbound Shipment,0,197,199,Severe Weather,False,True,Active Cascade
CAS-0590,DIS-0590,SHP-13944,SHP-02644,SHP-13944,1,Departure Delay,0,197,199,Severe Weather,False,True,Active Cascade
CAS-0590,DIS-0590,SHP-13944,SHP-02644,SHP-13944,1,Customer Delivery Risk,0,197,199,Severe Weather,False,True,Severe Delay Breached
CAS-0590,DIS-0590,SHP-13944,SHP-12721,SHP-02644,2,Warehouse Transfer,0,170,172,Severe Weather,False,True,Active Cascade
CAS-0590,DIS-0590,SHP-13944,SHP-12721,SHP-02644,2,Departure Delay,0,170,172,Severe Weather,False,True,Active Cascade
CAS-0590,DIS-0590,SHP-13944,SHP-12721,SHP-02644,2,Customer Delivery Risk,0,170,172,Severe Weather,False,True,Severe Delay Breached
CAS-0591,DIS-0591,SHP-11493,SHP-11493,,0,Root Disruption,78,0,79,State Border Checkpoint Hold,True,False,Active Cascade
CAS-0591,DIS-0591,SHP-11493,SHP-11493,,0,Dispatch Delay,0,78,79,State Border Checkpoint Hold,True,False,Active Cascade
CAS-0591,DIS-0591,SHP-11493,SHP-11493,,0,Customer Delivery Risk,0,78,79,State Border Checkpoint Hold,True,False,Partially Absorbed
CAS-0591,DIS-0591,SHP-11493,SHP-05656,SHP-11493,1,Waiting for Inbound Shipment,0,20,19,State Border Checkpoint Hold,False,True,Active Cascade
CAS-0591,DIS-0591,SHP-11493,SHP-05656,SHP-11493,1,Departure Delay,0,20,19,State Border Checkpoint Hold,False,True,Active Cascade
CAS-0591,DIS-0591,SHP-11493,SHP-05656,SHP-11493,1,Customer Delivery Risk,0,20,19,State Border Checkpoint Hold,False,True,Partially Absorbed
CAS-0591,DIS-0591,SHP-11493,SHP-03507,SHP-05656,2,Warehouse Transfer,0,16,13,State Border Checkpoint Hold,False,True,Active Cascade
CAS-0591,DIS-0591,SHP-11493,SHP-03507,SHP-05656,2,Departure Delay,0,16,13,State Border Checkpoint Hold,False,True,Active Cascade
CAS-0591,DIS-0591,SHP-11493,SHP-03507,SHP-05656,2,Customer Delivery Risk,0,16,13,State Border Checkpoint Hold,False,True,Partially Absorbed
CAS-0592,DIS-0592,SHP-07402,SHP-07402,,0,Root Disruption,183,0,189,Vehicle Breakdown,True,False,Active Cascade
CAS-0592,DIS-0592,SHP-07402,SHP-07402,,0,Dispatch Delay,0,183,189,Vehicle Breakdown,True,False,Active Cascade
CAS-0592,DIS-0592,SHP-07402,SHP-07402,,0,Customer Delivery Risk,0,183,189,Vehicle Breakdown,True,False,Severe Delay Breached
CAS-0592,DIS-0592,SHP-07402,SHP-01038,SHP-07402,1,Cross-Dock Transfer,0,163,170,Vehicle Breakdown,False,True,Active Cascade
CAS-0592,DIS-0592,SHP-07402,SHP-01038,SHP-07402,1,Departure Delay,0,163,170,Vehicle Breakdown,False,True,Active Cascade
CAS-0592,DIS-0592,SHP-07402,SHP-01038,SHP-07402,1,Customer Delivery Risk,0,163,170,Vehicle Breakdown,False,True,Severe Delay Breached
CAS-0593,DIS-0593,SHP-03253,SHP-03253,,0,Root Disruption,130,0,134,Road Closure,True,False,Active Cascade
CAS-0593,DIS-0593,SHP-03253,SHP-03253,,0,Dispatch Delay,0,130,134,Road Closure,True,False,Active Cascade
CAS-0593,DIS-0593,SHP-03253,SHP-03253,,0,Customer Delivery Risk,0,130,134,Road Closure,True,False,Severe Delay Breached
CAS-0593,DIS-0593,SHP-03253,SHP-13148,SHP-03253,1,Route Connection,0,20,20,Road Closure,False,True,Active Cascade
CAS-0593,DIS-0593,SHP-03253,SHP-13148,SHP-03253,1,Departure Delay,0,20,20,Road Closure,False,True,Active Cascade
CAS-0593,DIS-0593,SHP-03253,SHP-13148,SHP-03253,1,Customer Delivery Risk,0,20,20,Road Closure,False,True,Partially Absorbed
CAS-0593,DIS-0593,SHP-03253,SHP-11266,SHP-13148,2,Warehouse Transfer,0,16,21,Road Closure,False,True,Active Cascade
CAS-0593,DIS-0593,SHP-03253,SHP-11266,SHP-13148,2,Departure Delay,0,16,21,Road Closure,False,True,Active Cascade
CAS-0593,DIS-0593,SHP-03253,SHP-11266,SHP-13148,2,Customer Delivery Risk,0,16,21,Road Closure,False,True,Partially Absorbed
CAS-0593,DIS-0593,SHP-03253,SHP-05446,SHP-13148,2,Warehouse Transfer,0,16,23,Road Closure,False,True,Active Cascade
CAS-0593,DIS-0593,SHP-03253,SHP-05446,SHP-13148,2,Departure Delay,0,16,23,Road Closure,False,True,Active Cascade
CAS-0593,DIS-0593,SHP-03253,SHP-05446,SHP-13148,2,Customer Delivery Risk,0,16,23,Road Closure,False,True,Partially Absorbed
CAS-0594,DIS-0594,SHP-11692,SHP-11692,,0,Root Disruption,199,0,203,Vehicle Breakdown,True,False,Active Cascade
CAS-0594,DIS-0594,SHP-11692,SHP-11692,,0,Dispatch Delay,0,199,203,Vehicle Breakdown,True,False,Active Cascade
CAS-0594,DIS-0594,SHP-11692,SHP-11692,,0,Customer Delivery Risk,0,199,203,Vehicle Breakdown,True,False,Severe Delay Breached
CAS-0594,DIS-0594,SHP-11692,SHP-00757,SHP-11692,1,Route Connection,0,62,69,Vehicle Breakdown,False,True,Active Cascade
CAS-0594,DIS-0594,SHP-11692,SHP-00757,SHP-11692,1,Departure Delay,0,62,69,Vehicle Breakdown,False,True,Active Cascade
CAS-0594,DIS-0594,SHP-11692,SHP-00757,SHP-11692,1,Customer Delivery Risk,0,62,69,Vehicle Breakdown,False,True,Partially Absorbed
CAS-0595,DIS-0595,SHP-05529,SHP-05529,,0,Root Disruption,111,0,117,Equipment Failure,True,False,Active Cascade
CAS-0595,DIS-0595,SHP-05529,SHP-05529,,0,Dispatch Delay,0,111,117,Equipment Failure,True,False,Active Cascade
CAS-0595,DIS-0595,SHP-05529,SHP-05529,,0,Customer Delivery Risk,0,111,117,Equipment Failure,True,False,Partially Absorbed
CAS-0595,DIS-0595,SHP-05529,SHP-08790,SHP-05529,1,Shared Vehicle Turnaround,0,45,41,Vehicle Breakdown,False,True,Active Cascade
CAS-0595,DIS-0595,SHP-05529,SHP-08790,SHP-05529,1,Departure Delay,0,45,41,Vehicle Breakdown,False,True,Active Cascade
CAS-0595,DIS-0595,SHP-05529,SHP-08790,SHP-05529,1,Customer Delivery Risk,0,45,41,Vehicle Breakdown,False,True,Partially Absorbed
CAS-0596,DIS-0596,SHP-08006,SHP-08006,,0,Root Disruption,185,0,193,Warehouse Congestion,True,False,Active Cascade
CAS-0596,DIS-0596,SHP-08006,SHP-08006,,0,Dispatch Delay,0,185,193,Warehouse Congestion,True,False,Active Cascade
CAS-0596,DIS-0596,SHP-08006,SHP-08006,,0,Customer Delivery Risk,0,185,193,Warehouse Congestion,True,False,Severe Delay Breached
CAS-0596,DIS-0596,SHP-08006,SHP-05512,SHP-08006,1,Shared Vehicle Turnaround,0,163,163,Vehicle Breakdown,False,True,Active Cascade
CAS-0596,DIS-0596,SHP-08006,SHP-05512,SHP-08006,1,Departure Delay,0,163,163,Vehicle Breakdown,False,True,Active Cascade
CAS-0596,DIS-0596,SHP-08006,SHP-05512,SHP-08006,1,Customer Delivery Risk,0,163,163,Vehicle Breakdown,False,True,Severe Delay Breached
CAS-0597,DIS-0597,SHP-08264,SHP-08264,,0,Root Disruption,117,0,120,Labor Shortage,True,False,Active Cascade
CAS-0597,DIS-0597,SHP-08264,SHP-08264,,0,Dispatch Delay,0,117,120,Labor Shortage,True,False,Active Cascade
CAS-0597,DIS-0597,SHP-08264,SHP-08264,,0,Customer Delivery Risk,0,117,120,Labor Shortage,True,False,Partially Absorbed
CAS-0597,DIS-0597,SHP-08264,SHP-11591,SHP-08264,1,Cross-Dock Transfer,0,16,14,Labor Shortage,False,True,Active Cascade
CAS-0597,DIS-0597,SHP-08264,SHP-11591,SHP-08264,1,Departure Delay,0,16,14,Labor Shortage,False,True,Active Cascade
CAS-0597,DIS-0597,SHP-08264,SHP-11591,SHP-08264,1,Customer Delivery Risk,0,16,14,Labor Shortage,False,True,Partially Absorbed
CAS-0597,DIS-0597,SHP-08264,SHP-01894,SHP-08264,1,Cross-Dock Transfer,0,16,15,Labor Shortage,False,True,Active Cascade
CAS-0597,DIS-0597,SHP-08264,SHP-01894,SHP-08264,1,Departure Delay,0,16,15,Labor Shortage,False,True,Active Cascade
CAS-0597,DIS-0597,SHP-08264,SHP-01894,SHP-08264,1,Customer Delivery Risk,0,16,15,Labor Shortage,False,True,Partially Absorbed
CAS-0597,DIS-0597,SHP-08264,SHP-05939,SHP-08264,1,Cross-Dock Transfer,0,16,20,Labor Shortage,False,True,Active Cascade
CAS-0597,DIS-0597,SHP-08264,SHP-05939,SHP-08264,1,Departure Delay,0,16,20,Labor Shortage,False,True,Active Cascade
CAS-0597,DIS-0597,SHP-08264,SHP-05939,SHP-08264,1,Customer Delivery Risk,0,16,20,Labor Shortage,False,True,Partially Absorbed
CAS-0598,DIS-0598,SHP-12355,SHP-12355,,0,Root Disruption,160,0,156,Equipment Failure,True,False,Active Cascade
CAS-0598,DIS-0598,SHP-12355,SHP-12355,,0,Dispatch Delay,0,160,156,Equipment Failure,True,False,Active Cascade
CAS-0598,DIS-0598,SHP-12355,SHP-12355,,0,Customer Delivery Risk,0,160,156,Equipment Failure,True,False,Severe Delay Breached
CAS-0598,DIS-0598,SHP-12355,SHP-06414,SHP-12355,1,Waiting for Inbound Shipment,0,115,124,Equipment Failure,False,True,Active Cascade
CAS-0598,DIS-0598,SHP-12355,SHP-06414,SHP-12355,1,Departure Delay,0,115,124,Equipment Failure,False,True,Active Cascade
CAS-0598,DIS-0598,SHP-12355,SHP-06414,SHP-12355,1,Customer Delivery Risk,0,115,124,Equipment Failure,False,True,Severe Delay Breached
CAS-0598,DIS-0598,SHP-12355,SHP-09265,SHP-06414,2,Warehouse Transfer,0,100,95,Equipment Failure,False,True,Active Cascade
CAS-0598,DIS-0598,SHP-12355,SHP-09265,SHP-06414,2,Departure Delay,0,100,95,Equipment Failure,False,True,Active Cascade
CAS-0598,DIS-0598,SHP-12355,SHP-09265,SHP-06414,2,Customer Delivery Risk,0,100,95,Equipment Failure,False,True,Partially Absorbed
CAS-0599,DIS-0599,SHP-11063,SHP-11063,,0,Root Disruption,223,0,231,Vehicle Breakdown,True,False,Active Cascade
CAS-0599,DIS-0599,SHP-11063,SHP-11063,,0,Dispatch Delay,0,223,231,Vehicle Breakdown,True,False,Active Cascade
CAS-0599,DIS-0599,SHP-11063,SHP-11063,,0,Customer Delivery Risk,0,223,231,Vehicle Breakdown,True,False,Severe Delay Breached
CAS-0599,DIS-0599,SHP-11063,SHP-06938,SHP-11063,1,Shared Vehicle Turnaround,0,20,25,Vehicle Breakdown,False,True,Active Cascade
CAS-0599,DIS-0599,SHP-11063,SHP-06938,SHP-11063,1,Departure Delay,0,20,25,Vehicle Breakdown,False,True,Active Cascade
CAS-0599,DIS-0599,SHP-11063,SHP-06938,SHP-11063,1,Customer Delivery Risk,0,20,25,Vehicle Breakdown,False,True,Partially Absorbed
CAS-0600,DIS-0600,SHP-05074,SHP-05074,,0,Root Disruption,84,0,80,Equipment Failure,True,False,Active Cascade
CAS-0600,DIS-0600,SHP-05074,SHP-05074,,0,Dispatch Delay,0,84,80,Equipment Failure,True,False,Active Cascade
CAS-0600,DIS-0600,SHP-05074,SHP-05074,,0,Customer Delivery Risk,0,84,80,Equipment Failure,True,False,Partially Absorbed
CAS-0600,DIS-0600,SHP-05074,SHP-07333,SHP-05074,1,Waiting for Inbound Shipment,0,54,61,Equipment Failure,False,True,Active Cascade
CAS-0600,DIS-0600,SHP-05074,SHP-07333,SHP-05074,1,Departure Delay,0,54,61,Equipment Failure,False,True,Active Cascade
CAS-0600,DIS-0600,SHP-05074,SHP-07333,SHP-05074,1,Customer Delivery Risk,0,54,61,Equipment Failure,False,True,Partially Absorbed
CAS-0601,DIS-0601,SHP-07610,SHP-07610,,0,Root Disruption,238,0,248,Warehouse Congestion,True,False,Active Cascade
CAS-0601,DIS-0601,SHP-07610,SHP-07610,,0,Dispatch Delay,0,238,248,Warehouse Congestion,True,False,Active Cascade
CAS-0601,DIS-0601,SHP-07610,SHP-07610,,0,Customer Delivery Risk,0,238,248,Warehouse Congestion,True,False,Severe Delay Breached
CAS-0601,DIS-0601,SHP-07610,SHP-05264,SHP-07610,1,Route Connection,0,199,199,Warehouse Congestion,False,True,Active Cascade
CAS-0601,DIS-0601,SHP-07610,SHP-05264,SHP-07610,1,Departure Delay,0,199,199,Warehouse Congestion,False,True,Active Cascade
CAS-0601,DIS-0601,SHP-07610,SHP-05264,SHP-07610,1,Customer Delivery Risk,0,199,199,Warehouse Congestion,False,True,Severe Delay Breached
CAS-0601,DIS-0601,SHP-07610,SHP-05855,SHP-05264,2,Warehouse Transfer,0,16,11,Warehouse Congestion,False,True,Active Cascade
CAS-0601,DIS-0601,SHP-07610,SHP-05855,SHP-05264,2,Departure Delay,0,16,11,Warehouse Congestion,False,True,Active Cascade
CAS-0601,DIS-0601,SHP-07610,SHP-05855,SHP-05264,2,Customer Delivery Risk,0,16,11,Warehouse Congestion,False,True,Partially Absorbed
CAS-0601,DIS-0601,SHP-07610,SHP-13352,SHP-05855,3,Route Connection,0,16,16,Warehouse Congestion,False,True,Active Cascade
CAS-0601,DIS-0601,SHP-07610,SHP-13352,SHP-05855,3,Departure Delay,0,16,16,Warehouse Congestion,False,True,Active Cascade
CAS-0601,DIS-0601,SHP-07610,SHP-13352,SHP-05855,3,Customer Delivery Risk,0,16,16,Warehouse Congestion,False,True,Partially Absorbed
CAS-0601,DIS-0601,SHP-07610,SHP-13321,SHP-05264,2,Warehouse Transfer,0,16,22,Warehouse Congestion,False,True,Active Cascade
CAS-0601,DIS-0601,SHP-07610,SHP-13321,SHP-05264,2,Departure Delay,0,16,22,Warehouse Congestion,False,True,Active Cascade
CAS-0601,DIS-0601,SHP-07610,SHP-13321,SHP-05264,2,Customer Delivery Risk,0,16,22,Warehouse Congestion,False,True,Partially Absorbed
CAS-0602,DIS-0602,SHP-05518,SHP-05518,,0,Root Disruption,153,0,163,Vehicle Breakdown,True,False,Active Cascade
CAS-0602,DIS-0602,SHP-05518,SHP-05518,,0,Dispatch Delay,0,153,163,Vehicle Breakdown,True,False,Active Cascade
CAS-0602,DIS-0602,SHP-05518,SHP-05518,,0,Customer Delivery Risk,0,153,163,Vehicle Breakdown,True,False,Severe Delay Breached
CAS-0602,DIS-0602,SHP-05518,SHP-06146,SHP-05518,1,Cross-Dock Transfer,0,16,16,Vehicle Breakdown,False,True,Active Cascade
CAS-0602,DIS-0602,SHP-05518,SHP-06146,SHP-05518,1,Departure Delay,0,16,16,Vehicle Breakdown,False,True,Active Cascade
CAS-0602,DIS-0602,SHP-05518,SHP-06146,SHP-05518,1,Customer Delivery Risk,0,16,16,Vehicle Breakdown,False,True,Partially Absorbed
CAS-0602,DIS-0602,SHP-05518,SHP-12481,SHP-05518,1,Cross-Dock Transfer,0,16,21,Vehicle Breakdown,False,True,Active Cascade
CAS-0602,DIS-0602,SHP-05518,SHP-12481,SHP-05518,1,Departure Delay,0,16,21,Vehicle Breakdown,False,True,Active Cascade
CAS-0602,DIS-0602,SHP-05518,SHP-12481,SHP-05518,1,Customer Delivery Risk,0,16,21,Vehicle Breakdown,False,True,Partially Absorbed
CAS-0603,DIS-0603,SHP-03030,SHP-03030,,0,Root Disruption,124,0,122,Severe Weather,True,False,Active Cascade
CAS-0603,DIS-0603,SHP-03030,SHP-03030,,0,Dispatch Delay,0,124,122,Severe Weather,True,False,Active Cascade
CAS-0603,DIS-0603,SHP-03030,SHP-03030,,0,Customer Delivery Risk,0,124,122,Severe Weather,True,False,Severe Delay Breached
CAS-0603,DIS-0603,SHP-03030,SHP-08638,SHP-03030,1,Cross-Dock Transfer,0,16,16,Severe Weather,False,True,Active Cascade
CAS-0603,DIS-0603,SHP-03030,SHP-08638,SHP-03030,1,Departure Delay,0,16,16,Severe Weather,False,True,Active Cascade
CAS-0603,DIS-0603,SHP-03030,SHP-08638,SHP-03030,1,Customer Delivery Risk,0,16,16,Severe Weather,False,True,Partially Absorbed
CAS-0604,DIS-0604,SHP-13370,SHP-13370,,0,Root Disruption,95,0,100,Equipment Failure,True,False,Active Cascade
CAS-0604,DIS-0604,SHP-13370,SHP-13370,,0,Dispatch Delay,0,95,100,Equipment Failure,True,False,Active Cascade
CAS-0604,DIS-0604,SHP-13370,SHP-13370,,0,Customer Delivery Risk,0,95,100,Equipment Failure,True,False,Partially Absorbed
CAS-0604,DIS-0604,SHP-13370,SHP-13766,SHP-13370,1,Warehouse Congestion Transfer,78,0,75,Warehouse Congestion,False,True,Active Cascade
CAS-0604,DIS-0604,SHP-13370,SHP-13766,SHP-13370,1,Departure Delay,0,0,75,Warehouse Congestion,False,True,Active Cascade
CAS-0604,DIS-0604,SHP-13370,SHP-13766,SHP-13370,1,Customer Delivery Risk,0,0,75,Warehouse Congestion,False,True,Partially Absorbed
CAS-0604,DIS-0604,SHP-13370,SHP-12743,SHP-13370,1,Warehouse Congestion Transfer,52,0,57,Warehouse Congestion,False,True,Active Cascade
CAS-0604,DIS-0604,SHP-13370,SHP-12743,SHP-13370,1,Departure Delay,0,0,57,Warehouse Congestion,False,True,Active Cascade
CAS-0604,DIS-0604,SHP-13370,SHP-12743,SHP-13370,1,Customer Delivery Risk,0,0,57,Warehouse Congestion,False,True,Partially Absorbed
CAS-0604,DIS-0604,SHP-13370,SHP-08398,SHP-13370,1,Warehouse Congestion Transfer,53,0,48,Warehouse Congestion,False,True,Active Cascade
CAS-0604,DIS-0604,SHP-13370,SHP-08398,SHP-13370,1,Departure Delay,0,0,48,Warehouse Congestion,False,True,Active Cascade
CAS-0604,DIS-0604,SHP-13370,SHP-08398,SHP-13370,1,Customer Delivery Risk,0,0,48,Warehouse Congestion,False,True,Partially Absorbed
CAS-0604,DIS-0604,SHP-13370,SHP-06950,SHP-13370,1,Warehouse Congestion Transfer,53,0,63,Warehouse Congestion,False,True,Active Cascade
CAS-0604,DIS-0604,SHP-13370,SHP-06950,SHP-13370,1,Departure Delay,0,0,63,Warehouse Congestion,False,True,Active Cascade
CAS-0604,DIS-0604,SHP-13370,SHP-06950,SHP-13370,1,Customer Delivery Risk,0,0,63,Warehouse Congestion,False,True,Partially Absorbed
CAS-0605,DIS-0605,SHP-07281,SHP-07281,,0,Root Disruption,93,0,103,State Border Checkpoint Hold,True,False,Active Cascade
CAS-0605,DIS-0605,SHP-07281,SHP-07281,,0,Dispatch Delay,0,93,103,State Border Checkpoint Hold,True,False,Active Cascade
CAS-0605,DIS-0605,SHP-07281,SHP-07281,,0,Customer Delivery Risk,0,93,103,State Border Checkpoint Hold,True,False,Partially Absorbed
CAS-0605,DIS-0605,SHP-07281,SHP-13078,SHP-07281,1,Shared Vehicle Turnaround,0,78,83,Vehicle Breakdown,False,True,Active Cascade
CAS-0605,DIS-0605,SHP-07281,SHP-13078,SHP-07281,1,Departure Delay,0,78,83,Vehicle Breakdown,False,True,Active Cascade
CAS-0605,DIS-0605,SHP-07281,SHP-13078,SHP-07281,1,Customer Delivery Risk,0,78,83,Vehicle Breakdown,False,True,Partially Absorbed
CAS-0606,DIS-0606,SHP-13135,SHP-13135,,0,Root Disruption,137,0,136,Warehouse Congestion,True,False,Active Cascade
CAS-0606,DIS-0606,SHP-13135,SHP-13135,,0,Dispatch Delay,0,137,136,Warehouse Congestion,True,False,Active Cascade
CAS-0606,DIS-0606,SHP-13135,SHP-13135,,0,Customer Delivery Risk,0,137,136,Warehouse Congestion,True,False,Severe Delay Breached
CAS-0606,DIS-0606,SHP-13135,SHP-01205,SHP-13135,1,Route Connection,0,54,60,Warehouse Congestion,False,True,Active Cascade
CAS-0606,DIS-0606,SHP-13135,SHP-01205,SHP-13135,1,Departure Delay,0,54,60,Warehouse Congestion,False,True,Active Cascade
CAS-0606,DIS-0606,SHP-13135,SHP-01205,SHP-13135,1,Customer Delivery Risk,0,54,60,Warehouse Congestion,False,True,Partially Absorbed
CAS-0606,DIS-0606,SHP-13135,SHP-07485,SHP-01205,2,Warehouse Transfer,0,16,19,Warehouse Congestion,False,True,Active Cascade
CAS-0606,DIS-0606,SHP-13135,SHP-07485,SHP-01205,2,Departure Delay,0,16,19,Warehouse Congestion,False,True,Active Cascade
CAS-0606,DIS-0606,SHP-13135,SHP-07485,SHP-01205,2,Customer Delivery Risk,0,16,19,Warehouse Congestion,False,True,Partially Absorbed
CAS-0606,DIS-0606,SHP-13135,SHP-05790,SHP-07485,3,Route Connection,0,16,13,Warehouse Congestion,False,True,Active Cascade
CAS-0606,DIS-0606,SHP-13135,SHP-05790,SHP-07485,3,Departure Delay,0,16,13,Warehouse Congestion,False,True,Active Cascade
CAS-0606,DIS-0606,SHP-13135,SHP-05790,SHP-07485,3,Customer Delivery Risk,0,16,13,Warehouse Congestion,False,True,Partially Absorbed
CAS-0606,DIS-0606,SHP-13135,SHP-13675,SHP-01205,2,Warehouse Transfer,0,16,25,Warehouse Congestion,False,True,Active Cascade
CAS-0606,DIS-0606,SHP-13135,SHP-13675,SHP-01205,2,Departure Delay,0,16,25,Warehouse Congestion,False,True,Active Cascade
CAS-0606,DIS-0606,SHP-13135,SHP-13675,SHP-01205,2,Customer Delivery Risk,0,16,25,Warehouse Congestion,False,True,Partially Absorbed
CAS-0607,DIS-0607,SHP-13915,SHP-13915,,0,Root Disruption,102,0,101,Warehouse Congestion,True,False,Active Cascade
CAS-0607,DIS-0607,SHP-13915,SHP-13915,,0,Dispatch Delay,0,102,101,Warehouse Congestion,True,False,Active Cascade
CAS-0607,DIS-0607,SHP-13915,SHP-13915,,0,Customer Delivery Risk,0,102,101,Warehouse Congestion,True,False,Partially Absorbed
CAS-0607,DIS-0607,SHP-13915,SHP-05614,SHP-13915,1,Warehouse Congestion Transfer,55,0,51,Warehouse Congestion,False,True,Active Cascade
CAS-0607,DIS-0607,SHP-13915,SHP-05614,SHP-13915,1,Departure Delay,0,0,51,Warehouse Congestion,False,True,Active Cascade
CAS-0607,DIS-0607,SHP-13915,SHP-05614,SHP-13915,1,Customer Delivery Risk,0,0,51,Warehouse Congestion,False,True,Partially Absorbed
CAS-0607,DIS-0607,SHP-13915,SHP-04626,SHP-13915,1,Warehouse Congestion Transfer,82,0,83,Warehouse Congestion,False,True,Active Cascade
CAS-0607,DIS-0607,SHP-13915,SHP-04626,SHP-13915,1,Departure Delay,0,0,83,Warehouse Congestion,False,True,Active Cascade
CAS-0607,DIS-0607,SHP-13915,SHP-04626,SHP-13915,1,Customer Delivery Risk,0,0,83,Warehouse Congestion,False,True,Partially Absorbed
CAS-0607,DIS-0607,SHP-13915,SHP-01697,SHP-13915,1,Warehouse Congestion Transfer,55,0,51,Warehouse Congestion,False,True,Active Cascade
CAS-0607,DIS-0607,SHP-13915,SHP-01697,SHP-13915,1,Departure Delay,0,0,51,Warehouse Congestion,False,True,Active Cascade
CAS-0607,DIS-0607,SHP-13915,SHP-01697,SHP-13915,1,Customer Delivery Risk,0,0,51,Warehouse Congestion,False,True,Partially Absorbed
CAS-0608,DIS-0608,SHP-13117,SHP-13117,,0,Root Disruption,72,0,70,Labor Shortage,True,False,Active Cascade
CAS-0608,DIS-0608,SHP-13117,SHP-13117,,0,Dispatch Delay,0,72,70,Labor Shortage,True,False,Active Cascade
CAS-0608,DIS-0608,SHP-13117,SHP-13117,,0,Customer Delivery Risk,0,72,70,Labor Shortage,True,False,Partially Absorbed
CAS-0608,DIS-0608,SHP-13117,SHP-10168,SHP-13117,1,Cross-Dock Transfer,0,16,16,Labor Shortage,False,True,Active Cascade
CAS-0608,DIS-0608,SHP-13117,SHP-10168,SHP-13117,1,Departure Delay,0,16,16,Labor Shortage,False,True,Active Cascade
CAS-0608,DIS-0608,SHP-13117,SHP-10168,SHP-13117,1,Customer Delivery Risk,0,16,16,Labor Shortage,False,True,Partially Absorbed
CAS-0608,DIS-0608,SHP-13117,SHP-02436,SHP-13117,1,Cross-Dock Transfer,0,16,23,Labor Shortage,False,True,Active Cascade
CAS-0608,DIS-0608,SHP-13117,SHP-02436,SHP-13117,1,Departure Delay,0,16,23,Labor Shortage,False,True,Active Cascade
CAS-0608,DIS-0608,SHP-13117,SHP-02436,SHP-13117,1,Customer Delivery Risk,0,16,23,Labor Shortage,False,True,Partially Absorbed
CAS-0608,DIS-0608,SHP-13117,SHP-07712,SHP-13117,1,Cross-Dock Transfer,0,16,12,Labor Shortage,False,True,Active Cascade
CAS-0608,DIS-0608,SHP-13117,SHP-07712,SHP-13117,1,Departure Delay,0,16,12,Labor Shortage,False,True,Active Cascade
CAS-0608,DIS-0608,SHP-13117,SHP-07712,SHP-13117,1,Customer Delivery Risk,0,16,12,Labor Shortage,False,True,Partially Absorbed
CAS-0609,DIS-0609,SHP-02343,SHP-02343,,0,Root Disruption,144,0,154,Equipment Failure,True,False,Active Cascade
CAS-0609,DIS-0609,SHP-02343,SHP-02343,,0,Dispatch Delay,0,144,154,Equipment Failure,True,False,Active Cascade
CAS-0609,DIS-0609,SHP-02343,SHP-02343,,0,Customer Delivery Risk,0,144,154,Equipment Failure,True,False,Severe Delay Breached
CAS-0609,DIS-0609,SHP-02343,SHP-10531,SHP-02343,1,Route Connection,0,20,28,Equipment Failure,False,True,Active Cascade
CAS-0609,DIS-0609,SHP-02343,SHP-10531,SHP-02343,1,Departure Delay,0,20,28,Equipment Failure,False,True,Active Cascade
CAS-0609,DIS-0609,SHP-02343,SHP-10531,SHP-02343,1,Customer Delivery Risk,0,20,28,Equipment Failure,False,True,Partially Absorbed
CAS-0610,DIS-0610,SHP-09070,SHP-09070,,0,Root Disruption,179,0,179,Labor Shortage,True,False,Active Cascade
CAS-0610,DIS-0610,SHP-09070,SHP-09070,,0,Dispatch Delay,0,179,179,Labor Shortage,True,False,Active Cascade
CAS-0610,DIS-0610,SHP-09070,SHP-09070,,0,Customer Delivery Risk,0,179,179,Labor Shortage,True,False,Severe Delay Breached
CAS-0610,DIS-0610,SHP-09070,SHP-09089,SHP-09070,1,Warehouse Congestion Transfer,70,0,67,Warehouse Congestion,False,True,Active Cascade
CAS-0610,DIS-0610,SHP-09070,SHP-09089,SHP-09070,1,Departure Delay,0,0,67,Warehouse Congestion,False,True,Active Cascade
CAS-0610,DIS-0610,SHP-09070,SHP-09089,SHP-09070,1,Customer Delivery Risk,0,0,67,Warehouse Congestion,False,True,Partially Absorbed
CAS-0610,DIS-0610,SHP-09070,SHP-08179,SHP-09070,1,Warehouse Congestion Transfer,133,0,130,Warehouse Congestion,False,True,Active Cascade
CAS-0610,DIS-0610,SHP-09070,SHP-08179,SHP-09070,1,Departure Delay,0,0,130,Warehouse Congestion,False,True,Active Cascade
CAS-0610,DIS-0610,SHP-09070,SHP-08179,SHP-09070,1,Customer Delivery Risk,0,0,130,Warehouse Congestion,False,True,Severe Delay Breached
CAS-0610,DIS-0610,SHP-09070,SHP-09536,SHP-09070,1,Warehouse Congestion Transfer,65,0,63,Warehouse Congestion,False,True,Active Cascade
CAS-0610,DIS-0610,SHP-09070,SHP-09536,SHP-09070,1,Departure Delay,0,0,63,Warehouse Congestion,False,True,Active Cascade
CAS-0610,DIS-0610,SHP-09070,SHP-09536,SHP-09070,1,Customer Delivery Risk,0,0,63,Warehouse Congestion,False,True,Partially Absorbed
CAS-0611,DIS-0611,SHP-10715,SHP-10715,,0,Root Disruption,210,0,216,Vehicle Breakdown,True,False,Active Cascade
CAS-0611,DIS-0611,SHP-10715,SHP-10715,,0,Dispatch Delay,0,210,216,Vehicle Breakdown,True,False,Active Cascade
CAS-0611,DIS-0611,SHP-10715,SHP-10715,,0,Customer Delivery Risk,0,210,216,Vehicle Breakdown,True,False,Severe Delay Breached
CAS-0611,DIS-0611,SHP-10715,SHP-00329,SHP-10715,1,Route Connection,0,192,193,Vehicle Breakdown,False,True,Active Cascade
CAS-0611,DIS-0611,SHP-10715,SHP-00329,SHP-10715,1,Departure Delay,0,192,193,Vehicle Breakdown,False,True,Active Cascade
CAS-0611,DIS-0611,SHP-10715,SHP-00329,SHP-10715,1,Customer Delivery Risk,0,192,193,Vehicle Breakdown,False,True,Severe Delay Breached
CAS-0612,DIS-0612,SHP-05053,SHP-05053,,0,Root Disruption,187,0,194,Severe Weather,True,False,Active Cascade
CAS-0612,DIS-0612,SHP-05053,SHP-05053,,0,Dispatch Delay,0,187,194,Severe Weather,True,False,Active Cascade
CAS-0612,DIS-0612,SHP-05053,SHP-05053,,0,Customer Delivery Risk,0,187,194,Severe Weather,True,False,Severe Delay Breached
CAS-0612,DIS-0612,SHP-05053,SHP-04422,SHP-05053,1,Route Connection,0,105,103,Severe Weather,False,True,Active Cascade
CAS-0612,DIS-0612,SHP-05053,SHP-04422,SHP-05053,1,Departure Delay,0,105,103,Severe Weather,False,True,Active Cascade
CAS-0612,DIS-0612,SHP-05053,SHP-04422,SHP-05053,1,Customer Delivery Risk,0,105,103,Severe Weather,False,True,Partially Absorbed
CAS-0612,DIS-0612,SHP-05053,SHP-10511,SHP-04422,2,Warehouse Transfer,0,16,26,Severe Weather,False,True,Active Cascade
CAS-0612,DIS-0612,SHP-05053,SHP-10511,SHP-04422,2,Departure Delay,0,16,26,Severe Weather,False,True,Active Cascade
CAS-0612,DIS-0612,SHP-05053,SHP-10511,SHP-04422,2,Customer Delivery Risk,0,16,26,Severe Weather,False,True,Partially Absorbed
CAS-0612,DIS-0612,SHP-05053,SHP-02689,SHP-10511,3,Route Connection,0,16,13,Severe Weather,False,True,Active Cascade
CAS-0612,DIS-0612,SHP-05053,SHP-02689,SHP-10511,3,Departure Delay,0,16,13,Severe Weather,False,True,Active Cascade
CAS-0612,DIS-0612,SHP-05053,SHP-02689,SHP-10511,3,Customer Delivery Risk,0,16,13,Severe Weather,False,True,Partially Absorbed
CAS-0612,DIS-0612,SHP-05053,SHP-11509,SHP-04422,2,Warehouse Transfer,0,16,14,Severe Weather,False,True,Active Cascade
CAS-0612,DIS-0612,SHP-05053,SHP-11509,SHP-04422,2,Departure Delay,0,16,14,Severe Weather,False,True,Active Cascade
CAS-0612,DIS-0612,SHP-05053,SHP-11509,SHP-04422,2,Customer Delivery Risk,0,16,14,Severe Weather,False,True,Partially Absorbed
CAS-0613,DIS-0613,SHP-13491,SHP-13491,,0,Root Disruption,169,0,172,Labor Shortage,True,False,Active Cascade
CAS-0613,DIS-0613,SHP-13491,SHP-13491,,0,Dispatch Delay,0,169,172,Labor Shortage,True,False,Active Cascade
CAS-0613,DIS-0613,SHP-13491,SHP-13491,,0,Customer Delivery Risk,0,169,172,Labor Shortage,True,False,Severe Delay Breached
CAS-0613,DIS-0613,SHP-13491,SHP-11209,SHP-13491,1,Route Connection,0,20,18,Labor Shortage,False,True,Active Cascade
CAS-0613,DIS-0613,SHP-13491,SHP-11209,SHP-13491,1,Departure Delay,0,20,18,Labor Shortage,False,True,Active Cascade
CAS-0613,DIS-0613,SHP-13491,SHP-11209,SHP-13491,1,Customer Delivery Risk,0,20,18,Labor Shortage,False,True,Partially Absorbed
CAS-0613,DIS-0613,SHP-13491,SHP-01096,SHP-11209,2,Warehouse Transfer,0,16,19,Labor Shortage,False,True,Active Cascade
CAS-0613,DIS-0613,SHP-13491,SHP-01096,SHP-11209,2,Departure Delay,0,16,19,Labor Shortage,False,True,Active Cascade
CAS-0613,DIS-0613,SHP-13491,SHP-01096,SHP-11209,2,Customer Delivery Risk,0,16,19,Labor Shortage,False,True,Partially Absorbed
CAS-0613,DIS-0613,SHP-13491,SHP-01122,SHP-01096,3,Route Connection,0,16,13,Labor Shortage,False,True,Active Cascade
CAS-0613,DIS-0613,SHP-13491,SHP-01122,SHP-01096,3,Departure Delay,0,16,13,Labor Shortage,False,True,Active Cascade
CAS-0613,DIS-0613,SHP-13491,SHP-01122,SHP-01096,3,Customer Delivery Risk,0,16,13,Labor Shortage,False,True,Partially Absorbed
CAS-0613,DIS-0613,SHP-13491,SHP-12501,SHP-11209,2,Warehouse Transfer,0,16,21,Labor Shortage,False,True,Active Cascade
CAS-0613,DIS-0613,SHP-13491,SHP-12501,SHP-11209,2,Departure Delay,0,16,21,Labor Shortage,False,True,Active Cascade
CAS-0613,DIS-0613,SHP-13491,SHP-12501,SHP-11209,2,Customer Delivery Risk,0,16,21,Labor Shortage,False,True,Partially Absorbed
CAS-0614,DIS-0614,SHP-13356,SHP-13356,,0,Root Disruption,166,0,170,Vehicle Breakdown,True,False,Active Cascade
CAS-0614,DIS-0614,SHP-13356,SHP-13356,,0,Dispatch Delay,0,166,170,Vehicle Breakdown,True,False,Active Cascade
CAS-0614,DIS-0614,SHP-13356,SHP-13356,,0,Customer Delivery Risk,0,166,170,Vehicle Breakdown,True,False,Severe Delay Breached
CAS-0614,DIS-0614,SHP-13356,SHP-11269,SHP-13356,1,Shared Vehicle Turnaround,0,20,19,Vehicle Breakdown,False,True,Active Cascade
CAS-0614,DIS-0614,SHP-13356,SHP-11269,SHP-13356,1,Departure Delay,0,20,19,Vehicle Breakdown,False,True,Active Cascade
CAS-0614,DIS-0614,SHP-13356,SHP-11269,SHP-13356,1,Customer Delivery Risk,0,20,19,Vehicle Breakdown,False,True,Partially Absorbed
CAS-0615,DIS-0615,SHP-10266,SHP-10266,,0,Root Disruption,214,0,216,Warehouse Congestion,True,False,Active Cascade
CAS-0615,DIS-0615,SHP-10266,SHP-10266,,0,Dispatch Delay,0,214,216,Warehouse Congestion,True,False,Active Cascade
CAS-0615,DIS-0615,SHP-10266,SHP-10266,,0,Customer Delivery Risk,0,214,216,Warehouse Congestion,True,False,Severe Delay Breached
CAS-0615,DIS-0615,SHP-10266,SHP-10890,SHP-10266,1,Warehouse Congestion Transfer,128,0,135,Warehouse Congestion,False,True,Active Cascade
CAS-0615,DIS-0615,SHP-10266,SHP-10890,SHP-10266,1,Departure Delay,0,0,135,Warehouse Congestion,False,True,Active Cascade
CAS-0615,DIS-0615,SHP-10266,SHP-10890,SHP-10266,1,Customer Delivery Risk,0,0,135,Warehouse Congestion,False,True,Severe Delay Breached
CAS-0615,DIS-0615,SHP-10266,SHP-02046,SHP-10266,1,Warehouse Congestion Transfer,46,0,45,Warehouse Congestion,False,True,Active Cascade
CAS-0615,DIS-0615,SHP-10266,SHP-02046,SHP-10266,1,Departure Delay,0,0,45,Warehouse Congestion,False,True,Active Cascade
CAS-0615,DIS-0615,SHP-10266,SHP-02046,SHP-10266,1,Customer Delivery Risk,0,0,45,Warehouse Congestion,False,True,Partially Absorbed
CAS-0616,DIS-0616,SHP-02822,SHP-02822,,0,Root Disruption,122,0,119,Severe Weather,True,False,Active Cascade
CAS-0616,DIS-0616,SHP-02822,SHP-02822,,0,Dispatch Delay,0,122,119,Severe Weather,True,False,Active Cascade
CAS-0616,DIS-0616,SHP-02822,SHP-02822,,0,Customer Delivery Risk,0,122,119,Severe Weather,True,False,Partially Absorbed
CAS-0616,DIS-0616,SHP-02822,SHP-13410,SHP-02822,1,Waiting for Inbound Shipment,0,21,19,Severe Weather,False,True,Active Cascade
CAS-0616,DIS-0616,SHP-02822,SHP-13410,SHP-02822,1,Departure Delay,0,21,19,Severe Weather,False,True,Active Cascade
CAS-0616,DIS-0616,SHP-02822,SHP-13410,SHP-02822,1,Customer Delivery Risk,0,21,19,Severe Weather,False,True,Partially Absorbed
CAS-0616,DIS-0616,SHP-02822,SHP-09192,SHP-13410,2,Warehouse Transfer,0,16,21,Severe Weather,False,True,Active Cascade
CAS-0616,DIS-0616,SHP-02822,SHP-09192,SHP-13410,2,Departure Delay,0,16,21,Severe Weather,False,True,Active Cascade
CAS-0616,DIS-0616,SHP-02822,SHP-09192,SHP-13410,2,Customer Delivery Risk,0,16,21,Severe Weather,False,True,Partially Absorbed
CAS-0617,DIS-0617,SHP-07098,SHP-07098,,0,Root Disruption,76,0,74,Equipment Failure,True,False,Active Cascade
CAS-0617,DIS-0617,SHP-07098,SHP-07098,,0,Dispatch Delay,0,76,74,Equipment Failure,True,False,Active Cascade
CAS-0617,DIS-0617,SHP-07098,SHP-07098,,0,Customer Delivery Risk,0,76,74,Equipment Failure,True,False,Partially Absorbed
CAS-0617,DIS-0617,SHP-07098,SHP-08247,SHP-07098,1,Route Connection,0,20,26,Equipment Failure,False,True,Active Cascade
CAS-0617,DIS-0617,SHP-07098,SHP-08247,SHP-07098,1,Departure Delay,0,20,26,Equipment Failure,False,True,Active Cascade
CAS-0617,DIS-0617,SHP-07098,SHP-08247,SHP-07098,1,Customer Delivery Risk,0,20,26,Equipment Failure,False,True,Partially Absorbed
CAS-0617,DIS-0617,SHP-07098,SHP-03550,SHP-08247,2,Warehouse Transfer,0,16,16,Equipment Failure,False,True,Active Cascade
CAS-0617,DIS-0617,SHP-07098,SHP-03550,SHP-08247,2,Departure Delay,0,16,16,Equipment Failure,False,True,Active Cascade
CAS-0617,DIS-0617,SHP-07098,SHP-03550,SHP-08247,2,Customer Delivery Risk,0,16,16,Equipment Failure,False,True,Partially Absorbed
CAS-0617,DIS-0617,SHP-07098,SHP-04376,SHP-03550,3,Route Connection,0,16,15,Equipment Failure,False,True,Active Cascade
CAS-0617,DIS-0617,SHP-07098,SHP-04376,SHP-03550,3,Departure Delay,0,16,15,Equipment Failure,False,True,Active Cascade
CAS-0617,DIS-0617,SHP-07098,SHP-04376,SHP-03550,3,Customer Delivery Risk,0,16,15,Equipment Failure,False,True,Partially Absorbed
CAS-0618,DIS-0618,SHP-06474,SHP-06474,,0,Root Disruption,126,0,124,Labor Shortage,True,False,Active Cascade
CAS-0618,DIS-0618,SHP-06474,SHP-06474,,0,Dispatch Delay,0,126,124,Labor Shortage,True,False,Active Cascade
CAS-0618,DIS-0618,SHP-06474,SHP-06474,,0,Customer Delivery Risk,0,126,124,Labor Shortage,True,False,Severe Delay Breached
CAS-0618,DIS-0618,SHP-06474,SHP-05175,SHP-06474,1,Waiting for Inbound Shipment,0,20,21,Labor Shortage,False,True,Active Cascade
CAS-0618,DIS-0618,SHP-06474,SHP-05175,SHP-06474,1,Departure Delay,0,20,21,Labor Shortage,False,True,Active Cascade
CAS-0618,DIS-0618,SHP-06474,SHP-05175,SHP-06474,1,Customer Delivery Risk,0,20,21,Labor Shortage,False,True,Partially Absorbed
CAS-0618,DIS-0618,SHP-06474,SHP-10827,SHP-05175,2,Warehouse Transfer,0,16,12,Labor Shortage,False,True,Active Cascade
CAS-0618,DIS-0618,SHP-06474,SHP-10827,SHP-05175,2,Departure Delay,0,16,12,Labor Shortage,False,True,Active Cascade
CAS-0618,DIS-0618,SHP-06474,SHP-10827,SHP-05175,2,Customer Delivery Risk,0,16,12,Labor Shortage,False,True,Partially Absorbed
CAS-0619,DIS-0619,SHP-07488,SHP-07488,,0,Root Disruption,173,0,176,Labor Shortage,True,False,Active Cascade
CAS-0619,DIS-0619,SHP-07488,SHP-07488,,0,Dispatch Delay,0,173,176,Labor Shortage,True,False,Active Cascade
CAS-0619,DIS-0619,SHP-07488,SHP-07488,,0,Customer Delivery Risk,0,173,176,Labor Shortage,True,False,Severe Delay Breached
CAS-0619,DIS-0619,SHP-07488,SHP-11762,SHP-07488,1,Cross-Dock Transfer,0,102,101,Labor Shortage,False,True,Active Cascade
CAS-0619,DIS-0619,SHP-07488,SHP-11762,SHP-07488,1,Departure Delay,0,102,101,Labor Shortage,False,True,Active Cascade
CAS-0619,DIS-0619,SHP-07488,SHP-11762,SHP-07488,1,Customer Delivery Risk,0,102,101,Labor Shortage,False,True,Partially Absorbed
CAS-0620,DIS-0620,SHP-12978,SHP-12978,,0,Root Disruption,192,0,187,Road Closure,True,False,Active Cascade
CAS-0620,DIS-0620,SHP-12978,SHP-12978,,0,Dispatch Delay,0,192,187,Road Closure,True,False,Active Cascade
CAS-0620,DIS-0620,SHP-12978,SHP-12978,,0,Customer Delivery Risk,0,192,187,Road Closure,True,False,Severe Delay Breached
CAS-0620,DIS-0620,SHP-12978,SHP-07073,SHP-12978,1,Route Connection,0,20,23,Road Closure,False,True,Active Cascade
CAS-0620,DIS-0620,SHP-12978,SHP-07073,SHP-12978,1,Departure Delay,0,20,23,Road Closure,False,True,Active Cascade
CAS-0620,DIS-0620,SHP-12978,SHP-07073,SHP-12978,1,Customer Delivery Risk,0,20,23,Road Closure,False,True,Partially Absorbed
CAS-0620,DIS-0620,SHP-12978,SHP-01369,SHP-07073,2,Warehouse Transfer,0,16,20,Road Closure,False,True,Active Cascade
CAS-0620,DIS-0620,SHP-12978,SHP-01369,SHP-07073,2,Departure Delay,0,16,20,Road Closure,False,True,Active Cascade
CAS-0620,DIS-0620,SHP-12978,SHP-01369,SHP-07073,2,Customer Delivery Risk,0,16,20,Road Closure,False,True,Partially Absorbed
CAS-0621,DIS-0621,SHP-01966,SHP-01966,,0,Root Disruption,100,0,108,Severe Weather,True,False,Active Cascade
CAS-0621,DIS-0621,SHP-01966,SHP-01966,,0,Dispatch Delay,0,100,108,Severe Weather,True,False,Active Cascade
CAS-0621,DIS-0621,SHP-01966,SHP-01966,,0,Customer Delivery Risk,0,100,108,Severe Weather,True,False,Partially Absorbed
CAS-0621,DIS-0621,SHP-01966,SHP-00100,SHP-01966,1,Shared Vehicle Turnaround,0,20,17,Vehicle Breakdown,False,True,Active Cascade
CAS-0621,DIS-0621,SHP-01966,SHP-00100,SHP-01966,1,Departure Delay,0,20,17,Vehicle Breakdown,False,True,Active Cascade
CAS-0621,DIS-0621,SHP-01966,SHP-00100,SHP-01966,1,Customer Delivery Risk,0,20,17,Vehicle Breakdown,False,True,Partially Absorbed
CAS-0622,DIS-0622,SHP-02597,SHP-02597,,0,Root Disruption,178,0,183,Labor Shortage,True,False,Active Cascade
CAS-0622,DIS-0622,SHP-02597,SHP-02597,,0,Dispatch Delay,0,178,183,Labor Shortage,True,False,Active Cascade
CAS-0622,DIS-0622,SHP-02597,SHP-02597,,0,Customer Delivery Risk,0,178,183,Labor Shortage,True,False,Severe Delay Breached
CAS-0622,DIS-0622,SHP-02597,SHP-08796,SHP-02597,1,Waiting for Inbound Shipment,0,20,19,Labor Shortage,False,True,Active Cascade
CAS-0622,DIS-0622,SHP-02597,SHP-08796,SHP-02597,1,Departure Delay,0,20,19,Labor Shortage,False,True,Active Cascade
CAS-0622,DIS-0622,SHP-02597,SHP-08796,SHP-02597,1,Customer Delivery Risk,0,20,19,Labor Shortage,False,True,Partially Absorbed
CAS-0622,DIS-0622,SHP-02597,SHP-10005,SHP-08796,2,Warehouse Transfer,0,16,11,Labor Shortage,False,True,Active Cascade
CAS-0622,DIS-0622,SHP-02597,SHP-10005,SHP-08796,2,Departure Delay,0,16,11,Labor Shortage,False,True,Active Cascade
CAS-0622,DIS-0622,SHP-02597,SHP-10005,SHP-08796,2,Customer Delivery Risk,0,16,11,Labor Shortage,False,True,Partially Absorbed
CAS-0623,DIS-0623,SHP-11478,SHP-11478,,0,Root Disruption,214,0,221,Warehouse Congestion,True,False,Active Cascade
CAS-0623,DIS-0623,SHP-11478,SHP-11478,,0,Dispatch Delay,0,214,221,Warehouse Congestion,True,False,Active Cascade
CAS-0623,DIS-0623,SHP-11478,SHP-11478,,0,Customer Delivery Risk,0,214,221,Warehouse Congestion,True,False,Severe Delay Breached
CAS-0623,DIS-0623,SHP-11478,SHP-05592,SHP-11478,1,Cross-Dock Transfer,0,16,25,Warehouse Congestion,False,True,Active Cascade
CAS-0623,DIS-0623,SHP-11478,SHP-05592,SHP-11478,1,Departure Delay,0,16,25,Warehouse Congestion,False,True,Active Cascade
CAS-0623,DIS-0623,SHP-11478,SHP-05592,SHP-11478,1,Customer Delivery Risk,0,16,25,Warehouse Congestion,False,True,Partially Absorbed
CAS-0623,DIS-0623,SHP-11478,SHP-03692,SHP-11478,1,Cross-Dock Transfer,0,16,12,Warehouse Congestion,False,True,Active Cascade
CAS-0623,DIS-0623,SHP-11478,SHP-03692,SHP-11478,1,Departure Delay,0,16,12,Warehouse Congestion,False,True,Active Cascade
CAS-0623,DIS-0623,SHP-11478,SHP-03692,SHP-11478,1,Customer Delivery Risk,0,16,12,Warehouse Congestion,False,True,Partially Absorbed
CAS-0624,DIS-0624,SHP-12469,SHP-12469,,0,Root Disruption,175,0,178,Equipment Failure,True,False,Active Cascade
CAS-0624,DIS-0624,SHP-12469,SHP-12469,,0,Dispatch Delay,0,175,178,Equipment Failure,True,False,Active Cascade
CAS-0624,DIS-0624,SHP-12469,SHP-12469,,0,Customer Delivery Risk,0,175,178,Equipment Failure,True,False,Severe Delay Breached
CAS-0624,DIS-0624,SHP-12469,SHP-07168,SHP-12469,1,Cross-Dock Transfer,0,16,14,Equipment Failure,False,True,Active Cascade
CAS-0624,DIS-0624,SHP-12469,SHP-07168,SHP-12469,1,Departure Delay,0,16,14,Equipment Failure,False,True,Active Cascade
CAS-0624,DIS-0624,SHP-12469,SHP-07168,SHP-12469,1,Customer Delivery Risk,0,16,14,Equipment Failure,False,True,Partially Absorbed
CAS-0625,DIS-0625,SHP-03508,SHP-03508,,0,Root Disruption,202,0,201,Warehouse Congestion,True,False,Active Cascade
CAS-0625,DIS-0625,SHP-03508,SHP-03508,,0,Dispatch Delay,0,202,201,Warehouse Congestion,True,False,Active Cascade
CAS-0625,DIS-0625,SHP-03508,SHP-03508,,0,Customer Delivery Risk,0,202,201,Warehouse Congestion,True,False,Severe Delay Breached
CAS-0625,DIS-0625,SHP-03508,SHP-00407,SHP-03508,1,Shared Vehicle Turnaround,0,24,29,Vehicle Breakdown,False,True,Active Cascade
CAS-0625,DIS-0625,SHP-03508,SHP-00407,SHP-03508,1,Departure Delay,0,24,29,Vehicle Breakdown,False,True,Active Cascade
CAS-0625,DIS-0625,SHP-03508,SHP-00407,SHP-03508,1,Customer Delivery Risk,0,24,29,Vehicle Breakdown,False,True,Partially Absorbed
CAS-0626,DIS-0626,SHP-08939,SHP-08939,,0,Root Disruption,139,0,136,State Border Checkpoint Hold,True,False,Active Cascade
CAS-0626,DIS-0626,SHP-08939,SHP-08939,,0,Dispatch Delay,0,139,136,State Border Checkpoint Hold,True,False,Active Cascade
CAS-0626,DIS-0626,SHP-08939,SHP-08939,,0,Customer Delivery Risk,0,139,136,State Border Checkpoint Hold,True,False,Severe Delay Breached
CAS-0626,DIS-0626,SHP-08939,SHP-09367,SHP-08939,1,Route Connection,0,74,76,State Border Checkpoint Hold,False,True,Active Cascade
CAS-0626,DIS-0626,SHP-08939,SHP-09367,SHP-08939,1,Departure Delay,0,74,76,State Border Checkpoint Hold,False,True,Active Cascade
CAS-0626,DIS-0626,SHP-08939,SHP-09367,SHP-08939,1,Customer Delivery Risk,0,74,76,State Border Checkpoint Hold,False,True,Partially Absorbed
CAS-0627,DIS-0627,SHP-10304,SHP-10304,,0,Root Disruption,242,0,245,Severe Weather,True,False,Active Cascade
CAS-0627,DIS-0627,SHP-10304,SHP-10304,,0,Dispatch Delay,0,242,245,Severe Weather,True,False,Active Cascade
CAS-0627,DIS-0627,SHP-10304,SHP-10304,,0,Customer Delivery Risk,0,242,245,Severe Weather,True,False,Severe Delay Breached
CAS-0627,DIS-0627,SHP-10304,SHP-01467,SHP-10304,1,Cross-Dock Transfer,0,38,46,Severe Weather,False,True,Active Cascade
CAS-0627,DIS-0627,SHP-10304,SHP-01467,SHP-10304,1,Departure Delay,0,38,46,Severe Weather,False,True,Active Cascade
CAS-0627,DIS-0627,SHP-10304,SHP-01467,SHP-10304,1,Customer Delivery Risk,0,38,46,Severe Weather,False,True,Partially Absorbed
CAS-0627,DIS-0627,SHP-10304,SHP-01106,SHP-10304,1,Cross-Dock Transfer,0,16,23,Severe Weather,False,True,Active Cascade
CAS-0627,DIS-0627,SHP-10304,SHP-01106,SHP-10304,1,Departure Delay,0,16,23,Severe Weather,False,True,Active Cascade
CAS-0627,DIS-0627,SHP-10304,SHP-01106,SHP-10304,1,Customer Delivery Risk,0,16,23,Severe Weather,False,True,Partially Absorbed
CAS-0628,DIS-0628,SHP-11873,SHP-11873,,0,Root Disruption,89,0,87,Labor Shortage,True,False,Active Cascade
CAS-0628,DIS-0628,SHP-11873,SHP-11873,,0,Dispatch Delay,0,89,87,Labor Shortage,True,False,Active Cascade
CAS-0628,DIS-0628,SHP-11873,SHP-11873,,0,Customer Delivery Risk,0,89,87,Labor Shortage,True,False,Partially Absorbed
CAS-0628,DIS-0628,SHP-11873,SHP-05227,SHP-11873,1,Cross-Dock Transfer,0,16,26,Labor Shortage,False,True,Active Cascade
CAS-0628,DIS-0628,SHP-11873,SHP-05227,SHP-11873,1,Departure Delay,0,16,26,Labor Shortage,False,True,Active Cascade
CAS-0628,DIS-0628,SHP-11873,SHP-05227,SHP-11873,1,Customer Delivery Risk,0,16,26,Labor Shortage,False,True,Partially Absorbed
CAS-0628,DIS-0628,SHP-11873,SHP-07185,SHP-11873,1,Cross-Dock Transfer,0,16,17,Labor Shortage,False,True,Active Cascade
CAS-0628,DIS-0628,SHP-11873,SHP-07185,SHP-11873,1,Departure Delay,0,16,17,Labor Shortage,False,True,Active Cascade
CAS-0628,DIS-0628,SHP-11873,SHP-07185,SHP-11873,1,Customer Delivery Risk,0,16,17,Labor Shortage,False,True,Partially Absorbed
CAS-0629,DIS-0629,SHP-00173,SHP-00173,,0,Root Disruption,71,0,72,State Border Checkpoint Hold,True,False,Active Cascade
CAS-0629,DIS-0629,SHP-00173,SHP-00173,,0,Dispatch Delay,0,71,72,State Border Checkpoint Hold,True,False,Active Cascade
CAS-0629,DIS-0629,SHP-00173,SHP-00173,,0,Customer Delivery Risk,0,71,72,State Border Checkpoint Hold,True,False,Partially Absorbed
CAS-0629,DIS-0629,SHP-00173,SHP-04131,SHP-00173,1,Shared Vehicle Turnaround,0,20,23,Vehicle Breakdown,False,True,Active Cascade
CAS-0629,DIS-0629,SHP-00173,SHP-04131,SHP-00173,1,Departure Delay,0,20,23,Vehicle Breakdown,False,True,Active Cascade
CAS-0629,DIS-0629,SHP-00173,SHP-04131,SHP-00173,1,Customer Delivery Risk,0,20,23,Vehicle Breakdown,False,True,Partially Absorbed
CAS-0630,DIS-0630,SHP-08367,SHP-08367,,0,Root Disruption,154,0,155,Road Closure,True,False,Active Cascade
CAS-0630,DIS-0630,SHP-08367,SHP-08367,,0,Dispatch Delay,0,154,155,Road Closure,True,False,Active Cascade
CAS-0630,DIS-0630,SHP-08367,SHP-08367,,0,Customer Delivery Risk,0,154,155,Road Closure,True,False,Severe Delay Breached
CAS-0630,DIS-0630,SHP-08367,SHP-01239,SHP-08367,1,Warehouse Congestion Transfer,124,0,120,Warehouse Congestion,False,True,Active Cascade
CAS-0630,DIS-0630,SHP-08367,SHP-01239,SHP-08367,1,Departure Delay,0,0,120,Warehouse Congestion,False,True,Active Cascade
CAS-0630,DIS-0630,SHP-08367,SHP-01239,SHP-08367,1,Customer Delivery Risk,0,0,120,Warehouse Congestion,False,True,Partially Absorbed
CAS-0630,DIS-0630,SHP-08367,SHP-00991,SHP-08367,1,Warehouse Congestion Transfer,82,0,91,Warehouse Congestion,False,True,Active Cascade
CAS-0630,DIS-0630,SHP-08367,SHP-00991,SHP-08367,1,Departure Delay,0,0,91,Warehouse Congestion,False,True,Active Cascade
CAS-0630,DIS-0630,SHP-08367,SHP-00991,SHP-08367,1,Customer Delivery Risk,0,0,91,Warehouse Congestion,False,True,Partially Absorbed
CAS-0630,DIS-0630,SHP-08367,SHP-01201,SHP-08367,1,Warehouse Congestion Transfer,109,0,109,Warehouse Congestion,False,True,Active Cascade
CAS-0630,DIS-0630,SHP-08367,SHP-01201,SHP-08367,1,Departure Delay,0,0,109,Warehouse Congestion,False,True,Active Cascade
CAS-0630,DIS-0630,SHP-08367,SHP-01201,SHP-08367,1,Customer Delivery Risk,0,0,109,Warehouse Congestion,False,True,Partially Absorbed
CAS-0631,DIS-0631,SHP-11906,SHP-11906,,0,Root Disruption,174,0,184,Vehicle Breakdown,True,False,Active Cascade
CAS-0631,DIS-0631,SHP-11906,SHP-11906,,0,Dispatch Delay,0,174,184,Vehicle Breakdown,True,False,Active Cascade
CAS-0631,DIS-0631,SHP-11906,SHP-11906,,0,Customer Delivery Risk,0,174,184,Vehicle Breakdown,True,False,Severe Delay Breached
CAS-0631,DIS-0631,SHP-11906,SHP-01486,SHP-11906,1,Cross-Dock Transfer,0,110,112,Vehicle Breakdown,False,True,Active Cascade
CAS-0631,DIS-0631,SHP-11906,SHP-01486,SHP-11906,1,Departure Delay,0,110,112,Vehicle Breakdown,False,True,Active Cascade
CAS-0631,DIS-0631,SHP-11906,SHP-01486,SHP-11906,1,Customer Delivery Risk,0,110,112,Vehicle Breakdown,False,True,Partially Absorbed
CAS-0631,DIS-0631,SHP-11906,SHP-11903,SHP-11906,1,Cross-Dock Transfer,0,97,97,Vehicle Breakdown,False,True,Active Cascade
CAS-0631,DIS-0631,SHP-11906,SHP-11903,SHP-11906,1,Departure Delay,0,97,97,Vehicle Breakdown,False,True,Active Cascade
CAS-0631,DIS-0631,SHP-11906,SHP-11903,SHP-11906,1,Customer Delivery Risk,0,97,97,Vehicle Breakdown,False,True,Partially Absorbed
CAS-0632,DIS-0632,SHP-02026,SHP-02026,,0,Root Disruption,90,0,88,Severe Weather,True,False,Active Cascade
CAS-0632,DIS-0632,SHP-02026,SHP-02026,,0,Dispatch Delay,0,90,88,Severe Weather,True,False,Active Cascade
CAS-0632,DIS-0632,SHP-02026,SHP-02026,,0,Customer Delivery Risk,0,90,88,Severe Weather,True,False,Partially Absorbed
CAS-0632,DIS-0632,SHP-02026,SHP-10832,SHP-02026,1,Cross-Dock Transfer,0,16,25,Severe Weather,False,True,Active Cascade
CAS-0632,DIS-0632,SHP-02026,SHP-10832,SHP-02026,1,Departure Delay,0,16,25,Severe Weather,False,True,Active Cascade
CAS-0632,DIS-0632,SHP-02026,SHP-10832,SHP-02026,1,Customer Delivery Risk,0,16,25,Severe Weather,False,True,Partially Absorbed
CAS-0633,DIS-0633,SHP-06014,SHP-06014,,0,Root Disruption,156,0,151,Labor Shortage,True,False,Active Cascade
CAS-0633,DIS-0633,SHP-06014,SHP-06014,,0,Dispatch Delay,0,156,151,Labor Shortage,True,False,Active Cascade
CAS-0633,DIS-0633,SHP-06014,SHP-06014,,0,Customer Delivery Risk,0,156,151,Labor Shortage,True,False,Severe Delay Breached
CAS-0633,DIS-0633,SHP-06014,SHP-12093,SHP-06014,1,Route Connection,0,51,57,Labor Shortage,False,True,Active Cascade
CAS-0633,DIS-0633,SHP-06014,SHP-12093,SHP-06014,1,Departure Delay,0,51,57,Labor Shortage,False,True,Active Cascade
CAS-0633,DIS-0633,SHP-06014,SHP-12093,SHP-06014,1,Customer Delivery Risk,0,51,57,Labor Shortage,False,True,Partially Absorbed
CAS-0633,DIS-0633,SHP-06014,SHP-05090,SHP-12093,2,Warehouse Transfer,0,16,11,Labor Shortage,False,True,Active Cascade
CAS-0633,DIS-0633,SHP-06014,SHP-05090,SHP-12093,2,Departure Delay,0,16,11,Labor Shortage,False,True,Active Cascade
CAS-0633,DIS-0633,SHP-06014,SHP-05090,SHP-12093,2,Customer Delivery Risk,0,16,11,Labor Shortage,False,True,Partially Absorbed
CAS-0633,DIS-0633,SHP-06014,SHP-08153,SHP-05090,3,Route Connection,0,16,16,Labor Shortage,False,True,Active Cascade
CAS-0633,DIS-0633,SHP-06014,SHP-08153,SHP-05090,3,Departure Delay,0,16,16,Labor Shortage,False,True,Active Cascade
CAS-0633,DIS-0633,SHP-06014,SHP-08153,SHP-05090,3,Customer Delivery Risk,0,16,16,Labor Shortage,False,True,Partially Absorbed
CAS-0633,DIS-0633,SHP-06014,SHP-05191,SHP-12093,2,Warehouse Transfer,0,16,15,Labor Shortage,False,True,Active Cascade
CAS-0633,DIS-0633,SHP-06014,SHP-05191,SHP-12093,2,Departure Delay,0,16,15,Labor Shortage,False,True,Active Cascade
CAS-0633,DIS-0633,SHP-06014,SHP-05191,SHP-12093,2,Customer Delivery Risk,0,16,15,Labor Shortage,False,True,Partially Absorbed
CAS-0634,DIS-0634,SHP-03094,SHP-03094,,0,Root Disruption,199,0,201,Warehouse Congestion,True,False,Active Cascade
CAS-0634,DIS-0634,SHP-03094,SHP-03094,,0,Dispatch Delay,0,199,201,Warehouse Congestion,True,False,Active Cascade
CAS-0634,DIS-0634,SHP-03094,SHP-03094,,0,Customer Delivery Risk,0,199,201,Warehouse Congestion,True,False,Severe Delay Breached
CAS-0634,DIS-0634,SHP-03094,SHP-11725,SHP-03094,1,Route Connection,0,20,24,Warehouse Congestion,False,True,Active Cascade
CAS-0634,DIS-0634,SHP-03094,SHP-11725,SHP-03094,1,Departure Delay,0,20,24,Warehouse Congestion,False,True,Active Cascade
CAS-0634,DIS-0634,SHP-03094,SHP-11725,SHP-03094,1,Customer Delivery Risk,0,20,24,Warehouse Congestion,False,True,Partially Absorbed
CAS-0634,DIS-0634,SHP-03094,SHP-04053,SHP-11725,2,Warehouse Transfer,0,16,11,Warehouse Congestion,False,True,Active Cascade
CAS-0634,DIS-0634,SHP-03094,SHP-04053,SHP-11725,2,Departure Delay,0,16,11,Warehouse Congestion,False,True,Active Cascade
CAS-0634,DIS-0634,SHP-03094,SHP-04053,SHP-11725,2,Customer Delivery Risk,0,16,11,Warehouse Congestion,False,True,Partially Absorbed
CAS-0634,DIS-0634,SHP-03094,SHP-10829,SHP-04053,3,Route Connection,0,16,21,Warehouse Congestion,False,True,Active Cascade
CAS-0634,DIS-0634,SHP-03094,SHP-10829,SHP-04053,3,Departure Delay,0,16,21,Warehouse Congestion,False,True,Active Cascade
CAS-0634,DIS-0634,SHP-03094,SHP-10829,SHP-04053,3,Customer Delivery Risk,0,16,21,Warehouse Congestion,False,True,Partially Absorbed
CAS-0635,DIS-0635,SHP-11773,SHP-11773,,0,Root Disruption,142,0,137,Severe Weather,True,False,Active Cascade
CAS-0635,DIS-0635,SHP-11773,SHP-11773,,0,Dispatch Delay,0,142,137,Severe Weather,True,False,Active Cascade
CAS-0635,DIS-0635,SHP-11773,SHP-11773,,0,Customer Delivery Risk,0,142,137,Severe Weather,True,False,Severe Delay Breached
CAS-0635,DIS-0635,SHP-11773,SHP-08466,SHP-11773,1,Cross-Dock Transfer,0,16,23,Severe Weather,False,True,Active Cascade
CAS-0635,DIS-0635,SHP-11773,SHP-08466,SHP-11773,1,Departure Delay,0,16,23,Severe Weather,False,True,Active Cascade
CAS-0635,DIS-0635,SHP-11773,SHP-08466,SHP-11773,1,Customer Delivery Risk,0,16,23,Severe Weather,False,True,Partially Absorbed
CAS-0635,DIS-0635,SHP-11773,SHP-10283,SHP-11773,1,Cross-Dock Transfer,0,16,22,Severe Weather,False,True,Active Cascade
CAS-0635,DIS-0635,SHP-11773,SHP-10283,SHP-11773,1,Departure Delay,0,16,22,Severe Weather,False,True,Active Cascade
CAS-0635,DIS-0635,SHP-11773,SHP-10283,SHP-11773,1,Customer Delivery Risk,0,16,22,Severe Weather,False,True,Partially Absorbed
CAS-0636,DIS-0636,SHP-02638,SHP-02638,,0,Root Disruption,162,0,161,Warehouse Congestion,True,False,Active Cascade
CAS-0636,DIS-0636,SHP-02638,SHP-02638,,0,Dispatch Delay,0,162,161,Warehouse Congestion,True,False,Active Cascade
CAS-0636,DIS-0636,SHP-02638,SHP-02638,,0,Customer Delivery Risk,0,162,161,Warehouse Congestion,True,False,Severe Delay Breached
CAS-0636,DIS-0636,SHP-02638,SHP-12161,SHP-02638,1,Route Connection,0,85,90,Warehouse Congestion,False,True,Active Cascade
CAS-0636,DIS-0636,SHP-02638,SHP-12161,SHP-02638,1,Departure Delay,0,85,90,Warehouse Congestion,False,True,Active Cascade
CAS-0636,DIS-0636,SHP-02638,SHP-12161,SHP-02638,1,Customer Delivery Risk,0,85,90,Warehouse Congestion,False,True,Partially Absorbed
CAS-0637,DIS-0637,SHP-06274,SHP-06274,,0,Root Disruption,126,0,127,Labor Shortage,True,False,Active Cascade
CAS-0637,DIS-0637,SHP-06274,SHP-06274,,0,Dispatch Delay,0,126,127,Labor Shortage,True,False,Active Cascade
CAS-0637,DIS-0637,SHP-06274,SHP-06274,,0,Customer Delivery Risk,0,126,127,Labor Shortage,True,False,Severe Delay Breached
CAS-0637,DIS-0637,SHP-06274,SHP-10286,SHP-06274,1,Route Connection,0,20,25,Labor Shortage,False,True,Active Cascade
CAS-0637,DIS-0637,SHP-06274,SHP-10286,SHP-06274,1,Departure Delay,0,20,25,Labor Shortage,False,True,Active Cascade
CAS-0637,DIS-0637,SHP-06274,SHP-10286,SHP-06274,1,Customer Delivery Risk,0,20,25,Labor Shortage,False,True,Partially Absorbed
CAS-0637,DIS-0637,SHP-06274,SHP-12474,SHP-10286,2,Warehouse Transfer,0,16,14,Labor Shortage,False,True,Active Cascade
CAS-0637,DIS-0637,SHP-06274,SHP-12474,SHP-10286,2,Departure Delay,0,16,14,Labor Shortage,False,True,Active Cascade
CAS-0637,DIS-0637,SHP-06274,SHP-12474,SHP-10286,2,Customer Delivery Risk,0,16,14,Labor Shortage,False,True,Partially Absorbed
CAS-0637,DIS-0637,SHP-06274,SHP-04467,SHP-12474,3,Route Connection,0,16,19,Labor Shortage,False,True,Active Cascade
CAS-0637,DIS-0637,SHP-06274,SHP-04467,SHP-12474,3,Departure Delay,0,16,19,Labor Shortage,False,True,Active Cascade
CAS-0637,DIS-0637,SHP-06274,SHP-04467,SHP-12474,3,Customer Delivery Risk,0,16,19,Labor Shortage,False,True,Partially Absorbed
CAS-0637,DIS-0637,SHP-06274,SHP-00373,SHP-10286,2,Warehouse Transfer,0,16,11,Labor Shortage,False,True,Active Cascade
CAS-0637,DIS-0637,SHP-06274,SHP-00373,SHP-10286,2,Departure Delay,0,16,11,Labor Shortage,False,True,Active Cascade
CAS-0637,DIS-0637,SHP-06274,SHP-00373,SHP-10286,2,Customer Delivery Risk,0,16,11,Labor Shortage,False,True,Partially Absorbed
CAS-0638,DIS-0638,SHP-09458,SHP-09458,,0,Root Disruption,166,0,161,Warehouse Congestion,True,False,Active Cascade
CAS-0638,DIS-0638,SHP-09458,SHP-09458,,0,Dispatch Delay,0,166,161,Warehouse Congestion,True,False,Active Cascade
CAS-0638,DIS-0638,SHP-09458,SHP-09458,,0,Customer Delivery Risk,0,166,161,Warehouse Congestion,True,False,Severe Delay Breached
CAS-0638,DIS-0638,SHP-09458,SHP-04538,SHP-09458,1,Route Connection,0,45,42,Warehouse Congestion,False,True,Active Cascade
CAS-0638,DIS-0638,SHP-09458,SHP-04538,SHP-09458,1,Departure Delay,0,45,42,Warehouse Congestion,False,True,Active Cascade
CAS-0638,DIS-0638,SHP-09458,SHP-04538,SHP-09458,1,Customer Delivery Risk,0,45,42,Warehouse Congestion,False,True,Partially Absorbed
CAS-0639,DIS-0639,SHP-13283,SHP-13283,,0,Root Disruption,111,0,111,Severe Weather,True,False,Active Cascade
CAS-0639,DIS-0639,SHP-13283,SHP-13283,,0,Dispatch Delay,0,111,111,Severe Weather,True,False,Active Cascade
CAS-0639,DIS-0639,SHP-13283,SHP-13283,,0,Customer Delivery Risk,0,111,111,Severe Weather,True,False,Partially Absorbed
CAS-0639,DIS-0639,SHP-13283,SHP-10172,SHP-13283,1,Waiting for Inbound Shipment,0,20,20,Severe Weather,False,True,Active Cascade
CAS-0639,DIS-0639,SHP-13283,SHP-10172,SHP-13283,1,Departure Delay,0,20,20,Severe Weather,False,True,Active Cascade
CAS-0639,DIS-0639,SHP-13283,SHP-10172,SHP-13283,1,Customer Delivery Risk,0,20,20,Severe Weather,False,True,Partially Absorbed
CAS-0640,DIS-0640,SHP-09523,SHP-09523,,0,Root Disruption,107,0,107,Severe Weather,True,False,Active Cascade
CAS-0640,DIS-0640,SHP-09523,SHP-09523,,0,Dispatch Delay,0,107,107,Severe Weather,True,False,Active Cascade
CAS-0640,DIS-0640,SHP-09523,SHP-09523,,0,Customer Delivery Risk,0,107,107,Severe Weather,True,False,Partially Absorbed
CAS-0640,DIS-0640,SHP-09523,SHP-09173,SHP-09523,1,Route Connection,0,20,26,Severe Weather,False,True,Active Cascade
CAS-0640,DIS-0640,SHP-09523,SHP-09173,SHP-09523,1,Departure Delay,0,20,26,Severe Weather,False,True,Active Cascade
CAS-0640,DIS-0640,SHP-09523,SHP-09173,SHP-09523,1,Customer Delivery Risk,0,20,26,Severe Weather,False,True,Partially Absorbed
CAS-0640,DIS-0640,SHP-09523,SHP-13657,SHP-09173,2,Warehouse Transfer,0,16,25,Severe Weather,False,True,Active Cascade
CAS-0640,DIS-0640,SHP-09523,SHP-13657,SHP-09173,2,Departure Delay,0,16,25,Severe Weather,False,True,Active Cascade
CAS-0640,DIS-0640,SHP-09523,SHP-13657,SHP-09173,2,Customer Delivery Risk,0,16,25,Severe Weather,False,True,Partially Absorbed
CAS-0640,DIS-0640,SHP-09523,SHP-09177,SHP-09173,2,Warehouse Transfer,0,16,14,Severe Weather,False,True,Active Cascade
CAS-0640,DIS-0640,SHP-09523,SHP-09177,SHP-09173,2,Departure Delay,0,16,14,Severe Weather,False,True,Active Cascade
CAS-0640,DIS-0640,SHP-09523,SHP-09177,SHP-09173,2,Customer Delivery Risk,0,16,14,Severe Weather,False,True,Partially Absorbed
CAS-0641,DIS-0641,SHP-12924,SHP-12924,,0,Root Disruption,118,0,128,State Border Checkpoint Hold,True,False,Active Cascade
CAS-0641,DIS-0641,SHP-12924,SHP-12924,,0,Dispatch Delay,0,118,128,State Border Checkpoint Hold,True,False,Active Cascade
CAS-0641,DIS-0641,SHP-12924,SHP-12924,,0,Customer Delivery Risk,0,118,128,State Border Checkpoint Hold,True,False,Severe Delay Breached
CAS-0641,DIS-0641,SHP-12924,SHP-11614,SHP-12924,1,Route Connection,0,20,28,State Border Checkpoint Hold,False,True,Active Cascade
CAS-0641,DIS-0641,SHP-12924,SHP-11614,SHP-12924,1,Departure Delay,0,20,28,State Border Checkpoint Hold,False,True,Active Cascade
CAS-0641,DIS-0641,SHP-12924,SHP-11614,SHP-12924,1,Customer Delivery Risk,0,20,28,State Border Checkpoint Hold,False,True,Partially Absorbed
CAS-0641,DIS-0641,SHP-12924,SHP-03725,SHP-11614,2,Warehouse Transfer,0,16,25,State Border Checkpoint Hold,False,True,Active Cascade
CAS-0641,DIS-0641,SHP-12924,SHP-03725,SHP-11614,2,Departure Delay,0,16,25,State Border Checkpoint Hold,False,True,Active Cascade
CAS-0641,DIS-0641,SHP-12924,SHP-03725,SHP-11614,2,Customer Delivery Risk,0,16,25,State Border Checkpoint Hold,False,True,Partially Absorbed
CAS-0641,DIS-0641,SHP-12924,SHP-04172,SHP-11614,2,Warehouse Transfer,0,16,19,State Border Checkpoint Hold,False,True,Active Cascade
CAS-0641,DIS-0641,SHP-12924,SHP-04172,SHP-11614,2,Departure Delay,0,16,19,State Border Checkpoint Hold,False,True,Active Cascade
CAS-0641,DIS-0641,SHP-12924,SHP-04172,SHP-11614,2,Customer Delivery Risk,0,16,19,State Border Checkpoint Hold,False,True,Partially Absorbed
CAS-0642,DIS-0642,SHP-07819,SHP-07819,,0,Root Disruption,206,0,215,Vehicle Breakdown,True,False,Active Cascade
CAS-0642,DIS-0642,SHP-07819,SHP-07819,,0,Dispatch Delay,0,206,215,Vehicle Breakdown,True,False,Active Cascade
CAS-0642,DIS-0642,SHP-07819,SHP-07819,,0,Customer Delivery Risk,0,206,215,Vehicle Breakdown,True,False,Severe Delay Breached
CAS-0642,DIS-0642,SHP-07819,SHP-09188,SHP-07819,1,Warehouse Congestion Transfer,166,0,174,Warehouse Congestion,False,True,Active Cascade
CAS-0642,DIS-0642,SHP-07819,SHP-09188,SHP-07819,1,Departure Delay,0,0,174,Warehouse Congestion,False,True,Active Cascade
CAS-0642,DIS-0642,SHP-07819,SHP-09188,SHP-07819,1,Customer Delivery Risk,0,0,174,Warehouse Congestion,False,True,Severe Delay Breached
CAS-0643,DIS-0643,SHP-02983,SHP-02983,,0,Root Disruption,146,0,148,Vehicle Breakdown,True,False,Active Cascade
CAS-0643,DIS-0643,SHP-02983,SHP-02983,,0,Dispatch Delay,0,146,148,Vehicle Breakdown,True,False,Active Cascade
CAS-0643,DIS-0643,SHP-02983,SHP-02983,,0,Customer Delivery Risk,0,146,148,Vehicle Breakdown,True,False,Severe Delay Breached
CAS-0643,DIS-0643,SHP-02983,SHP-08549,SHP-02983,1,Route Connection,0,84,79,Vehicle Breakdown,False,True,Active Cascade
CAS-0643,DIS-0643,SHP-02983,SHP-08549,SHP-02983,1,Departure Delay,0,84,79,Vehicle Breakdown,False,True,Active Cascade
CAS-0643,DIS-0643,SHP-02983,SHP-08549,SHP-02983,1,Customer Delivery Risk,0,84,79,Vehicle Breakdown,False,True,Partially Absorbed
CAS-0644,DIS-0644,SHP-10462,SHP-10462,,0,Root Disruption,157,0,161,Labor Shortage,True,False,Active Cascade
CAS-0644,DIS-0644,SHP-10462,SHP-10462,,0,Dispatch Delay,0,157,161,Labor Shortage,True,False,Active Cascade
CAS-0644,DIS-0644,SHP-10462,SHP-10462,,0,Customer Delivery Risk,0,157,161,Labor Shortage,True,False,Severe Delay Breached
CAS-0644,DIS-0644,SHP-10462,SHP-08658,SHP-10462,1,Route Connection,0,61,58,Labor Shortage,False,True,Active Cascade
CAS-0644,DIS-0644,SHP-10462,SHP-08658,SHP-10462,1,Departure Delay,0,61,58,Labor Shortage,False,True,Active Cascade
CAS-0644,DIS-0644,SHP-10462,SHP-08658,SHP-10462,1,Customer Delivery Risk,0,61,58,Labor Shortage,False,True,Partially Absorbed
CAS-0645,DIS-0645,SHP-10050,SHP-10050,,0,Root Disruption,128,0,132,Vehicle Breakdown,True,False,Active Cascade
CAS-0645,DIS-0645,SHP-10050,SHP-10050,,0,Dispatch Delay,0,128,132,Vehicle Breakdown,True,False,Active Cascade
CAS-0645,DIS-0645,SHP-10050,SHP-10050,,0,Customer Delivery Risk,0,128,132,Vehicle Breakdown,True,False,Severe Delay Breached
CAS-0645,DIS-0645,SHP-10050,SHP-10079,SHP-10050,1,Route Connection,0,88,94,Vehicle Breakdown,False,True,Active Cascade
CAS-0645,DIS-0645,SHP-10050,SHP-10079,SHP-10050,1,Departure Delay,0,88,94,Vehicle Breakdown,False,True,Active Cascade
CAS-0645,DIS-0645,SHP-10050,SHP-10079,SHP-10050,1,Customer Delivery Risk,0,88,94,Vehicle Breakdown,False,True,Partially Absorbed
CAS-0646,DIS-0646,SHP-07982,SHP-07982,,0,Root Disruption,220,0,226,Road Closure,True,False,Active Cascade
CAS-0646,DIS-0646,SHP-07982,SHP-07982,,0,Dispatch Delay,0,220,226,Road Closure,True,False,Active Cascade
CAS-0646,DIS-0646,SHP-07982,SHP-07982,,0,Customer Delivery Risk,0,220,226,Road Closure,True,False,Severe Delay Breached
CAS-0646,DIS-0646,SHP-07982,SHP-03700,SHP-07982,1,Route Connection,0,20,19,Road Closure,False,True,Active Cascade
CAS-0646,DIS-0646,SHP-07982,SHP-03700,SHP-07982,1,Departure Delay,0,20,19,Road Closure,False,True,Active Cascade
CAS-0646,DIS-0646,SHP-07982,SHP-03700,SHP-07982,1,Customer Delivery Risk,0,20,19,Road Closure,False,True,Partially Absorbed
CAS-0646,DIS-0646,SHP-07982,SHP-13791,SHP-03700,2,Warehouse Transfer,0,16,22,Road Closure,False,True,Active Cascade
CAS-0646,DIS-0646,SHP-07982,SHP-13791,SHP-03700,2,Departure Delay,0,16,22,Road Closure,False,True,Active Cascade
CAS-0646,DIS-0646,SHP-07982,SHP-13791,SHP-03700,2,Customer Delivery Risk,0,16,22,Road Closure,False,True,Partially Absorbed
CAS-0646,DIS-0646,SHP-07982,SHP-07004,SHP-13791,3,Route Connection,0,16,18,Road Closure,False,True,Active Cascade
CAS-0646,DIS-0646,SHP-07982,SHP-07004,SHP-13791,3,Departure Delay,0,16,18,Road Closure,False,True,Active Cascade
CAS-0646,DIS-0646,SHP-07982,SHP-07004,SHP-13791,3,Customer Delivery Risk,0,16,18,Road Closure,False,True,Partially Absorbed
CAS-0646,DIS-0646,SHP-07982,SHP-12433,SHP-03700,2,Warehouse Transfer,0,16,24,Road Closure,False,True,Active Cascade
CAS-0646,DIS-0646,SHP-07982,SHP-12433,SHP-03700,2,Departure Delay,0,16,24,Road Closure,False,True,Active Cascade
CAS-0646,DIS-0646,SHP-07982,SHP-12433,SHP-03700,2,Customer Delivery Risk,0,16,24,Road Closure,False,True,Partially Absorbed
CAS-0647,DIS-0647,SHP-04032,SHP-04032,,0,Root Disruption,82,0,80,Equipment Failure,True,False,Active Cascade
CAS-0647,DIS-0647,SHP-04032,SHP-04032,,0,Dispatch Delay,0,82,80,Equipment Failure,True,False,Active Cascade
CAS-0647,DIS-0647,SHP-04032,SHP-04032,,0,Customer Delivery Risk,0,82,80,Equipment Failure,True,False,Partially Absorbed
CAS-0647,DIS-0647,SHP-04032,SHP-11643,SHP-04032,1,Waiting for Inbound Shipment,0,20,23,Equipment Failure,False,True,Active Cascade
CAS-0647,DIS-0647,SHP-04032,SHP-11643,SHP-04032,1,Departure Delay,0,20,23,Equipment Failure,False,True,Active Cascade
CAS-0647,DIS-0647,SHP-04032,SHP-11643,SHP-04032,1,Customer Delivery Risk,0,20,23,Equipment Failure,False,True,Partially Absorbed
CAS-0648,DIS-0648,SHP-10254,SHP-10254,,0,Root Disruption,101,0,108,Severe Weather,True,False,Active Cascade
CAS-0648,DIS-0648,SHP-10254,SHP-10254,,0,Dispatch Delay,0,101,108,Severe Weather,True,False,Active Cascade
CAS-0648,DIS-0648,SHP-10254,SHP-10254,,0,Customer Delivery Risk,0,101,108,Severe Weather,True,False,Partially Absorbed
CAS-0648,DIS-0648,SHP-10254,SHP-06707,SHP-10254,1,Route Connection,0,20,20,Severe Weather,False,True,Active Cascade
CAS-0648,DIS-0648,SHP-10254,SHP-06707,SHP-10254,1,Departure Delay,0,20,20,Severe Weather,False,True,Active Cascade
CAS-0648,DIS-0648,SHP-10254,SHP-06707,SHP-10254,1,Customer Delivery Risk,0,20,20,Severe Weather,False,True,Partially Absorbed
CAS-0649,DIS-0649,SHP-12670,SHP-12670,,0,Root Disruption,252,0,254,Vehicle Breakdown,True,False,Active Cascade
CAS-0649,DIS-0649,SHP-12670,SHP-12670,,0,Dispatch Delay,0,252,254,Vehicle Breakdown,True,False,Active Cascade
CAS-0649,DIS-0649,SHP-12670,SHP-12670,,0,Customer Delivery Risk,0,252,254,Vehicle Breakdown,True,False,Severe Delay Breached
CAS-0649,DIS-0649,SHP-12670,SHP-03429,SHP-12670,1,Route Connection,0,20,19,Vehicle Breakdown,False,True,Active Cascade
CAS-0649,DIS-0649,SHP-12670,SHP-03429,SHP-12670,1,Departure Delay,0,20,19,Vehicle Breakdown,False,True,Active Cascade
CAS-0649,DIS-0649,SHP-12670,SHP-03429,SHP-12670,1,Customer Delivery Risk,0,20,19,Vehicle Breakdown,False,True,Partially Absorbed
CAS-0650,DIS-0650,SHP-04195,SHP-04195,,0,Root Disruption,124,0,127,Road Closure,True,False,Active Cascade
CAS-0650,DIS-0650,SHP-04195,SHP-04195,,0,Dispatch Delay,0,124,127,Road Closure,True,False,Active Cascade
CAS-0650,DIS-0650,SHP-04195,SHP-04195,,0,Customer Delivery Risk,0,124,127,Road Closure,True,False,Severe Delay Breached
CAS-0650,DIS-0650,SHP-04195,SHP-13941,SHP-04195,1,Route Connection,0,20,25,Road Closure,False,True,Active Cascade
CAS-0650,DIS-0650,SHP-04195,SHP-13941,SHP-04195,1,Departure Delay,0,20,25,Road Closure,False,True,Active Cascade
CAS-0650,DIS-0650,SHP-04195,SHP-13941,SHP-04195,1,Customer Delivery Risk,0,20,25,Road Closure,False,True,Partially Absorbed
CAS-0650,DIS-0650,SHP-04195,SHP-01821,SHP-13941,2,Warehouse Transfer,0,16,26,Road Closure,False,True,Active Cascade
CAS-0650,DIS-0650,SHP-04195,SHP-01821,SHP-13941,2,Departure Delay,0,16,26,Road Closure,False,True,Active Cascade
CAS-0650,DIS-0650,SHP-04195,SHP-01821,SHP-13941,2,Customer Delivery Risk,0,16,26,Road Closure,False,True,Partially Absorbed
CAS-0650,DIS-0650,SHP-04195,SHP-03074,SHP-01821,3,Route Connection,0,16,13,Road Closure,False,True,Active Cascade
CAS-0650,DIS-0650,SHP-04195,SHP-03074,SHP-01821,3,Departure Delay,0,16,13,Road Closure,False,True,Active Cascade
CAS-0650,DIS-0650,SHP-04195,SHP-03074,SHP-01821,3,Customer Delivery Risk,0,16,13,Road Closure,False,True,Partially Absorbed
CAS-0651,DIS-0651,SHP-03510,SHP-03510,,0,Root Disruption,243,0,244,Vehicle Breakdown,True,False,Active Cascade
CAS-0651,DIS-0651,SHP-03510,SHP-03510,,0,Dispatch Delay,0,243,244,Vehicle Breakdown,True,False,Active Cascade
CAS-0651,DIS-0651,SHP-03510,SHP-03510,,0,Customer Delivery Risk,0,243,244,Vehicle Breakdown,True,False,Severe Delay Breached
CAS-0651,DIS-0651,SHP-03510,SHP-12762,SHP-03510,1,Route Connection,0,196,194,Vehicle Breakdown,False,True,Active Cascade
CAS-0651,DIS-0651,SHP-03510,SHP-12762,SHP-03510,1,Departure Delay,0,196,194,Vehicle Breakdown,False,True,Active Cascade
CAS-0651,DIS-0651,SHP-03510,SHP-12762,SHP-03510,1,Customer Delivery Risk,0,196,194,Vehicle Breakdown,False,True,Severe Delay Breached
CAS-0651,DIS-0651,SHP-03510,SHP-02587,SHP-12762,2,Warehouse Transfer,0,16,17,Vehicle Breakdown,False,True,Active Cascade
CAS-0651,DIS-0651,SHP-03510,SHP-02587,SHP-12762,2,Departure Delay,0,16,17,Vehicle Breakdown,False,True,Active Cascade
CAS-0651,DIS-0651,SHP-03510,SHP-02587,SHP-12762,2,Customer Delivery Risk,0,16,17,Vehicle Breakdown,False,True,Partially Absorbed
CAS-0651,DIS-0651,SHP-03510,SHP-00646,SHP-02587,3,Route Connection,0,16,13,Vehicle Breakdown,False,True,Active Cascade
CAS-0651,DIS-0651,SHP-03510,SHP-00646,SHP-02587,3,Departure Delay,0,16,13,Vehicle Breakdown,False,True,Active Cascade
CAS-0651,DIS-0651,SHP-03510,SHP-00646,SHP-02587,3,Customer Delivery Risk,0,16,13,Vehicle Breakdown,False,True,Partially Absorbed
CAS-0652,DIS-0652,SHP-06233,SHP-06233,,0,Root Disruption,97,0,104,Severe Weather,True,False,Active Cascade
CAS-0652,DIS-0652,SHP-06233,SHP-06233,,0,Dispatch Delay,0,97,104,Severe Weather,True,False,Active Cascade
CAS-0652,DIS-0652,SHP-06233,SHP-06233,,0,Customer Delivery Risk,0,97,104,Severe Weather,True,False,Partially Absorbed
CAS-0652,DIS-0652,SHP-06233,SHP-09442,SHP-06233,1,Cross-Dock Transfer,0,18,18,Severe Weather,False,True,Active Cascade
CAS-0652,DIS-0652,SHP-06233,SHP-09442,SHP-06233,1,Departure Delay,0,18,18,Severe Weather,False,True,Active Cascade
CAS-0652,DIS-0652,SHP-06233,SHP-09442,SHP-06233,1,Customer Delivery Risk,0,18,18,Severe Weather,False,True,Partially Absorbed
CAS-0652,DIS-0652,SHP-06233,SHP-00121,SHP-06233,1,Cross-Dock Transfer,0,16,14,Severe Weather,False,True,Active Cascade
CAS-0652,DIS-0652,SHP-06233,SHP-00121,SHP-06233,1,Departure Delay,0,16,14,Severe Weather,False,True,Active Cascade
CAS-0652,DIS-0652,SHP-06233,SHP-00121,SHP-06233,1,Customer Delivery Risk,0,16,14,Severe Weather,False,True,Partially Absorbed
CAS-0653,DIS-0653,SHP-11635,SHP-11635,,0,Root Disruption,113,0,112,State Border Checkpoint Hold,True,False,Active Cascade
CAS-0653,DIS-0653,SHP-11635,SHP-11635,,0,Dispatch Delay,0,113,112,State Border Checkpoint Hold,True,False,Active Cascade
CAS-0653,DIS-0653,SHP-11635,SHP-11635,,0,Customer Delivery Risk,0,113,112,State Border Checkpoint Hold,True,False,Partially Absorbed
CAS-0653,DIS-0653,SHP-11635,SHP-09540,SHP-11635,1,Cross-Dock Transfer,0,16,13,State Border Checkpoint Hold,False,True,Active Cascade
CAS-0653,DIS-0653,SHP-11635,SHP-09540,SHP-11635,1,Departure Delay,0,16,13,State Border Checkpoint Hold,False,True,Active Cascade
CAS-0653,DIS-0653,SHP-11635,SHP-09540,SHP-11635,1,Customer Delivery Risk,0,16,13,State Border Checkpoint Hold,False,True,Partially Absorbed
CAS-0654,DIS-0654,SHP-01248,SHP-01248,,0,Root Disruption,280,0,284,Vehicle Breakdown,True,False,Active Cascade
CAS-0654,DIS-0654,SHP-01248,SHP-01248,,0,Dispatch Delay,0,280,284,Vehicle Breakdown,True,False,Active Cascade
CAS-0654,DIS-0654,SHP-01248,SHP-01248,,0,Customer Delivery Risk,0,280,284,Vehicle Breakdown,True,False,Severe Delay Breached
CAS-0654,DIS-0654,SHP-01248,SHP-11366,SHP-01248,1,Waiting for Inbound Shipment,0,99,97,Vehicle Breakdown,False,True,Active Cascade
CAS-0654,DIS-0654,SHP-01248,SHP-11366,SHP-01248,1,Departure Delay,0,99,97,Vehicle Breakdown,False,True,Active Cascade
CAS-0654,DIS-0654,SHP-01248,SHP-11366,SHP-01248,1,Customer Delivery Risk,0,99,97,Vehicle Breakdown,False,True,Partially Absorbed
CAS-0654,DIS-0654,SHP-01248,SHP-06824,SHP-11366,2,Warehouse Transfer,0,16,18,Vehicle Breakdown,False,True,Active Cascade
CAS-0654,DIS-0654,SHP-01248,SHP-06824,SHP-11366,2,Departure Delay,0,16,18,Vehicle Breakdown,False,True,Active Cascade
CAS-0654,DIS-0654,SHP-01248,SHP-06824,SHP-11366,2,Customer Delivery Risk,0,16,18,Vehicle Breakdown,False,True,Partially Absorbed
CAS-0655,DIS-0655,SHP-10379,SHP-10379,,0,Root Disruption,94,0,92,Labor Shortage,True,False,Active Cascade
CAS-0655,DIS-0655,SHP-10379,SHP-10379,,0,Dispatch Delay,0,94,92,Labor Shortage,True,False,Active Cascade
CAS-0655,DIS-0655,SHP-10379,SHP-10379,,0,Customer Delivery Risk,0,94,92,Labor Shortage,True,False,Partially Absorbed
CAS-0655,DIS-0655,SHP-10379,SHP-06800,SHP-10379,1,Route Connection,0,20,21,Labor Shortage,False,True,Active Cascade
CAS-0655,DIS-0655,SHP-10379,SHP-06800,SHP-10379,1,Departure Delay,0,20,21,Labor Shortage,False,True,Active Cascade
CAS-0655,DIS-0655,SHP-10379,SHP-06800,SHP-10379,1,Customer Delivery Risk,0,20,21,Labor Shortage,False,True,Partially Absorbed
CAS-0656,DIS-0656,SHP-07719,SHP-07719,,0,Root Disruption,141,0,137,State Border Checkpoint Hold,True,False,Active Cascade
CAS-0656,DIS-0656,SHP-07719,SHP-07719,,0,Dispatch Delay,0,141,137,State Border Checkpoint Hold,True,False,Active Cascade
CAS-0656,DIS-0656,SHP-07719,SHP-07719,,0,Customer Delivery Risk,0,141,137,State Border Checkpoint Hold,True,False,Severe Delay Breached
CAS-0656,DIS-0656,SHP-07719,SHP-10163,SHP-07719,1,Warehouse Congestion Transfer,102,0,106,Warehouse Congestion,False,True,Active Cascade
CAS-0656,DIS-0656,SHP-07719,SHP-10163,SHP-07719,1,Departure Delay,0,0,106,Warehouse Congestion,False,True,Active Cascade
CAS-0656,DIS-0656,SHP-07719,SHP-10163,SHP-07719,1,Customer Delivery Risk,0,0,106,Warehouse Congestion,False,True,Partially Absorbed
CAS-0656,DIS-0656,SHP-07719,SHP-12026,SHP-07719,1,Warehouse Congestion Transfer,103,0,98,Warehouse Congestion,False,True,Active Cascade
CAS-0656,DIS-0656,SHP-07719,SHP-12026,SHP-07719,1,Departure Delay,0,0,98,Warehouse Congestion,False,True,Active Cascade
CAS-0656,DIS-0656,SHP-07719,SHP-12026,SHP-07719,1,Customer Delivery Risk,0,0,98,Warehouse Congestion,False,True,Partially Absorbed
CAS-0656,DIS-0656,SHP-07719,SHP-01962,SHP-07719,1,Warehouse Congestion Transfer,63,0,68,Warehouse Congestion,False,True,Active Cascade
CAS-0656,DIS-0656,SHP-07719,SHP-01962,SHP-07719,1,Departure Delay,0,0,68,Warehouse Congestion,False,True,Active Cascade
CAS-0656,DIS-0656,SHP-07719,SHP-01962,SHP-07719,1,Customer Delivery Risk,0,0,68,Warehouse Congestion,False,True,Partially Absorbed
CAS-0657,DIS-0657,SHP-08746,SHP-08746,,0,Root Disruption,196,0,204,Vehicle Breakdown,True,False,Active Cascade
CAS-0657,DIS-0657,SHP-08746,SHP-08746,,0,Dispatch Delay,0,196,204,Vehicle Breakdown,True,False,Active Cascade
CAS-0657,DIS-0657,SHP-08746,SHP-08746,,0,Customer Delivery Risk,0,196,204,Vehicle Breakdown,True,False,Severe Delay Breached
CAS-0657,DIS-0657,SHP-08746,SHP-11511,SHP-08746,1,Route Connection,0,20,28,Vehicle Breakdown,False,True,Active Cascade
CAS-0657,DIS-0657,SHP-08746,SHP-11511,SHP-08746,1,Departure Delay,0,20,28,Vehicle Breakdown,False,True,Active Cascade
CAS-0657,DIS-0657,SHP-08746,SHP-11511,SHP-08746,1,Customer Delivery Risk,0,20,28,Vehicle Breakdown,False,True,Partially Absorbed
CAS-0657,DIS-0657,SHP-08746,SHP-08423,SHP-11511,2,Warehouse Transfer,0,16,12,Vehicle Breakdown,False,True,Active Cascade
CAS-0657,DIS-0657,SHP-08746,SHP-08423,SHP-11511,2,Departure Delay,0,16,12,Vehicle Breakdown,False,True,Active Cascade
CAS-0657,DIS-0657,SHP-08746,SHP-08423,SHP-11511,2,Customer Delivery Risk,0,16,12,Vehicle Breakdown,False,True,Partially Absorbed
CAS-0657,DIS-0657,SHP-08746,SHP-00922,SHP-08423,3,Route Connection,0,16,19,Vehicle Breakdown,False,True,Active Cascade
CAS-0657,DIS-0657,SHP-08746,SHP-00922,SHP-08423,3,Departure Delay,0,16,19,Vehicle Breakdown,False,True,Active Cascade
CAS-0657,DIS-0657,SHP-08746,SHP-00922,SHP-08423,3,Customer Delivery Risk,0,16,19,Vehicle Breakdown,False,True,Partially Absorbed
CAS-0657,DIS-0657,SHP-08746,SHP-07342,SHP-11511,2,Warehouse Transfer,0,16,13,Vehicle Breakdown,False,True,Active Cascade
CAS-0657,DIS-0657,SHP-08746,SHP-07342,SHP-11511,2,Departure Delay,0,16,13,Vehicle Breakdown,False,True,Active Cascade
CAS-0657,DIS-0657,SHP-08746,SHP-07342,SHP-11511,2,Customer Delivery Risk,0,16,13,Vehicle Breakdown,False,True,Partially Absorbed
CAS-0658,DIS-0658,SHP-11465,SHP-11465,,0,Root Disruption,204,0,206,Vehicle Breakdown,True,False,Active Cascade
CAS-0658,DIS-0658,SHP-11465,SHP-11465,,0,Dispatch Delay,0,204,206,Vehicle Breakdown,True,False,Active Cascade
CAS-0658,DIS-0658,SHP-11465,SHP-11465,,0,Customer Delivery Risk,0,204,206,Vehicle Breakdown,True,False,Severe Delay Breached
CAS-0658,DIS-0658,SHP-11465,SHP-07459,SHP-11465,1,Shared Vehicle Turnaround,0,186,188,Vehicle Breakdown,False,True,Active Cascade
CAS-0658,DIS-0658,SHP-11465,SHP-07459,SHP-11465,1,Departure Delay,0,186,188,Vehicle Breakdown,False,True,Active Cascade
CAS-0658,DIS-0658,SHP-11465,SHP-07459,SHP-11465,1,Customer Delivery Risk,0,186,188,Vehicle Breakdown,False,True,Severe Delay Breached
CAS-0659,DIS-0659,SHP-06833,SHP-06833,,0,Root Disruption,250,0,260,Vehicle Breakdown,True,False,Active Cascade
CAS-0659,DIS-0659,SHP-06833,SHP-06833,,0,Dispatch Delay,0,250,260,Vehicle Breakdown,True,False,Active Cascade
CAS-0659,DIS-0659,SHP-06833,SHP-06833,,0,Customer Delivery Risk,0,250,260,Vehicle Breakdown,True,False,Severe Delay Breached
CAS-0659,DIS-0659,SHP-06833,SHP-03527,SHP-06833,1,Route Connection,0,197,207,Vehicle Breakdown,False,True,Active Cascade
CAS-0659,DIS-0659,SHP-06833,SHP-03527,SHP-06833,1,Departure Delay,0,197,207,Vehicle Breakdown,False,True,Active Cascade
CAS-0659,DIS-0659,SHP-06833,SHP-03527,SHP-06833,1,Customer Delivery Risk,0,197,207,Vehicle Breakdown,False,True,Severe Delay Breached
CAS-0660,DIS-0660,SHP-11086,SHP-11086,,0,Root Disruption,151,0,147,Warehouse Congestion,True,False,Active Cascade
CAS-0660,DIS-0660,SHP-11086,SHP-11086,,0,Dispatch Delay,0,151,147,Warehouse Congestion,True,False,Active Cascade
CAS-0660,DIS-0660,SHP-11086,SHP-11086,,0,Customer Delivery Risk,0,151,147,Warehouse Congestion,True,False,Severe Delay Breached
CAS-0660,DIS-0660,SHP-11086,SHP-03928,SHP-11086,1,Route Connection,0,60,64,Warehouse Congestion,False,True,Active Cascade
CAS-0660,DIS-0660,SHP-11086,SHP-03928,SHP-11086,1,Departure Delay,0,60,64,Warehouse Congestion,False,True,Active Cascade
CAS-0660,DIS-0660,SHP-11086,SHP-03928,SHP-11086,1,Customer Delivery Risk,0,60,64,Warehouse Congestion,False,True,Partially Absorbed
CAS-0661,DIS-0661,SHP-10146,SHP-10146,,0,Root Disruption,112,0,122,Severe Weather,True,False,Active Cascade
CAS-0661,DIS-0661,SHP-10146,SHP-10146,,0,Dispatch Delay,0,112,122,Severe Weather,True,False,Active Cascade
CAS-0661,DIS-0661,SHP-10146,SHP-10146,,0,Customer Delivery Risk,0,112,122,Severe Weather,True,False,Severe Delay Breached
CAS-0661,DIS-0661,SHP-10146,SHP-09638,SHP-10146,1,Route Connection,0,20,23,Severe Weather,False,True,Active Cascade
CAS-0661,DIS-0661,SHP-10146,SHP-09638,SHP-10146,1,Departure Delay,0,20,23,Severe Weather,False,True,Active Cascade
CAS-0661,DIS-0661,SHP-10146,SHP-09638,SHP-10146,1,Customer Delivery Risk,0,20,23,Severe Weather,False,True,Partially Absorbed
CAS-0662,DIS-0662,SHP-06725,SHP-06725,,0,Root Disruption,204,0,213,Road Closure,True,False,Active Cascade
CAS-0662,DIS-0662,SHP-06725,SHP-06725,,0,Dispatch Delay,0,204,213,Road Closure,True,False,Active Cascade
CAS-0662,DIS-0662,SHP-06725,SHP-06725,,0,Customer Delivery Risk,0,204,213,Road Closure,True,False,Severe Delay Breached
CAS-0662,DIS-0662,SHP-06725,SHP-13511,SHP-06725,1,Warehouse Congestion Transfer,92,0,98,Warehouse Congestion,False,True,Active Cascade
CAS-0662,DIS-0662,SHP-06725,SHP-13511,SHP-06725,1,Departure Delay,0,0,98,Warehouse Congestion,False,True,Active Cascade
CAS-0662,DIS-0662,SHP-06725,SHP-13511,SHP-06725,1,Customer Delivery Risk,0,0,98,Warehouse Congestion,False,True,Partially Absorbed
CAS-0663,DIS-0663,SHP-03609,SHP-03609,,0,Root Disruption,261,0,268,Vehicle Breakdown,True,False,Active Cascade
CAS-0663,DIS-0663,SHP-03609,SHP-03609,,0,Dispatch Delay,0,261,268,Vehicle Breakdown,True,False,Active Cascade
CAS-0663,DIS-0663,SHP-03609,SHP-03609,,0,Customer Delivery Risk,0,261,268,Vehicle Breakdown,True,False,Severe Delay Breached
CAS-0663,DIS-0663,SHP-03609,SHP-01060,SHP-03609,1,Route Connection,0,234,236,Vehicle Breakdown,False,True,Active Cascade
CAS-0663,DIS-0663,SHP-03609,SHP-01060,SHP-03609,1,Departure Delay,0,234,236,Vehicle Breakdown,False,True,Active Cascade
CAS-0663,DIS-0663,SHP-03609,SHP-01060,SHP-03609,1,Customer Delivery Risk,0,234,236,Vehicle Breakdown,False,True,Severe Delay Breached
CAS-0664,DIS-0664,SHP-06671,SHP-06671,,0,Root Disruption,130,0,128,Severe Weather,True,False,Active Cascade
CAS-0664,DIS-0664,SHP-06671,SHP-06671,,0,Dispatch Delay,0,130,128,Severe Weather,True,False,Active Cascade
CAS-0664,DIS-0664,SHP-06671,SHP-06671,,0,Customer Delivery Risk,0,130,128,Severe Weather,True,False,Severe Delay Breached
CAS-0664,DIS-0664,SHP-06671,SHP-12467,SHP-06671,1,Cross-Dock Transfer,0,16,21,Severe Weather,False,True,Active Cascade
CAS-0664,DIS-0664,SHP-06671,SHP-12467,SHP-06671,1,Departure Delay,0,16,21,Severe Weather,False,True,Active Cascade
CAS-0664,DIS-0664,SHP-06671,SHP-12467,SHP-06671,1,Customer Delivery Risk,0,16,21,Severe Weather,False,True,Partially Absorbed
CAS-0664,DIS-0664,SHP-06671,SHP-04417,SHP-06671,1,Cross-Dock Transfer,0,16,19,Severe Weather,False,True,Active Cascade
CAS-0664,DIS-0664,SHP-06671,SHP-04417,SHP-06671,1,Departure Delay,0,16,19,Severe Weather,False,True,Active Cascade
CAS-0664,DIS-0664,SHP-06671,SHP-04417,SHP-06671,1,Customer Delivery Risk,0,16,19,Severe Weather,False,True,Partially Absorbed
CAS-0665,DIS-0665,SHP-11229,SHP-11229,,0,Root Disruption,95,0,95,Labor Shortage,True,False,Active Cascade
CAS-0665,DIS-0665,SHP-11229,SHP-11229,,0,Dispatch Delay,0,95,95,Labor Shortage,True,False,Active Cascade
CAS-0665,DIS-0665,SHP-11229,SHP-11229,,0,Customer Delivery Risk,0,95,95,Labor Shortage,True,False,Partially Absorbed
CAS-0665,DIS-0665,SHP-11229,SHP-12367,SHP-11229,1,Route Connection,0,73,68,Labor Shortage,False,True,Active Cascade
CAS-0665,DIS-0665,SHP-11229,SHP-12367,SHP-11229,1,Departure Delay,0,73,68,Labor Shortage,False,True,Active Cascade
CAS-0665,DIS-0665,SHP-11229,SHP-12367,SHP-11229,1,Customer Delivery Risk,0,73,68,Labor Shortage,False,True,Partially Absorbed
CAS-0665,DIS-0665,SHP-11229,SHP-05689,SHP-12367,2,Warehouse Transfer,0,16,11,Labor Shortage,False,True,Active Cascade
CAS-0665,DIS-0665,SHP-11229,SHP-05689,SHP-12367,2,Departure Delay,0,16,11,Labor Shortage,False,True,Active Cascade
CAS-0665,DIS-0665,SHP-11229,SHP-05689,SHP-12367,2,Customer Delivery Risk,0,16,11,Labor Shortage,False,True,Partially Absorbed
CAS-0666,DIS-0666,SHP-05760,SHP-05760,,0,Root Disruption,145,0,153,State Border Checkpoint Hold,True,False,Active Cascade
CAS-0666,DIS-0666,SHP-05760,SHP-05760,,0,Dispatch Delay,0,145,153,State Border Checkpoint Hold,True,False,Active Cascade
CAS-0666,DIS-0666,SHP-05760,SHP-05760,,0,Customer Delivery Risk,0,145,153,State Border Checkpoint Hold,True,False,Severe Delay Breached
CAS-0666,DIS-0666,SHP-05760,SHP-05839,SHP-05760,1,Waiting for Inbound Shipment,0,122,124,State Border Checkpoint Hold,False,True,Active Cascade
CAS-0666,DIS-0666,SHP-05760,SHP-05839,SHP-05760,1,Departure Delay,0,122,124,State Border Checkpoint Hold,False,True,Active Cascade
CAS-0666,DIS-0666,SHP-05760,SHP-05839,SHP-05760,1,Customer Delivery Risk,0,122,124,State Border Checkpoint Hold,False,True,Severe Delay Breached
CAS-0666,DIS-0666,SHP-05760,SHP-01559,SHP-05839,2,Warehouse Transfer,0,16,18,State Border Checkpoint Hold,False,True,Active Cascade
CAS-0666,DIS-0666,SHP-05760,SHP-01559,SHP-05839,2,Departure Delay,0,16,18,State Border Checkpoint Hold,False,True,Active Cascade
CAS-0666,DIS-0666,SHP-05760,SHP-01559,SHP-05839,2,Customer Delivery Risk,0,16,18,State Border Checkpoint Hold,False,True,Partially Absorbed
CAS-0667,DIS-0667,SHP-00177,SHP-00177,,0,Root Disruption,100,0,100,Equipment Failure,True,False,Active Cascade
CAS-0667,DIS-0667,SHP-00177,SHP-00177,,0,Dispatch Delay,0,100,100,Equipment Failure,True,False,Active Cascade
CAS-0667,DIS-0667,SHP-00177,SHP-00177,,0,Customer Delivery Risk,0,100,100,Equipment Failure,True,False,Partially Absorbed
CAS-0667,DIS-0667,SHP-00177,SHP-06772,SHP-00177,1,Shared Vehicle Turnaround,0,20,21,Vehicle Breakdown,False,True,Active Cascade
CAS-0667,DIS-0667,SHP-00177,SHP-06772,SHP-00177,1,Departure Delay,0,20,21,Vehicle Breakdown,False,True,Active Cascade
CAS-0667,DIS-0667,SHP-00177,SHP-06772,SHP-00177,1,Customer Delivery Risk,0,20,21,Vehicle Breakdown,False,True,Partially Absorbed
CAS-0668,DIS-0668,SHP-01960,SHP-01960,,0,Root Disruption,239,0,243,Warehouse Congestion,True,False,Active Cascade
CAS-0668,DIS-0668,SHP-01960,SHP-01960,,0,Dispatch Delay,0,239,243,Warehouse Congestion,True,False,Active Cascade
CAS-0668,DIS-0668,SHP-01960,SHP-01960,,0,Customer Delivery Risk,0,239,243,Warehouse Congestion,True,False,Severe Delay Breached
CAS-0668,DIS-0668,SHP-01960,SHP-09422,SHP-01960,1,Route Connection,0,209,207,Warehouse Congestion,False,True,Active Cascade
CAS-0668,DIS-0668,SHP-01960,SHP-09422,SHP-01960,1,Departure Delay,0,209,207,Warehouse Congestion,False,True,Active Cascade
CAS-0668,DIS-0668,SHP-01960,SHP-09422,SHP-01960,1,Customer Delivery Risk,0,209,207,Warehouse Congestion,False,True,Severe Delay Breached
CAS-0668,DIS-0668,SHP-01960,SHP-00765,SHP-09422,2,Warehouse Transfer,0,182,182,Warehouse Congestion,False,True,Active Cascade
CAS-0668,DIS-0668,SHP-01960,SHP-00765,SHP-09422,2,Departure Delay,0,182,182,Warehouse Congestion,False,True,Active Cascade
CAS-0668,DIS-0668,SHP-01960,SHP-00765,SHP-09422,2,Customer Delivery Risk,0,182,182,Warehouse Congestion,False,True,Severe Delay Breached
CAS-0668,DIS-0668,SHP-01960,SHP-06621,SHP-00765,3,Route Connection,0,105,107,Warehouse Congestion,False,True,Active Cascade
CAS-0668,DIS-0668,SHP-01960,SHP-06621,SHP-00765,3,Departure Delay,0,105,107,Warehouse Congestion,False,True,Active Cascade
CAS-0668,DIS-0668,SHP-01960,SHP-06621,SHP-00765,3,Customer Delivery Risk,0,105,107,Warehouse Congestion,False,True,Partially Absorbed
CAS-0668,DIS-0668,SHP-01960,SHP-09678,SHP-09422,2,Warehouse Transfer,0,16,14,Warehouse Congestion,False,True,Active Cascade
CAS-0668,DIS-0668,SHP-01960,SHP-09678,SHP-09422,2,Departure Delay,0,16,14,Warehouse Congestion,False,True,Active Cascade
CAS-0668,DIS-0668,SHP-01960,SHP-09678,SHP-09422,2,Customer Delivery Risk,0,16,14,Warehouse Congestion,False,True,Partially Absorbed
CAS-0669,DIS-0669,SHP-10234,SHP-10234,,0,Root Disruption,146,0,153,State Border Checkpoint Hold,True,False,Active Cascade
CAS-0669,DIS-0669,SHP-10234,SHP-10234,,0,Dispatch Delay,0,146,153,State Border Checkpoint Hold,True,False,Active Cascade
CAS-0669,DIS-0669,SHP-10234,SHP-10234,,0,Customer Delivery Risk,0,146,153,State Border Checkpoint Hold,True,False,Severe Delay Breached
CAS-0669,DIS-0669,SHP-10234,SHP-08494,SHP-10234,1,Waiting for Inbound Shipment,0,20,22,State Border Checkpoint Hold,False,True,Active Cascade
CAS-0669,DIS-0669,SHP-10234,SHP-08494,SHP-10234,1,Departure Delay,0,20,22,State Border Checkpoint Hold,False,True,Active Cascade
CAS-0669,DIS-0669,SHP-10234,SHP-08494,SHP-10234,1,Customer Delivery Risk,0,20,22,State Border Checkpoint Hold,False,True,Partially Absorbed
CAS-0669,DIS-0669,SHP-10234,SHP-04226,SHP-08494,2,Warehouse Transfer,0,16,14,State Border Checkpoint Hold,False,True,Active Cascade
CAS-0669,DIS-0669,SHP-10234,SHP-04226,SHP-08494,2,Departure Delay,0,16,14,State Border Checkpoint Hold,False,True,Active Cascade
CAS-0669,DIS-0669,SHP-10234,SHP-04226,SHP-08494,2,Customer Delivery Risk,0,16,14,State Border Checkpoint Hold,False,True,Partially Absorbed
CAS-0670,DIS-0670,SHP-12662,SHP-12662,,0,Root Disruption,173,0,179,Warehouse Congestion,True,False,Active Cascade
CAS-0670,DIS-0670,SHP-12662,SHP-12662,,0,Dispatch Delay,0,173,179,Warehouse Congestion,True,False,Active Cascade
CAS-0670,DIS-0670,SHP-12662,SHP-12662,,0,Customer Delivery Risk,0,173,179,Warehouse Congestion,True,False,Severe Delay Breached
CAS-0670,DIS-0670,SHP-12662,SHP-06835,SHP-12662,1,Cross-Dock Transfer,0,16,15,Warehouse Congestion,False,True,Active Cascade
CAS-0670,DIS-0670,SHP-12662,SHP-06835,SHP-12662,1,Departure Delay,0,16,15,Warehouse Congestion,False,True,Active Cascade
CAS-0670,DIS-0670,SHP-12662,SHP-06835,SHP-12662,1,Customer Delivery Risk,0,16,15,Warehouse Congestion,False,True,Partially Absorbed
CAS-0671,DIS-0671,SHP-12851,SHP-12851,,0,Root Disruption,86,0,91,State Border Checkpoint Hold,True,False,Active Cascade
CAS-0671,DIS-0671,SHP-12851,SHP-12851,,0,Dispatch Delay,0,86,91,State Border Checkpoint Hold,True,False,Active Cascade
CAS-0671,DIS-0671,SHP-12851,SHP-12851,,0,Customer Delivery Risk,0,86,91,State Border Checkpoint Hold,True,False,Partially Absorbed
CAS-0671,DIS-0671,SHP-12851,SHP-05296,SHP-12851,1,Warehouse Congestion Transfer,66,0,66,Warehouse Congestion,False,True,Active Cascade
CAS-0671,DIS-0671,SHP-12851,SHP-05296,SHP-12851,1,Departure Delay,0,0,66,Warehouse Congestion,False,True,Active Cascade
CAS-0671,DIS-0671,SHP-12851,SHP-05296,SHP-12851,1,Customer Delivery Risk,0,0,66,Warehouse Congestion,False,True,Partially Absorbed
CAS-0672,DIS-0672,SHP-10298,SHP-10298,,0,Root Disruption,110,0,117,Severe Weather,True,False,Active Cascade
CAS-0672,DIS-0672,SHP-10298,SHP-10298,,0,Dispatch Delay,0,110,117,Severe Weather,True,False,Active Cascade
CAS-0672,DIS-0672,SHP-10298,SHP-10298,,0,Customer Delivery Risk,0,110,117,Severe Weather,True,False,Partially Absorbed
CAS-0672,DIS-0672,SHP-10298,SHP-13065,SHP-10298,1,Warehouse Congestion Transfer,78,0,75,Warehouse Congestion,False,True,Active Cascade
CAS-0672,DIS-0672,SHP-10298,SHP-13065,SHP-10298,1,Departure Delay,0,0,75,Warehouse Congestion,False,True,Active Cascade
CAS-0672,DIS-0672,SHP-10298,SHP-13065,SHP-10298,1,Customer Delivery Risk,0,0,75,Warehouse Congestion,False,True,Partially Absorbed
CAS-0672,DIS-0672,SHP-10298,SHP-12290,SHP-10298,1,Warehouse Congestion Transfer,56,0,60,Warehouse Congestion,False,True,Active Cascade
CAS-0672,DIS-0672,SHP-10298,SHP-12290,SHP-10298,1,Departure Delay,0,0,60,Warehouse Congestion,False,True,Active Cascade
CAS-0672,DIS-0672,SHP-10298,SHP-12290,SHP-10298,1,Customer Delivery Risk,0,0,60,Warehouse Congestion,False,True,Partially Absorbed
CAS-0673,DIS-0673,SHP-13037,SHP-13037,,0,Root Disruption,89,0,89,State Border Checkpoint Hold,True,False,Active Cascade
CAS-0673,DIS-0673,SHP-13037,SHP-13037,,0,Dispatch Delay,0,89,89,State Border Checkpoint Hold,True,False,Active Cascade
CAS-0673,DIS-0673,SHP-13037,SHP-13037,,0,Customer Delivery Risk,0,89,89,State Border Checkpoint Hold,True,False,Partially Absorbed
CAS-0673,DIS-0673,SHP-13037,SHP-10560,SHP-13037,1,Route Connection,0,69,65,State Border Checkpoint Hold,False,True,Active Cascade
CAS-0673,DIS-0673,SHP-13037,SHP-10560,SHP-13037,1,Departure Delay,0,69,65,State Border Checkpoint Hold,False,True,Active Cascade
CAS-0673,DIS-0673,SHP-13037,SHP-10560,SHP-13037,1,Customer Delivery Risk,0,69,65,State Border Checkpoint Hold,False,True,Partially Absorbed
CAS-0673,DIS-0673,SHP-13037,SHP-10613,SHP-10560,2,Warehouse Transfer,0,16,20,State Border Checkpoint Hold,False,True,Active Cascade
CAS-0673,DIS-0673,SHP-13037,SHP-10613,SHP-10560,2,Departure Delay,0,16,20,State Border Checkpoint Hold,False,True,Active Cascade
CAS-0673,DIS-0673,SHP-13037,SHP-10613,SHP-10560,2,Customer Delivery Risk,0,16,20,State Border Checkpoint Hold,False,True,Partially Absorbed
CAS-0673,DIS-0673,SHP-13037,SHP-09648,SHP-10613,3,Route Connection,0,16,16,State Border Checkpoint Hold,False,True,Active Cascade
CAS-0673,DIS-0673,SHP-13037,SHP-09648,SHP-10613,3,Departure Delay,0,16,16,State Border Checkpoint Hold,False,True,Active Cascade
CAS-0673,DIS-0673,SHP-13037,SHP-09648,SHP-10613,3,Customer Delivery Risk,0,16,16,State Border Checkpoint Hold,False,True,Partially Absorbed
CAS-0673,DIS-0673,SHP-13037,SHP-02678,SHP-10560,2,Warehouse Transfer,0,16,15,State Border Checkpoint Hold,False,True,Active Cascade
CAS-0673,DIS-0673,SHP-13037,SHP-02678,SHP-10560,2,Departure Delay,0,16,15,State Border Checkpoint Hold,False,True,Active Cascade
CAS-0673,DIS-0673,SHP-13037,SHP-02678,SHP-10560,2,Customer Delivery Risk,0,16,15,State Border Checkpoint Hold,False,True,Partially Absorbed
CAS-0674,DIS-0674,SHP-03426,SHP-03426,,0,Root Disruption,180,0,190,Labor Shortage,True,False,Active Cascade
CAS-0674,DIS-0674,SHP-03426,SHP-03426,,0,Dispatch Delay,0,180,190,Labor Shortage,True,False,Active Cascade
CAS-0674,DIS-0674,SHP-03426,SHP-03426,,0,Customer Delivery Risk,0,180,190,Labor Shortage,True,False,Severe Delay Breached
CAS-0674,DIS-0674,SHP-03426,SHP-07254,SHP-03426,1,Waiting for Inbound Shipment,0,47,47,Labor Shortage,False,True,Active Cascade
CAS-0674,DIS-0674,SHP-03426,SHP-07254,SHP-03426,1,Departure Delay,0,47,47,Labor Shortage,False,True,Active Cascade
CAS-0674,DIS-0674,SHP-03426,SHP-07254,SHP-03426,1,Customer Delivery Risk,0,47,47,Labor Shortage,False,True,Partially Absorbed
CAS-0674,DIS-0674,SHP-03426,SHP-03655,SHP-07254,2,Warehouse Transfer,0,16,17,Labor Shortage,False,True,Active Cascade
CAS-0674,DIS-0674,SHP-03426,SHP-03655,SHP-07254,2,Departure Delay,0,16,17,Labor Shortage,False,True,Active Cascade
CAS-0674,DIS-0674,SHP-03426,SHP-03655,SHP-07254,2,Customer Delivery Risk,0,16,17,Labor Shortage,False,True,Partially Absorbed
CAS-0675,DIS-0675,SHP-02870,SHP-02870,,0,Root Disruption,143,0,143,Labor Shortage,True,False,Active Cascade
CAS-0675,DIS-0675,SHP-02870,SHP-02870,,0,Dispatch Delay,0,143,143,Labor Shortage,True,False,Active Cascade
CAS-0675,DIS-0675,SHP-02870,SHP-02870,,0,Customer Delivery Risk,0,143,143,Labor Shortage,True,False,Severe Delay Breached
CAS-0675,DIS-0675,SHP-02870,SHP-02007,SHP-02870,1,Route Connection,0,20,18,Labor Shortage,False,True,Active Cascade
CAS-0675,DIS-0675,SHP-02870,SHP-02007,SHP-02870,1,Departure Delay,0,20,18,Labor Shortage,False,True,Active Cascade
CAS-0675,DIS-0675,SHP-02870,SHP-02007,SHP-02870,1,Customer Delivery Risk,0,20,18,Labor Shortage,False,True,Partially Absorbed
CAS-0676,DIS-0676,SHP-08130,SHP-08130,,0,Root Disruption,160,0,161,Road Closure,True,False,Active Cascade
CAS-0676,DIS-0676,SHP-08130,SHP-08130,,0,Dispatch Delay,0,160,161,Road Closure,True,False,Active Cascade
CAS-0676,DIS-0676,SHP-08130,SHP-08130,,0,Customer Delivery Risk,0,160,161,Road Closure,True,False,Severe Delay Breached
CAS-0676,DIS-0676,SHP-08130,SHP-08647,SHP-08130,1,Warehouse Congestion Transfer,134,0,133,Warehouse Congestion,False,True,Active Cascade
CAS-0676,DIS-0676,SHP-08130,SHP-08647,SHP-08130,1,Departure Delay,0,0,133,Warehouse Congestion,False,True,Active Cascade
CAS-0676,DIS-0676,SHP-08130,SHP-08647,SHP-08130,1,Customer Delivery Risk,0,0,133,Warehouse Congestion,False,True,Severe Delay Breached
CAS-0676,DIS-0676,SHP-08130,SHP-12325,SHP-08130,1,Warehouse Congestion Transfer,109,0,117,Warehouse Congestion,False,True,Active Cascade
CAS-0676,DIS-0676,SHP-08130,SHP-12325,SHP-08130,1,Departure Delay,0,0,117,Warehouse Congestion,False,True,Active Cascade
CAS-0676,DIS-0676,SHP-08130,SHP-12325,SHP-08130,1,Customer Delivery Risk,0,0,117,Warehouse Congestion,False,True,Partially Absorbed
CAS-0676,DIS-0676,SHP-08130,SHP-05205,SHP-08130,1,Warehouse Congestion Transfer,99,0,103,Warehouse Congestion,False,True,Active Cascade
CAS-0676,DIS-0676,SHP-08130,SHP-05205,SHP-08130,1,Departure Delay,0,0,103,Warehouse Congestion,False,True,Active Cascade
CAS-0676,DIS-0676,SHP-08130,SHP-05205,SHP-08130,1,Customer Delivery Risk,0,0,103,Warehouse Congestion,False,True,Partially Absorbed
CAS-0676,DIS-0676,SHP-08130,SHP-08071,SHP-08130,1,Warehouse Congestion Transfer,97,0,99,Warehouse Congestion,False,True,Active Cascade
CAS-0676,DIS-0676,SHP-08130,SHP-08071,SHP-08130,1,Departure Delay,0,0,99,Warehouse Congestion,False,True,Active Cascade
CAS-0676,DIS-0676,SHP-08130,SHP-08071,SHP-08130,1,Customer Delivery Risk,0,0,99,Warehouse Congestion,False,True,Partially Absorbed
CAS-0677,DIS-0677,SHP-11276,SHP-11276,,0,Root Disruption,274,0,282,Vehicle Breakdown,True,False,Active Cascade
CAS-0677,DIS-0677,SHP-11276,SHP-11276,,0,Dispatch Delay,0,274,282,Vehicle Breakdown,True,False,Active Cascade
CAS-0677,DIS-0677,SHP-11276,SHP-11276,,0,Customer Delivery Risk,0,274,282,Vehicle Breakdown,True,False,Severe Delay Breached
CAS-0677,DIS-0677,SHP-11276,SHP-05683,SHP-11276,1,Route Connection,0,20,21,Vehicle Breakdown,False,True,Active Cascade
CAS-0677,DIS-0677,SHP-11276,SHP-05683,SHP-11276,1,Departure Delay,0,20,21,Vehicle Breakdown,False,True,Active Cascade
CAS-0677,DIS-0677,SHP-11276,SHP-05683,SHP-11276,1,Customer Delivery Risk,0,20,21,Vehicle Breakdown,False,True,Partially Absorbed
CAS-0678,DIS-0678,SHP-03472,SHP-03472,,0,Root Disruption,175,0,172,Labor Shortage,True,False,Active Cascade
CAS-0678,DIS-0678,SHP-03472,SHP-03472,,0,Dispatch Delay,0,175,172,Labor Shortage,True,False,Active Cascade
CAS-0678,DIS-0678,SHP-03472,SHP-03472,,0,Customer Delivery Risk,0,175,172,Labor Shortage,True,False,Severe Delay Breached
CAS-0678,DIS-0678,SHP-03472,SHP-02304,SHP-03472,1,Route Connection,0,137,142,Labor Shortage,False,True,Active Cascade
CAS-0678,DIS-0678,SHP-03472,SHP-02304,SHP-03472,1,Departure Delay,0,137,142,Labor Shortage,False,True,Active Cascade
CAS-0678,DIS-0678,SHP-03472,SHP-02304,SHP-03472,1,Customer Delivery Risk,0,137,142,Labor Shortage,False,True,Severe Delay Breached
CAS-0678,DIS-0678,SHP-03472,SHP-13272,SHP-02304,2,Warehouse Transfer,0,51,57,Labor Shortage,False,True,Active Cascade
CAS-0678,DIS-0678,SHP-03472,SHP-13272,SHP-02304,2,Departure Delay,0,51,57,Labor Shortage,False,True,Active Cascade
CAS-0678,DIS-0678,SHP-03472,SHP-13272,SHP-02304,2,Customer Delivery Risk,0,51,57,Labor Shortage,False,True,Partially Absorbed
CAS-0678,DIS-0678,SHP-03472,SHP-10369,SHP-13272,3,Route Connection,0,34,35,Labor Shortage,False,True,Active Cascade
CAS-0678,DIS-0678,SHP-03472,SHP-10369,SHP-13272,3,Departure Delay,0,34,35,Labor Shortage,False,True,Active Cascade
CAS-0678,DIS-0678,SHP-03472,SHP-10369,SHP-13272,3,Customer Delivery Risk,0,34,35,Labor Shortage,False,True,Partially Absorbed
CAS-0679,DIS-0679,SHP-12907,SHP-12907,,0,Root Disruption,148,0,156,Road Closure,True,False,Active Cascade
CAS-0679,DIS-0679,SHP-12907,SHP-12907,,0,Dispatch Delay,0,148,156,Road Closure,True,False,Active Cascade
CAS-0679,DIS-0679,SHP-12907,SHP-12907,,0,Customer Delivery Risk,0,148,156,Road Closure,True,False,Severe Delay Breached
CAS-0679,DIS-0679,SHP-12907,SHP-06989,SHP-12907,1,Warehouse Congestion Transfer,69,0,64,Warehouse Congestion,False,True,Active Cascade
CAS-0679,DIS-0679,SHP-12907,SHP-06989,SHP-12907,1,Departure Delay,0,0,64,Warehouse Congestion,False,True,Active Cascade
CAS-0679,DIS-0679,SHP-12907,SHP-06989,SHP-12907,1,Customer Delivery Risk,0,0,64,Warehouse Congestion,False,True,Partially Absorbed
CAS-0680,DIS-0680,SHP-11592,SHP-11592,,0,Root Disruption,264,0,271,Vehicle Breakdown,True,False,Active Cascade
CAS-0680,DIS-0680,SHP-11592,SHP-11592,,0,Dispatch Delay,0,264,271,Vehicle Breakdown,True,False,Active Cascade
CAS-0680,DIS-0680,SHP-11592,SHP-11592,,0,Customer Delivery Risk,0,264,271,Vehicle Breakdown,True,False,Severe Delay Breached
CAS-0680,DIS-0680,SHP-11592,SHP-11364,SHP-11592,1,Waiting for Inbound Shipment,0,149,152,Vehicle Breakdown,False,True,Active Cascade
CAS-0680,DIS-0680,SHP-11592,SHP-11364,SHP-11592,1,Departure Delay,0,149,152,Vehicle Breakdown,False,True,Active Cascade
CAS-0680,DIS-0680,SHP-11592,SHP-11364,SHP-11592,1,Customer Delivery Risk,0,149,152,Vehicle Breakdown,False,True,Severe Delay Breached
CAS-0680,DIS-0680,SHP-11592,SHP-13579,SHP-11364,2,Warehouse Transfer,0,118,115,Vehicle Breakdown,False,True,Active Cascade
CAS-0680,DIS-0680,SHP-11592,SHP-13579,SHP-11364,2,Departure Delay,0,118,115,Vehicle Breakdown,False,True,Active Cascade
CAS-0680,DIS-0680,SHP-11592,SHP-13579,SHP-11364,2,Customer Delivery Risk,0,118,115,Vehicle Breakdown,False,True,Partially Absorbed
CAS-0681,DIS-0681,SHP-10744,SHP-10744,,0,Root Disruption,189,0,188,Vehicle Breakdown,True,False,Active Cascade
CAS-0681,DIS-0681,SHP-10744,SHP-10744,,0,Dispatch Delay,0,189,188,Vehicle Breakdown,True,False,Active Cascade
CAS-0681,DIS-0681,SHP-10744,SHP-10744,,0,Customer Delivery Risk,0,189,188,Vehicle Breakdown,True,False,Severe Delay Breached
CAS-0681,DIS-0681,SHP-10744,SHP-01909,SHP-10744,1,Warehouse Congestion Transfer,130,0,139,Warehouse Congestion,False,True,Active Cascade
CAS-0681,DIS-0681,SHP-10744,SHP-01909,SHP-10744,1,Departure Delay,0,0,139,Warehouse Congestion,False,True,Active Cascade
CAS-0681,DIS-0681,SHP-10744,SHP-01909,SHP-10744,1,Customer Delivery Risk,0,0,139,Warehouse Congestion,False,True,Severe Delay Breached
CAS-0681,DIS-0681,SHP-10744,SHP-02208,SHP-10744,1,Warehouse Congestion Transfer,83,0,88,Warehouse Congestion,False,True,Active Cascade
CAS-0681,DIS-0681,SHP-10744,SHP-02208,SHP-10744,1,Departure Delay,0,0,88,Warehouse Congestion,False,True,Active Cascade
CAS-0681,DIS-0681,SHP-10744,SHP-02208,SHP-10744,1,Customer Delivery Risk,0,0,88,Warehouse Congestion,False,True,Partially Absorbed
CAS-0682,DIS-0682,SHP-08356,SHP-08356,,0,Root Disruption,204,0,201,Warehouse Congestion,True,False,Active Cascade
CAS-0682,DIS-0682,SHP-08356,SHP-08356,,0,Dispatch Delay,0,204,201,Warehouse Congestion,True,False,Active Cascade
CAS-0682,DIS-0682,SHP-08356,SHP-08356,,0,Customer Delivery Risk,0,204,201,Warehouse Congestion,True,False,Severe Delay Breached
CAS-0682,DIS-0682,SHP-08356,SHP-03864,SHP-08356,1,Shared Vehicle Turnaround,0,183,188,Vehicle Breakdown,False,True,Active Cascade
CAS-0682,DIS-0682,SHP-08356,SHP-03864,SHP-08356,1,Departure Delay,0,183,188,Vehicle Breakdown,False,True,Active Cascade
CAS-0682,DIS-0682,SHP-08356,SHP-03864,SHP-08356,1,Customer Delivery Risk,0,183,188,Vehicle Breakdown,False,True,Severe Delay Breached
CAS-0683,DIS-0683,SHP-00929,SHP-00929,,0,Root Disruption,177,0,177,Vehicle Breakdown,True,False,Active Cascade
CAS-0683,DIS-0683,SHP-00929,SHP-00929,,0,Dispatch Delay,0,177,177,Vehicle Breakdown,True,False,Active Cascade
CAS-0683,DIS-0683,SHP-00929,SHP-00929,,0,Customer Delivery Risk,0,177,177,Vehicle Breakdown,True,False,Severe Delay Breached
CAS-0683,DIS-0683,SHP-00929,SHP-04427,SHP-00929,1,Shared Vehicle Turnaround,0,146,150,Vehicle Breakdown,False,True,Active Cascade
CAS-0683,DIS-0683,SHP-00929,SHP-04427,SHP-00929,1,Departure Delay,0,146,150,Vehicle Breakdown,False,True,Active Cascade
CAS-0683,DIS-0683,SHP-00929,SHP-04427,SHP-00929,1,Customer Delivery Risk,0,146,150,Vehicle Breakdown,False,True,Severe Delay Breached
CAS-0684,DIS-0684,SHP-02378,SHP-02378,,0,Root Disruption,192,0,190,Vehicle Breakdown,True,False,Active Cascade
CAS-0684,DIS-0684,SHP-02378,SHP-02378,,0,Dispatch Delay,0,192,190,Vehicle Breakdown,True,False,Active Cascade
CAS-0684,DIS-0684,SHP-02378,SHP-02378,,0,Customer Delivery Risk,0,192,190,Vehicle Breakdown,True,False,Severe Delay Breached
CAS-0684,DIS-0684,SHP-02378,SHP-03194,SHP-02378,1,Shared Vehicle Turnaround,0,135,142,Vehicle Breakdown,False,True,Active Cascade
CAS-0684,DIS-0684,SHP-02378,SHP-03194,SHP-02378,1,Departure Delay,0,135,142,Vehicle Breakdown,False,True,Active Cascade
CAS-0684,DIS-0684,SHP-02378,SHP-03194,SHP-02378,1,Customer Delivery Risk,0,135,142,Vehicle Breakdown,False,True,Severe Delay Breached
CAS-0685,DIS-0685,SHP-08094,SHP-08094,,0,Root Disruption,173,0,181,Severe Weather,True,False,Active Cascade
CAS-0685,DIS-0685,SHP-08094,SHP-08094,,0,Dispatch Delay,0,173,181,Severe Weather,True,False,Active Cascade
CAS-0685,DIS-0685,SHP-08094,SHP-08094,,0,Customer Delivery Risk,0,173,181,Severe Weather,True,False,Severe Delay Breached
CAS-0685,DIS-0685,SHP-08094,SHP-09004,SHP-08094,1,Cross-Dock Transfer,0,16,24,Severe Weather,False,True,Active Cascade
CAS-0685,DIS-0685,SHP-08094,SHP-09004,SHP-08094,1,Departure Delay,0,16,24,Severe Weather,False,True,Active Cascade
CAS-0685,DIS-0685,SHP-08094,SHP-09004,SHP-08094,1,Customer Delivery Risk,0,16,24,Severe Weather,False,True,Partially Absorbed
CAS-0685,DIS-0685,SHP-08094,SHP-03148,SHP-08094,1,Cross-Dock Transfer,0,16,13,Severe Weather,False,True,Active Cascade
CAS-0685,DIS-0685,SHP-08094,SHP-03148,SHP-08094,1,Departure Delay,0,16,13,Severe Weather,False,True,Active Cascade
CAS-0685,DIS-0685,SHP-08094,SHP-03148,SHP-08094,1,Customer Delivery Risk,0,16,13,Severe Weather,False,True,Partially Absorbed
CAS-0685,DIS-0685,SHP-08094,SHP-06761,SHP-08094,1,Cross-Dock Transfer,0,16,13,Severe Weather,False,True,Active Cascade
CAS-0685,DIS-0685,SHP-08094,SHP-06761,SHP-08094,1,Departure Delay,0,16,13,Severe Weather,False,True,Active Cascade
CAS-0685,DIS-0685,SHP-08094,SHP-06761,SHP-08094,1,Customer Delivery Risk,0,16,13,Severe Weather,False,True,Partially Absorbed
CAS-0686,DIS-0686,SHP-02399,SHP-02399,,0,Root Disruption,231,0,234,Warehouse Congestion,True,False,Active Cascade
CAS-0686,DIS-0686,SHP-02399,SHP-02399,,0,Dispatch Delay,0,231,234,Warehouse Congestion,True,False,Active Cascade
CAS-0686,DIS-0686,SHP-02399,SHP-02399,,0,Customer Delivery Risk,0,231,234,Warehouse Congestion,True,False,Severe Delay Breached
CAS-0686,DIS-0686,SHP-02399,SHP-00185,SHP-02399,1,Route Connection,0,164,165,Warehouse Congestion,False,True,Active Cascade
CAS-0686,DIS-0686,SHP-02399,SHP-00185,SHP-02399,1,Departure Delay,0,164,165,Warehouse Congestion,False,True,Active Cascade
CAS-0686,DIS-0686,SHP-02399,SHP-00185,SHP-02399,1,Customer Delivery Risk,0,164,165,Warehouse Congestion,False,True,Severe Delay Breached
CAS-0687,DIS-0687,SHP-08158,SHP-08158,,0,Root Disruption,148,0,148,State Border Checkpoint Hold,True,False,Active Cascade
CAS-0687,DIS-0687,SHP-08158,SHP-08158,,0,Dispatch Delay,0,148,148,State Border Checkpoint Hold,True,False,Active Cascade
CAS-0687,DIS-0687,SHP-08158,SHP-08158,,0,Customer Delivery Risk,0,148,148,State Border Checkpoint Hold,True,False,Severe Delay Breached
CAS-0687,DIS-0687,SHP-08158,SHP-01212,SHP-08158,1,Route Connection,0,29,39,State Border Checkpoint Hold,False,True,Active Cascade
CAS-0687,DIS-0687,SHP-08158,SHP-01212,SHP-08158,1,Departure Delay,0,29,39,State Border Checkpoint Hold,False,True,Active Cascade
CAS-0687,DIS-0687,SHP-08158,SHP-01212,SHP-08158,1,Customer Delivery Risk,0,29,39,State Border Checkpoint Hold,False,True,Partially Absorbed
CAS-0688,DIS-0688,SHP-01539,SHP-01539,,0,Root Disruption,106,0,102,Labor Shortage,True,False,Active Cascade
CAS-0688,DIS-0688,SHP-01539,SHP-01539,,0,Dispatch Delay,0,106,102,Labor Shortage,True,False,Active Cascade
CAS-0688,DIS-0688,SHP-01539,SHP-01539,,0,Customer Delivery Risk,0,106,102,Labor Shortage,True,False,Partially Absorbed
CAS-0688,DIS-0688,SHP-01539,SHP-04586,SHP-01539,1,Route Connection,0,20,24,Labor Shortage,False,True,Active Cascade
CAS-0688,DIS-0688,SHP-01539,SHP-04586,SHP-01539,1,Departure Delay,0,20,24,Labor Shortage,False,True,Active Cascade
CAS-0688,DIS-0688,SHP-01539,SHP-04586,SHP-01539,1,Customer Delivery Risk,0,20,24,Labor Shortage,False,True,Partially Absorbed
CAS-0689,DIS-0689,SHP-07336,SHP-07336,,0,Root Disruption,164,0,172,Road Closure,True,False,Active Cascade
CAS-0689,DIS-0689,SHP-07336,SHP-07336,,0,Dispatch Delay,0,164,172,Road Closure,True,False,Active Cascade
CAS-0689,DIS-0689,SHP-07336,SHP-07336,,0,Customer Delivery Risk,0,164,172,Road Closure,True,False,Severe Delay Breached
CAS-0689,DIS-0689,SHP-07336,SHP-00377,SHP-07336,1,Cross-Dock Transfer,0,129,131,Road Closure,False,True,Active Cascade
CAS-0689,DIS-0689,SHP-07336,SHP-00377,SHP-07336,1,Departure Delay,0,129,131,Road Closure,False,True,Active Cascade
CAS-0689,DIS-0689,SHP-07336,SHP-00377,SHP-07336,1,Customer Delivery Risk,0,129,131,Road Closure,False,True,Severe Delay Breached
CAS-0689,DIS-0689,SHP-07336,SHP-03675,SHP-07336,1,Cross-Dock Transfer,0,36,32,Road Closure,False,True,Active Cascade
CAS-0689,DIS-0689,SHP-07336,SHP-03675,SHP-07336,1,Departure Delay,0,36,32,Road Closure,False,True,Active Cascade
CAS-0689,DIS-0689,SHP-07336,SHP-03675,SHP-07336,1,Customer Delivery Risk,0,36,32,Road Closure,False,True,Partially Absorbed
CAS-0690,DIS-0690,SHP-03374,SHP-03374,,0,Root Disruption,108,0,106,State Border Checkpoint Hold,True,False,Active Cascade
CAS-0690,DIS-0690,SHP-03374,SHP-03374,,0,Dispatch Delay,0,108,106,State Border Checkpoint Hold,True,False,Active Cascade
CAS-0690,DIS-0690,SHP-03374,SHP-03374,,0,Customer Delivery Risk,0,108,106,State Border Checkpoint Hold,True,False,Partially Absorbed
CAS-0690,DIS-0690,SHP-03374,SHP-07916,SHP-03374,1,Warehouse Congestion Transfer,82,0,92,Warehouse Congestion,False,True,Active Cascade
CAS-0690,DIS-0690,SHP-03374,SHP-07916,SHP-03374,1,Departure Delay,0,0,92,Warehouse Congestion,False,True,Active Cascade
CAS-0690,DIS-0690,SHP-03374,SHP-07916,SHP-03374,1,Customer Delivery Risk,0,0,92,Warehouse Congestion,False,True,Partially Absorbed
CAS-0690,DIS-0690,SHP-03374,SHP-02852,SHP-03374,1,Warehouse Congestion Transfer,88,0,88,Warehouse Congestion,False,True,Active Cascade
CAS-0690,DIS-0690,SHP-03374,SHP-02852,SHP-03374,1,Departure Delay,0,0,88,Warehouse Congestion,False,True,Active Cascade
CAS-0690,DIS-0690,SHP-03374,SHP-02852,SHP-03374,1,Customer Delivery Risk,0,0,88,Warehouse Congestion,False,True,Partially Absorbed
CAS-0690,DIS-0690,SHP-03374,SHP-04589,SHP-03374,1,Warehouse Congestion Transfer,83,0,79,Warehouse Congestion,False,True,Active Cascade
CAS-0690,DIS-0690,SHP-03374,SHP-04589,SHP-03374,1,Departure Delay,0,0,79,Warehouse Congestion,False,True,Active Cascade
CAS-0690,DIS-0690,SHP-03374,SHP-04589,SHP-03374,1,Customer Delivery Risk,0,0,79,Warehouse Congestion,False,True,Partially Absorbed
CAS-0690,DIS-0690,SHP-03374,SHP-11126,SHP-03374,1,Warehouse Congestion Transfer,73,0,77,Warehouse Congestion,False,True,Active Cascade
CAS-0690,DIS-0690,SHP-03374,SHP-11126,SHP-03374,1,Departure Delay,0,0,77,Warehouse Congestion,False,True,Active Cascade
CAS-0690,DIS-0690,SHP-03374,SHP-11126,SHP-03374,1,Customer Delivery Risk,0,0,77,Warehouse Congestion,False,True,Partially Absorbed
CAS-0691,DIS-0691,SHP-11563,SHP-11563,,0,Root Disruption,163,0,170,Warehouse Congestion,True,False,Active Cascade
CAS-0691,DIS-0691,SHP-11563,SHP-11563,,0,Dispatch Delay,0,163,170,Warehouse Congestion,True,False,Active Cascade
CAS-0691,DIS-0691,SHP-11563,SHP-11563,,0,Customer Delivery Risk,0,163,170,Warehouse Congestion,True,False,Severe Delay Breached
CAS-0691,DIS-0691,SHP-11563,SHP-02321,SHP-11563,1,Cross-Dock Transfer,0,61,58,Warehouse Congestion,False,True,Active Cascade
CAS-0691,DIS-0691,SHP-11563,SHP-02321,SHP-11563,1,Departure Delay,0,61,58,Warehouse Congestion,False,True,Active Cascade
CAS-0691,DIS-0691,SHP-11563,SHP-02321,SHP-11563,1,Customer Delivery Risk,0,61,58,Warehouse Congestion,False,True,Partially Absorbed
CAS-0691,DIS-0691,SHP-11563,SHP-09628,SHP-11563,1,Cross-Dock Transfer,0,16,12,Warehouse Congestion,False,True,Active Cascade
CAS-0691,DIS-0691,SHP-11563,SHP-09628,SHP-11563,1,Departure Delay,0,16,12,Warehouse Congestion,False,True,Active Cascade
CAS-0691,DIS-0691,SHP-11563,SHP-09628,SHP-11563,1,Customer Delivery Risk,0,16,12,Warehouse Congestion,False,True,Partially Absorbed
CAS-0692,DIS-0692,SHP-04302,SHP-04302,,0,Root Disruption,148,0,153,Warehouse Congestion,True,False,Active Cascade
CAS-0692,DIS-0692,SHP-04302,SHP-04302,,0,Dispatch Delay,0,148,153,Warehouse Congestion,True,False,Active Cascade
CAS-0692,DIS-0692,SHP-04302,SHP-04302,,0,Customer Delivery Risk,0,148,153,Warehouse Congestion,True,False,Severe Delay Breached
CAS-0692,DIS-0692,SHP-04302,SHP-09690,SHP-04302,1,Waiting for Inbound Shipment,0,51,51,Warehouse Congestion,False,True,Active Cascade
CAS-0692,DIS-0692,SHP-04302,SHP-09690,SHP-04302,1,Departure Delay,0,51,51,Warehouse Congestion,False,True,Active Cascade
CAS-0692,DIS-0692,SHP-04302,SHP-09690,SHP-04302,1,Customer Delivery Risk,0,51,51,Warehouse Congestion,False,True,Partially Absorbed
CAS-0692,DIS-0692,SHP-04302,SHP-04744,SHP-09690,2,Warehouse Transfer,0,16,21,Warehouse Congestion,False,True,Active Cascade
CAS-0692,DIS-0692,SHP-04302,SHP-04744,SHP-09690,2,Departure Delay,0,16,21,Warehouse Congestion,False,True,Active Cascade
CAS-0692,DIS-0692,SHP-04302,SHP-04744,SHP-09690,2,Customer Delivery Risk,0,16,21,Warehouse Congestion,False,True,Partially Absorbed
CAS-0693,DIS-0693,SHP-03920,SHP-03920,,0,Root Disruption,68,0,78,Equipment Failure,True,False,Active Cascade
CAS-0693,DIS-0693,SHP-03920,SHP-03920,,0,Dispatch Delay,0,68,78,Equipment Failure,True,False,Active Cascade
CAS-0693,DIS-0693,SHP-03920,SHP-03920,,0,Customer Delivery Risk,0,68,78,Equipment Failure,True,False,Partially Absorbed
CAS-0693,DIS-0693,SHP-03920,SHP-09851,SHP-03920,1,Route Connection,0,20,22,Equipment Failure,False,True,Active Cascade
CAS-0693,DIS-0693,SHP-03920,SHP-09851,SHP-03920,1,Departure Delay,0,20,22,Equipment Failure,False,True,Active Cascade
CAS-0693,DIS-0693,SHP-03920,SHP-09851,SHP-03920,1,Customer Delivery Risk,0,20,22,Equipment Failure,False,True,Partially Absorbed
CAS-0693,DIS-0693,SHP-03920,SHP-12214,SHP-09851,2,Warehouse Transfer,0,16,15,Equipment Failure,False,True,Active Cascade
CAS-0693,DIS-0693,SHP-03920,SHP-12214,SHP-09851,2,Departure Delay,0,16,15,Equipment Failure,False,True,Active Cascade
CAS-0693,DIS-0693,SHP-03920,SHP-12214,SHP-09851,2,Customer Delivery Risk,0,16,15,Equipment Failure,False,True,Partially Absorbed
CAS-0693,DIS-0693,SHP-03920,SHP-08792,SHP-12214,3,Route Connection,0,16,21,Equipment Failure,False,True,Active Cascade
CAS-0693,DIS-0693,SHP-03920,SHP-08792,SHP-12214,3,Departure Delay,0,16,21,Equipment Failure,False,True,Active Cascade
CAS-0693,DIS-0693,SHP-03920,SHP-08792,SHP-12214,3,Customer Delivery Risk,0,16,21,Equipment Failure,False,True,Partially Absorbed
CAS-0694,DIS-0694,SHP-00351,SHP-00351,,0,Root Disruption,104,0,107,Equipment Failure,True,False,Active Cascade
CAS-0694,DIS-0694,SHP-00351,SHP-00351,,0,Dispatch Delay,0,104,107,Equipment Failure,True,False,Active Cascade
CAS-0694,DIS-0694,SHP-00351,SHP-00351,,0,Customer Delivery Risk,0,104,107,Equipment Failure,True,False,Partially Absorbed
CAS-0694,DIS-0694,SHP-00351,SHP-08512,SHP-00351,1,Route Connection,0,20,27,Equipment Failure,False,True,Active Cascade
CAS-0694,DIS-0694,SHP-00351,SHP-08512,SHP-00351,1,Departure Delay,0,20,27,Equipment Failure,False,True,Active Cascade
CAS-0694,DIS-0694,SHP-00351,SHP-08512,SHP-00351,1,Customer Delivery Risk,0,20,27,Equipment Failure,False,True,Partially Absorbed
CAS-0694,DIS-0694,SHP-00351,SHP-02970,SHP-08512,2,Warehouse Transfer,0,16,25,Equipment Failure,False,True,Active Cascade
CAS-0694,DIS-0694,SHP-00351,SHP-02970,SHP-08512,2,Departure Delay,0,16,25,Equipment Failure,False,True,Active Cascade
CAS-0694,DIS-0694,SHP-00351,SHP-02970,SHP-08512,2,Customer Delivery Risk,0,16,25,Equipment Failure,False,True,Partially Absorbed
CAS-0694,DIS-0694,SHP-00351,SHP-10324,SHP-08512,2,Warehouse Transfer,0,16,24,Equipment Failure,False,True,Active Cascade
CAS-0694,DIS-0694,SHP-00351,SHP-10324,SHP-08512,2,Departure Delay,0,16,24,Equipment Failure,False,True,Active Cascade
CAS-0694,DIS-0694,SHP-00351,SHP-10324,SHP-08512,2,Customer Delivery Risk,0,16,24,Equipment Failure,False,True,Partially Absorbed
CAS-0695,DIS-0695,SHP-08919,SHP-08919,,0,Root Disruption,221,0,221,Warehouse Congestion,True,False,Active Cascade
CAS-0695,DIS-0695,SHP-08919,SHP-08919,,0,Dispatch Delay,0,221,221,Warehouse Congestion,True,False,Active Cascade
CAS-0695,DIS-0695,SHP-08919,SHP-08919,,0,Customer Delivery Risk,0,221,221,Warehouse Congestion,True,False,Severe Delay Breached
CAS-0695,DIS-0695,SHP-08919,SHP-02425,SHP-08919,1,Cross-Dock Transfer,0,19,19,Warehouse Congestion,False,True,Active Cascade
CAS-0695,DIS-0695,SHP-08919,SHP-02425,SHP-08919,1,Departure Delay,0,19,19,Warehouse Congestion,False,True,Active Cascade
CAS-0695,DIS-0695,SHP-08919,SHP-02425,SHP-08919,1,Customer Delivery Risk,0,19,19,Warehouse Congestion,False,True,Partially Absorbed
CAS-0695,DIS-0695,SHP-08919,SHP-09869,SHP-08919,1,Cross-Dock Transfer,0,16,19,Warehouse Congestion,False,True,Active Cascade
CAS-0695,DIS-0695,SHP-08919,SHP-09869,SHP-08919,1,Departure Delay,0,16,19,Warehouse Congestion,False,True,Active Cascade
CAS-0695,DIS-0695,SHP-08919,SHP-09869,SHP-08919,1,Customer Delivery Risk,0,16,19,Warehouse Congestion,False,True,Partially Absorbed
CAS-0696,DIS-0696,SHP-02687,SHP-02687,,0,Root Disruption,181,0,178,Warehouse Congestion,True,False,Active Cascade
CAS-0696,DIS-0696,SHP-02687,SHP-02687,,0,Dispatch Delay,0,181,178,Warehouse Congestion,True,False,Active Cascade
CAS-0696,DIS-0696,SHP-02687,SHP-02687,,0,Customer Delivery Risk,0,181,178,Warehouse Congestion,True,False,Severe Delay Breached
CAS-0696,DIS-0696,SHP-02687,SHP-01748,SHP-02687,1,Warehouse Congestion Transfer,148,0,147,Warehouse Congestion,False,True,Active Cascade
CAS-0696,DIS-0696,SHP-02687,SHP-01748,SHP-02687,1,Departure Delay,0,0,147,Warehouse Congestion,False,True,Active Cascade
CAS-0696,DIS-0696,SHP-02687,SHP-01748,SHP-02687,1,Customer Delivery Risk,0,0,147,Warehouse Congestion,False,True,Severe Delay Breached
CAS-0696,DIS-0696,SHP-02687,SHP-07995,SHP-02687,1,Warehouse Congestion Transfer,71,0,81,Warehouse Congestion,False,True,Active Cascade
CAS-0696,DIS-0696,SHP-02687,SHP-07995,SHP-02687,1,Departure Delay,0,0,81,Warehouse Congestion,False,True,Active Cascade
CAS-0696,DIS-0696,SHP-02687,SHP-07995,SHP-02687,1,Customer Delivery Risk,0,0,81,Warehouse Congestion,False,True,Partially Absorbed
CAS-0696,DIS-0696,SHP-02687,SHP-08915,SHP-02687,1,Warehouse Congestion Transfer,129,0,137,Warehouse Congestion,False,True,Active Cascade
CAS-0696,DIS-0696,SHP-02687,SHP-08915,SHP-02687,1,Departure Delay,0,0,137,Warehouse Congestion,False,True,Active Cascade
CAS-0696,DIS-0696,SHP-02687,SHP-08915,SHP-02687,1,Customer Delivery Risk,0,0,137,Warehouse Congestion,False,True,Severe Delay Breached
CAS-0696,DIS-0696,SHP-02687,SHP-12809,SHP-02687,1,Warehouse Congestion Transfer,131,0,131,Warehouse Congestion,False,True,Active Cascade
CAS-0696,DIS-0696,SHP-02687,SHP-12809,SHP-02687,1,Departure Delay,0,0,131,Warehouse Congestion,False,True,Active Cascade
CAS-0696,DIS-0696,SHP-02687,SHP-12809,SHP-02687,1,Customer Delivery Risk,0,0,131,Warehouse Congestion,False,True,Severe Delay Breached
CAS-0697,DIS-0697,SHP-13797,SHP-13797,,0,Root Disruption,136,0,138,Road Closure,True,False,Active Cascade
CAS-0697,DIS-0697,SHP-13797,SHP-13797,,0,Dispatch Delay,0,136,138,Road Closure,True,False,Active Cascade
CAS-0697,DIS-0697,SHP-13797,SHP-13797,,0,Customer Delivery Risk,0,136,138,Road Closure,True,False,Severe Delay Breached
CAS-0697,DIS-0697,SHP-13797,SHP-00025,SHP-13797,1,Waiting for Inbound Shipment,0,120,128,Road Closure,False,True,Active Cascade
CAS-0697,DIS-0697,SHP-13797,SHP-00025,SHP-13797,1,Departure Delay,0,120,128,Road Closure,False,True,Active Cascade
CAS-0697,DIS-0697,SHP-13797,SHP-00025,SHP-13797,1,Customer Delivery Risk,0,120,128,Road Closure,False,True,Severe Delay Breached
CAS-0697,DIS-0697,SHP-13797,SHP-00580,SHP-00025,2,Warehouse Transfer,0,62,58,Road Closure,False,True,Active Cascade
CAS-0697,DIS-0697,SHP-13797,SHP-00580,SHP-00025,2,Departure Delay,0,62,58,Road Closure,False,True,Active Cascade
CAS-0697,DIS-0697,SHP-13797,SHP-00580,SHP-00025,2,Customer Delivery Risk,0,62,58,Road Closure,False,True,Partially Absorbed
CAS-0698,DIS-0698,SHP-12133,SHP-12133,,0,Root Disruption,109,0,108,Equipment Failure,True,False,Active Cascade
CAS-0698,DIS-0698,SHP-12133,SHP-12133,,0,Dispatch Delay,0,109,108,Equipment Failure,True,False,Active Cascade
CAS-0698,DIS-0698,SHP-12133,SHP-12133,,0,Customer Delivery Risk,0,109,108,Equipment Failure,True,False,Partially Absorbed
CAS-0698,DIS-0698,SHP-12133,SHP-04536,SHP-12133,1,Warehouse Congestion Transfer,47,0,42,Warehouse Congestion,False,True,Active Cascade
CAS-0698,DIS-0698,SHP-12133,SHP-04536,SHP-12133,1,Departure Delay,0,0,42,Warehouse Congestion,False,True,Active Cascade
CAS-0698,DIS-0698,SHP-12133,SHP-04536,SHP-12133,1,Customer Delivery Risk,0,0,42,Warehouse Congestion,False,True,Partially Absorbed
CAS-0698,DIS-0698,SHP-12133,SHP-02627,SHP-12133,1,Warehouse Congestion Transfer,75,0,75,Warehouse Congestion,False,True,Active Cascade
CAS-0698,DIS-0698,SHP-12133,SHP-02627,SHP-12133,1,Departure Delay,0,0,75,Warehouse Congestion,False,True,Active Cascade
CAS-0698,DIS-0698,SHP-12133,SHP-02627,SHP-12133,1,Customer Delivery Risk,0,0,75,Warehouse Congestion,False,True,Partially Absorbed
CAS-0699,DIS-0699,SHP-13290,SHP-13290,,0,Root Disruption,146,0,154,Labor Shortage,True,False,Active Cascade
CAS-0699,DIS-0699,SHP-13290,SHP-13290,,0,Dispatch Delay,0,146,154,Labor Shortage,True,False,Active Cascade
CAS-0699,DIS-0699,SHP-13290,SHP-13290,,0,Customer Delivery Risk,0,146,154,Labor Shortage,True,False,Severe Delay Breached
CAS-0699,DIS-0699,SHP-13290,SHP-09142,SHP-13290,1,Route Connection,0,20,19,Labor Shortage,False,True,Active Cascade
CAS-0699,DIS-0699,SHP-13290,SHP-09142,SHP-13290,1,Departure Delay,0,20,19,Labor Shortage,False,True,Active Cascade
CAS-0699,DIS-0699,SHP-13290,SHP-09142,SHP-13290,1,Customer Delivery Risk,0,20,19,Labor Shortage,False,True,Partially Absorbed
CAS-0700,DIS-0700,SHP-02114,SHP-02114,,0,Root Disruption,224,0,219,Vehicle Breakdown,True,False,Active Cascade
CAS-0700,DIS-0700,SHP-02114,SHP-02114,,0,Dispatch Delay,0,224,219,Vehicle Breakdown,True,False,Active Cascade
CAS-0700,DIS-0700,SHP-02114,SHP-02114,,0,Customer Delivery Risk,0,224,219,Vehicle Breakdown,True,False,Severe Delay Breached
CAS-0700,DIS-0700,SHP-02114,SHP-07780,SHP-02114,1,Shared Vehicle Turnaround,0,197,203,Vehicle Breakdown,False,True,Active Cascade
CAS-0700,DIS-0700,SHP-02114,SHP-07780,SHP-02114,1,Departure Delay,0,197,203,Vehicle Breakdown,False,True,Active Cascade
CAS-0700,DIS-0700,SHP-02114,SHP-07780,SHP-02114,1,Customer Delivery Risk,0,197,203,Vehicle Breakdown,False,True,Severe Delay Breached
CAS-0701,DIS-0701,SHP-10904,SHP-10904,,0,Root Disruption,117,0,119,Road Closure,True,False,Active Cascade
CAS-0701,DIS-0701,SHP-10904,SHP-10904,,0,Dispatch Delay,0,117,119,Road Closure,True,False,Active Cascade
CAS-0701,DIS-0701,SHP-10904,SHP-10904,,0,Customer Delivery Risk,0,117,119,Road Closure,True,False,Partially Absorbed
CAS-0701,DIS-0701,SHP-10904,SHP-05673,SHP-10904,1,Shared Vehicle Turnaround,0,70,76,Vehicle Breakdown,False,True,Active Cascade
CAS-0701,DIS-0701,SHP-10904,SHP-05673,SHP-10904,1,Departure Delay,0,70,76,Vehicle Breakdown,False,True,Active Cascade
CAS-0701,DIS-0701,SHP-10904,SHP-05673,SHP-10904,1,Customer Delivery Risk,0,70,76,Vehicle Breakdown,False,True,Partially Absorbed
CAS-0702,DIS-0702,SHP-09831,SHP-09831,,0,Root Disruption,209,0,212,Severe Weather,True,False,Active Cascade
CAS-0702,DIS-0702,SHP-09831,SHP-09831,,0,Dispatch Delay,0,209,212,Severe Weather,True,False,Active Cascade
CAS-0702,DIS-0702,SHP-09831,SHP-09831,,0,Customer Delivery Risk,0,209,212,Severe Weather,True,False,Severe Delay Breached
CAS-0702,DIS-0702,SHP-09831,SHP-05724,SHP-09831,1,Cross-Dock Transfer,0,16,17,Severe Weather,False,True,Active Cascade
CAS-0702,DIS-0702,SHP-09831,SHP-05724,SHP-09831,1,Departure Delay,0,16,17,Severe Weather,False,True,Active Cascade
CAS-0702,DIS-0702,SHP-09831,SHP-05724,SHP-09831,1,Customer Delivery Risk,0,16,17,Severe Weather,False,True,Partially Absorbed
CAS-0703,DIS-0703,SHP-03756,SHP-03756,,0,Root Disruption,152,0,152,Warehouse Congestion,True,False,Active Cascade
CAS-0703,DIS-0703,SHP-03756,SHP-03756,,0,Dispatch Delay,0,152,152,Warehouse Congestion,True,False,Active Cascade
CAS-0703,DIS-0703,SHP-03756,SHP-03756,,0,Customer Delivery Risk,0,152,152,Warehouse Congestion,True,False,Severe Delay Breached
CAS-0703,DIS-0703,SHP-03756,SHP-12514,SHP-03756,1,Route Connection,0,20,19,Warehouse Congestion,False,True,Active Cascade
CAS-0703,DIS-0703,SHP-03756,SHP-12514,SHP-03756,1,Departure Delay,0,20,19,Warehouse Congestion,False,True,Active Cascade
CAS-0703,DIS-0703,SHP-03756,SHP-12514,SHP-03756,1,Customer Delivery Risk,0,20,19,Warehouse Congestion,False,True,Partially Absorbed
CAS-0703,DIS-0703,SHP-03756,SHP-12049,SHP-12514,2,Warehouse Transfer,0,16,17,Warehouse Congestion,False,True,Active Cascade
CAS-0703,DIS-0703,SHP-03756,SHP-12049,SHP-12514,2,Departure Delay,0,16,17,Warehouse Congestion,False,True,Active Cascade
CAS-0703,DIS-0703,SHP-03756,SHP-12049,SHP-12514,2,Customer Delivery Risk,0,16,17,Warehouse Congestion,False,True,Partially Absorbed
CAS-0703,DIS-0703,SHP-03756,SHP-13268,SHP-12514,2,Warehouse Transfer,0,16,25,Warehouse Congestion,False,True,Active Cascade
CAS-0703,DIS-0703,SHP-03756,SHP-13268,SHP-12514,2,Departure Delay,0,16,25,Warehouse Congestion,False,True,Active Cascade
CAS-0703,DIS-0703,SHP-03756,SHP-13268,SHP-12514,2,Customer Delivery Risk,0,16,25,Warehouse Congestion,False,True,Partially Absorbed
CAS-0704,DIS-0704,SHP-05372,SHP-05372,,0,Root Disruption,138,0,148,Road Closure,True,False,Active Cascade
CAS-0704,DIS-0704,SHP-05372,SHP-05372,,0,Dispatch Delay,0,138,148,Road Closure,True,False,Active Cascade
CAS-0704,DIS-0704,SHP-05372,SHP-05372,,0,Customer Delivery Risk,0,138,148,Road Closure,True,False,Severe Delay Breached
CAS-0704,DIS-0704,SHP-05372,SHP-01219,SHP-05372,1,Waiting for Inbound Shipment,0,20,21,Road Closure,False,True,Active Cascade
CAS-0704,DIS-0704,SHP-05372,SHP-01219,SHP-05372,1,Departure Delay,0,20,21,Road Closure,False,True,Active Cascade
CAS-0704,DIS-0704,SHP-05372,SHP-01219,SHP-05372,1,Customer Delivery Risk,0,20,21,Road Closure,False,True,Partially Absorbed
CAS-0704,DIS-0704,SHP-05372,SHP-04516,SHP-01219,2,Warehouse Transfer,0,16,11,Road Closure,False,True,Active Cascade
CAS-0704,DIS-0704,SHP-05372,SHP-04516,SHP-01219,2,Departure Delay,0,16,11,Road Closure,False,True,Active Cascade
CAS-0704,DIS-0704,SHP-05372,SHP-04516,SHP-01219,2,Customer Delivery Risk,0,16,11,Road Closure,False,True,Partially Absorbed
CAS-0705,DIS-0705,SHP-11792,SHP-11792,,0,Root Disruption,116,0,111,State Border Checkpoint Hold,True,False,Active Cascade
CAS-0705,DIS-0705,SHP-11792,SHP-11792,,0,Dispatch Delay,0,116,111,State Border Checkpoint Hold,True,False,Active Cascade
CAS-0705,DIS-0705,SHP-11792,SHP-11792,,0,Customer Delivery Risk,0,116,111,State Border Checkpoint Hold,True,False,Partially Absorbed
CAS-0705,DIS-0705,SHP-11792,SHP-06127,SHP-11792,1,Route Connection,0,20,19,State Border Checkpoint Hold,False,True,Active Cascade
CAS-0705,DIS-0705,SHP-11792,SHP-06127,SHP-11792,1,Departure Delay,0,20,19,State Border Checkpoint Hold,False,True,Active Cascade
CAS-0705,DIS-0705,SHP-11792,SHP-06127,SHP-11792,1,Customer Delivery Risk,0,20,19,State Border Checkpoint Hold,False,True,Partially Absorbed
CAS-0706,DIS-0706,SHP-13543,SHP-13543,,0,Root Disruption,263,0,267,Vehicle Breakdown,True,False,Active Cascade
CAS-0706,DIS-0706,SHP-13543,SHP-13543,,0,Dispatch Delay,0,263,267,Vehicle Breakdown,True,False,Active Cascade
CAS-0706,DIS-0706,SHP-13543,SHP-13543,,0,Customer Delivery Risk,0,263,267,Vehicle Breakdown,True,False,Severe Delay Breached
CAS-0706,DIS-0706,SHP-13543,SHP-03215,SHP-13543,1,Waiting for Inbound Shipment,0,240,244,Vehicle Breakdown,False,True,Active Cascade
CAS-0706,DIS-0706,SHP-13543,SHP-03215,SHP-13543,1,Departure Delay,0,240,244,Vehicle Breakdown,False,True,Active Cascade
CAS-0706,DIS-0706,SHP-13543,SHP-03215,SHP-13543,1,Customer Delivery Risk,0,240,244,Vehicle Breakdown,False,True,Severe Delay Breached
CAS-0706,DIS-0706,SHP-13543,SHP-06635,SHP-03215,2,Warehouse Transfer,0,189,184,Vehicle Breakdown,False,True,Active Cascade
CAS-0706,DIS-0706,SHP-13543,SHP-06635,SHP-03215,2,Departure Delay,0,189,184,Vehicle Breakdown,False,True,Active Cascade
CAS-0706,DIS-0706,SHP-13543,SHP-06635,SHP-03215,2,Customer Delivery Risk,0,189,184,Vehicle Breakdown,False,True,Severe Delay Breached
CAS-0707,DIS-0707,SHP-01499,SHP-01499,,0,Root Disruption,79,0,80,State Border Checkpoint Hold,True,False,Active Cascade
CAS-0707,DIS-0707,SHP-01499,SHP-01499,,0,Dispatch Delay,0,79,80,State Border Checkpoint Hold,True,False,Active Cascade
CAS-0707,DIS-0707,SHP-01499,SHP-01499,,0,Customer Delivery Risk,0,79,80,State Border Checkpoint Hold,True,False,Partially Absorbed
CAS-0707,DIS-0707,SHP-01499,SHP-01773,SHP-01499,1,Waiting for Inbound Shipment,0,20,20,State Border Checkpoint Hold,False,True,Active Cascade
CAS-0707,DIS-0707,SHP-01499,SHP-01773,SHP-01499,1,Departure Delay,0,20,20,State Border Checkpoint Hold,False,True,Active Cascade
CAS-0707,DIS-0707,SHP-01499,SHP-01773,SHP-01499,1,Customer Delivery Risk,0,20,20,State Border Checkpoint Hold,False,True,Partially Absorbed
CAS-0707,DIS-0707,SHP-01499,SHP-04716,SHP-01773,2,Warehouse Transfer,0,16,19,State Border Checkpoint Hold,False,True,Active Cascade
CAS-0707,DIS-0707,SHP-01499,SHP-04716,SHP-01773,2,Departure Delay,0,16,19,State Border Checkpoint Hold,False,True,Active Cascade
CAS-0707,DIS-0707,SHP-01499,SHP-04716,SHP-01773,2,Customer Delivery Risk,0,16,19,State Border Checkpoint Hold,False,True,Partially Absorbed
CAS-0708,DIS-0708,SHP-13137,SHP-13137,,0,Root Disruption,102,0,107,Equipment Failure,True,False,Active Cascade
CAS-0708,DIS-0708,SHP-13137,SHP-13137,,0,Dispatch Delay,0,102,107,Equipment Failure,True,False,Active Cascade
CAS-0708,DIS-0708,SHP-13137,SHP-13137,,0,Customer Delivery Risk,0,102,107,Equipment Failure,True,False,Partially Absorbed
CAS-0708,DIS-0708,SHP-13137,SHP-00951,SHP-13137,1,Waiting for Inbound Shipment,0,56,58,Equipment Failure,False,True,Active Cascade
CAS-0708,DIS-0708,SHP-13137,SHP-00951,SHP-13137,1,Departure Delay,0,56,58,Equipment Failure,False,True,Active Cascade
CAS-0708,DIS-0708,SHP-13137,SHP-00951,SHP-13137,1,Customer Delivery Risk,0,56,58,Equipment Failure,False,True,Partially Absorbed
CAS-0708,DIS-0708,SHP-13137,SHP-06667,SHP-00951,2,Warehouse Transfer,0,16,14,Equipment Failure,False,True,Active Cascade
CAS-0708,DIS-0708,SHP-13137,SHP-06667,SHP-00951,2,Departure Delay,0,16,14,Equipment Failure,False,True,Active Cascade
CAS-0708,DIS-0708,SHP-13137,SHP-06667,SHP-00951,2,Customer Delivery Risk,0,16,14,Equipment Failure,False,True,Partially Absorbed
CAS-0709,DIS-0709,SHP-12979,SHP-12979,,0,Root Disruption,84,0,94,Labor Shortage,True,False,Active Cascade
CAS-0709,DIS-0709,SHP-12979,SHP-12979,,0,Dispatch Delay,0,84,94,Labor Shortage,True,False,Active Cascade
CAS-0709,DIS-0709,SHP-12979,SHP-12979,,0,Customer Delivery Risk,0,84,94,Labor Shortage,True,False,Partially Absorbed
CAS-0709,DIS-0709,SHP-12979,SHP-09415,SHP-12979,1,Waiting for Inbound Shipment,0,20,19,Labor Shortage,False,True,Active Cascade
CAS-0709,DIS-0709,SHP-12979,SHP-09415,SHP-12979,1,Departure Delay,0,20,19,Labor Shortage,False,True,Active Cascade
CAS-0709,DIS-0709,SHP-12979,SHP-09415,SHP-12979,1,Customer Delivery Risk,0,20,19,Labor Shortage,False,True,Partially Absorbed
CAS-0709,DIS-0709,SHP-12979,SHP-13515,SHP-09415,2,Warehouse Transfer,0,16,15,Labor Shortage,False,True,Active Cascade
CAS-0709,DIS-0709,SHP-12979,SHP-13515,SHP-09415,2,Departure Delay,0,16,15,Labor Shortage,False,True,Active Cascade
CAS-0709,DIS-0709,SHP-12979,SHP-13515,SHP-09415,2,Customer Delivery Risk,0,16,15,Labor Shortage,False,True,Partially Absorbed
CAS-0710,DIS-0710,SHP-10825,SHP-10825,,0,Root Disruption,75,0,70,State Border Checkpoint Hold,True,False,Active Cascade
CAS-0710,DIS-0710,SHP-10825,SHP-10825,,0,Dispatch Delay,0,75,70,State Border Checkpoint Hold,True,False,Active Cascade
CAS-0710,DIS-0710,SHP-10825,SHP-10825,,0,Customer Delivery Risk,0,75,70,State Border Checkpoint Hold,True,False,Partially Absorbed
CAS-0710,DIS-0710,SHP-10825,SHP-13471,SHP-10825,1,Warehouse Congestion Transfer,54,0,53,Warehouse Congestion,False,True,Active Cascade
CAS-0710,DIS-0710,SHP-10825,SHP-13471,SHP-10825,1,Departure Delay,0,0,53,Warehouse Congestion,False,True,Active Cascade
CAS-0710,DIS-0710,SHP-10825,SHP-13471,SHP-10825,1,Customer Delivery Risk,0,0,53,Warehouse Congestion,False,True,Partially Absorbed
CAS-0710,DIS-0710,SHP-10825,SHP-01571,SHP-10825,1,Warehouse Congestion Transfer,59,0,64,Warehouse Congestion,False,True,Active Cascade
CAS-0710,DIS-0710,SHP-10825,SHP-01571,SHP-10825,1,Departure Delay,0,0,64,Warehouse Congestion,False,True,Active Cascade
CAS-0710,DIS-0710,SHP-10825,SHP-01571,SHP-10825,1,Customer Delivery Risk,0,0,64,Warehouse Congestion,False,True,Partially Absorbed
CAS-0710,DIS-0710,SHP-10825,SHP-02845,SHP-10825,1,Warehouse Congestion Transfer,57,0,56,Warehouse Congestion,False,True,Active Cascade
CAS-0710,DIS-0710,SHP-10825,SHP-02845,SHP-10825,1,Departure Delay,0,0,56,Warehouse Congestion,False,True,Active Cascade
CAS-0710,DIS-0710,SHP-10825,SHP-02845,SHP-10825,1,Customer Delivery Risk,0,0,56,Warehouse Congestion,False,True,Partially Absorbed
CAS-0710,DIS-0710,SHP-10825,SHP-10137,SHP-10825,1,Warehouse Congestion Transfer,55,0,64,Warehouse Congestion,False,True,Active Cascade
CAS-0710,DIS-0710,SHP-10825,SHP-10137,SHP-10825,1,Departure Delay,0,0,64,Warehouse Congestion,False,True,Active Cascade
CAS-0710,DIS-0710,SHP-10825,SHP-10137,SHP-10825,1,Customer Delivery Risk,0,0,64,Warehouse Congestion,False,True,Partially Absorbed
CAS-0711,DIS-0711,SHP-00838,SHP-00838,,0,Root Disruption,121,0,128,Road Closure,True,False,Active Cascade
CAS-0711,DIS-0711,SHP-00838,SHP-00838,,0,Dispatch Delay,0,121,128,Road Closure,True,False,Active Cascade
CAS-0711,DIS-0711,SHP-00838,SHP-00838,,0,Customer Delivery Risk,0,121,128,Road Closure,True,False,Severe Delay Breached
CAS-0711,DIS-0711,SHP-00838,SHP-03242,SHP-00838,1,Warehouse Congestion Transfer,80,0,82,Warehouse Congestion,False,True,Active Cascade
CAS-0711,DIS-0711,SHP-00838,SHP-03242,SHP-00838,1,Departure Delay,0,0,82,Warehouse Congestion,False,True,Active Cascade
CAS-0711,DIS-0711,SHP-00838,SHP-03242,SHP-00838,1,Customer Delivery Risk,0,0,82,Warehouse Congestion,False,True,Partially Absorbed
CAS-0712,DIS-0712,SHP-02050,SHP-02050,,0,Root Disruption,157,0,159,Severe Weather,True,False,Active Cascade
CAS-0712,DIS-0712,SHP-02050,SHP-02050,,0,Dispatch Delay,0,157,159,Severe Weather,True,False,Active Cascade
CAS-0712,DIS-0712,SHP-02050,SHP-02050,,0,Customer Delivery Risk,0,157,159,Severe Weather,True,False,Severe Delay Breached
CAS-0712,DIS-0712,SHP-02050,SHP-08609,SHP-02050,1,Route Connection,0,60,69,Severe Weather,False,True,Active Cascade
CAS-0712,DIS-0712,SHP-02050,SHP-08609,SHP-02050,1,Departure Delay,0,60,69,Severe Weather,False,True,Active Cascade
CAS-0712,DIS-0712,SHP-02050,SHP-08609,SHP-02050,1,Customer Delivery Risk,0,60,69,Severe Weather,False,True,Partially Absorbed
CAS-0712,DIS-0712,SHP-02050,SHP-01116,SHP-08609,2,Warehouse Transfer,0,16,24,Severe Weather,False,True,Active Cascade
CAS-0712,DIS-0712,SHP-02050,SHP-01116,SHP-08609,2,Departure Delay,0,16,24,Severe Weather,False,True,Active Cascade
CAS-0712,DIS-0712,SHP-02050,SHP-01116,SHP-08609,2,Customer Delivery Risk,0,16,24,Severe Weather,False,True,Partially Absorbed
CAS-0712,DIS-0712,SHP-02050,SHP-08274,SHP-01116,3,Route Connection,0,16,13,Severe Weather,False,True,Active Cascade
CAS-0712,DIS-0712,SHP-02050,SHP-08274,SHP-01116,3,Departure Delay,0,16,13,Severe Weather,False,True,Active Cascade
CAS-0712,DIS-0712,SHP-02050,SHP-08274,SHP-01116,3,Customer Delivery Risk,0,16,13,Severe Weather,False,True,Partially Absorbed
CAS-0713,DIS-0713,SHP-12903,SHP-12903,,0,Root Disruption,131,0,141,Labor Shortage,True,False,Active Cascade
CAS-0713,DIS-0713,SHP-12903,SHP-12903,,0,Dispatch Delay,0,131,141,Labor Shortage,True,False,Active Cascade
CAS-0713,DIS-0713,SHP-12903,SHP-12903,,0,Customer Delivery Risk,0,131,141,Labor Shortage,True,False,Severe Delay Breached
CAS-0713,DIS-0713,SHP-12903,SHP-02109,SHP-12903,1,Waiting for Inbound Shipment,0,20,26,Labor Shortage,False,True,Active Cascade
CAS-0713,DIS-0713,SHP-12903,SHP-02109,SHP-12903,1,Departure Delay,0,20,26,Labor Shortage,False,True,Active Cascade
CAS-0713,DIS-0713,SHP-12903,SHP-02109,SHP-12903,1,Customer Delivery Risk,0,20,26,Labor Shortage,False,True,Partially Absorbed
CAS-0713,DIS-0713,SHP-12903,SHP-04976,SHP-02109,2,Warehouse Transfer,0,16,21,Labor Shortage,False,True,Active Cascade
CAS-0713,DIS-0713,SHP-12903,SHP-04976,SHP-02109,2,Departure Delay,0,16,21,Labor Shortage,False,True,Active Cascade
CAS-0713,DIS-0713,SHP-12903,SHP-04976,SHP-02109,2,Customer Delivery Risk,0,16,21,Labor Shortage,False,True,Partially Absorbed
CAS-0714,DIS-0714,SHP-03176,SHP-03176,,0,Root Disruption,64,0,73,Equipment Failure,True,False,Active Cascade
CAS-0714,DIS-0714,SHP-03176,SHP-03176,,0,Dispatch Delay,0,64,73,Equipment Failure,True,False,Active Cascade
CAS-0714,DIS-0714,SHP-03176,SHP-03176,,0,Customer Delivery Risk,0,64,73,Equipment Failure,True,False,Partially Absorbed
CAS-0714,DIS-0714,SHP-03176,SHP-05874,SHP-03176,1,Route Connection,0,20,21,Equipment Failure,False,True,Active Cascade
CAS-0714,DIS-0714,SHP-03176,SHP-05874,SHP-03176,1,Departure Delay,0,20,21,Equipment Failure,False,True,Active Cascade
CAS-0714,DIS-0714,SHP-03176,SHP-05874,SHP-03176,1,Customer Delivery Risk,0,20,21,Equipment Failure,False,True,Partially Absorbed
CAS-0715,DIS-0715,SHP-07597,SHP-07597,,0,Root Disruption,90,0,97,Warehouse Congestion,True,False,Active Cascade
CAS-0715,DIS-0715,SHP-07597,SHP-07597,,0,Dispatch Delay,0,90,97,Warehouse Congestion,True,False,Active Cascade
CAS-0715,DIS-0715,SHP-07597,SHP-07597,,0,Customer Delivery Risk,0,90,97,Warehouse Congestion,True,False,Partially Absorbed
CAS-0715,DIS-0715,SHP-07597,SHP-05178,SHP-07597,1,Route Connection,0,20,25,Warehouse Congestion,False,True,Active Cascade
CAS-0715,DIS-0715,SHP-07597,SHP-05178,SHP-07597,1,Departure Delay,0,20,25,Warehouse Congestion,False,True,Active Cascade
CAS-0715,DIS-0715,SHP-07597,SHP-05178,SHP-07597,1,Customer Delivery Risk,0,20,25,Warehouse Congestion,False,True,Partially Absorbed
CAS-0716,DIS-0716,SHP-07707,SHP-07707,,0,Root Disruption,93,0,91,Equipment Failure,True,False,Active Cascade
CAS-0716,DIS-0716,SHP-07707,SHP-07707,,0,Dispatch Delay,0,93,91,Equipment Failure,True,False,Active Cascade
CAS-0716,DIS-0716,SHP-07707,SHP-07707,,0,Customer Delivery Risk,0,93,91,Equipment Failure,True,False,Partially Absorbed
CAS-0716,DIS-0716,SHP-07707,SHP-05827,SHP-07707,1,Warehouse Congestion Transfer,48,0,45,Warehouse Congestion,False,True,Active Cascade
CAS-0716,DIS-0716,SHP-07707,SHP-05827,SHP-07707,1,Departure Delay,0,0,45,Warehouse Congestion,False,True,Active Cascade
CAS-0716,DIS-0716,SHP-07707,SHP-05827,SHP-07707,1,Customer Delivery Risk,0,0,45,Warehouse Congestion,False,True,Partially Absorbed
CAS-0716,DIS-0716,SHP-07707,SHP-00152,SHP-07707,1,Warehouse Congestion Transfer,56,0,54,Warehouse Congestion,False,True,Active Cascade
CAS-0716,DIS-0716,SHP-07707,SHP-00152,SHP-07707,1,Departure Delay,0,0,54,Warehouse Congestion,False,True,Active Cascade
CAS-0716,DIS-0716,SHP-07707,SHP-00152,SHP-07707,1,Customer Delivery Risk,0,0,54,Warehouse Congestion,False,True,Partially Absorbed
CAS-0717,DIS-0717,SHP-12745,SHP-12745,,0,Root Disruption,162,0,168,Labor Shortage,True,False,Active Cascade
CAS-0717,DIS-0717,SHP-12745,SHP-12745,,0,Dispatch Delay,0,162,168,Labor Shortage,True,False,Active Cascade
CAS-0717,DIS-0717,SHP-12745,SHP-12745,,0,Customer Delivery Risk,0,162,168,Labor Shortage,True,False,Severe Delay Breached
CAS-0717,DIS-0717,SHP-12745,SHP-07421,SHP-12745,1,Cross-Dock Transfer,0,121,120,Labor Shortage,False,True,Active Cascade
CAS-0717,DIS-0717,SHP-12745,SHP-07421,SHP-12745,1,Departure Delay,0,121,120,Labor Shortage,False,True,Active Cascade
CAS-0717,DIS-0717,SHP-12745,SHP-07421,SHP-12745,1,Customer Delivery Risk,0,121,120,Labor Shortage,False,True,Partially Absorbed
CAS-0718,DIS-0718,SHP-03726,SHP-03726,,0,Root Disruption,174,0,170,Equipment Failure,True,False,Active Cascade
CAS-0718,DIS-0718,SHP-03726,SHP-03726,,0,Dispatch Delay,0,174,170,Equipment Failure,True,False,Active Cascade
CAS-0718,DIS-0718,SHP-03726,SHP-03726,,0,Customer Delivery Risk,0,174,170,Equipment Failure,True,False,Severe Delay Breached
CAS-0718,DIS-0718,SHP-03726,SHP-12309,SHP-03726,1,Cross-Dock Transfer,0,116,123,Equipment Failure,False,True,Active Cascade
CAS-0718,DIS-0718,SHP-03726,SHP-12309,SHP-03726,1,Departure Delay,0,116,123,Equipment Failure,False,True,Active Cascade
CAS-0718,DIS-0718,SHP-03726,SHP-12309,SHP-03726,1,Customer Delivery Risk,0,116,123,Equipment Failure,False,True,Severe Delay Breached
CAS-0718,DIS-0718,SHP-03726,SHP-02014,SHP-03726,1,Cross-Dock Transfer,0,70,69,Equipment Failure,False,True,Active Cascade
CAS-0718,DIS-0718,SHP-03726,SHP-02014,SHP-03726,1,Departure Delay,0,70,69,Equipment Failure,False,True,Active Cascade
CAS-0718,DIS-0718,SHP-03726,SHP-02014,SHP-03726,1,Customer Delivery Risk,0,70,69,Equipment Failure,False,True,Partially Absorbed
CAS-0718,DIS-0718,SHP-03726,SHP-02896,SHP-03726,1,Cross-Dock Transfer,0,16,22,Equipment Failure,False,True,Active Cascade
CAS-0718,DIS-0718,SHP-03726,SHP-02896,SHP-03726,1,Departure Delay,0,16,22,Equipment Failure,False,True,Active Cascade
CAS-0718,DIS-0718,SHP-03726,SHP-02896,SHP-03726,1,Customer Delivery Risk,0,16,22,Equipment Failure,False,True,Partially Absorbed
CAS-0719,DIS-0719,SHP-01251,SHP-01251,,0,Root Disruption,214,0,220,Severe Weather,True,False,Active Cascade
CAS-0719,DIS-0719,SHP-01251,SHP-01251,,0,Dispatch Delay,0,214,220,Severe Weather,True,False,Active Cascade
CAS-0719,DIS-0719,SHP-01251,SHP-01251,,0,Customer Delivery Risk,0,214,220,Severe Weather,True,False,Severe Delay Breached
CAS-0719,DIS-0719,SHP-01251,SHP-11153,SHP-01251,1,Warehouse Congestion Transfer,81,0,80,Warehouse Congestion,False,True,Active Cascade
CAS-0719,DIS-0719,SHP-01251,SHP-11153,SHP-01251,1,Departure Delay,0,0,80,Warehouse Congestion,False,True,Active Cascade
CAS-0719,DIS-0719,SHP-01251,SHP-11153,SHP-01251,1,Customer Delivery Risk,0,0,80,Warehouse Congestion,False,True,Partially Absorbed
CAS-0719,DIS-0719,SHP-01251,SHP-01032,SHP-01251,1,Warehouse Congestion Transfer,160,0,163,Warehouse Congestion,False,True,Active Cascade
CAS-0719,DIS-0719,SHP-01251,SHP-01032,SHP-01251,1,Departure Delay,0,0,163,Warehouse Congestion,False,True,Active Cascade
CAS-0719,DIS-0719,SHP-01251,SHP-01032,SHP-01251,1,Customer Delivery Risk,0,0,163,Warehouse Congestion,False,True,Severe Delay Breached
CAS-0720,DIS-0720,SHP-13098,SHP-13098,,0,Root Disruption,122,0,128,Warehouse Congestion,True,False,Active Cascade
CAS-0720,DIS-0720,SHP-13098,SHP-13098,,0,Dispatch Delay,0,122,128,Warehouse Congestion,True,False,Active Cascade
CAS-0720,DIS-0720,SHP-13098,SHP-13098,,0,Customer Delivery Risk,0,122,128,Warehouse Congestion,True,False,Severe Delay Breached
CAS-0720,DIS-0720,SHP-13098,SHP-06912,SHP-13098,1,Waiting for Inbound Shipment,0,67,72,Warehouse Congestion,False,True,Active Cascade
CAS-0720,DIS-0720,SHP-13098,SHP-06912,SHP-13098,1,Departure Delay,0,67,72,Warehouse Congestion,False,True,Active Cascade
CAS-0720,DIS-0720,SHP-13098,SHP-06912,SHP-13098,1,Customer Delivery Risk,0,67,72,Warehouse Congestion,False,True,Partially Absorbed
